estado,anio_mes,latitud,longitud,temp_max,temp_min,temp_app_max,temp_app_min,lluvia_acumulada,evapotranspiracion
Aguascalientes,2020-01,21.8823,-102.2826,21.07,7.07,17.78,4.27,19.2,107.61
Aguascalientes,2020-02,21.8823,-102.2826,23.83,8.61,21.26,5.79,19.3,127.41
Aguascalientes,2020-03,21.8823,-102.2826,28.65,12.91,26.91,11.16,1.1,180.41
Aguascalientes,2020-04,21.8823,-102.2826,30.67,14.22,27.68,11.51,1.7,221.84
Aguascalientes,2020-05,21.8823,-102.2826,29.52,13.87,27.69,12.02,20.5,207.36
Aguascalientes,2020-06,21.8823,-102.2826,29.25,15.39,28.98,15.14,60.7,175.14
Aguascalientes,2020-07,21.8823,-102.2826,26.67,14.88,27.28,15.19,129.2,154.78
Aguascalientes,2020-08,21.8823,-102.2826,26.31,14.7,26.39,14.5,52.7,149.08
Aguascalientes,2020-09,21.8823,-102.2826,25.88,13.97,25.5,13.39,61.0,137.96
Aguascalientes,2020-10,21.8823,-102.2826,27.9,12.05,25.89,9.76,2.4,169.9
Aguascalientes,2020-11,21.8823,-102.2826,25.72,9.91,22.89,7.15,0.0,136.23
Aguascalientes,2020-12,21.8823,-102.2826,22.25,7.47,18.68,4.55,2.6,118.42
Aguascalientes,2021-01,21.8823,-102.2826,22.64,6.68,19.08,3.36,1.2,126.26
Aguascalientes,2021-02,21.8823,-102.2826,25.62,8.22,22.04,4.75,0.0,151.93
Aguascalientes,2021-03,21.8823,-102.2826,28.79,10.78,25.93,7.73,0.0,201.17
Aguascalientes,2021-04,21.8823,-102.2826,30.06,12.72,26.93,9.65,0.1,220.59
Aguascalientes,2021-05,21.8823,-102.2826,29.58,14.53,28.37,13.18,12.7,196.57
Aguascalientes,2021-06,21.8823,-102.2826,25.96,14.63,25.65,14.24,139.7,147.52
Aguascalientes,2021-07,21.8823,-102.2826,24.41,14.22,25.47,14.19,178.0,132.34
Aguascalientes,2021-08,21.8823,-102.2826,25.84,14.44,26.29,14.17,119.0,151.6
Aguascalientes,2021-09,21.8823,-102.2826,23.06,14.04,24.33,14.0,135.5,110.43
Aguascalientes,2021-10,21.8823,-102.2826,24.35,11.85,24.17,10.61,38.9,124.17
Aguascalientes,2021-11,21.8823,-102.2826,23.17,8.08,21.25,5.61,0.5,118.96
Aguascalientes,2021-12,21.8823,-102.2826,22.79,6.98,20.26,4.25,1.6,110.87
Aguascalientes,2022-01,21.8823,-102.2826,22.38,7.29,19.04,4.38,1.2,120.45
Aguascalientes,2022-02,21.8823,-102.2826,23.45,7.54,20.82,4.46,8.3,132.27
Aguascalientes,2022-03,21.8823,-102.2826,27.17,9.39,23.77,5.78,0.0,204.96
Aguascalientes,2022-04,21.8823,-102.2826,29.7,12.77,27.45,10.21,15.0,204.96
Aguascalientes,2022-05,21.8823,-102.2826,31.98,15.27,30.18,13.24,4.1,225.95
Aguascalientes,2022-06,21.8823,-102.2826,28.95,15.15,28.22,14.62,18.3,181.66
Aguascalientes,2022-07,21.8823,-102.2826,26.69,14.15,27.9,14.12,104.2,163.61
Aguascalientes,2022-08,21.8823,-102.2826,25.41,13.74,26.88,13.71,116.2,151.71
Aguascalientes,2022-09,21.8823,-102.2826,24.75,12.88,24.64,12.01,68.2,132.63
Aguascalientes,2022-10,21.8823,-102.2826,25.49,11.34,24.31,9.82,23.0,135.66
Aguascalientes,2022-11,21.8823,-102.2826,24.61,9.47,22.27,7.35,9.3,123.5
Aguascalientes,2022-12,21.8823,-102.2826,22.91,7.32,19.62,4.47,1.1,118.52
Aguascalientes,2023-01,21.8823,-102.2826,23.01,6.65,19.35,3.61,0.0,131.2
Aguascalientes,2023-02,21.8823,-102.2826,25.21,8.69,22.24,5.43,0.0,146.51
Aguascalientes,2023-03,21.8823,-102.2826,28.51,10.85,25.31,7.82,0.0,200.61
Aguascalientes,2023-04,21.8823,-102.2826,29.38,12.88,26.27,10.08,2.8,212.6
Aguascalientes,2023-05,21.8823,-102.2826,30.1,14.55,27.78,12.79,3.3,216.76
Aguascalientes,2023-06,21.8823,-102.2826,33.54,17.07,31.96,15.73,12.9,229.92
Aguascalientes,2023-07,21.8823,-102.2826,28.68,15.31,28.71,15.35,63.1,185.78
Aguascalientes,2023-08,21.8823,-102.2826,28.03,15.37,28.07,15.14,83.5,169.86
Aguascalientes,2023-09,21.8823,-102.2826,29.49,15.01,28.97,14.33,11.4,171.89
Aguascalientes,2023-10,21.8823,-102.2826,25.58,13.18,24.75,12.22,46.7,131.87
Aguascalientes,2023-11,21.8823,-102.2826,23.77,9.68,21.99,7.67,64.7,112.44
Aguascalientes,2023-12,21.8823,-102.2826,18.75,6.84,16.46,4.46,42.0,80.51
Aguascalientes,2024-01,21.8823,-102.2826,23.03,7.81,18.78,5.11,0.6,123.41
Aguascalientes,2024-02,21.8823,-102.2826,23.67,7.98,20.72,5.19,44.3,129.55
Aguascalientes,2024-03,21.8823,-102.2826,28.44,10.22,24.09,7.03,0.0,209.04
Aguascalientes,2024-04,21.8823,-102.2826,30.46,13.39,26.99,10.54,0.0,220.74
Aguascalientes,2024-05,21.8823,-102.2826,34.22,17.63,31.77,15.09,2.4,243.9
Aguascalientes,2024-06,21.8823,-102.2826,30.42,17.33,29.88,17.04,122.9,188.34
Aguascalientes,2024-07,21.8823,-102.2826,24.7,14.68,26.71,14.9,208.8,142.75
Aguascalientes,2024-08,21.8823,-102.2826,26.42,14.43,27.23,14.23,92.0,158.89
Aguascalientes,2024-09,21.8823,-102.2826,25.34,14.62,26.37,14.56,95.2,133.88
Aguascalientes,2024-10,21.8823,-102.2826,25.6,11.49,23.84,9.79,15.1,143.34
Aguascalientes,2024-11,21.8823,-102.2826,26.49,10.82,24.43,9.05,0.1,128.67
Aguascalientes,2024-12,21.8823,-102.2826,23.08,8.34,20.78,5.82,3.7,112.6
Aguascalientes,2025-01,21.8823,-102.2826,22.12,8.38,18.93,5.55,13.2,114.23
Aguascalientes,2025-02,21.8823,-102.2826,26.23,10.24,23.62,7.49,0.0,141.33
Aguascalientes,2025-03,21.8823,-102.2826,28.03,10.03,24.68,6.92,0.3,199.04
Aguascalientes,2025-04,21.8823,-102.2826,29.29,12.41,26.89,9.59,0.0,208.18
Aguascalientes,2025-05,21.8823,-102.2826,30.92,15.96,29.64,14.48,53.1,208.2
Aguascalientes,2025-06,21.8823,-102.2826,27.17,15.2,27.83,15.36,147.7,153.19
Aguascalientes,2025-07,21.8823,-102.2826,24.59,13.56,26.32,13.59,116.9,153.53
Aguascalientes,2025-08,21.8823,-102.2826,25.33,14.03,26.88,13.88,172.9,148.77
Aguascalientes,2025-09,21.8823,-102.2826,24.89,14.2,26.83,14.17,183.4,130.62
Aguascalientes,2025-10,21.8823,-102.2826,25.75,12.3,25.09,11.21,34.4,136.47
Aguascalientes,2025-11,21.8823,-102.2826,25.13,9.32,22.96,6.89,0.0,127.35
Aguascalientes,2025-12,21.8823,-102.2826,22.61,8.99,20.39,6.75,14.1,106.22
Aguascalientes,2026-01,21.8823,-102.2826,22.1,7.68,19.5,4.85,7.2,112.31
Aguascalientes,2026-02,21.8823,-102.2826,26.22,9.1,24.0,5.86,0.0,141.53
Aguascalientes,2026-03,21.8823,-102.2826,26.63,10.91,24.53,8.66,9.6,179.97
Aguascalientes,2026-04,21.8823,-102.2826,29.78,13.73,28.45,12.1,15.8,191.09
Aguascalientes,2026-05,21.8823,-102.2826,30.88,16.74,29.75,15.64,20.9,208.53
Aguascalientes,2026-06,21.8823,-102.2826,26.12,15.56,27.43,16.11,149.3,147.07
Baja California,2020-01,32.6278,-115.4545,22.59,8.31,19.14,5.14,0.8,92.42
Baja California,2020-02,32.6278,-115.4545,24.09,9.54,20.87,6.36,15.0,112.27
Baja California,2020-03,32.6278,-115.4545,23.96,11.89,22.05,9.32,35.8,138.74
Baja California,2020-04,32.6278,-115.4545,31.62,16.33,29.81,13.92,12.4,196.7
Baja California,2020-05,32.6278,-115.4545,38.37,22.14,36.82,20.02,0.0,268.54
Baja California,2020-06,32.6278,-115.4545,40.65,24.31,39.73,22.7,0.0,268.74
Baja California,2020-07,32.6278,-115.4545,44.74,28.83,44.92,28.07,0.0,276.95
Baja California,2020-08,32.6278,-115.4545,45.23,30.2,45.97,31.54,0.0,257.06
Baja California,2020-09,32.6278,-115.4545,42.18,25.8,41.33,24.98,0.0,210.18
Baja California,2020-10,32.6278,-115.4545,36.09,20.24,33.92,17.65,0.0,165.69
Baja California,2020-11,32.6278,-115.4545,26.83,12.74,23.41,9.37,0.0,111.23
Baja California,2020-12,32.6278,-115.4545,21.3,7.35,17.08,3.35,0.3,90.99
Baja California,2021-01,32.6278,-115.4545,21.05,8.58,17.72,5.24,18.5,87.26
Baja California,2021-02,32.6278,-115.4545,24.78,10.44,21.12,6.82,0.0,122.46
Baja California,2021-03,32.6278,-115.4545,25.84,11.41,22.81,7.49,0.5,169.0
Baja California,2021-04,32.6278,-115.4545,33.88,18.06,31.29,14.35,0.6,233.89
Baja California,2021-05,32.6278,-115.4545,36.76,20.16,34.77,17.82,0.0,264.82
Baja California,2021-06,32.6278,-115.4545,43.38,26.53,42.7,25.54,0.4,271.91
Baja California,2021-07,32.6278,-115.4545,43.38,30.66,44.87,32.86,0.7,265.03
Baja California,2021-08,32.6278,-115.4545,42.59,29.62,44.04,31.18,9.9,241.85
Baja California,2021-09,32.6278,-115.4545,40.07,26.81,40.48,27.06,1.4,197.28
Baja California,2021-10,32.6278,-115.4545,31.59,17.31,29.16,14.5,0.1,155.43
Baja California,2021-11,32.6278,-115.4545,29.57,15.27,26.38,12.69,0.0,114.64
Baja California,2021-12,32.6278,-115.4545,21.38,9.73,18.18,6.84,12.0,81.8
Baja California,2022-01,32.6278,-115.4545,22.34,8.57,18.37,4.69,0.4,100.13
Baja California,2022-02,32.6278,-115.4545,23.89,8.89,19.75,4.59,0.5,126.13
Baja California,2022-03,32.6278,-115.4545,28.8,13.48,25.56,9.73,2.2,179.94
Baja California,2022-04,32.6278,-115.4545,33.24,16.66,30.48,13.4,0.0,223.44
Baja California,2022-05,32.6278,-115.4545,37.26,20.46,35.43,17.78,0.0,267.65
Baja California,2022-06,32.6278,-115.4545,42.53,26.34,41.98,25.45,0.1,277.93
Baja California,2022-07,32.6278,-115.4545,43.55,29.41,44.36,30.21,5.4,270.07
Baja California,2022-08,32.6278,-115.4545,41.84,29.85,44.35,32.77,4.0,227.26
Baja California,2022-09,32.6278,-115.4545,38.92,26.37,40.1,27.57,46.2,183.7
Baja California,2022-10,32.6278,-115.4545,33.12,19.63,31.48,19.04,5.4,147.06
Baja California,2022-11,32.6278,-115.4545,23.41,10.05,19.6,6.45,0.9,109.6
Baja California,2022-12,32.6278,-115.4545,20.75,8.3,17.71,5.43,1.9,76.85
Baja California,2023-01,32.6278,-115.4545,19.94,8.23,16.53,5.04,14.6,86.68
Baja California,2023-02,32.6278,-115.4545,21.23,7.82,17.18,4.14,0.9,106.13
Baja California,2023-03,32.6278,-115.4545,24.62,11.86,21.86,8.5,4.7,150.52
Baja California,2023-04,32.6278,-115.4545,32.68,15.99,30.37,12.82,0.0,209.07
Baja California,2023-05,32.6278,-115.4545,35.07,19.04,33.52,16.91,0.0,251.41
Baja California,2023-06,32.6278,-115.4545,38.38,21.9,36.98,19.61,0.0,257.91
Baja California,2023-07,32.6278,-115.4545,45.89,29.95,46.24,30.33,1.1,279.07
Baja California,2023-08,32.6278,-115.4545,42.69,28.36,43.61,28.98,45.5,239.62
Baja California,2023-09,32.6278,-115.4545,38.84,24.47,38.61,24.25,4.1,192.41
Baja California,2023-10,32.6278,-115.4545,34.48,19.01,31.96,16.72,0.0,171.13
Baja California,2023-11,32.6278,-115.4545,26.44,13.21,22.96,10.14,1.3,115.32
Baja California,2023-12,32.6278,-115.4545,22.34,9.73,19.46,6.93,4.6,79.51
Baja California,2024-01,32.6278,-115.4545,20.82,8.39,17.7,5.55,28.2,80.65
Baja California,2024-02,32.6278,-115.4545,23.05,11.09,20.28,8.62,17.6,104.09
Baja California,2024-03,32.6278,-115.4545,25.88,12.4,23.24,9.43,12.1,158.87
Baja California,2024-04,32.6278,-115.4545,31.19,15.46,28.55,12.31,0.3,207.8
Baja California,2024-05,32.6278,-115.4545,36.52,20.23,34.56,17.66,0.0,256.89
Baja California,2024-06,32.6278,-115.4545,43.18,26.71,42.61,26.37,0.0,269.8
Baja California,2024-07,32.6278,-115.4545,46.02,30.35,47.06,31.94,1.0,272.16
Baja California,2024-08,32.6278,-115.4545,43.61,30.0,44.27,30.76,0.8,251.6
Baja California,2024-09,32.6278,-115.4545,41.24,25.83,40.39,24.35,0.0,216.22
Baja California,2024-10,32.6278,-115.4545,36.52,20.83,34.06,18.57,1.5,167.4
Baja California,2024-11,32.6278,-115.4545,24.54,11.67,20.57,8.3,0.1,107.32
Baja California,2024-12,32.6278,-115.4545,23.8,10.0,20.34,7.15,0.0,80.05
Baja California,2025-01,32.6278,-115.4545,20.92,7.81,16.51,4.23,0.9,100.59
Baja California,2025-02,32.6278,-115.4545,26.7,12.64,23.74,9.91,0.0,110.63
Baja California,2025-03,32.6278,-115.4545,27.16,13.88,24.54,10.27,3.2,163.46
Baja California,2025-04,32.6278,-115.4545,31.21,15.91,28.76,12.95,0.8,197.41
Baja California,2025-05,32.6278,-115.4545,36.52,20.53,34.87,18.44,0.5,240.39
Baja California,2025-06,32.6278,-115.4545,41.92,24.57,41.18,24.16,4.6,252.81
Baja California,2025-07,32.6278,-115.4545,43.7,27.57,43.6,27.6,0.0,264.3
Baja California,2025-08,32.6278,-115.4545,43.89,28.48,44.61,29.89,28.3,220.17
Baja California,2025-09,32.6278,-115.4545,38.06,25.51,39.17,26.39,7.7,179.98
Baja California,2025-10,32.6278,-115.4545,33.51,18.71,31.52,17.2,2.7,141.87
Baja California,2025-11,32.6278,-115.4545,27.23,14.5,25.36,13.13,35.0,83.84
Baja California,2025-12,32.6278,-115.4545,24.26,11.97,21.7,10.05,21.0,74.16
Baja California,2026-01,32.6278,-115.4545,23.4,10.49,20.24,7.95,1.8,91.63
Baja California,2026-02,32.6278,-115.4545,27.35,13.56,24.52,11.05,0.4,110.5
Baja California,2026-03,32.6278,-115.4545,34.76,18.59,32.71,16.63,2.8,184.64
Baja California,2026-04,32.6278,-115.4545,31.75,17.9,29.55,14.64,0.1,210.25
Baja California,2026-05,32.6278,-115.4545,36.2,20.0,35.06,17.81,0.0,241.04
Baja California,2026-06,32.6278,-115.4545,42.11,25.34,41.57,24.21,0.7,264.49
Baja California Sur,2020-01,24.1426,-110.3128,23.44,15.2,21.34,13.83,1.7,109.68
Baja California Sur,2020-02,24.1426,-110.3128,24.22,15.58,21.85,13.97,20.5,122.92
Baja California Sur,2020-03,24.1426,-110.3128,26.28,16.87,24.53,15.7,1.6,155.06
Baja California Sur,2020-04,24.1426,-110.3128,30.51,16.78,28.85,15.05,2.1,199.98
Baja California Sur,2020-05,24.1426,-110.3128,32.98,17.18,32.78,15.48,0.0,230.89
Baja California Sur,2020-06,24.1426,-110.3128,35.7,21.49,35.88,20.8,8.8,240.49
Baja California Sur,2020-07,24.1426,-110.3128,36.15,24.24,38.29,26.05,1.6,233.7
Baja California Sur,2020-08,24.1426,-110.3128,35.75,25.27,38.59,27.65,33.1,205.13
Baja California Sur,2020-09,24.1426,-110.3128,35.57,25.76,38.65,29.53,25.0,180.44
Baja California Sur,2020-10,24.1426,-110.3128,34.37,23.13,35.34,24.96,9.4,174.7
Baja California Sur,2020-11,24.1426,-110.3128,29.43,20.57,28.65,20.35,1.0,141.87
Baja California Sur,2020-12,24.1426,-110.3128,23.98,14.8,21.95,13.29,1.8,115.9
Baja California Sur,2021-01,24.1426,-110.3128,22.68,13.99,20.35,11.96,15.0,112.88
Baja California Sur,2021-02,24.1426,-110.3128,25.25,14.08,22.62,11.63,0.0,137.28
Baja California Sur,2021-03,24.1426,-110.3128,26.68,14.87,24.02,12.11,0.0,186.46
Baja California Sur,2021-04,24.1426,-110.3128,31.64,16.55,29.82,14.31,0.0,219.79
Baja California Sur,2021-05,24.1426,-110.3128,33.73,18.24,33.05,16.4,0.0,245.94
Baja California Sur,2021-06,24.1426,-110.3128,35.05,21.22,35.31,20.15,9.6,236.42
Baja California Sur,2021-07,24.1426,-110.3128,36.34,23.49,38.3,24.69,1.7,235.79
Baja California Sur,2021-08,24.1426,-110.3128,35.48,26.04,38.62,29.17,25.1,195.97
Baja California Sur,2021-09,24.1426,-110.3128,33.32,24.14,36.83,26.43,125.2,167.5
Baja California Sur,2021-10,24.1426,-110.3128,32.04,22.58,33.55,24.33,24.2,158.93
Baja California Sur,2021-11,24.1426,-110.3128,29.42,19.71,29.03,19.76,6.4,132.21
Baja California Sur,2021-12,24.1426,-110.3128,26.31,17.15,25.28,16.53,15.3,112.95
Baja California Sur,2022-01,24.1426,-110.3128,24.34,16.5,21.74,14.77,0.0,131.84
Baja California Sur,2022-02,24.1426,-110.3128,24.24,14.74,21.54,12.58,1.0,133.9
Baja California Sur,2022-03,24.1426,-110.3128,27.81,15.05,24.94,12.35,0.0,197.0
Baja California Sur,2022-04,24.1426,-110.3128,30.7,16.37,29.42,14.46,0.0,207.39
Baja California Sur,2022-05,24.1426,-110.3128,32.79,17.52,31.79,15.53,0.2,234.62
Baja California Sur,2022-06,24.1426,-110.3128,34.82,21.22,36.26,21.04,2.2,226.09
Baja California Sur,2022-07,24.1426,-110.3128,37.32,24.37,38.72,25.04,11.1,256.8
Baja California Sur,2022-08,24.1426,-110.3128,35.55,25.87,38.67,28.8,20.0,198.21
Baja California Sur,2022-09,24.1426,-110.3128,33.58,25.33,36.83,28.22,65.2,163.67
Baja California Sur,2022-10,24.1426,-110.3128,31.98,21.6,32.26,22.74,3.4,171.24
Baja California Sur,2022-11,24.1426,-110.3128,26.25,17.56,25.45,17.31,0.7,122.96
Baja California Sur,2022-12,24.1426,-110.3128,24.54,16.76,22.47,15.63,0.4,119.23
Baja California Sur,2023-01,24.1426,-110.3128,23.2,14.54,20.61,12.46,22.3,119.14
Baja California Sur,2023-02,24.1426,-110.3128,22.39,13.83,20.16,11.65,9.0,113.26
Baja California Sur,2023-03,24.1426,-110.3128,27.1,15.73,24.66,13.81,0.1,177.04
Baja California Sur,2023-04,24.1426,-110.3128,29.64,15.97,27.43,13.63,0.8,205.9
Baja California Sur,2023-05,24.1426,-110.3128,30.57,16.75,29.48,15.08,0.1,212.45
Baja California Sur,2023-06,24.1426,-110.3128,34.98,20.66,34.89,19.45,0.0,245.35
Baja California Sur,2023-07,24.1426,-110.3128,38.06,25.73,40.41,27.25,7.8,251.04
Baja California Sur,2023-08,24.1426,-110.3128,36.77,27.09,40.21,30.28,44.2,209.0
Baja California Sur,2023-09,24.1426,-110.3128,37.77,26.54,39.85,28.84,13.4,216.32
Baja California Sur,2023-10,24.1426,-110.3128,31.41,23.39,33.5,25.22,133.8,147.03
Baja California Sur,2023-11,24.1426,-110.3128,28.86,20.84,29.26,22.04,12.9,121.7
Baja California Sur,2023-12,24.1426,-110.3128,26.38,17.73,24.65,17.01,1.4,120.86
Baja California Sur,2024-01,24.1426,-110.3128,24.21,15.02,22.08,13.38,1.7,120.88
Baja California Sur,2024-02,24.1426,-110.3128,25.59,15.1,23.64,13.62,0.9,129.34
Baja California Sur,2024-03,24.1426,-110.3128,27.2,15.76,25.2,14.16,0.3,176.05
Baja California Sur,2024-04,24.1426,-110.3128,29.97,16.77,28.17,14.82,0.0,204.81
Baja California Sur,2024-05,24.1426,-110.3128,34.76,19.02,32.86,16.63,0.0,256.74
Baja California Sur,2024-06,24.1426,-110.3128,35.03,19.31,35.35,17.76,10.0,235.45
Baja California Sur,2024-07,24.1426,-110.3128,37.58,24.07,39.36,24.4,2.4,259.3
Baja California Sur,2024-08,24.1426,-110.3128,38.06,26.45,39.97,28.07,5.1,247.68
Baja California Sur,2024-09,24.1426,-110.3128,35.94,24.06,37.38,25.21,18.1,206.0
Baja California Sur,2024-10,24.1426,-110.3128,35.49,23.47,36.12,23.73,0.0,202.76
Baja California Sur,2024-11,24.1426,-110.3128,27.87,17.75,26.54,16.97,0.1,137.89
Baja California Sur,2024-12,24.1426,-110.3128,26.63,16.0,24.27,14.7,0.0,126.52
Baja California Sur,2025-01,24.1426,-110.3128,23.41,14.06,20.64,12.72,0.0,116.35
Baja California Sur,2025-02,24.1426,-110.3128,27.25,14.0,24.86,11.52,0.0,140.99
Baja California Sur,2025-03,24.1426,-110.3128,28.46,15.23,26.11,13.02,0.0,188.73
Baja California Sur,2025-04,24.1426,-110.3128,30.84,16.83,29.2,14.99,0.0,207.92
Baja California Sur,2025-05,24.1426,-110.3128,33.39,18.64,32.44,16.84,3.9,230.47
Baja California Sur,2025-06,24.1426,-110.3128,35.17,20.95,36.6,20.58,0.7,229.72
Baja California Sur,2025-07,24.1426,-110.3128,36.98,24.15,39.25,25.59,19.8,235.1
Baja California Sur,2025-08,24.1426,-110.3128,36.35,25.9,40.2,29.19,52.4,196.05
Baja California Sur,2025-09,24.1426,-110.3128,33.92,25.68,38.89,30.03,82.8,141.56
Baja California Sur,2025-10,24.1426,-110.3128,33.61,23.33,35.23,25.24,8.6,162.75
Baja California Sur,2025-11,24.1426,-110.3128,30.77,20.46,30.58,20.78,2.0,131.27
Baja California Sur,2025-12,24.1426,-110.3128,27.19,18.57,26.81,18.76,24.0,104.58
Baja California Sur,2026-01,24.1426,-110.3128,25.09,17.42,23.5,16.96,17.4,116.81
Baja California Sur,2026-02,24.1426,-110.3128,27.86,16.92,26.11,15.98,0.0,136.37
Baja California Sur,2026-03,24.1426,-110.3128,31.72,18.24,31.45,17.58,0.2,186.79
Baja California Sur,2026-04,24.1426,-110.3128,32.79,19.38,32.27,18.91,0.0,204.28
Baja California Sur,2026-05,24.1426,-110.3128,33.88,19.58,33.6,18.37,0.7,232.68
Baja California Sur,2026-06,24.1426,-110.3128,35.92,21.49,37.39,21.27,4.3,236.52
Campeche,2020-01,19.8454,-90.5237,29.7,20.74,31.68,22.16,10.6,118.43
Campeche,2020-02,19.8454,-90.5237,31.44,21.26,32.89,22.02,6.7,143.91
Campeche,2020-03,19.8454,-90.5237,34.32,22.1,36.28,23.33,2.6,184.42
Campeche,2020-04,19.8454,-90.5237,37.31,24.85,41.39,27.13,1.3,198.67
Campeche,2020-05,19.8454,-90.5237,35.07,25.02,39.97,28.66,93.0,173.61
Campeche,2020-06,19.8454,-90.5237,31.92,24.46,37.06,28.46,439.5,139.25
Campeche,2020-07,19.8454,-90.5237,34.44,24.7,39.67,28.9,96.8,170.72
Campeche,2020-08,19.8454,-90.5237,33.06,24.75,39.09,29.38,167.1,145.82
Campeche,2020-09,19.8454,-90.5237,32.15,24.36,38.58,29.24,139.8,128.59
Campeche,2020-10,19.8454,-90.5237,29.26,23.71,34.53,27.92,267.3,98.4
Campeche,2020-11,19.8454,-90.5237,28.95,22.64,32.43,25.59,73.1,98.09
Campeche,2020-12,19.8454,-90.5237,28.21,19.92,30.06,21.29,22.3,102.26
Campeche,2021-01,19.8454,-90.5237,28.93,20.0,30.81,21.36,35.6,109.59
Campeche,2021-02,19.8454,-90.5237,30.67,20.31,32.76,21.63,14.0,126.48
Campeche,2021-03,19.8454,-90.5237,33.87,22.11,35.61,23.61,4.2,181.62
Campeche,2021-04,19.8454,-90.5237,35.8,23.85,38.74,25.93,11.0,193.72
Campeche,2021-05,19.8454,-90.5237,35.62,24.72,39.3,27.9,66.2,185.29
Campeche,2021-06,19.8454,-90.5237,33.51,24.73,38.44,28.54,190.1,149.32
Campeche,2021-07,19.8454,-90.5237,33.99,24.67,38.61,28.46,65.4,168.19
Campeche,2021-08,19.8454,-90.5237,33.26,24.35,38.47,28.61,139.4,157.52
Campeche,2021-09,19.8454,-90.5237,32.66,24.3,38.36,28.55,139.4,137.06
Campeche,2021-10,19.8454,-90.5237,31.73,23.83,37.07,27.73,106.1,129.38
Campeche,2021-11,19.8454,-90.5237,29.03,20.64,32.08,22.7,24.3,113.18
Campeche,2021-12,19.8454,-90.5237,31.26,21.13,33.45,23.22,15.8,120.08
Campeche,2022-01,19.8454,-90.5237,28.44,19.78,30.48,21.06,27.1,109.47
Campeche,2022-02,19.8454,-90.5237,30.04,20.53,31.64,22.04,30.3,120.3
Campeche,2022-03,19.8454,-90.5237,32.8,21.79,35.46,23.15,23.7,166.84
Campeche,2022-04,19.8454,-90.5237,35.76,23.63,38.75,25.51,24.8,187.74
Campeche,2022-05,19.8454,-90.5237,36.18,24.74,40.01,27.34,120.1,192.64
Campeche,2022-06,19.8454,-90.5237,32.53,23.55,37.91,27.31,184.3,145.56
Campeche,2022-07,19.8454,-90.5237,33.92,24.03,39.16,27.7,107.5,161.3
Campeche,2022-08,19.8454,-90.5237,32.55,23.69,39.03,27.73,216.7,143.36
Campeche,2022-09,19.8454,-90.5237,30.97,23.55,37.27,27.78,177.0,125.6
Campeche,2022-10,19.8454,-90.5237,30.55,22.45,35.28,25.41,95.1,124.46
Campeche,2022-11,19.8454,-90.5237,30.63,22.27,34.7,25.49,75.8,106.43
Campeche,2022-12,19.8454,-90.5237,29.62,20.69,32.16,22.66,31.0,105.4
Campeche,2023-01,19.8454,-90.5237,30.37,20.86,32.51,22.52,13.2,122.29
Campeche,2023-02,19.8454,-90.5237,31.23,21.2,33.31,22.75,29.8,131.74
Campeche,2023-03,19.8454,-90.5237,34.18,22.64,36.74,24.2,33.6,178.33
Campeche,2023-04,19.8454,-90.5237,35.62,23.77,38.55,25.61,8.5,198.91
Campeche,2023-05,19.8454,-90.5237,35.57,24.37,39.39,27.32,16.9,195.63
Campeche,2023-06,19.8454,-90.5237,36.81,25.47,41.14,29.18,85.4,192.76
Campeche,2023-07,19.8454,-90.5237,35.44,25.14,40.58,29.09,158.8,172.93
Campeche,2023-08,19.8454,-90.5237,33.25,24.89,39.52,29.35,141.1,159.21
Campeche,2023-09,19.8454,-90.5237,32.54,24.48,39.05,28.82,101.4,142.17
Campeche,2023-10,19.8454,-90.5237,32.07,23.75,37.39,27.25,59.8,138.34
Campeche,2023-11,19.8454,-90.5237,30.09,22.72,33.75,25.65,95.1,108.7
Campeche,2023-12,19.8454,-90.5237,28.04,20.85,30.42,22.34,56.0,103.42
Campeche,2024-01,19.8454,-90.5237,29.24,21.21,31.93,22.98,28.6,112.81
Campeche,2024-02,19.8454,-90.5237,29.18,19.38,31.4,19.79,20.5,134.86
Campeche,2024-03,19.8454,-90.5237,33.65,23.22,37.66,25.24,17.4,177.65
Campeche,2024-04,19.8454,-90.5237,35.71,24.26,39.28,26.07,3.9,199.83
Campeche,2024-05,19.8454,-90.5237,39.4,26.82,43.82,29.52,6.0,228.9
Campeche,2024-06,19.8454,-90.5237,33.31,25.44,39.2,29.44,362.4,138.39
Campeche,2024-07,19.8454,-90.5237,33.67,24.8,39.12,29.1,102.3,160.99
Campeche,2024-08,19.8454,-90.5237,32.55,24.41,39.43,28.94,197.7,149.34
Campeche,2024-09,19.8454,-90.5237,32.62,25.05,39.64,29.7,139.3,136.81
Campeche,2024-10,19.8454,-90.5237,29.87,23.49,34.8,27.09,182.0,113.84
Campeche,2024-11,19.8454,-90.5237,29.58,22.25,33.77,25.31,51.1,107.65
Campeche,2024-12,19.8454,-90.5237,28.49,20.12,30.86,21.64,16.4,102.07
Campeche,2025-01,19.8454,-90.5237,28.99,20.17,31.34,21.49,10.5,113.53
Campeche,2025-02,19.8454,-90.5237,31.01,21.43,34.12,23.4,37.5,120.38
Campeche,2025-03,19.8454,-90.5237,32.96,22.09,36.61,23.32,6.3,177.94
Campeche,2025-04,19.8454,-90.5237,33.77,22.97,35.78,24.11,8.6,197.25
Campeche,2025-05,19.8454,-90.5237,36.95,25.5,40.66,28.11,6.4,216.41
Campeche,2025-06,19.8454,-90.5237,34.79,25.2,38.95,28.73,119.2,172.11
Campeche,2025-07,19.8454,-90.5237,33.58,24.35,39.25,27.95,91.0,171.63
Campeche,2025-08,19.8454,-90.5237,32.66,24.03,39.52,28.23,127.4,155.61
Campeche,2025-09,19.8454,-90.5237,32.15,24.12,39.33,28.41,124.6,138.37
Campeche,2025-10,19.8454,-90.5237,30.54,23.25,35.84,26.95,93.5,128.65
Campeche,2025-11,19.8454,-90.5237,29.31,21.08,32.75,23.24,33.1,109.27
Campeche,2025-12,19.8454,-90.5237,29.03,21.21,32.25,23.53,68.9,98.94
Campeche,2026-01,19.8454,-90.5237,27.29,18.71,29.23,19.41,23.8,107.29
Campeche,2026-02,19.8454,-90.5237,28.04,17.92,29.94,18.19,5.5,122.46
Campeche,2026-03,19.8454,-90.5237,31.09,21.39,33.85,23.12,27.0,152.09
Campeche,2026-04,19.8454,-90.5237,33.43,23.1,37.16,25.32,19.1,171.19
Campeche,2026-05,19.8454,-90.5237,35.11,25.04,40.32,28.25,134.1,186.13
Campeche,2026-06,19.8454,-90.5237,34.39,25.06,39.55,28.62,94.4,169.39
Chiapas,2020-01,16.7569,-93.1292,31.5,18.66,32.24,19.85,0.4,134.95
Chiapas,2020-02,16.7569,-93.1292,32.95,19.23,34.02,20.43,1.7,147.93
Chiapas,2020-03,16.7569,-93.1292,34.94,20.58,36.5,22.56,4.3,180.19
Chiapas,2020-04,16.7569,-93.1292,37.61,23.3,39.32,26.02,10.0,185.62
Chiapas,2020-05,16.7569,-93.1292,35.45,22.81,38.67,26.45,82.9,164.15
Chiapas,2020-06,16.7569,-93.1292,30.54,21.88,34.76,25.42,292.1,128.41
Chiapas,2020-07,16.7569,-93.1292,33.03,22.11,37.34,26.1,79.1,148.88
Chiapas,2020-08,16.7569,-93.1292,31.71,22.11,36.16,26.02,185.0,135.21
Chiapas,2020-09,16.7569,-93.1292,30.14,21.7,34.79,25.41,153.5,119.39
Chiapas,2020-10,16.7569,-93.1292,29.15,20.64,32.41,23.35,101.7,119.57
Chiapas,2020-11,16.7569,-93.1292,29.31,20.19,31.24,22.31,97.6,112.19
Chiapas,2020-12,16.7569,-93.1292,29.27,17.79,30.07,18.85,1.3,119.79
Chiapas,2021-01,16.7569,-93.1292,30.34,18.41,31.35,19.83,7.2,128.27
Chiapas,2021-02,16.7569,-93.1292,32.5,17.85,33.14,18.68,0.8,141.46
Chiapas,2021-03,16.7569,-93.1292,33.95,19.79,34.97,21.08,5.4,177.2
Chiapas,2021-04,16.7569,-93.1292,35.66,21.65,37.17,23.59,4.2,178.08
Chiapas,2021-05,16.7569,-93.1292,33.11,22.08,36.83,25.75,72.2,148.26
Chiapas,2021-06,16.7569,-93.1292,31.46,21.59,35.75,25.51,167.9,125.84
Chiapas,2021-07,16.7569,-93.1292,32.41,21.78,36.37,25.47,70.3,153.04
Chiapas,2021-08,16.7569,-93.1292,32.03,21.72,36.56,25.62,133.0,140.62
Chiapas,2021-09,16.7569,-93.1292,30.45,21.46,35.2,25.19,229.0,123.32
Chiapas,2021-10,16.7569,-93.1292,31.84,21.36,35.06,24.66,75.5,132.59
Chiapas,2021-11,16.7569,-93.1292,30.32,18.81,31.58,20.55,7.4,127.08
Chiapas,2021-12,16.7569,-93.1292,31.78,18.89,33.11,20.88,1.0,126.96
Chiapas,2022-01,16.7569,-93.1292,30.41,17.59,30.9,18.69,4.6,129.99
Chiapas,2022-02,16.7569,-93.1292,30.39,17.72,31.18,18.69,2.5,129.97
Chiapas,2022-03,16.7569,-93.1292,33.62,19.22,35.08,20.29,1.6,174.08
Chiapas,2022-04,16.7569,-93.1292,36.1,21.39,37.85,23.49,6.3,182.53
Chiapas,2022-05,16.7569,-93.1292,35.32,21.72,37.78,24.93,135.8,167.46
Chiapas,2022-06,16.7569,-93.1292,30.18,20.81,34.77,24.25,133.2,128.46
Chiapas,2022-07,16.7569,-93.1292,32.17,21.25,36.98,24.83,73.9,147.3
Chiapas,2022-08,16.7569,-93.1292,31.43,20.79,36.39,24.17,142.1,140.0
Chiapas,2022-09,16.7569,-93.1292,29.56,20.97,34.7,24.39,234.1,114.5
Chiapas,2022-10,16.7569,-93.1292,30.14,20.3,33.73,22.99,81.9,128.68
Chiapas,2022-11,16.7569,-93.1292,30.35,20.19,32.88,22.75,46.1,114.24
Chiapas,2022-12,16.7569,-93.1292,30.1,18.47,31.22,20.1,2.1,120.02
Chiapas,2023-01,16.7569,-93.1292,31.74,18.09,32.57,19.45,8.3,136.11
Chiapas,2023-02,16.7569,-93.1292,31.77,18.21,32.66,19.28,8.1,134.27
Chiapas,2023-03,16.7569,-93.1292,34.78,20.31,36.5,22.44,7.9,173.88
Chiapas,2023-04,16.7569,-93.1292,36.58,21.47,38.28,23.66,4.6,187.17
Chiapas,2023-05,16.7569,-93.1292,36.76,22.64,39.39,25.82,24.3,183.09
Chiapas,2023-06,16.7569,-93.1292,35.96,22.96,39.59,26.89,67.0,163.28
Chiapas,2023-07,16.7569,-93.1292,32.77,22.01,37.44,26.01,101.3,148.31
Chiapas,2023-08,16.7569,-93.1292,33.31,22.17,38.17,26.26,82.5,151.05
Chiapas,2023-09,16.7569,-93.1292,32.9,22.08,37.68,26.14,58.8,142.86
Chiapas,2023-10,16.7569,-93.1292,32.03,21.56,35.89,25.13,103.0,129.82
Chiapas,2023-11,16.7569,-93.1292,30.31,20.38,31.97,22.63,22.8,113.36
Chiapas,2023-12,16.7569,-93.1292,29.86,18.39,30.62,19.77,10.1,120.14
Chiapas,2024-01,16.7569,-93.1292,31.6,18.81,32.5,20.48,4.7,130.0
Chiapas,2024-02,16.7569,-93.1292,32.12,17.52,32.73,18.26,10.4,149.81
Chiapas,2024-03,16.7569,-93.1292,37.03,21.47,38.55,23.34,1.9,194.23
Chiapas,2024-04,16.7569,-93.1292,37.17,22.24,39.02,24.52,7.8,189.87
Chiapas,2024-05,16.7569,-93.1292,39.32,23.85,41.87,27.71,32.3,191.18
Chiapas,2024-06,16.7569,-93.1292,32.9,22.66,37.27,26.84,344.1,131.74
Chiapas,2024-07,16.7569,-93.1292,31.27,21.88,37.04,26.02,150.7,137.56
Chiapas,2024-08,16.7569,-93.1292,32.22,22.17,37.36,26.31,72.5,143.83
Chiapas,2024-09,16.7569,-93.1292,30.99,21.46,36.66,25.41,144.9,120.84
Chiapas,2024-10,16.7569,-93.1292,29.42,20.7,33.05,23.91,115.8,119.6
Chiapas,2024-11,16.7569,-93.1292,31.27,19.49,33.61,22.14,33.2,122.05
Chiapas,2024-12,16.7569,-93.1292,30.31,17.95,31.13,19.47,2.8,118.4
Chiapas,2025-01,16.7569,-93.1292,30.41,18.17,31.37,19.85,0.5,124.71
Chiapas,2025-02,16.7569,-93.1292,32.39,19.6,34.14,21.81,30.8,129.15
Chiapas,2025-03,16.7569,-93.1292,35.51,20.07,37.12,21.99,2.4,182.02
Chiapas,2025-04,16.7569,-93.1292,35.03,20.46,36.47,22.63,10.7,180.08
Chiapas,2025-05,16.7569,-93.1292,37.27,22.71,39.89,26.27,60.5,177.49
Chiapas,2025-06,16.7569,-93.1292,30.66,21.24,35.8,25.2,273.0,121.09
Chiapas,2025-07,16.7569,-93.1292,32.44,21.3,37.02,25.02,49.0,156.59
Chiapas,2025-08,16.7569,-93.1292,33.22,21.24,37.67,25.1,125.4,149.91
Chiapas,2025-09,16.7569,-93.1292,30.52,20.99,35.83,24.92,203.9,120.83
Chiapas,2025-10,16.7569,-93.1292,31.16,21.02,34.56,24.52,96.2,123.55
Chiapas,2025-11,16.7569,-93.1292,31.22,19.47,32.88,22.01,22.3,122.82
Chiapas,2025-12,16.7569,-93.1292,30.61,19.69,31.95,22.04,7.4,117.68
Chiapas,2026-01,16.7569,-93.1292,28.89,16.3,29.08,16.96,3.4,125.54
Chiapas,2026-02,16.7569,-93.1292,30.81,16.1,30.91,16.71,2.3,140.37
Chiapas,2026-03,16.7569,-93.1292,32.8,19.7,33.97,21.71,9.0,165.5
Chiapas,2026-04,16.7569,-93.1292,35.04,21.06,37.01,23.97,21.1,169.99
Chiapas,2026-05,16.7569,-93.1292,36.49,23.14,39.53,26.82,100.0,179.47
Chiapas,2026-06,16.7569,-93.1292,33.48,22.42,37.82,26.75,195.8,145.3
Chihuahua,2020-01,28.633,-106.0691,18.91,4.99,14.55,1.36,2.6,102.17
Chihuahua,2020-02,28.633,-106.0691,20.23,5.83,15.74,1.77,11.9,118.43
Chihuahua,2020-03,28.633,-106.0691,25.74,10.81,21.11,7.35,3.7,174.37
Chihuahua,2020-04,28.633,-106.0691,28.86,13.56,25.23,10.17,5.8,206.4
Chihuahua,2020-05,28.633,-106.0691,32.32,18.46,29.84,15.47,1.9,242.61
Chihuahua,2020-06,28.633,-106.0691,33.89,21.32,32.47,19.29,4.2,230.81
Chihuahua,2020-07,28.633,-106.0691,33.14,21.83,32.57,21.9,24.3,213.0
Chihuahua,2020-08,28.633,-106.0691,34.21,22.26,32.91,20.88,0.0,225.7
Chihuahua,2020-09,28.633,-106.0691,27.39,16.83,26.69,16.05,41.8,146.67
Chihuahua,2020-10,28.633,-106.0691,28.79,13.76,25.73,10.72,0.0,169.85
Chihuahua,2020-11,28.633,-106.0691,24.52,10.08,20.38,6.68,0.0,131.9
Chihuahua,2020-12,28.633,-106.0691,16.7,2.82,11.97,-1.4,4.3,96.76
Chihuahua,2021-01,28.633,-106.0691,17.38,2.91,13.18,-0.97,21.2,98.56
Chihuahua,2021-02,28.633,-106.0691,21.71,5.92,17.45,1.99,10.8,125.49
Chihuahua,2021-03,28.633,-106.0691,24.69,8.35,19.71,4.09,0.0,195.94
Chihuahua,2021-04,28.633,-106.0691,28.21,12.9,24.56,9.19,12.1,211.37
Chihuahua,2021-05,28.633,-106.0691,31.59,16.79,28.99,13.76,2.5,241.4
Chihuahua,2021-06,28.633,-106.0691,33.01,20.87,31.8,19.16,68.0,219.48
Chihuahua,2021-07,28.633,-106.0691,29.73,19.02,30.72,19.76,39.0,179.12
Chihuahua,2021-08,28.633,-106.0691,29.56,19.36,30.58,20.19,61.2,162.87
Chihuahua,2021-09,28.633,-106.0691,29.05,17.3,29.02,16.72,26.5,153.61
Chihuahua,2021-10,28.633,-106.0691,27.26,14.01,24.84,11.85,7.1,152.38
Chihuahua,2021-11,28.633,-106.0691,22.51,9.26,19.4,6.27,11.4,109.3
Chihuahua,2021-12,28.633,-106.0691,22.08,8.51,18.09,5.13,10.4,106.37
Chihuahua,2022-01,28.633,-106.0691,17.94,3.89,13.54,0.02,0.0,100.52
Chihuahua,2022-02,28.633,-106.0691,18.77,3.99,14.12,-0.09,0.2,118.03
Chihuahua,2022-03,28.633,-106.0691,24.29,7.61,19.86,3.02,0.4,190.87
Chihuahua,2022-04,28.633,-106.0691,30.36,13.8,27.07,9.99,0.1,227.98
Chihuahua,2022-05,28.633,-106.0691,34.21,18.58,31.26,14.61,0.7,263.81
Chihuahua,2022-06,28.633,-106.0691,33.03,20.47,32.26,19.59,27.3,216.98
Chihuahua,2022-07,28.633,-106.0691,32.36,20.64,32.34,20.73,24.9,207.61
Chihuahua,2022-08,28.633,-106.0691,28.8,19.11,29.82,19.57,215.9,153.16
Chihuahua,2022-09,28.633,-106.0691,25.97,16.06,26.89,15.91,45.5,128.21
Chihuahua,2022-10,28.633,-106.0691,23.44,11.38,21.9,9.61,26.5,118.45
Chihuahua,2022-11,28.633,-106.0691,19.94,6.11,16.15,2.67,1.9,106.19
Chihuahua,2022-12,28.633,-106.0691,19.37,5.74,15.45,2.39,6.9,95.81
Chihuahua,2023-01,28.633,-106.0691,19.43,4.42,14.37,0.39,0.5,114.17
Chihuahua,2023-02,28.633,-106.0691,19.35,4.73,14.36,0.38,20.4,118.82
Chihuahua,2023-03,28.633,-106.0691,23.71,8.38,19.97,4.47,35.6,162.2
Chihuahua,2023-04,28.633,-106.0691,27.95,12.15,24.44,8.39,1.4,214.03
Chihuahua,2023-05,28.633,-106.0691,29.85,15.87,27.44,13.02,23.3,220.65
Chihuahua,2023-06,28.633,-106.0691,35.39,20.74,33.34,18.35,2.3,239.95
Chihuahua,2023-07,28.633,-106.0691,35.38,22.75,34.34,21.93,3.2,240.48
Chihuahua,2023-08,28.633,-106.0691,33.7,21.45,33.05,21.4,1.7,212.79
Chihuahua,2023-09,28.633,-106.0691,33.41,20.17,32.48,19.25,10.7,183.63
Chihuahua,2023-10,28.633,-106.0691,26.82,14.46,24.61,12.91,8.5,139.09
Chihuahua,2023-11,28.633,-106.0691,20.84,9.12,18.1,6.83,19.2,88.88
Chihuahua,2023-12,28.633,-106.0691,19.23,4.61,14.93,1.01,1.2,96.4
Chihuahua,2024-01,28.633,-106.0691,18.95,3.67,13.91,-0.21,8.2,109.64
Chihuahua,2024-02,28.633,-106.0691,21.87,6.96,17.15,2.89,5.3,129.37
Chihuahua,2024-03,28.633,-106.0691,24.15,8.15,19.36,4.24,4.6,180.43
Chihuahua,2024-04,28.633,-106.0691,28.63,12.2,24.39,8.17,1.0,220.53
Chihuahua,2024-05,28.633,-106.0691,34.46,16.91,30.93,12.83,0.0,273.2
Chihuahua,2024-06,28.633,-106.0691,35.9,21.83,34.43,19.92,10.5,240.1
Chihuahua,2024-07,28.633,-106.0691,32.79,20.81,32.57,20.85,22.9,210.92
Chihuahua,2024-08,28.633,-106.0691,33.98,21.75,33.18,21.51,7.6,212.66
Chihuahua,2024-09,28.633,-106.0691,29.38,17.56,28.71,16.84,29.0,158.12
Chihuahua,2024-10,28.633,-106.0691,29.15,15.43,26.36,13.16,0.7,166.55
Chihuahua,2024-11,28.633,-106.0691,24.52,9.18,20.31,5.9,0.1,119.3
Chihuahua,2024-12,28.633,-106.0691,21.99,6.37,18.11,3.19,0.9,94.98
Chihuahua,2025-01,28.633,-106.0691,16.77,2.73,12.34,-1.13,1.3,96.68
Chihuahua,2025-02,28.633,-106.0691,25.6,8.26,21.51,4.67,0.0,131.37
Chihuahua,2025-03,28.633,-106.0691,25.47,9.76,21.59,5.77,4.8,186.84
Chihuahua,2025-04,28.633,-106.0691,28.93,12.8,25.29,8.97,2.6,215.76
Chihuahua,2025-05,28.633,-106.0691,31.96,16.67,29.32,13.7,18.6,232.06
Chihuahua,2025-06,28.633,-106.0691,33.81,20.49,33.55,19.82,73.0,201.54
Chihuahua,2025-07,28.633,-106.0691,30.93,18.98,31.9,19.75,36.7,181.29
Chihuahua,2025-08,28.633,-106.0691,31.83,19.55,32.55,19.86,30.1,179.93
Chihuahua,2025-09,28.633,-106.0691,28.78,18.09,29.68,19.08,48.5,132.68
Chihuahua,2025-10,28.633,-106.0691,28.53,14.48,27.13,13.57,22.4,138.09
Chihuahua,2025-11,28.633,-106.0691,24.83,9.82,21.44,7.24,0.1,112.97
Chihuahua,2025-12,28.633,-106.0691,22.41,7.65,19.17,4.86,0.4,92.33
Chihuahua,2026-01,28.633,-106.0691,18.27,5.24,14.6,2.27,6.0,87.48
Chihuahua,2026-02,28.633,-106.0691,23.06,8.54,19.74,5.67,12.3,112.47
Chihuahua,2026-03,28.633,-106.0691,27.91,11.88,25.15,8.66,1.8,174.67
Chihuahua,2026-04,28.633,-106.0691,28.43,14.47,25.89,12.04,6.3,179.14
Chihuahua,2026-05,28.633,-106.0691,31.64,17.53,29.4,15.25,5.5,224.63
Chihuahua,2026-06,28.633,-106.0691,33.5,21.07,33.43,20.85,31.8,205.2
Ciudad de Mexico,2020-01,19.4326,-99.1332,22.17,7.29,19.93,5.05,7.6,115.91
Ciudad de Mexico,2020-02,19.4326,-99.1332,25.57,8.75,23.6,6.46,6.4,138.69
Ciudad de Mexico,2020-03,19.4326,-99.1332,27.97,11.52,26.89,10.04,8.2,174.16
Ciudad de Mexico,2020-04,19.4326,-99.1332,28.12,13.68,27.44,12.4,27.5,167.42
Ciudad de Mexico,2020-05,19.4326,-99.1332,27.0,12.66,26.01,11.2,35.8,173.84
Ciudad de Mexico,2020-06,19.4326,-99.1332,26.11,13.66,25.23,13.28,88.0,158.04
Ciudad de Mexico,2020-07,19.4326,-99.1332,24.01,13.4,24.68,13.32,146.1,139.56
Ciudad de Mexico,2020-08,19.4326,-99.1332,22.67,13.15,24.05,12.88,287.4,125.98
Ciudad de Mexico,2020-09,19.4326,-99.1332,21.8,13.04,22.84,12.53,251.4,109.35
Ciudad de Mexico,2020-10,19.4326,-99.1332,24.83,10.15,23.65,8.83,23.2,145.33
Ciudad de Mexico,2020-11,19.4326,-99.1332,24.1,9.45,21.86,7.61,6.1,121.59
Ciudad de Mexico,2020-12,19.4326,-99.1332,22.65,7.93,20.48,5.88,1.7,113.19
Ciudad de Mexico,2021-01,19.4326,-99.1332,22.97,7.83,20.66,5.61,8.2,118.9
Ciudad de Mexico,2021-02,19.4326,-99.1332,25.59,7.2,23.28,4.24,0.9,143.76
Ciudad de Mexico,2021-03,19.4326,-99.1332,27.77,10.68,26.34,8.45,2.9,178.6
Ciudad de Mexico,2021-04,19.4326,-99.1332,28.19,11.58,26.96,9.42,17.4,178.24
Ciudad de Mexico,2021-05,19.4326,-99.1332,26.04,12.63,25.72,11.88,112.8,160.76
Ciudad de Mexico,2021-06,19.4326,-99.1332,21.96,12.96,22.49,12.43,285.0,116.95
Ciudad de Mexico,2021-07,19.4326,-99.1332,22.09,12.96,23.49,12.58,181.1,128.97
Ciudad de Mexico,2021-08,19.4326,-99.1332,22.06,12.88,23.51,12.45,276.2,123.87
Ciudad de Mexico,2021-09,19.4326,-99.1332,21.52,13.0,22.65,12.6,356.6,110.35
Ciudad de Mexico,2021-10,19.4326,-99.1332,22.69,11.27,23.04,10.32,89.5,119.87
Ciudad de Mexico,2021-11,19.4326,-99.1332,22.64,8.39,20.87,6.73,5.1,118.54
Ciudad de Mexico,2021-12,19.4326,-99.1332,23.92,7.85,21.58,5.91,0.7,119.9
Ciudad de Mexico,2022-01,19.4326,-99.1332,22.22,7.18,20.04,4.94,12.4,114.53
Ciudad de Mexico,2022-02,19.4326,-99.1332,23.72,7.09,21.79,4.66,9.3,129.75
Ciudad de Mexico,2022-03,19.4326,-99.1332,26.72,8.71,25.16,6.38,9.8,176.88
Ciudad de Mexico,2022-04,19.4326,-99.1332,27.27,11.87,26.63,10.31,43.7,170.93
Ciudad de Mexico,2022-05,19.4326,-99.1332,29.32,13.17,27.8,11.97,27.6,193.79
Ciudad de Mexico,2022-06,19.4326,-99.1332,24.65,12.88,24.95,12.23,144.7,148.35
Ciudad de Mexico,2022-07,19.4326,-99.1332,23.39,12.54,25.17,12.08,201.3,142.72
Ciudad de Mexico,2022-08,19.4326,-99.1332,22.88,12.03,24.78,11.57,236.9,137.44
Ciudad de Mexico,2022-09,19.4326,-99.1332,22.19,12.28,22.8,11.43,213.2,118.32
Ciudad de Mexico,2022-10,19.4326,-99.1332,22.71,10.92,22.94,9.97,77.2,117.97
Ciudad de Mexico,2022-11,19.4326,-99.1332,24.38,10.06,23.15,8.92,6.8,119.74
Ciudad de Mexico,2022-12,19.4326,-99.1332,22.16,7.25,20.12,5.18,14.2,109.88
Ciudad de Mexico,2023-01,19.4326,-99.1332,23.07,6.73,20.97,4.55,0.6,122.35
Ciudad de Mexico,2023-02,19.4326,-99.1332,25.34,7.95,23.26,5.64,0.8,135.92
Ciudad de Mexico,2023-03,19.4326,-99.1332,26.76,10.19,25.55,8.17,23.0,167.46
Ciudad de Mexico,2023-04,19.4326,-99.1332,27.42,11.66,26.29,10.12,20.4,173.25
Ciudad de Mexico,2023-05,19.4326,-99.1332,26.34,11.86,26.15,10.72,73.0,161.51
Ciudad de Mexico,2023-06,19.4326,-99.1332,30.1,14.07,28.61,13.2,36.8,189.91
Ciudad de Mexico,2023-07,19.4326,-99.1332,24.41,13.05,25.95,12.8,250.6,146.61
Ciudad de Mexico,2023-08,19.4326,-99.1332,23.53,12.68,24.99,12.3,213.7,139.88
Ciudad de Mexico,2023-09,19.4326,-99.1332,25.32,11.94,25.78,11.41,109.9,150.27
Ciudad de Mexico,2023-10,19.4326,-99.1332,24.53,11.83,24.04,10.88,62.9,127.67
Ciudad de Mexico,2023-11,19.4326,-99.1332,24.66,9.35,23.19,7.83,21.6,116.8
Ciudad de Mexico,2023-12,19.4326,-99.1332,20.09,7.15,18.25,5.35,20.4,90.84
Ciudad de Mexico,2024-01,19.4326,-99.1332,23.79,7.56,20.97,5.17,0.2,118.31
Ciudad de Mexico,2024-02,19.4326,-99.1332,25.84,7.65,23.42,5.26,10.9,141.74
Ciudad de Mexico,2024-03,19.4326,-99.1332,29.49,10.34,27.15,7.89,0.0,192.34
Ciudad de Mexico,2024-04,19.4326,-99.1332,29.35,12.46,27.83,10.74,9.5,186.56
Ciudad de Mexico,2024-05,19.4326,-99.1332,31.93,15.13,31.06,14.31,38.8,195.91
Ciudad de Mexico,2024-06,19.4326,-99.1332,27.75,14.38,27.04,13.95,182.5,167.68
Ciudad de Mexico,2024-07,19.4326,-99.1332,22.42,13.11,24.46,13.1,315.6,134.37
Ciudad de Mexico,2024-08,19.4326,-99.1332,22.94,12.92,25.03,12.73,292.4,137.59
Ciudad de Mexico,2024-09,19.4326,-99.1332,22.28,13.17,24.04,13.07,285.9,114.79
Ciudad de Mexico,2024-10,19.4326,-99.1332,21.04,10.38,20.81,9.18,102.7,110.61
Ciudad de Mexico,2024-11,19.4326,-99.1332,24.66,9.4,23.18,8.2,7.2,121.96
Ciudad de Mexico,2024-12,19.4326,-99.1332,22.47,8.78,20.43,7.32,8.3,108.25
Ciudad de Mexico,2025-01,19.4326,-99.1332,22.71,9.25,20.96,7.68,10.0,111.93
Ciudad de Mexico,2025-02,19.4326,-99.1332,23.79,10.76,22.88,9.73,15.9,115.01
Ciudad de Mexico,2025-03,19.4326,-99.1332,27.71,12.77,26.19,11.14,7.5,165.42
Ciudad de Mexico,2025-04,19.4326,-99.1332,28.52,13.46,27.07,11.78,2.0,184.48
Ciudad de Mexico,2025-05,19.4326,-99.1332,27.32,15.28,27.71,14.9,136.1,162.63
Ciudad de Mexico,2025-06,19.4326,-99.1332,22.55,13.56,24.57,13.93,331.9,121.1
Ciudad de Mexico,2025-07,19.4326,-99.1332,22.81,12.6,24.61,12.71,220.1,140.66
Ciudad de Mexico,2025-08,19.4326,-99.1332,22.95,12.69,25.03,12.82,240.4,140.43
Ciudad de Mexico,2025-09,19.4326,-99.1332,22.93,12.97,24.99,13.07,285.8,125.83
Ciudad de Mexico,2025-10,19.4326,-99.1332,23.3,11.93,23.43,11.45,128.1,126.51
Ciudad de Mexico,2025-11,19.4326,-99.1332,23.3,10.07,21.83,8.73,10.3,117.05
Ciudad de Mexico,2025-12,19.4326,-99.1332,21.15,9.52,19.81,8.49,12.3,97.6
Ciudad de Mexico,2026-01,19.4326,-99.1332,22.1,8.58,20.16,6.85,9.8,111.35
Ciudad de Mexico,2026-02,19.4326,-99.1332,24.92,9.54,23.23,7.68,2.0,129.96
Ciudad de Mexico,2026-03,19.4326,-99.1332,23.84,10.85,22.86,9.53,35.9,151.85
Ciudad de Mexico,2026-04,19.4326,-99.1332,26.82,13.32,26.93,12.61,58.4,159.9
Ciudad de Mexico,2026-05,19.4326,-99.1332,27.25,14.52,27.64,14.46,103.1,167.04
Ciudad de Mexico,2026-06,19.4326,-99.1332,23.57,14.0,25.25,14.41,277.4,134.96
Coahuila,2020-01,25.4232,-101.0053,17.18,6.57,15.15,3.32,52.2,83.85
Coahuila,2020-02,25.4232,-101.0053,20.02,7.52,17.4,4.21,7.6,115.24
Coahuila,2020-03,25.4232,-101.0053,25.38,12.83,24.11,11.0,8.4,149.93
Coahuila,2020-04,25.4232,-101.0053,27.38,14.52,26.13,12.84,21.6,176.6
Coahuila,2020-05,25.4232,-101.0053,27.58,15.18,26.73,13.98,27.4,183.15
Coahuila,2020-06,25.4232,-101.0053,27.74,15.83,27.54,15.63,30.8,174.88
Coahuila,2020-07,25.4232,-101.0053,27.39,17.25,27.67,17.2,169.6,159.84
Coahuila,2020-08,25.4232,-101.0053,26.96,16.07,26.94,15.83,12.3,164.93
Coahuila,2020-09,25.4232,-101.0053,23.08,14.54,23.6,14.13,95.1,115.3
Coahuila,2020-10,25.4232,-101.0053,25.18,11.82,23.35,9.35,0.4,150.67
Coahuila,2020-11,25.4232,-101.0053,21.29,9.89,19.5,7.42,3.7,103.62
Coahuila,2020-12,25.4232,-101.0053,17.93,5.15,14.55,1.38,7.7,98.94
Coahuila,2021-01,25.4232,-101.0053,18.6,5.59,15.52,1.73,2.4,107.68
Coahuila,2021-02,25.4232,-101.0053,21.11,7.02,18.79,3.46,2.6,118.1
Coahuila,2021-03,25.4232,-101.0053,23.99,9.89,21.55,6.56,3.5,166.78
Coahuila,2021-04,25.4232,-101.0053,25.65,12.71,23.85,10.23,23.8,171.23
Coahuila,2021-05,25.4232,-101.0053,26.81,15.01,26.59,13.92,34.4,174.25
Coahuila,2021-06,25.4232,-101.0053,27.82,16.16,27.09,15.81,62.2,173.75
Coahuila,2021-07,25.4232,-101.0053,25.58,16.05,26.52,16.0,83.2,145.74
Coahuila,2021-08,25.4232,-101.0053,27.41,16.66,27.67,16.71,39.6,157.72
Coahuila,2021-09,25.4232,-101.0053,26.54,15.7,25.86,15.41,19.2,147.42
Coahuila,2021-10,25.4232,-101.0053,25.07,13.43,23.92,11.78,24.4,132.59
Coahuila,2021-11,25.4232,-101.0053,20.43,8.58,18.64,5.84,14.1,95.83
Coahuila,2021-12,25.4232,-101.0053,23.48,9.91,20.7,6.61,23.5,114.6
Coahuila,2022-01,25.4232,-101.0053,17.1,4.86,14.27,1.1,14.5,95.36
Coahuila,2022-02,25.4232,-101.0053,17.63,4.28,15.06,0.76,3.2,102.28
Coahuila,2022-03,25.4232,-101.0053,23.11,8.51,20.12,4.75,0.1,172.87
Coahuila,2022-04,25.4232,-101.0053,27.33,14.15,25.97,11.83,22.0,179.69
Coahuila,2022-05,25.4232,-101.0053,31.35,17.14,29.87,15.44,13.3,219.18
Coahuila,2022-06,25.4232,-101.0053,28.84,17.0,28.06,16.5,18.3,188.52
Coahuila,2022-07,25.4232,-101.0053,29.09,17.03,28.8,16.65,32.3,186.17
Coahuila,2022-08,25.4232,-101.0053,26.78,16.95,27.45,17.1,97.1,151.07
Coahuila,2022-09,25.4232,-101.0053,23.51,14.21,23.57,14.07,39.9,122.05
Coahuila,2022-10,25.4232,-101.0053,21.43,11.47,20.62,9.79,50.7,109.16
Coahuila,2022-11,25.4232,-101.0053,19.48,7.77,17.27,5.0,4.7,98.58
Coahuila,2022-12,25.4232,-101.0053,19.68,6.77,17.0,3.58,0.6,97.69
Coahuila,2023-01,25.4232,-101.0053,20.14,7.38,16.95,3.77,3.6,114.38
Coahuila,2023-02,25.4232,-101.0053,21.45,7.69,18.73,3.99,0.5,123.31
Coahuila,2023-03,25.4232,-101.0053,24.58,10.84,22.54,7.73,12.4,163.24
Coahuila,2023-04,25.4232,-101.0053,24.94,12.02,23.27,9.72,15.6,166.22
Coahuila,2023-05,25.4232,-101.0053,26.84,14.6,26.69,13.27,42.9,167.42
Coahuila,2023-06,25.4232,-101.0053,33.04,18.48,31.63,16.9,6.8,219.86
Coahuila,2023-07,25.4232,-101.0053,29.76,18.01,29.48,17.48,28.0,191.16
Coahuila,2023-08,25.4232,-101.0053,29.9,18.01,28.92,17.36,9.8,192.5
Coahuila,2023-09,25.4232,-101.0053,29.17,16.09,28.05,14.82,29.7,174.77
Coahuila,2023-10,25.4232,-101.0053,22.05,12.74,22.16,11.47,109.9,97.64
Coahuila,2023-11,25.4232,-101.0053,17.9,8.44,16.87,5.85,62.7,78.48
Coahuila,2023-12,25.4232,-101.0053,16.88,7.13,15.1,4.15,6.5,77.55
Coahuila,2024-01,25.4232,-101.0053,18.57,6.06,15.5,2.66,13.5,104.18
Coahuila,2024-02,25.4232,-101.0053,20.72,8.23,18.6,4.85,61.1,113.25
Coahuila,2024-03,25.4232,-101.0053,24.14,9.95,21.68,6.55,11.5,163.95
Coahuila,2024-04,25.4232,-101.0053,27.46,13.93,25.51,10.86,8.0,191.24
Coahuila,2024-05,25.4232,-101.0053,33.27,19.0,31.73,17.31,6.8,231.09
Coahuila,2024-06,25.4232,-101.0053,28.62,17.79,28.7,17.17,95.9,174.13
Coahuila,2024-07,25.4232,-101.0053,25.55,16.8,27.19,17.13,76.3,144.23
Coahuila,2024-08,25.4232,-101.0053,28.63,16.38,28.16,15.81,23.0,177.3
Coahuila,2024-09,25.4232,-101.0053,23.64,15.5,24.98,15.84,143.1,116.18
Coahuila,2024-10,25.4232,-101.0053,23.44,11.75,22.04,9.95,3.2,129.18
Coahuila,2024-11,25.4232,-101.0053,24.51,11.67,22.81,9.63,2.2,115.77
Coahuila,2024-12,25.4232,-101.0053,20.72,9.0,18.73,6.43,9.4,94.62
Coahuila,2025-01,25.4232,-101.0053,16.1,4.49,13.75,1.6,33.1,80.96
Coahuila,2025-02,25.4232,-101.0053,22.82,8.36,20.29,5.07,2.7,117.91
Coahuila,2025-03,25.4232,-101.0053,26.06,11.48,23.26,7.74,4.1,182.18
Coahuila,2025-04,25.4232,-101.0053,28.38,13.54,26.69,10.5,6.9,194.53
Coahuila,2025-05,25.4232,-101.0053,29.0,16.57,28.6,15.25,51.1,186.34
Coahuila,2025-06,25.4232,-101.0053,28.42,17.05,29.18,17.27,32.9,165.45
Coahuila,2025-07,25.4232,-101.0053,26.52,16.22,28.25,15.96,81.8,149.24
Coahuila,2025-08,25.4232,-101.0053,27.9,16.5,28.37,16.46,36.6,156.55
Coahuila,2025-09,25.4232,-101.0053,26.17,15.25,26.73,15.82,47.0,133.11
Coahuila,2025-10,25.4232,-101.0053,25.83,13.1,24.75,11.97,5.2,135.7
Coahuila,2025-11,25.4232,-101.0053,23.72,10.62,21.75,7.92,13.3,112.62
Coahuila,2025-12,25.4232,-101.0053,21.11,8.58,19.44,6.07,13.9,90.72
Coahuila,2026-01,25.4232,-101.0053,17.82,5.58,15.55,2.46,17.1,90.86
Coahuila,2026-02,25.4232,-101.0053,22.71,9.44,20.39,6.1,0.2,124.54
Coahuila,2026-03,25.4232,-101.0053,24.85,10.9,22.77,8.04,6.6,162.95
Coahuila,2026-04,25.4232,-101.0053,25.52,12.93,25.78,11.55,43.0,145.73
Coahuila,2026-05,25.4232,-101.0053,28.19,15.73,28.27,15.14,36.2,176.0
Coahuila,2026-06,25.4232,-101.0053,27.61,17.72,29.44,18.31,101.6,158.73
Colima,2020-01,19.2433,-103.7247,30.33,17.09,31.2,17.08,64.1,116.32
Colima,2020-02,19.2433,-103.7247,31.29,17.65,32.6,17.79,29.2,130.53
Colima,2020-03,19.2433,-103.7247,33.56,19.56,35.5,20.47,0.3,170.21
Colima,2020-04,19.2433,-103.7247,35.28,19.23,35.73,18.7,0.0,196.24
Colima,2020-05,19.2433,-103.7247,34.86,19.55,35.89,20.08,0.1,193.39
Colima,2020-06,19.2433,-103.7247,33.52,21.47,37.27,24.51,73.3,153.17
Colima,2020-07,19.2433,-103.7247,31.62,21.89,36.66,25.64,319.7,134.58
Colima,2020-08,19.2433,-103.7247,29.69,21.51,35.06,25.03,474.2,112.02
Colima,2020-09,19.2433,-103.7247,29.88,21.39,35.48,25.0,379.2,116.33
Colima,2020-10,19.2433,-103.7247,31.79,21.2,36.03,24.19,71.3,128.12
Colima,2020-11,19.2433,-103.7247,33.54,19.73,35.38,20.78,0.3,129.43
Colima,2020-12,19.2433,-103.7247,30.85,17.38,31.2,17.17,1.2,115.8
Colima,2021-01,19.2433,-103.7247,31.97,17.05,31.84,16.22,0.1,131.7
Colima,2021-02,19.2433,-103.7247,31.26,16.68,31.64,16.7,0.7,136.28
Colima,2021-03,19.2433,-103.7247,33.55,17.56,33.78,16.53,0.0,187.89
Colima,2021-04,19.2433,-103.7247,34.84,18.47,35.33,18.13,0.0,191.84
Colima,2021-05,19.2433,-103.7247,34.95,20.2,36.28,21.07,14.4,191.41
Colima,2021-06,19.2433,-103.7247,30.83,21.44,34.99,24.69,507.8,118.13
Colima,2021-07,19.2433,-103.7247,30.75,21.42,36.12,24.69,293.2,131.28
Colima,2021-08,19.2433,-103.7247,29.75,21.35,35.27,24.78,488.0,118.38
Colima,2021-09,19.2433,-103.7247,29.05,20.96,34.3,24.36,361.2,105.14
Colima,2021-10,19.2433,-103.7247,30.88,20.95,35.71,23.86,129.1,121.46
Colima,2021-11,19.2433,-103.7247,32.4,18.55,34.01,19.07,20.4,123.49
Colima,2021-12,19.2433,-103.7247,31.77,18.28,32.68,18.64,13.1,118.29
Colima,2022-01,19.2433,-103.7247,31.25,17.67,31.82,17.87,6.2,121.69
Colima,2022-02,19.2433,-103.7247,32.78,17.43,32.94,16.73,0.7,138.95
Colima,2022-03,19.2433,-103.7247,34.01,17.23,33.53,15.73,0.0,191.38
Colima,2022-04,19.2433,-103.7247,34.6,18.86,35.29,18.88,0.0,189.14
Colima,2022-05,19.2433,-103.7247,34.18,20.07,35.69,21.19,0.2,188.43
Colima,2022-06,19.2433,-103.7247,31.68,21.02,35.58,24.31,286.6,131.21
Colima,2022-07,19.2433,-103.7247,31.56,21.08,36.96,24.18,382.6,136.54
Colima,2022-08,19.2433,-103.7247,30.66,20.59,36.11,23.63,426.8,132.22
Colima,2022-09,19.2433,-103.7247,29.48,20.78,35.07,23.99,491.9,110.71
Colima,2022-10,19.2433,-103.7247,29.91,20.77,34.73,23.87,149.9,113.2
Colima,2022-11,19.2433,-103.7247,31.56,19.81,34.28,21.7,2.8,115.72
Colima,2022-12,19.2433,-103.7247,31.37,18.07,32.11,18.44,3.2,115.49
Colima,2023-01,19.2433,-103.7247,31.45,16.71,31.42,15.97,0.8,131.31
Colima,2023-02,19.2433,-103.7247,33.42,17.73,33.44,16.77,0.0,148.32
Colima,2023-03,19.2433,-103.7247,32.81,18.31,33.63,18.75,0.1,172.12
Colima,2023-04,19.2433,-103.7247,34.1,19.23,35.22,19.72,0.0,183.22
Colima,2023-05,19.2433,-103.7247,35.88,21.31,37.37,22.42,5.1,188.2
Colima,2023-06,19.2433,-103.7247,34.71,22.45,37.68,25.38,60.8,172.48
Colima,2023-07,19.2433,-103.7247,32.76,21.93,37.96,25.52,273.2,141.25
Colima,2023-08,19.2433,-103.7247,31.99,21.99,37.28,25.6,211.9,136.18
Colima,2023-09,19.2433,-103.7247,32.13,21.93,37.57,25.43,185.4,130.49
Colima,2023-10,19.2433,-103.7247,30.29,20.92,35.16,24.03,382.2,109.18
Colima,2023-11,19.2433,-103.7247,31.74,20.16,35.06,22.23,71.1,112.02
Colima,2023-12,19.2433,-103.7247,30.01,18.27,31.55,18.79,14.3,101.58
Colima,2024-01,19.2433,-103.7247,30.54,16.99,31.43,16.85,4.1,112.49
Colima,2024-02,19.2433,-103.7247,30.38,17.34,32.18,17.92,28.7,119.81
Colima,2024-03,19.2433,-103.7247,33.35,17.09,34.03,16.12,0.0,180.78
Colima,2024-04,19.2433,-103.7247,34.91,19.53,35.73,19.0,0.0,191.93
Colima,2024-05,19.2433,-103.7247,35.53,20.56,36.44,20.59,0.0,199.98
Colima,2024-06,19.2433,-103.7247,32.54,21.64,35.94,24.87,90.5,150.63
Colima,2024-07,19.2433,-103.7247,31.94,21.47,37.12,24.88,294.1,135.39
Colima,2024-08,19.2433,-103.7247,31.47,21.45,37.33,24.84,302.8,127.93
Colima,2024-09,19.2433,-103.7247,30.68,21.75,36.46,25.49,360.3,111.74
Colima,2024-10,19.2433,-103.7247,32.16,20.61,36.19,22.63,97.4,130.75
Colima,2024-11,19.2433,-103.7247,31.45,20.74,34.61,23.29,27.6,116.02
Colima,2024-12,19.2433,-103.7247,32.12,19.74,33.12,19.91,14.9,117.71
Colima,2025-01,19.2433,-103.7247,31.67,18.98,32.01,18.82,9.2,125.42
Colima,2025-02,19.2433,-103.7247,32.74,20.15,33.9,20.52,2.1,133.39
Colima,2025-03,19.2433,-103.7247,33.02,19.63,33.85,19.21,0.0,181.63
Colima,2025-04,19.2433,-103.7247,34.19,20.21,34.5,20.06,0.0,193.8
Colima,2025-05,19.2433,-103.7247,34.35,22.85,36.83,25.52,33.1,175.15
Colima,2025-06,19.2433,-103.7247,30.12,22.08,35.16,25.95,335.5,118.37
Colima,2025-07,19.2433,-103.7247,30.56,21.67,36.27,24.82,188.6,136.88
Colima,2025-08,19.2433,-103.7247,31.05,21.82,36.75,24.97,258.4,137.57
Colima,2025-09,19.2433,-103.7247,29.74,21.49,35.57,24.91,345.3,119.1
Colima,2025-10,19.2433,-103.7247,30.21,21.6,35.07,24.92,177.8,115.09
Colima,2025-11,19.2433,-103.7247,32.85,21.25,34.87,22.38,9.9,123.12
Colima,2025-12,19.2433,-103.7247,31.79,19.48,33.05,19.59,13.0,116.64
Colima,2026-01,19.2433,-103.7247,30.98,19.3,32.21,19.62,14.7,117.67
Colima,2026-02,19.2433,-103.7247,30.65,20.04,32.99,21.86,3.9,121.2
Colima,2026-03,19.2433,-103.7247,32.25,19.75,33.88,20.57,8.0,164.65
Colima,2026-04,19.2433,-103.7247,33.23,21.45,35.81,23.51,3.1,168.98
Colima,2026-05,19.2433,-103.7247,34.28,23.4,37.43,26.73,19.4,177.59
Colima,2026-06,19.2433,-103.7247,30.8,22.53,35.86,26.43,207.0,140.08
Durango,2020-01,24.0277,-104.6532,17.98,4.2,14.74,0.4,60.9,97.48
Durango,2020-02,24.0277,-104.6532,21.71,6.6,17.66,2.41,39.5,133.65
Durango,2020-03,24.0277,-104.6532,27.05,10.99,23.61,7.53,0.5,192.44
Durango,2020-04,24.0277,-104.6532,29.02,11.55,24.99,7.67,1.4,228.58
Durango,2020-05,24.0277,-104.6532,29.25,12.97,27.09,9.92,7.2,225.74
Durango,2020-06,24.0277,-104.6532,29.87,16.25,28.44,14.63,20.1,193.93
Durango,2020-07,24.0277,-104.6532,26.7,15.49,26.65,15.16,179.3,156.04
Durango,2020-08,24.0277,-104.6532,26.67,14.87,26.03,13.94,47.9,167.51
Durango,2020-09,24.0277,-104.6532,23.11,13.7,23.33,12.79,113.9,119.29
Durango,2020-10,24.0277,-104.6532,25.83,10.58,23.58,7.55,0.0,161.14
Durango,2020-11,24.0277,-104.6532,24.36,9.03,20.86,5.84,0.8,137.19
Durango,2020-12,24.0277,-104.6532,20.38,4.59,15.65,0.66,5.7,119.26
Durango,2021-01,24.0277,-104.6532,20.52,3.78,15.94,-0.43,1.0,124.35
Durango,2021-02,24.0277,-104.6532,24.26,6.89,19.93,2.48,0.2,152.68
Durango,2021-03,24.0277,-104.6532,27.23,8.8,22.95,4.2,0.0,215.59
Durango,2021-04,24.0277,-104.6532,28.41,11.05,24.77,7.15,1.6,223.5
Durango,2021-05,24.0277,-104.6532,29.61,13.33,27.47,10.62,8.2,220.23
Durango,2021-06,24.0277,-104.6532,27.91,15.29,26.33,13.79,61.8,180.28
Durango,2021-07,24.0277,-104.6532,23.31,14.64,24.45,14.3,214.2,132.95
Durango,2021-08,24.0277,-104.6532,24.15,14.46,24.95,14.06,181.4,140.22
Durango,2021-09,24.0277,-104.6532,22.98,13.54,23.66,12.62,73.4,116.91
Durango,2021-10,24.0277,-104.6532,23.77,11.31,22.99,9.47,49.2,127.06
Durango,2021-11,24.0277,-104.6532,21.94,8.14,19.3,5.09,3.8,113.7
Durango,2021-12,24.0277,-104.6532,22.81,7.05,18.73,3.22,2.9,123.59
Durango,2022-01,24.0277,-104.6532,21.32,5.73,17.09,1.82,0.6,124.34
Durango,2022-02,24.0277,-104.6532,21.49,5.43,17.05,1.52,1.6,136.08
Durango,2022-03,24.0277,-104.6532,26.09,7.41,21.59,2.57,0.0,214.15
Durango,2022-04,24.0277,-104.6532,29.47,11.73,26.23,7.84,1.1,224.39
Durango,2022-05,24.0277,-104.6532,31.41,14.41,28.8,10.84,2.1,246.88
Durango,2022-06,24.0277,-104.6532,29.03,15.36,27.81,14.11,65.0,187.86
Durango,2022-07,24.0277,-104.6532,27.57,15.21,27.22,14.53,97.2,178.15
Durango,2022-08,24.0277,-104.6532,24.09,14.03,25.9,13.59,159.7,141.92
Durango,2022-09,24.0277,-104.6532,23.07,13.26,23.32,12.39,152.9,125.07
Durango,2022-10,24.0277,-104.6532,22.61,10.0,21.42,7.8,68.2,121.74
Durango,2022-11,24.0277,-104.6532,24.37,7.1,20.51,3.26,0.2,139.65
Durango,2022-12,24.0277,-104.6532,21.95,5.96,17.68,1.88,0.0,125.93
Durango,2023-01,24.0277,-104.6532,21.25,4.97,16.25,0.77,0.2,132.13
Durango,2023-02,24.0277,-104.6532,23.24,6.54,18.75,2.35,0.6,143.76
Durango,2023-03,24.0277,-104.6532,27.43,8.63,23.55,4.29,0.0,211.69
Durango,2023-04,24.0277,-104.6532,27.91,10.71,24.43,6.89,7.3,211.53
Durango,2023-05,24.0277,-104.6532,28.78,13.02,25.95,9.58,6.4,223.0
Durango,2023-06,24.0277,-104.6532,33.38,17.07,31.12,14.6,8.2,240.39
Durango,2023-07,24.0277,-104.6532,27.28,15.35,27.57,14.95,110.7,170.74
Durango,2023-08,24.0277,-104.6532,28.87,16.04,27.63,15.35,40.0,181.02
Durango,2023-09,24.0277,-104.6532,29.01,15.1,28.11,13.9,35.4,170.11
Durango,2023-10,24.0277,-104.6532,23.47,11.73,22.38,10.12,72.2,114.13
Durango,2023-11,24.0277,-104.6532,21.38,7.85,19.02,5.03,44.2,97.92
Durango,2023-12,24.0277,-104.6532,19.55,4.7,16.08,1.24,3.1,96.28
Durango,2024-01,24.0277,-104.6532,21.74,4.57,16.7,0.25,1.9,130.27
Durango,2024-02,24.0277,-104.6532,22.27,5.61,17.76,1.62,39.5,135.0
Durango,2024-03,24.0277,-104.6532,25.6,7.7,20.45,3.38,0.2,204.42
Durango,2024-04,24.0277,-104.6532,28.63,10.69,24.45,6.6,0.0,227.12
Durango,2024-05,24.0277,-104.6532,33.25,15.37,29.95,11.92,0.0,260.02
Durango,2024-06,24.0277,-104.6532,31.01,16.74,29.6,14.85,63.4,207.43
Durango,2024-07,24.0277,-104.6532,24.6,14.8,25.75,14.65,158.8,147.52
Durango,2024-08,24.0277,-104.6532,28.06,15.9,27.61,15.37,34.1,174.66
Durango,2024-09,24.0277,-104.6532,25.79,14.17,25.72,13.25,106.7,143.19
Durango,2024-10,24.0277,-104.6532,25.57,11.48,23.22,9.21,12.9,153.38
Durango,2024-11,24.0277,-104.6532,26.15,8.97,22.73,5.83,0.9,136.06
Durango,2024-12,24.0277,-104.6532,22.31,6.07,19.14,2.77,17.3,111.39
Durango,2025-01,24.0277,-104.6532,20.98,4.91,16.42,1.0,28.0,122.85
Durango,2025-02,24.0277,-104.6532,25.5,7.0,22.09,2.95,0.1,149.72
Durango,2025-03,24.0277,-104.6532,26.84,8.56,22.96,4.3,0.1,213.03
Durango,2025-04,24.0277,-104.6532,28.6,10.51,25.5,6.54,0.0,219.18
Durango,2025-05,24.0277,-104.6532,30.55,13.83,28.27,10.6,5.8,233.95
Durango,2025-06,24.0277,-104.6532,30.05,15.88,29.41,15.19,45.6,187.76
Durango,2025-07,24.0277,-104.6532,25.37,13.51,26.67,13.03,159.4,152.21
Durango,2025-08,24.0277,-104.6532,26.21,14.63,26.48,14.42,99.4,155.14
Durango,2025-09,24.0277,-104.6532,23.64,13.83,25.2,13.97,186.1,116.94
Durango,2025-10,24.0277,-104.6532,24.78,11.45,24.12,10.07,24.9,131.87
Durango,2025-11,24.0277,-104.6532,23.96,8.01,21.18,4.96,0.0,124.58
Durango,2025-12,24.0277,-104.6532,21.37,7.19,18.45,4.5,9.4,99.19
Durango,2026-01,24.0277,-104.6532,20.11,5.62,16.78,2.54,23.7,103.98
Durango,2026-02,24.0277,-104.6532,24.71,7.29,21.59,4.08,1.3,134.98
Durango,2026-03,24.0277,-104.6532,26.1,9.64,23.46,6.44,5.2,182.77
Durango,2026-04,24.0277,-104.6532,29.78,11.39,27.07,8.6,3.0,214.66
Durango,2026-05,24.0277,-104.6532,28.92,14.18,27.12,12.01,31.8,212.63
Durango,2026-06,24.0277,-104.6532,28.27,15.92,28.67,15.59,86.6,174.54
Guanajuato,2020-01,21.019,-101.2574,21.13,8.24,17.71,5.29,9.5,113.23
Guanajuato,2020-02,21.019,-101.2574,23.75,9.44,21.51,6.63,35.9,130.51
Guanajuato,2020-03,21.019,-101.2574,27.97,12.8,26.46,10.59,6.6,178.1
Guanajuato,2020-04,21.019,-101.2574,29.95,14.86,27.9,12.55,2.8,204.69
Guanajuato,2020-05,21.019,-101.2574,28.23,14.14,26.73,11.99,26.1,192.05
Guanajuato,2020-06,21.019,-101.2574,26.98,14.43,26.53,13.55,84.2,162.61
Guanajuato,2020-07,21.019,-101.2574,25.41,14.35,25.91,14.06,93.5,152.19
Guanajuato,2020-08,21.019,-101.2574,25.04,14.64,25.31,13.73,183.1,146.54
Guanajuato,2020-09,21.019,-101.2574,24.49,13.59,24.51,12.66,61.3,138.01
Guanajuato,2020-10,21.019,-101.2574,26.79,11.83,25.0,9.37,3.8,173.24
Guanajuato,2020-11,21.019,-101.2574,24.64,10.64,22.0,7.28,0.1,137.12
Guanajuato,2020-12,21.019,-101.2574,21.9,8.98,18.78,6.41,1.9,114.01
Guanajuato,2021-01,21.019,-101.2574,22.03,8.42,19.05,5.3,13.1,122.34
Guanajuato,2021-02,21.019,-101.2574,25.0,8.88,21.51,5.54,0.1,148.36
Guanajuato,2021-03,21.019,-101.2574,28.26,11.86,25.62,8.44,0.1,197.98
Guanajuato,2021-04,21.019,-101.2574,29.35,13.63,26.93,10.67,0.7,205.41
Guanajuato,2021-05,21.019,-101.2574,27.74,13.96,26.32,12.53,62.8,180.69
Guanajuato,2021-06,21.019,-101.2574,24.01,14.14,23.82,13.44,142.1,132.95
Guanajuato,2021-07,21.019,-101.2574,23.87,13.99,24.64,13.14,102.5,139.62
Guanajuato,2021-08,21.019,-101.2574,24.45,14.13,24.87,13.18,146.4,145.29
Guanajuato,2021-09,21.019,-101.2574,22.1,14.05,22.9,13.57,231.7,107.19
Guanajuato,2021-10,21.019,-101.2574,23.62,12.69,23.52,11.17,35.5,130.54
Guanajuato,2021-11,21.019,-101.2574,23.15,9.47,20.77,6.62,0.6,131.1
Guanajuato,2021-12,21.019,-101.2574,22.81,9.3,20.21,6.54,3.7,123.05
Guanajuato,2022-01,21.019,-101.2574,21.83,8.55,18.88,5.65,1.0,119.21
Guanajuato,2022-02,21.019,-101.2574,23.19,8.9,20.72,5.61,1.2,131.5
Guanajuato,2022-03,21.019,-101.2574,26.79,10.71,23.81,7.49,0.1,196.24
Guanajuato,2022-04,21.019,-101.2574,28.99,13.74,26.91,11.35,6.9,195.98
Guanajuato,2022-05,21.019,-101.2574,30.84,15.06,28.84,12.95,5.8,217.09
Guanajuato,2022-06,21.019,-101.2574,27.73,14.36,26.73,12.88,16.0,178.21
Guanajuato,2022-07,21.019,-101.2574,25.76,14.16,26.39,13.25,106.9,157.93
Guanajuato,2022-08,21.019,-101.2574,24.18,13.51,25.5,13.05,111.5,147.7
Guanajuato,2022-09,21.019,-101.2574,23.82,13.66,23.37,11.55,97.9,142.4
Guanajuato,2022-10,21.019,-101.2574,24.72,12.08,23.72,10.13,30.5,140.96
Guanajuato,2022-11,21.019,-101.2574,24.19,11.2,22.28,9.06,8.3,126.03
Guanajuato,2022-12,21.019,-101.2574,22.03,8.92,19.04,6.11,4.4,117.46
Guanajuato,2023-01,21.019,-101.2574,22.29,8.15,19.16,5.32,2.4,127.54
Guanajuato,2023-02,21.019,-101.2574,24.6,9.36,21.96,6.14,0.4,139.21
Guanajuato,2023-03,21.019,-101.2574,27.63,11.98,25.06,9.44,7.5,185.08
Guanajuato,2023-04,21.019,-101.2574,28.88,13.79,26.14,11.17,1.8,201.69
Guanajuato,2023-05,21.019,-101.2574,28.73,14.54,26.91,13.08,22.8,195.3
Guanajuato,2023-06,21.019,-101.2574,32.45,16.33,30.37,14.77,17.3,227.52
Guanajuato,2023-07,21.019,-101.2574,27.05,14.52,27.26,13.85,55.8,179.13
Guanajuato,2023-08,21.019,-101.2574,25.88,14.4,26.08,13.5,104.1,160.0
Guanajuato,2023-09,21.019,-101.2574,28.14,13.64,27.5,12.6,13.6,174.12
Guanajuato,2023-10,21.019,-101.2574,25.03,13.16,23.94,11.46,56.2,135.35
Guanajuato,2023-11,21.019,-101.2574,23.78,10.63,21.95,8.51,25.7,121.61
Guanajuato,2023-12,21.019,-101.2574,18.82,8.39,16.83,5.96,32.5,89.17
Guanajuato,2024-01,21.019,-101.2574,22.37,9.19,18.69,6.39,0.8,120.04
Guanajuato,2024-02,21.019,-101.2574,24.25,10.19,21.1,7.18,17.5,140.04
Guanajuato,2024-03,21.019,-101.2574,28.31,11.93,24.58,8.65,0.0,206.19
Guanajuato,2024-04,21.019,-101.2574,29.97,14.39,27.1,11.86,0.1,209.27
Guanajuato,2024-05,21.019,-101.2574,33.17,17.71,30.92,15.52,4.7,228.71
Guanajuato,2024-06,21.019,-101.2574,28.71,16.1,27.93,15.25,84.4,180.07
Guanajuato,2024-07,21.019,-101.2574,23.52,14.69,25.05,14.16,214.5,137.73
Guanajuato,2024-08,21.019,-101.2574,24.97,13.91,26.19,13.19,114.9,158.06
Guanajuato,2024-09,21.019,-101.2574,24.1,14.23,24.96,13.61,135.9,130.88
Guanajuato,2024-10,21.019,-101.2574,24.26,11.66,22.65,9.31,17.5,147.97
Guanajuato,2024-11,21.019,-101.2574,25.49,11.68,23.39,9.76,1.6,132.46
Guanajuato,2024-12,21.019,-101.2574,22.55,9.17,20.03,6.8,5.0,117.19
Guanajuato,2025-01,21.019,-101.2574,21.89,9.06,19.04,6.83,12.3,113.03
Guanajuato,2025-02,21.019,-101.2574,24.65,10.72,22.49,8.56,3.6,131.85
Guanajuato,2025-03,21.019,-101.2574,27.19,11.71,24.16,8.8,0.1,191.9
Guanajuato,2025-04,21.019,-101.2574,28.6,12.49,26.11,9.82,0.0,206.92
Guanajuato,2025-05,21.019,-101.2574,29.56,15.25,28.16,14.17,69.0,190.08
Guanajuato,2025-06,21.019,-101.2574,24.58,14.4,25.09,13.98,192.0,134.32
Guanajuato,2025-07,21.019,-101.2574,23.87,13.2,24.73,12.68,145.1,146.06
Guanajuato,2025-08,21.019,-101.2574,24.76,13.6,25.64,13.23,148.6,150.51
Guanajuato,2025-09,21.019,-101.2574,23.84,14.03,24.92,13.6,144.2,130.57
Guanajuato,2025-10,21.019,-101.2574,24.23,12.06,23.12,10.43,39.5,138.88
Guanajuato,2025-11,21.019,-101.2574,23.55,10.15,21.66,7.5,0.1,127.78
Guanajuato,2025-12,21.019,-101.2574,21.39,9.68,19.29,7.77,9.6,106.27
Guanajuato,2026-01,21.019,-101.2574,21.54,8.64,19.05,5.96,18.3,114.96
Guanajuato,2026-02,21.019,-101.2574,25.18,9.25,22.49,6.27,0.1,139.87
Guanajuato,2026-03,21.019,-101.2574,25.4,10.18,23.41,7.52,15.7,174.97
Guanajuato,2026-04,21.019,-101.2574,28.61,13.95,26.89,12.53,29.3,177.5
Guanajuato,2026-05,21.019,-101.2574,29.62,15.51,28.66,14.35,30.6,193.79
Guanajuato,2026-06,21.019,-101.2574,24.22,14.82,25.1,15.0,190.4,134.01
Guerrero,2020-01,17.5513,-99.5005,27.29,14.17,27.15,13.87,0.9,119.92
Guerrero,2020-02,17.5513,-99.5005,29.33,14.12,29.64,13.72,3.6,136.38
Guerrero,2020-03,17.5513,-99.5005,31.49,15.61,32.52,15.8,3.0,167.53
Guerrero,2020-04,17.5513,-99.5005,32.78,16.84,33.83,16.9,2.1,178.59
Guerrero,2020-05,17.5513,-99.5005,32.46,16.82,33.15,16.93,0.7,181.96
Guerrero,2020-06,17.5513,-99.5005,29.0,18.53,31.58,20.56,97.2,132.98
Guerrero,2020-07,17.5513,-99.5005,27.12,17.93,30.07,19.83,106.1,129.45
Guerrero,2020-08,17.5513,-99.5005,26.42,18.06,29.69,19.99,203.7,115.24
Guerrero,2020-09,17.5513,-99.5005,25.95,17.68,29.16,19.66,142.6,103.66
Guerrero,2020-10,17.5513,-99.5005,27.61,17.44,29.53,18.55,22.8,131.26
Guerrero,2020-11,17.5513,-99.5005,28.65,16.17,28.97,16.39,1.0,123.32
Guerrero,2020-12,17.5513,-99.5005,27.19,14.96,27.18,15.35,1.9,109.86
Guerrero,2021-01,17.5513,-99.5005,27.24,14.32,27.16,14.34,6.3,114.6
Guerrero,2021-02,17.5513,-99.5005,28.98,12.94,28.84,12.36,0.4,136.87
Guerrero,2021-03,17.5513,-99.5005,31.35,14.99,31.96,14.89,0.6,172.71
Guerrero,2021-04,17.5513,-99.5005,32.15,15.63,32.73,15.21,0.7,182.45
Guerrero,2021-05,17.5513,-99.5005,30.2,17.27,32.18,18.64,35.1,155.41
Guerrero,2021-06,17.5513,-99.5005,25.58,17.69,28.16,19.68,179.4,100.43
Guerrero,2021-07,17.5513,-99.5005,27.09,17.68,30.0,19.35,94.2,133.28
Guerrero,2021-08,17.5513,-99.5005,25.54,17.56,28.76,19.35,165.6,112.17
Guerrero,2021-09,17.5513,-99.5005,25.53,17.65,28.94,19.45,159.5,104.87
Guerrero,2021-10,17.5513,-99.5005,26.4,17.18,29.23,18.58,90.8,115.58
Guerrero,2021-11,17.5513,-99.5005,26.28,15.03,26.92,15.17,4.1,117.56
Guerrero,2021-12,17.5513,-99.5005,28.27,14.67,28.09,14.69,1.3,118.87
Guerrero,2022-01,17.5513,-99.5005,27.28,14.0,26.94,13.95,4.3,117.21
Guerrero,2022-02,17.5513,-99.5005,28.35,14.2,28.42,14.15,3.1,122.03
Guerrero,2022-03,17.5513,-99.5005,31.2,14.1,31.42,13.15,1.0,176.87
Guerrero,2022-04,17.5513,-99.5005,32.59,16.16,33.45,15.99,3.9,179.1
Guerrero,2022-05,17.5513,-99.5005,32.6,17.03,33.66,17.45,20.2,179.04
Guerrero,2022-06,17.5513,-99.5005,26.88,17.49,30.14,19.23,203.4,123.77
Guerrero,2022-07,17.5513,-99.5005,27.17,17.65,30.51,19.47,158.7,131.25
Guerrero,2022-08,17.5513,-99.5005,26.58,17.05,30.02,18.67,180.1,128.18
Guerrero,2022-09,17.5513,-99.5005,25.75,17.23,29.09,18.88,192.7,107.46
Guerrero,2022-10,17.5513,-99.5005,25.98,17.29,28.84,18.91,84.4,106.97
Guerrero,2022-11,17.5513,-99.5005,27.6,16.75,28.95,18.03,13.0,113.54
Guerrero,2022-12,17.5513,-99.5005,26.86,13.59,26.55,13.01,3.3,112.15
Guerrero,2023-01,17.5513,-99.5005,27.82,13.05,27.22,12.43,0.0,125.81
Guerrero,2023-02,17.5513,-99.5005,29.47,13.9,29.17,13.57,0.0,131.1
Guerrero,2023-03,17.5513,-99.5005,31.01,14.79,31.84,14.51,0.1,170.25
Guerrero,2023-04,17.5513,-99.5005,31.8,15.77,32.76,16.16,2.8,170.14
Guerrero,2023-05,17.5513,-99.5005,31.45,17.76,32.91,18.97,46.1,159.74
Guerrero,2023-06,17.5513,-99.5005,32.38,18.91,34.44,20.9,35.7,162.54
Guerrero,2023-07,17.5513,-99.5005,29.24,18.48,32.56,20.36,148.0,142.15
Guerrero,2023-08,17.5513,-99.5005,28.6,18.36,32.23,20.32,128.6,139.12
Guerrero,2023-09,17.5513,-99.5005,28.77,18.37,32.47,20.43,88.3,135.13
Guerrero,2023-10,17.5513,-99.5005,27.2,17.92,30.37,19.73,210.7,113.95
Guerrero,2023-11,17.5513,-99.5005,27.23,17.26,29.56,18.38,37.2,112.16
Guerrero,2023-12,17.5513,-99.5005,26.53,14.67,26.64,14.58,8.3,109.09
Guerrero,2024-01,17.5513,-99.5005,28.17,14.73,28.53,14.68,1.4,121.22
Guerrero,2024-02,17.5513,-99.5005,30.07,14.97,30.44,15.0,9.8,138.93
Guerrero,2024-03,17.5513,-99.5005,32.92,15.59,33.6,15.05,0.3,184.4
Guerrero,2024-04,17.5513,-99.5005,33.73,17.22,34.55,17.11,2.2,188.42
Guerrero,2024-05,17.5513,-99.5005,35.05,19.06,36.73,19.52,2.1,196.49
Guerrero,2024-06,17.5513,-99.5005,32.17,19.13,34.33,20.85,71.7,158.03
Guerrero,2024-07,17.5513,-99.5005,27.58,18.37,31.52,20.49,181.8,129.78
Guerrero,2024-08,17.5513,-99.5005,27.66,18.13,32.03,20.04,171.8,136.83
Guerrero,2024-09,17.5513,-99.5005,26.12,18.22,30.24,20.39,648.2,101.46
Guerrero,2024-10,17.5513,-99.5005,26.43,17.09,29.22,18.11,88.1,120.26
Guerrero,2024-11,17.5513,-99.5005,28.89,17.02,29.67,18.09,16.3,121.93
Guerrero,2024-12,17.5513,-99.5005,27.99,15.45,27.25,15.08,1.4,119.99
Guerrero,2025-01,17.5513,-99.5005,27.64,15.17,27.96,15.4,23.7,118.44
Guerrero,2025-02,17.5513,-99.5005,29.78,16.33,30.31,17.14,12.5,124.28
Guerrero,2025-03,17.5513,-99.5005,32.29,16.61,33.11,16.47,0.3,180.55
Guerrero,2025-04,17.5513,-99.5005,32.88,16.93,32.93,16.85,0.3,188.85
Guerrero,2025-05,17.5513,-99.5005,31.75,18.56,33.64,19.53,48.1,167.68
Guerrero,2025-06,17.5513,-99.5005,26.3,18.12,29.61,20.19,234.4,109.08
Guerrero,2025-07,17.5513,-99.5005,26.72,17.6,30.63,19.09,157.0,139.37
Guerrero,2025-08,17.5513,-99.5005,26.79,17.69,30.83,19.42,105.3,137.6
Guerrero,2025-09,17.5513,-99.5005,26.87,17.77,30.6,19.74,129.4,125.71
Guerrero,2025-10,17.5513,-99.5005,27.47,17.4,29.96,19.09,77.0,122.7
Guerrero,2025-11,17.5513,-99.5005,28.5,16.5,28.76,17.47,0.6,124.07
Guerrero,2025-12,17.5513,-99.5005,27.33,16.1,27.64,16.72,5.7,111.19
Guerrero,2026-01,17.5513,-99.5005,27.73,15.28,27.67,15.81,8.3,120.12
Guerrero,2026-02,17.5513,-99.5005,29.82,15.54,29.95,16.01,0.3,135.21
Guerrero,2026-03,17.5513,-99.5005,29.87,15.74,29.96,15.88,10.0,161.41
Guerrero,2026-04,17.5513,-99.5005,31.42,17.57,33.07,18.27,11.3,164.27
Guerrero,2026-05,17.5513,-99.5005,31.56,19.39,34.2,21.12,70.9,171.38
Guerrero,2026-06,17.5513,-99.5005,28.21,18.72,31.31,21.01,135.1,132.24
Hidalgo,2020-01,20.1011,-98.7591,19.64,6.73,16.54,4.2,11.6,106.43
Hidalgo,2020-02,20.1011,-98.7591,22.61,8.28,20.35,5.66,4.0,126.43
Hidalgo,2020-03,20.1011,-98.7591,25.15,9.87,24.21,7.48,12.7,167.04
Hidalgo,2020-04,20.1011,-98.7591,26.26,12.25,25.59,10.78,24.1,159.15
Hidalgo,2020-05,20.1011,-98.7591,24.35,11.26,23.12,9.56,37.0,161.02
Hidalgo,2020-06,20.1011,-98.7591,23.09,11.04,22.33,10.06,50.8,141.32
Hidalgo,2020-07,20.1011,-98.7591,23.04,11.12,22.84,10.07,85.6,139.34
Hidalgo,2020-08,20.1011,-98.7591,21.78,11.25,21.55,10.05,82.1,128.07
Hidalgo,2020-09,20.1011,-98.7591,20.43,11.08,20.29,9.8,103.5,103.55
Hidalgo,2020-10,20.1011,-98.7591,21.59,8.15,20.17,5.95,5.9,132.7
Hidalgo,2020-11,20.1011,-98.7591,20.45,8.1,18.12,5.24,7.7,110.87
Hidalgo,2020-12,20.1011,-98.7591,20.56,6.96,17.83,4.57,3.5,106.84
Hidalgo,2021-01,20.1011,-98.7591,20.54,6.94,17.54,4.21,11.6,109.31
Hidalgo,2021-02,20.1011,-98.7591,23.18,6.84,20.01,3.55,3.0,139.14
Hidalgo,2021-03,20.1011,-98.7591,25.16,9.56,23.62,6.69,5.4,173.57
Hidalgo,2021-04,20.1011,-98.7591,25.7,10.76,24.32,8.6,36.9,160.94
Hidalgo,2021-05,20.1011,-98.7591,23.82,10.8,22.92,9.53,79.2,154.8
Hidalgo,2021-06,20.1011,-98.7591,20.56,11.47,20.35,10.43,205.5,108.64
Hidalgo,2021-07,20.1011,-98.7591,20.93,10.65,21.08,9.33,114.3,125.79
Hidalgo,2021-08,20.1011,-98.7591,21.52,11.02,21.42,9.72,161.5,126.57
Hidalgo,2021-09,20.1011,-98.7591,20.07,11.29,20.56,10.49,188.0,100.92
Hidalgo,2021-10,20.1011,-98.7591,21.39,9.95,20.58,8.55,31.0,113.32
Hidalgo,2021-11,20.1011,-98.7591,19.76,7.18,17.56,4.69,4.3,105.82
Hidalgo,2021-12,20.1011,-98.7591,21.74,7.27,19.22,4.6,1.8,118.06
Hidalgo,2022-01,20.1011,-98.7591,19.94,6.31,17.13,3.72,6.3,104.84
Hidalgo,2022-02,20.1011,-98.7591,21.21,6.78,18.96,3.82,6.5,119.51
Hidalgo,2022-03,20.1011,-98.7591,24.72,8.43,22.32,5.42,2.0,173.86
Hidalgo,2022-04,20.1011,-98.7591,24.98,10.77,23.63,8.69,30.8,163.01
Hidalgo,2022-05,20.1011,-98.7591,26.47,11.58,25.29,9.41,18.6,183.84
Hidalgo,2022-06,20.1011,-98.7591,22.48,10.19,21.68,8.52,57.4,144.18
Hidalgo,2022-07,20.1011,-98.7591,22.63,10.36,22.87,9.02,96.6,142.92
Hidalgo,2022-08,20.1011,-98.7591,22.0,9.93,22.35,8.75,79.8,135.16
Hidalgo,2022-09,20.1011,-98.7591,19.73,10.42,18.78,9.03,81.4,103.57
Hidalgo,2022-10,20.1011,-98.7591,21.25,9.48,20.31,8.07,29.4,109.07
Hidalgo,2022-11,20.1011,-98.7591,21.68,9.02,20.27,7.27,17.9,108.05
Hidalgo,2022-12,20.1011,-98.7591,19.72,6.56,17.23,3.95,14.2,102.31
Hidalgo,2023-01,20.1011,-98.7591,20.95,6.44,18.38,3.65,1.8,117.36
Hidalgo,2023-02,20.1011,-98.7591,22.73,7.0,20.46,4.03,2.3,127.62
Hidalgo,2023-03,20.1011,-98.7591,24.53,9.78,23.17,7.27,36.0,158.78
Hidalgo,2023-04,20.1011,-98.7591,25.13,10.85,23.49,9.02,22.5,158.61
Hidalgo,2023-05,20.1011,-98.7591,24.57,11.11,24.0,9.62,71.2,157.64
Hidalgo,2023-06,20.1011,-98.7591,27.08,12.8,25.5,11.14,19.1,184.52
Hidalgo,2023-07,20.1011,-98.7591,23.09,10.91,23.2,9.91,70.9,146.78
Hidalgo,2023-08,20.1011,-98.7591,22.67,11.4,22.95,10.39,74.4,135.3
Hidalgo,2023-09,20.1011,-98.7591,24.56,10.27,24.05,9.09,16.6,150.54
Hidalgo,2023-10,20.1011,-98.7591,22.24,10.1,21.2,8.67,28.8,115.06
Hidalgo,2023-11,20.1011,-98.7591,21.61,8.44,19.88,6.56,20.4,102.69
Hidalgo,2023-12,20.1011,-98.7591,17.88,6.46,15.67,4.33,22.8,81.92
Hidalgo,2024-01,20.1011,-98.7591,21.58,7.87,18.33,5.36,5.4,115.17
Hidalgo,2024-02,20.1011,-98.7591,23.55,8.29,20.64,5.34,10.5,138.82
Hidalgo,2024-03,20.1011,-98.7591,27.2,11.39,24.31,9.01,0.9,181.49
Hidalgo,2024-04,20.1011,-98.7591,27.3,12.07,25.37,9.94,10.1,176.99
Hidalgo,2024-05,20.1011,-98.7591,30.27,14.94,29.53,13.71,17.2,192.87
Hidalgo,2024-06,20.1011,-98.7591,24.46,12.42,23.82,11.18,114.9,149.12
Hidalgo,2024-07,20.1011,-98.7591,21.0,10.99,22.0,10.16,192.9,126.62
Hidalgo,2024-08,20.1011,-98.7591,21.57,9.98,22.53,9.05,98.1,133.59
Hidalgo,2024-09,20.1011,-98.7591,21.11,11.43,21.84,10.79,130.8,106.31
Hidalgo,2024-10,20.1011,-98.7591,19.17,8.59,18.27,7.02,48.2,103.77
Hidalgo,2024-11,20.1011,-98.7591,21.71,8.57,20.09,6.57,20.2,114.63
Hidalgo,2024-12,20.1011,-98.7591,19.06,7.65,16.92,5.57,5.6,100.35
Hidalgo,2025-01,20.1011,-98.7591,20.14,7.49,18.07,5.38,9.7,106.8
Hidalgo,2025-02,20.1011,-98.7591,21.13,8.9,20.07,7.14,20.5,108.98
Hidalgo,2025-03,20.1011,-98.7591,24.67,10.75,23.04,8.79,8.6,164.36
Hidalgo,2025-04,20.1011,-98.7591,25.14,10.59,23.51,8.42,5.5,174.44
Hidalgo,2025-05,20.1011,-98.7591,25.44,13.01,25.06,12.2,74.9,160.5
Hidalgo,2025-06,20.1011,-98.7591,20.73,11.77,21.45,11.38,177.5,108.95
Hidalgo,2025-07,20.1011,-98.7591,20.37,10.32,21.24,9.62,107.6,127.09
Hidalgo,2025-08,20.1011,-98.7591,21.05,10.49,22.06,9.55,96.0,133.57
Hidalgo,2025-09,20.1011,-98.7591,20.74,11.05,21.43,10.47,100.3,111.86
Hidalgo,2025-10,20.1011,-98.7591,20.15,9.86,19.55,8.53,119.3,109.84
Hidalgo,2025-11,20.1011,-98.7591,20.13,8.13,18.31,6.1,3.6,109.22
Hidalgo,2025-12,20.1011,-98.7591,18.32,7.97,16.52,6.34,20.3,87.01
Hidalgo,2026-01,20.1011,-98.7591,19.17,6.97,17.18,4.72,7.8,103.34
Hidalgo,2026-02,20.1011,-98.7591,21.54,7.8,19.69,4.93,4.1,123.67
Hidalgo,2026-03,20.1011,-98.7591,20.34,7.53,19.25,5.45,30.9,137.38
Hidalgo,2026-04,20.1011,-98.7591,23.81,11.16,23.39,9.74,22.8,152.19
Hidalgo,2026-05,20.1011,-98.7591,24.36,11.95,24.95,11.34,89.9,156.86
Hidalgo,2026-06,20.1011,-98.7591,21.97,12.15,22.46,11.96,166.7,123.68
Jalisco,2020-01,20.6597,-103.3496,24.31,10.75,21.85,9.1,12.6,113.06
Jalisco,2020-02,20.6597,-103.3496,26.53,12.52,25.35,11.36,35.0,130.89
Jalisco,2020-03,20.6597,-103.3496,30.97,15.54,30.11,14.88,1.3,189.62
Jalisco,2020-04,20.6597,-103.3496,33.0,16.31,31.13,14.6,0.0,224.17
Jalisco,2020-05,20.6597,-103.3496,31.96,16.53,30.67,15.44,9.9,212.0
Jalisco,2020-06,20.6597,-103.3496,30.74,19.09,31.1,19.9,61.2,165.25
Jalisco,2020-07,20.6597,-103.3496,26.65,17.5,28.66,19.01,146.3,134.34
Jalisco,2020-08,20.6597,-103.3496,26.36,17.45,28.29,18.86,138.0,130.68
Jalisco,2020-09,20.6597,-103.3496,26.24,17.03,28.11,18.24,109.2,125.29
Jalisco,2020-10,20.6597,-103.3496,29.07,16.14,28.15,16.28,4.9,152.48
Jalisco,2020-11,20.6597,-103.3496,28.12,13.41,26.53,12.18,0.0,140.11
Jalisco,2020-12,20.6597,-103.3496,25.15,11.66,22.96,10.4,3.4,117.55
Jalisco,2021-01,20.6597,-103.3496,25.51,11.25,23.5,9.62,1.2,125.18
Jalisco,2021-02,20.6597,-103.3496,27.89,11.55,25.31,9.71,0.0,150.96
Jalisco,2021-03,20.6597,-103.3496,31.37,13.86,29.5,11.45,0.0,210.71
Jalisco,2021-04,20.6597,-103.3496,32.57,15.71,30.65,14.17,0.2,220.71
Jalisco,2021-05,20.6597,-103.3496,32.24,17.07,31.25,16.38,8.2,212.04
Jalisco,2021-06,20.6597,-103.3496,26.89,17.31,27.56,18.25,144.9,134.92
Jalisco,2021-07,20.6597,-103.3496,25.52,16.99,27.99,18.48,175.5,129.19
Jalisco,2021-08,20.6597,-103.3496,25.65,16.97,27.88,18.18,184.6,128.43
Jalisco,2021-09,20.6597,-103.3496,24.33,16.33,26.32,17.52,196.5,105.12
Jalisco,2021-10,20.6597,-103.3496,26.2,15.35,26.98,15.97,30.8,123.76
Jalisco,2021-11,20.6597,-103.3496,25.71,12.09,24.49,10.91,0.2,119.2
Jalisco,2021-12,20.6597,-103.3496,25.35,11.36,23.95,10.15,3.2,110.71
Jalisco,2022-01,20.6597,-103.3496,25.71,11.46,23.73,9.91,0.3,124.86
Jalisco,2022-02,20.6597,-103.3496,27.0,11.73,25.14,10.05,2.5,141.23
Jalisco,2022-03,20.6597,-103.3496,30.18,12.99,27.85,10.67,0.0,207.67
Jalisco,2022-04,20.6597,-103.3496,32.71,15.72,31.23,14.4,2.1,215.27
Jalisco,2022-05,20.6597,-103.3496,33.97,17.72,32.46,16.86,2.6,229.12
Jalisco,2022-06,20.6597,-103.3496,28.46,17.06,29.35,17.9,157.0,149.45
Jalisco,2022-07,20.6597,-103.3496,26.49,16.72,29.22,17.95,192.0,140.58
Jalisco,2022-08,20.6597,-103.3496,25.53,16.34,28.2,17.67,160.1,134.1
Jalisco,2022-09,20.6597,-103.3496,26.88,16.06,27.55,16.58,72.2,137.12
Jalisco,2022-10,20.6597,-103.3496,27.94,15.34,27.5,15.42,30.7,138.47
Jalisco,2022-11,20.6597,-103.3496,26.98,13.6,26.19,12.94,7.8,125.11
Jalisco,2022-12,20.6597,-103.3496,25.21,11.51,23.42,10.32,1.4,115.46
Jalisco,2023-01,20.6597,-103.3496,25.4,10.66,23.1,9.11,0.1,127.23
Jalisco,2023-02,20.6597,-103.3496,27.88,12.3,25.89,10.68,0.0,145.35
Jalisco,2023-03,20.6597,-103.3496,30.92,13.79,28.82,12.24,0.2,203.61
Jalisco,2023-04,20.6597,-103.3496,32.26,15.43,29.99,13.45,0.0,220.93
Jalisco,2023-05,20.6597,-103.3496,32.82,16.94,31.25,15.71,4.2,226.88
Jalisco,2023-06,20.6597,-103.3496,35.11,18.92,34.01,19.47,31.3,216.76
Jalisco,2023-07,20.6597,-103.3496,29.51,17.87,30.97,19.51,64.6,166.19
Jalisco,2023-08,20.6597,-103.3496,28.5,17.52,30.22,18.86,117.3,154.5
Jalisco,2023-09,20.6597,-103.3496,29.95,17.93,30.68,19.37,36.6,151.64
Jalisco,2023-10,20.6597,-103.3496,26.44,15.77,27.32,16.32,84.5,119.18
Jalisco,2023-11,20.6597,-103.3496,27.2,14.04,26.36,13.67,21.3,116.08
Jalisco,2023-12,20.6597,-103.3496,22.61,10.98,21.23,9.94,45.7,91.42
Jalisco,2024-01,20.6597,-103.3496,25.92,11.67,23.3,10.1,2.4,122.27
Jalisco,2024-02,20.6597,-103.3496,26.66,11.77,24.66,10.28,34.0,131.16
Jalisco,2024-03,20.6597,-103.3496,31.36,13.63,28.42,11.74,0.0,212.22
Jalisco,2024-04,20.6597,-103.3496,33.33,16.16,30.98,14.37,0.0,224.99
Jalisco,2024-05,20.6597,-103.3496,36.43,18.92,34.82,17.7,0.0,242.47
Jalisco,2024-06,20.6597,-103.3496,32.31,19.36,32.58,20.27,145.3,180.85
Jalisco,2024-07,20.6597,-103.3496,26.16,17.21,29.01,18.81,154.3,133.62
Jalisco,2024-08,20.6597,-103.3496,26.32,17.11,29.33,18.71,147.3,138.11
Jalisco,2024-09,20.6597,-103.3496,27.4,17.36,29.24,18.7,91.7,134.52
Jalisco,2024-10,20.6597,-103.3496,27.48,14.53,26.85,14.19,26.5,142.56
Jalisco,2024-11,20.6597,-103.3496,28.4,15.22,27.4,15.23,0.4,125.33
Jalisco,2024-12,20.6597,-103.3496,25.99,13.06,24.19,11.68,0.9,112.97
Jalisco,2025-01,20.6597,-103.3496,25.31,12.76,23.34,11.29,5.5,117.21
Jalisco,2025-02,20.6597,-103.3496,28.5,14.98,27.1,13.28,2.4,138.69
Jalisco,2025-03,20.6597,-103.3496,30.47,15.1,28.65,12.47,0.0,200.37
Jalisco,2025-04,20.6597,-103.3496,31.56,16.46,30.14,14.75,0.0,203.18
Jalisco,2025-05,20.6597,-103.3496,32.83,19.13,32.22,18.29,13.1,202.58
Jalisco,2025-06,20.6597,-103.3496,27.84,17.78,30.22,19.5,244.9,139.54
Jalisco,2025-07,20.6597,-103.3496,26.34,16.6,28.76,18.11,183.9,146.92
Jalisco,2025-08,20.6597,-103.3496,26.65,16.81,28.95,18.34,148.0,142.77
Jalisco,2025-09,20.6597,-103.3496,26.71,16.96,29.02,18.67,178.8,131.92
Jalisco,2025-10,20.6597,-103.3496,27.26,16.63,27.35,17.46,34.7,130.98
Jalisco,2025-11,20.6597,-103.3496,27.15,14.21,25.84,13.67,0.1,122.07
Jalisco,2025-12,20.6597,-103.3496,25.12,13.23,24.07,12.68,22.3,105.26
Jalisco,2026-01,20.6597,-103.3496,24.91,12.66,23.55,11.62,14.0,112.59
Jalisco,2026-02,20.6597,-103.3496,28.34,13.79,27.12,12.92,0.2,135.87
Jalisco,2026-03,20.6597,-103.3496,29.17,15.72,28.28,14.95,7.4,174.37
Jalisco,2026-04,20.6597,-103.3496,32.04,17.51,31.61,16.81,4.3,193.43
Jalisco,2026-05,20.6597,-103.3496,33.0,19.77,32.84,19.81,24.6,203.4
Jalisco,2026-06,20.6597,-103.3496,26.8,17.53,29.37,19.31,219.1,137.83
Mexico,2020-01,19.2826,-99.6557,17.98,5.13,14.97,2.24,15.0,106.78
Mexico,2020-02,19.2826,-99.6557,20.65,7.4,18.17,4.83,21.1,122.03
Mexico,2020-03,19.2826,-99.6557,23.12,8.89,21.27,6.63,5.3,157.39
Mexico,2020-04,19.2826,-99.6557,23.22,10.15,21.76,8.2,17.5,151.32
Mexico,2020-05,19.2826,-99.6557,22.2,9.29,20.54,7.25,56.5,152.51
Mexico,2020-06,19.2826,-99.6557,21.38,10.59,20.09,9.42,74.8,135.42
Mexico,2020-07,19.2826,-99.6557,19.15,10.37,18.73,9.18,102.8,119.81
Mexico,2020-08,19.2826,-99.6557,18.9,10.51,18.53,9.11,135.7,113.94
Mexico,2020-09,19.2826,-99.6557,18.14,10.33,17.83,9.24,129.7,98.59
Mexico,2020-10,19.2826,-99.6557,20.56,7.55,18.83,5.25,5.8,130.55
Mexico,2020-11,19.2826,-99.6557,20.44,7.11,17.79,4.57,11.4,113.35
Mexico,2020-12,19.2826,-99.6557,18.03,5.78,15.59,3.49,21.5,96.01
Mexico,2021-01,19.2826,-99.6557,18.25,5.31,15.49,2.56,29.1,105.54
Mexico,2021-02,19.2826,-99.6557,20.68,5.63,17.99,2.31,2.0,129.08
Mexico,2021-03,19.2826,-99.6557,22.98,8.52,21.05,6.02,9.3,159.23
Mexico,2021-04,19.2826,-99.6557,23.42,9.11,21.24,6.76,9.3,161.11
Mexico,2021-05,19.2826,-99.6557,21.99,9.61,20.84,8.09,68.2,145.61
Mexico,2021-06,19.2826,-99.6557,17.99,10.3,17.12,8.85,254.5,99.32
Mexico,2021-07,19.2826,-99.6557,18.38,9.83,18.07,8.22,102.6,115.52
Mexico,2021-08,19.2826,-99.6557,17.94,10.14,17.51,8.59,195.6,106.92
Mexico,2021-09,19.2826,-99.6557,17.69,10.16,17.31,8.8,282.7,97.01
Mexico,2021-10,19.2826,-99.6557,18.64,8.95,18.01,7.27,50.1,107.09
Mexico,2021-11,19.2826,-99.6557,18.09,5.96,16.1,3.48,12.5,103.01
Mexico,2021-12,19.2826,-99.6557,19.07,5.9,16.49,2.85,9.7,108.94
Mexico,2022-01,19.2826,-99.6557,17.61,4.96,15.04,2.19,22.4,101.1
Mexico,2022-02,19.2826,-99.6557,18.49,5.26,16.36,2.51,31.2,108.71
Mexico,2022-03,19.2826,-99.6557,21.22,6.62,19.25,3.83,19.6,153.88
Mexico,2022-04,19.2826,-99.6557,22.14,8.85,20.9,6.65,49.1,149.47
Mexico,2022-05,19.2826,-99.6557,24.04,9.65,22.58,7.44,17.7,171.37
Mexico,2022-06,19.2826,-99.6557,19.79,9.49,19.23,7.86,106.9,124.9
Mexico,2022-07,19.2826,-99.6557,18.75,9.51,19.3,7.93,98.0,122.09
Mexico,2022-08,19.2826,-99.6557,18.23,9.12,18.55,7.73,120.6,117.57
Mexico,2022-09,19.2826,-99.6557,18.42,9.72,18.03,8.32,144.9,107.37
Mexico,2022-10,19.2826,-99.6557,19.05,8.72,18.55,7.16,75.6,106.86
Mexico,2022-11,19.2826,-99.6557,19.54,7.41,17.84,5.16,34.0,106.17
Mexico,2022-12,19.2826,-99.6557,17.39,5.56,14.99,2.8,12.7,98.69
Mexico,2023-01,19.2826,-99.6557,18.45,5.13,15.51,2.25,7.5,111.54
Mexico,2023-02,19.2826,-99.6557,20.18,6.14,17.43,3.33,4.0,123.57
Mexico,2023-03,19.2826,-99.6557,21.75,7.98,19.73,5.38,28.5,148.65
Mexico,2023-04,19.2826,-99.6557,22.28,9.18,20.78,6.86,35.8,151.83
Mexico,2023-05,19.2826,-99.6557,21.32,9.29,20.95,7.4,113.8,138.21
Mexico,2023-06,19.2826,-99.6557,24.62,11.18,23.22,9.42,48.3,167.65
Mexico,2023-07,19.2826,-99.6557,20.38,10.51,20.12,9.41,90.2,130.42
Mexico,2023-08,19.2826,-99.6557,20.4,10.04,20.43,8.87,63.9,129.42
Mexico,2023-09,19.2826,-99.6557,22.5,9.9,21.58,8.57,40.4,141.08
Mexico,2023-10,19.2826,-99.6557,20.16,9.81,19.22,8.47,91.0,109.5
Mexico,2023-11,19.2826,-99.6557,20.24,7.6,18.36,5.46,41.4,104.62
Mexico,2023-12,19.2826,-99.6557,16.9,5.51,14.8,3.19,44.0,83.85
Mexico,2024-01,19.2826,-99.6557,19.13,5.2,16.15,2.32,19.4,101.71
Mexico,2024-02,19.2826,-99.6557,21.46,5.73,18.56,2.54,23.6,129.79
Mexico,2024-03,19.2826,-99.6557,24.94,7.46,22.02,4.14,4.5,172.22
Mexico,2024-04,19.2826,-99.6557,25.31,9.2,23.15,6.82,15.8,167.45
Mexico,2024-05,19.2826,-99.6557,27.37,11.81,26.17,9.9,22.0,181.56
Mexico,2024-06,19.2826,-99.6557,24.06,11.17,23.19,9.7,130.6,150.12
Mexico,2024-07,19.2826,-99.6557,19.11,10.08,19.43,8.87,162.7,116.01
Mexico,2024-08,19.2826,-99.6557,19.8,9.96,20.15,8.85,142.5,122.97
Mexico,2024-09,19.2826,-99.6557,19.86,10.89,19.75,9.93,244.4,105.44
Mexico,2024-10,19.2826,-99.6557,18.46,7.76,17.86,5.93,82.5,106.65
Mexico,2024-11,19.2826,-99.6557,21.25,7.09,19.21,4.69,37.8,114.09
Mexico,2024-12,19.2826,-99.6557,19.31,5.24,16.61,2.76,24.4,103.43
Mexico,2025-01,19.2826,-99.6557,18.85,4.97,16.58,2.8,36.8,102.22
Mexico,2025-02,19.2826,-99.6557,20.21,6.18,18.81,4.28,45.6,106.01
Mexico,2025-03,19.2826,-99.6557,22.98,7.17,21.34,4.88,28.3,150.7
Mexico,2025-04,19.2826,-99.6557,24.43,7.89,22.5,5.46,4.3,171.9
Mexico,2025-05,19.2826,-99.6557,22.9,10.24,22.57,9.21,120.4,145.95
Mexico,2025-06,19.2826,-99.6557,19.04,10.43,19.19,9.5,207.0,108.47
Mexico,2025-07,19.2826,-99.6557,19.66,9.15,19.5,7.93,80.0,130.49
Mexico,2025-08,19.2826,-99.6557,20.26,9.25,20.44,8.27,91.2,124.91
Mexico,2025-09,19.2826,-99.6557,20.45,9.83,20.92,9.05,92.8,119.73
Mexico,2025-10,19.2826,-99.6557,20.51,8.58,19.72,7.05,63.7,119.9
Mexico,2025-11,19.2826,-99.6557,21.05,6.66,18.88,4.71,1.7,113.16
Mexico,2025-12,19.2826,-99.6557,18.66,6.09,16.55,4.18,28.4,93.28
Mexico,2026-01,19.2826,-99.6557,18.89,5.07,16.66,2.84,19.9,103.71
Mexico,2026-02,19.2826,-99.6557,22.03,6.32,19.95,3.96,2.0,122.72
Mexico,2026-03,19.2826,-99.6557,20.41,5.88,18.89,3.81,76.0,136.63
Mexico,2026-04,19.2826,-99.6557,22.91,8.16,22.3,6.58,49.0,142.43
Mexico,2026-05,19.2826,-99.6557,22.6,10.31,22.64,9.21,120.9,147.46
Mexico,2026-06,19.2826,-99.6557,18.92,10.8,19.45,10.26,255.5,115.43
Michoacan,2020-01,19.7006,-101.1864,22.28,7.97,20.08,6.23,10.9,108.63
Michoacan,2020-02,19.7006,-101.1864,24.97,9.2,23.69,7.84,19.2,125.7
Michoacan,2020-03,19.7006,-101.1864,27.65,11.83,27.29,11.27,9.2,159.89
Michoacan,2020-04,19.7006,-101.1864,29.5,13.41,28.68,12.42,5.7,182.37
Michoacan,2020-05,19.7006,-101.1864,28.62,12.91,27.82,11.87,13.4,181.45
Michoacan,2020-06,19.7006,-101.1864,26.86,15.02,26.78,15.5,82.7,150.12
Michoacan,2020-07,19.7006,-101.1864,23.77,14.32,25.85,15.0,142.2,125.93
Michoacan,2020-08,19.7006,-101.1864,23.19,14.63,24.91,15.42,186.8,113.73
Michoacan,2020-09,19.7006,-101.1864,23.3,13.71,24.78,14.06,134.2,111.32
Michoacan,2020-10,19.7006,-101.1864,25.55,11.2,24.75,10.35,5.4,140.47
Michoacan,2020-11,19.7006,-101.1864,25.16,9.91,23.76,8.61,1.2,122.58
Michoacan,2020-12,19.7006,-101.1864,23.03,8.08,21.09,6.67,3.9,107.49
Michoacan,2021-01,19.7006,-101.1864,23.44,7.45,21.47,5.72,5.2,115.83
Michoacan,2021-02,19.7006,-101.1864,25.43,7.73,23.27,5.55,0.3,140.13
Michoacan,2021-03,19.7006,-101.1864,28.52,11.17,27.32,9.92,0.5,178.35
Michoacan,2021-04,19.7006,-101.1864,29.37,12.04,27.97,10.34,1.2,190.23
Michoacan,2021-05,19.7006,-101.1864,27.98,13.21,27.8,12.51,52.6,169.41
Michoacan,2021-06,19.7006,-101.1864,23.16,14.08,23.91,14.48,209.6,109.51
Michoacan,2021-07,19.7006,-101.1864,23.12,13.81,24.93,14.37,148.4,121.65
Michoacan,2021-08,19.7006,-101.1864,22.55,14.05,24.53,14.7,220.6,111.88
Michoacan,2021-09,19.7006,-101.1864,22.42,13.79,23.99,14.33,181.0,101.58
Michoacan,2021-10,19.7006,-101.1864,23.55,12.34,24.33,12.3,63.7,112.18
Michoacan,2021-11,19.7006,-101.1864,22.98,8.58,21.85,7.39,5.6,111.21
Michoacan,2021-12,19.7006,-101.1864,23.36,7.65,21.82,6.15,1.9,108.8
Michoacan,2022-01,19.7006,-101.1864,22.92,7.56,21.11,5.89,2.4,110.96
Michoacan,2022-02,19.7006,-101.1864,23.99,7.93,22.86,6.48,20.7,118.54
Michoacan,2022-03,19.7006,-101.1864,27.14,9.17,25.56,7.32,3.7,178.42
Michoacan,2022-04,19.7006,-101.1864,29.31,12.33,28.43,11.07,8.3,180.8
Michoacan,2022-05,19.7006,-101.1864,30.83,14.23,29.6,13.5,11.9,193.45
Michoacan,2022-06,19.7006,-101.1864,25.22,13.81,26.21,14.21,132.3,137.14
Michoacan,2022-07,19.7006,-101.1864,23.86,13.4,26.63,13.86,182.7,131.79
Michoacan,2022-08,19.7006,-101.1864,23.49,12.97,26.16,13.25,158.8,129.59
Michoacan,2022-09,19.7006,-101.1864,23.72,13.37,24.68,13.64,88.0,121.69
Michoacan,2022-10,19.7006,-101.1864,24.19,12.32,24.94,12.23,51.5,117.08
Michoacan,2022-11,19.7006,-101.1864,24.34,9.44,24.11,8.52,15.7,109.98
Michoacan,2022-12,19.7006,-101.1864,22.2,7.23,20.65,5.61,19.6,101.9
Michoacan,2023-01,19.7006,-101.1864,22.83,6.28,20.97,4.41,2.5,116.55
Michoacan,2023-02,19.7006,-101.1864,25.15,8.09,23.65,6.55,0.4,127.53
Michoacan,2023-03,19.7006,-101.1864,27.6,9.75,26.49,8.31,11.2,168.97
Michoacan,2023-04,19.7006,-101.1864,29.01,11.89,27.84,10.8,6.1,180.83
Michoacan,2023-05,19.7006,-101.1864,28.22,13.35,28.26,12.89,56.4,164.66
Michoacan,2023-06,19.7006,-101.1864,31.03,15.03,30.7,15.07,30.0,184.13
Michoacan,2023-07,19.7006,-101.1864,25.65,14.03,28.15,14.65,143.0,145.36
Michoacan,2023-08,19.7006,-101.1864,25.36,13.8,27.55,14.31,90.1,137.36
Michoacan,2023-09,19.7006,-101.1864,26.86,13.08,27.71,13.29,49.6,143.63
Michoacan,2023-10,19.7006,-101.1864,24.64,12.96,25.44,12.91,68.4,112.82
Michoacan,2023-11,19.7006,-101.1864,24.65,10.27,23.94,9.43,25.9,109.23
Michoacan,2023-12,19.7006,-101.1864,20.7,8.39,19.6,7.13,43.3,84.48
Michoacan,2024-01,19.7006,-101.1864,23.56,7.24,21.23,5.15,2.2,113.26
Michoacan,2024-02,19.7006,-101.1864,25.98,8.43,23.88,6.74,23.2,132.42
Michoacan,2024-03,19.7006,-101.1864,29.09,9.25,27.06,7.11,0.2,194.22
Michoacan,2024-04,19.7006,-101.1864,30.79,12.81,29.26,11.38,0.3,192.58
Michoacan,2024-05,19.7006,-101.1864,33.1,15.54,32.31,14.35,3.8,211.76
Michoacan,2024-06,19.7006,-101.1864,29.73,15.74,29.93,16.15,86.7,161.04
Michoacan,2024-07,19.7006,-101.1864,24.33,13.95,27.0,14.78,230.7,129.73
Michoacan,2024-08,19.7006,-101.1864,24.52,13.88,27.37,14.63,209.9,130.73
Michoacan,2024-09,19.7006,-101.1864,23.89,14.51,26.18,15.22,178.8,109.91
Michoacan,2024-10,19.7006,-101.1864,23.74,10.89,23.57,10.2,52.3,122.83
Michoacan,2024-11,19.7006,-101.1864,25.43,9.47,24.69,8.57,10.1,116.28
Michoacan,2024-12,19.7006,-101.1864,23.4,8.3,22.13,7.08,2.7,107.13
Michoacan,2025-01,19.7006,-101.1864,23.31,8.29,21.95,6.88,20.6,110.02
Michoacan,2025-02,19.7006,-101.1864,25.72,9.8,24.97,8.8,20.3,120.73
Michoacan,2025-03,19.7006,-101.1864,29.0,10.78,28.02,9.43,1.7,181.04
Michoacan,2025-04,19.7006,-101.1864,29.59,12.38,28.29,10.49,0.1,199.21
Michoacan,2025-05,19.7006,-101.1864,29.27,14.99,29.67,15.08,43.6,170.55
Michoacan,2025-06,19.7006,-101.1864,24.51,14.36,26.17,15.28,194.6,119.0
Michoacan,2025-07,19.7006,-101.1864,23.82,12.88,25.87,13.39,120.7,133.97
Michoacan,2025-08,19.7006,-101.1864,24.16,13.39,26.81,14.06,147.5,132.01
Michoacan,2025-09,19.7006,-101.1864,23.91,13.66,26.51,14.47,141.1,119.28
Michoacan,2025-10,19.7006,-101.1864,25.17,12.31,24.86,12.29,51.7,125.65
Michoacan,2025-11,19.7006,-101.1864,25.13,9.74,23.74,8.77,0.3,119.53
Michoacan,2025-12,19.7006,-101.1864,22.99,8.63,21.91,7.66,16.4,101.35
Michoacan,2026-01,19.7006,-101.1864,23.35,8.2,22.27,6.98,6.6,108.81
Michoacan,2026-02,19.7006,-101.1864,26.59,8.96,25.26,7.75,1.0,130.6
Michoacan,2026-03,19.7006,-101.1864,26.11,10.44,24.93,9.25,25.6,159.17
Michoacan,2026-04,19.7006,-101.1864,28.7,12.82,28.69,12.44,26.7,161.64
Michoacan,2026-05,19.7006,-101.1864,29.45,14.86,29.75,15.1,44.5,173.89
Michoacan,2026-06,19.7006,-101.1864,24.06,14.82,25.96,15.81,184.8,124.43
Morelos,2020-01,18.922,-99.2348,24.35,12.3,23.05,9.87,3.3,125.17
Morelos,2020-02,18.922,-99.2348,25.77,13.5,25.6,11.66,16.4,131.62
Morelos,2020-03,18.922,-99.2348,29.15,15.74,29.0,14.3,0.8,169.84
Morelos,2020-04,18.922,-99.2348,30.95,17.6,31.01,16.24,2.6,180.69
Morelos,2020-05,18.922,-99.2348,30.67,16.93,30.13,15.36,3.1,189.31
Morelos,2020-06,18.922,-99.2348,26.46,17.4,27.76,17.9,171.9,136.76
Morelos,2020-07,18.922,-99.2348,24.52,16.5,26.66,16.89,255.3,131.43
Morelos,2020-08,18.922,-99.2348,23.78,16.74,26.03,17.35,375.8,121.57
Morelos,2020-09,18.922,-99.2348,22.56,16.44,24.85,17.06,370.1,101.43
Morelos,2020-10,18.922,-99.2348,23.68,14.27,25.22,12.85,38.3,128.92
Morelos,2020-11,18.922,-99.2348,25.02,14.02,24.84,12.16,4.4,127.56
Morelos,2020-12,18.922,-99.2348,24.03,13.11,23.4,11.28,1.4,114.5
Morelos,2021-01,18.922,-99.2348,24.59,12.83,23.77,10.67,1.2,123.84
Morelos,2021-02,18.922,-99.2348,26.42,12.43,25.08,9.58,0.0,144.96
Morelos,2021-03,18.922,-99.2348,29.15,15.01,28.62,13.21,0.8,177.56
Morelos,2021-04,18.922,-99.2348,30.81,16.05,30.29,14.09,0.9,190.42
Morelos,2021-05,18.922,-99.2348,27.42,16.33,28.08,16.12,156.2,149.18
Morelos,2021-06,18.922,-99.2348,23.55,16.32,25.7,16.92,368.9,108.56
Morelos,2021-07,18.922,-99.2348,24.64,16.02,26.41,15.99,127.4,135.13
Morelos,2021-08,18.922,-99.2348,23.46,16.2,25.67,16.55,229.5,120.54
Morelos,2021-09,18.922,-99.2348,22.99,16.13,25.48,16.61,347.8,107.0
Morelos,2021-10,18.922,-99.2348,23.47,15.4,25.71,15.07,95.4,114.21
Morelos,2021-11,18.922,-99.2348,22.75,12.63,22.87,10.99,1.6,112.51
Morelos,2021-12,18.922,-99.2348,24.21,12.92,23.65,10.58,0.0,120.66
Morelos,2022-01,18.922,-99.2348,23.77,12.49,22.69,10.52,10.4,118.94
Morelos,2022-02,18.922,-99.2348,25.98,12.75,24.85,10.28,1.9,137.61
Morelos,2022-03,18.922,-99.2348,28.92,14.14,27.82,11.58,2.7,186.2
Morelos,2022-04,18.922,-99.2348,29.81,16.43,29.41,14.91,8.3,176.09
Morelos,2022-05,18.922,-99.2348,30.78,17.15,30.34,15.88,13.9,187.66
Morelos,2022-06,18.922,-99.2348,24.65,15.55,26.47,15.68,170.8,129.68
Morelos,2022-07,18.922,-99.2348,24.65,15.7,26.86,15.74,157.3,137.76
Morelos,2022-08,18.922,-99.2348,23.68,15.48,25.95,15.62,180.5,130.68
Morelos,2022-09,18.922,-99.2348,22.64,15.72,25.17,16.13,401.0,105.87
Morelos,2022-10,18.922,-99.2348,23.35,15.57,25.58,15.39,58.2,111.98
Morelos,2022-11,18.922,-99.2348,24.07,13.95,24.76,12.96,5.2,108.35
Morelos,2022-12,18.922,-99.2348,23.13,12.2,22.31,9.93,0.2,114.6
Morelos,2023-01,18.922,-99.2348,24.43,12.07,23.37,9.67,0.1,128.26
Morelos,2023-02,18.922,-99.2348,26.65,13.32,25.79,11.01,0.0,140.31
Morelos,2023-03,18.922,-99.2348,29.1,15.22,28.6,13.5,1.3,174.95
Morelos,2023-04,18.922,-99.2348,30.3,16.06,29.77,14.29,5.3,182.38
Morelos,2023-05,18.922,-99.2348,29.12,16.35,29.42,15.29,80.3,165.74
Morelos,2023-06,18.922,-99.2348,29.73,17.35,30.33,16.75,79.9,168.37
Morelos,2023-07,18.922,-99.2348,25.61,15.94,27.58,15.79,148.1,145.24
Morelos,2023-08,18.922,-99.2348,25.0,16.04,27.25,15.92,194.8,140.08
Morelos,2023-09,18.922,-99.2348,25.08,15.49,27.22,14.97,94.0,135.69
Morelos,2023-10,18.922,-99.2348,24.28,15.45,26.22,15.17,125.0,115.59
Morelos,2023-11,18.922,-99.2348,24.33,13.99,25.06,12.62,19.3,113.51
Morelos,2023-12,18.922,-99.2348,22.59,12.27,21.88,9.93,8.3,105.96
Morelos,2024-01,18.922,-99.2348,24.95,12.74,23.51,10.07,0.2,125.55
Morelos,2024-02,18.922,-99.2348,27.55,13.17,26.15,10.07,10.6,153.11
Morelos,2024-03,18.922,-99.2348,31.0,15.2,29.41,11.99,0.0,205.93
Morelos,2024-04,18.922,-99.2348,31.97,17.02,31.08,14.73,0.9,203.35
Morelos,2024-05,18.922,-99.2348,33.49,19.24,33.37,17.88,5.3,203.7
Morelos,2024-06,18.922,-99.2348,28.66,17.4,29.59,16.99,140.0,158.92
Morelos,2024-07,18.922,-99.2348,24.27,16.12,27.09,16.35,242.9,134.87
Morelos,2024-08,18.922,-99.2348,24.16,15.81,27.06,15.94,207.7,133.98
Morelos,2024-09,18.922,-99.2348,23.48,16.12,26.21,16.58,315.2,106.61
Morelos,2024-10,18.922,-99.2348,22.78,14.5,24.35,13.33,115.0,113.74
Morelos,2024-11,18.922,-99.2348,24.21,13.46,24.53,11.5,10.7,121.86
Morelos,2024-12,18.922,-99.2348,23.76,12.31,22.65,9.79,1.6,118.89
Morelos,2025-01,18.922,-99.2348,23.6,12.18,23.31,10.17,20.2,118.53
Morelos,2025-02,18.922,-99.2348,26.72,13.93,26.41,12.22,1.8,130.09
Morelos,2025-03,18.922,-99.2348,30.18,15.57,29.42,13.16,0.9,187.81
Morelos,2025-04,18.922,-99.2348,30.43,15.8,29.59,13.27,5.8,196.96
Morelos,2025-05,18.922,-99.2348,29.62,17.22,30.47,16.84,98.5,167.55
Morelos,2025-06,18.922,-99.2348,23.61,15.91,26.17,16.31,251.3,114.74
Morelos,2025-07,18.922,-99.2348,25.01,15.74,27.0,15.24,63.3,150.4
Morelos,2025-08,18.922,-99.2348,24.7,15.6,26.77,15.49,122.3,141.73
Morelos,2025-09,18.922,-99.2348,23.63,15.89,26.24,16.07,173.8,118.29
Morelos,2025-10,18.922,-99.2348,23.35,14.76,25.23,14.09,90.9,118.71
Morelos,2025-11,18.922,-99.2348,24.51,13.74,24.24,11.62,1.4,126.1
Morelos,2025-12,18.922,-99.2348,23.93,13.46,23.27,11.72,5.8,113.25
Morelos,2026-01,18.922,-99.2348,24.5,12.53,23.46,10.23,0.7,127.49
Morelos,2026-02,18.922,-99.2348,26.33,13.06,25.3,10.64,2.6,138.5
Morelos,2026-03,18.922,-99.2348,26.95,14.1,26.31,12.05,9.7,166.85
Morelos,2026-04,18.922,-99.2348,28.6,16.1,28.85,14.85,19.4,162.09
Morelos,2026-05,18.922,-99.2348,29.0,17.73,30.57,17.28,71.3,168.43
Morelos,2026-06,18.922,-99.2348,24.33,16.73,27.22,17.34,220.2,129.79
Nayarit,2020-01,21.5039,-104.8946,24.6,15.13,25.31,14.1,94.0,101.08
Nayarit,2020-02,21.5039,-104.8946,24.58,14.36,26.18,13.76,72.9,106.03
Nayarit,2020-03,21.5039,-104.8946,28.0,16.32,30.22,16.0,0.6,153.0
Nayarit,2020-04,21.5039,-104.8946,29.58,15.99,30.99,14.5,0.0,177.5
Nayarit,2020-05,21.5039,-104.8946,30.31,17.0,32.16,16.45,7.9,185.29
Nayarit,2020-06,21.5039,-104.8946,29.69,19.46,33.22,21.45,89.6,146.39
Nayarit,2020-07,21.5039,-104.8946,26.88,19.86,31.46,22.54,514.1,112.52
Nayarit,2020-08,21.5039,-104.8946,27.25,20.37,32.11,23.29,405.3,109.75
Nayarit,2020-09,21.5039,-104.8946,26.72,20.03,31.21,23.08,321.0,98.11
Nayarit,2020-10,21.5039,-104.8946,28.43,19.03,31.93,21.23,41.8,125.03
Nayarit,2020-11,21.5039,-104.8946,29.01,17.27,29.72,16.88,0.0,125.34
Nayarit,2020-12,21.5039,-104.8946,24.25,14.44,24.97,13.97,67.8,95.19
Nayarit,2021-01,21.5039,-104.8946,25.02,13.66,25.31,12.41,6.0,108.84
Nayarit,2021-02,21.5039,-104.8946,25.93,13.35,26.41,12.44,3.9,118.24
Nayarit,2021-03,21.5039,-104.8946,29.09,14.56,29.19,12.36,0.0,174.94
Nayarit,2021-04,21.5039,-104.8946,30.3,15.8,31.38,14.45,0.5,181.03
Nayarit,2021-05,21.5039,-104.8946,30.81,17.02,32.05,16.36,1.8,186.07
Nayarit,2021-06,21.5039,-104.8946,28.1,19.25,31.33,21.29,342.2,120.75
Nayarit,2021-07,21.5039,-104.8946,27.02,19.67,31.72,22.27,393.6,117.04
Nayarit,2021-08,21.5039,-104.8946,27.04,19.98,31.84,22.57,421.8,110.65
Nayarit,2021-09,21.5039,-104.8946,26.2,19.59,30.55,22.3,374.9,93.03
Nayarit,2021-10,21.5039,-104.8946,27.27,18.67,31.18,20.72,85.8,111.99
Nayarit,2021-11,21.5039,-104.8946,27.71,16.33,29.03,16.57,10.4,110.47
Nayarit,2021-12,21.5039,-104.8946,27.21,15.56,27.32,14.79,4.1,107.94
Nayarit,2022-01,21.5039,-104.8946,26.03,14.47,26.18,13.89,4.3,106.17
Nayarit,2022-02,21.5039,-104.8946,26.52,14.24,26.68,12.83,4.6,121.62
Nayarit,2022-03,21.5039,-104.8946,28.26,13.68,28.58,11.6,0.0,169.24
Nayarit,2022-04,21.5039,-104.8946,29.25,15.68,30.94,14.7,11.8,172.59
Nayarit,2022-05,21.5039,-104.8946,30.17,16.89,32.78,16.81,0.0,181.08
Nayarit,2022-06,21.5039,-104.8946,28.8,18.74,32.0,20.79,144.3,129.1
Nayarit,2022-07,21.5039,-104.8946,27.3,19.73,32.31,22.39,358.5,116.63
Nayarit,2022-08,21.5039,-104.8946,26.6,19.3,31.64,21.89,361.9,112.25
Nayarit,2022-09,21.5039,-104.8946,27.76,19.99,32.11,22.73,216.9,111.81
Nayarit,2022-10,21.5039,-104.8946,26.68,17.93,30.52,19.36,125.1,111.91
Nayarit,2022-11,21.5039,-104.8946,26.05,15.52,28.25,15.19,19.7,108.03
Nayarit,2022-12,21.5039,-104.8946,25.4,14.65,26.3,14.23,0.7,101.09
Nayarit,2023-01,21.5039,-104.8946,25.07,13.61,25.45,12.66,2.9,107.38
Nayarit,2023-02,21.5039,-104.8946,26.49,14.49,27.28,13.29,0.0,122.24
Nayarit,2023-03,21.5039,-104.8946,27.77,13.76,28.44,12.02,0.0,163.38
Nayarit,2023-04,21.5039,-104.8946,29.66,15.51,30.33,13.6,0.0,177.87
Nayarit,2023-05,21.5039,-104.8946,31.43,17.54,32.18,16.36,4.7,189.18
Nayarit,2023-06,21.5039,-104.8946,31.33,18.08,34.45,19.39,48.2,171.5
Nayarit,2023-07,21.5039,-104.8946,28.49,20.48,33.76,23.54,314.9,127.9
Nayarit,2023-08,21.5039,-104.8946,28.67,20.63,33.68,23.69,283.0,121.34
Nayarit,2023-09,21.5039,-104.8946,28.53,20.76,33.97,24.34,187.5,116.69
Nayarit,2023-10,21.5039,-104.8946,27.09,18.98,30.93,21.07,220.8,105.9
Nayarit,2023-11,21.5039,-104.8946,27.12,17.66,29.59,18.5,52.2,100.87
Nayarit,2023-12,21.5039,-104.8946,25.81,15.72,26.11,14.95,12.3,99.43
Nayarit,2024-01,21.5039,-104.8946,24.82,13.99,25.6,13.14,16.5,100.32
Nayarit,2024-02,21.5039,-104.8946,25.11,13.89,26.12,13.06,37.0,108.7
Nayarit,2024-03,21.5039,-104.8946,26.85,13.93,28.49,12.63,0.0,153.78
Nayarit,2024-04,21.5039,-104.8946,29.46,15.91,31.04,14.77,0.0,172.12
Nayarit,2024-05,21.5039,-104.8946,31.18,17.39,33.59,16.82,0.0,187.04
Nayarit,2024-06,21.5039,-104.8946,28.66,19.17,32.35,21.66,167.2,129.82
Nayarit,2024-07,21.5039,-104.8946,27.27,19.89,32.51,22.75,444.1,113.99
Nayarit,2024-08,21.5039,-104.8946,27.23,20.29,32.45,23.3,302.4,108.94
Nayarit,2024-09,21.5039,-104.8946,27.93,19.78,33.01,22.61,215.9,112.0
Nayarit,2024-10,21.5039,-104.8946,29.04,19.46,32.34,21.65,65.8,124.21
Nayarit,2024-11,21.5039,-104.8946,27.38,16.59,29.82,17.53,10.3,105.34
Nayarit,2024-12,21.5039,-104.8946,27.66,16.43,28.22,15.79,0.4,106.81
Nayarit,2025-01,21.5039,-104.8946,25.15,15.03,25.73,14.25,36.5,99.98
Nayarit,2025-02,21.5039,-104.8946,27.98,16.27,28.38,14.7,0.0,125.95
Nayarit,2025-03,21.5039,-104.8946,29.22,16.13,29.21,13.68,0.0,173.32
Nayarit,2025-04,21.5039,-104.8946,30.36,16.88,31.31,15.43,0.0,178.17
Nayarit,2025-05,21.5039,-104.8946,31.82,19.21,32.79,18.43,40.3,188.17
Nayarit,2025-06,21.5039,-104.8946,28.76,19.97,32.77,22.98,277.6,126.89
Nayarit,2025-07,21.5039,-104.8946,28.53,19.93,33.24,22.53,196.5,134.5
Nayarit,2025-08,21.5039,-104.8946,28.02,19.88,33.19,22.55,215.4,122.9
Nayarit,2025-09,21.5039,-104.8946,27.63,19.91,32.81,22.56,367.8,105.98
Nayarit,2025-10,21.5039,-104.8946,28.21,19.55,32.11,22.09,192.9,112.73
Nayarit,2025-11,21.5039,-104.8946,28.04,16.74,29.76,17.04,2.2,112.48
Nayarit,2025-12,21.5039,-104.8946,27.29,16.73,28.29,16.57,20.2,101.56
Nayarit,2026-01,21.5039,-104.8946,26.3,15.77,26.92,15.48,18.9,101.3
Nayarit,2026-02,21.5039,-104.8946,27.53,15.4,28.85,15.1,14.5,117.8
Nayarit,2026-03,21.5039,-104.8946,28.61,16.45,30.16,15.99,22.1,155.4
Nayarit,2026-04,21.5039,-104.8946,30.5,17.53,32.42,17.53,4.1,172.49
Nayarit,2026-05,21.5039,-104.8946,31.88,19.48,34.05,20.33,8.4,183.89
Nayarit,2026-06,21.5039,-104.8946,28.81,20.23,32.95,23.29,354.6,129.0
Nuevo Leon,2020-01,25.6866,-100.3161,20.5,11.47,19.87,10.15,35.4,71.65
Nuevo Leon,2020-02,25.6866,-100.3161,21.74,10.39,21.03,8.88,16.6,87.03
Nuevo Leon,2020-03,25.6866,-100.3161,28.14,16.52,28.65,17.24,24.6,121.36
Nuevo Leon,2020-04,25.6866,-100.3161,28.68,17.98,30.07,19.1,58.1,124.41
Nuevo Leon,2020-05,25.6866,-100.3161,30.67,19.92,33.37,22.52,79.4,147.41
Nuevo Leon,2020-06,25.6866,-100.3161,30.68,21.32,34.19,24.74,52.4,148.97
Nuevo Leon,2020-07,25.6866,-100.3161,33.22,22.35,35.54,25.8,224.5,173.99
Nuevo Leon,2020-08,25.6866,-100.3161,32.41,21.93,35.36,25.19,11.1,174.08
Nuevo Leon,2020-09,25.6866,-100.3161,28.08,20.47,31.23,22.45,164.3,118.4
Nuevo Leon,2020-10,25.6866,-100.3161,28.23,16.82,29.05,17.14,12.9,128.01
Nuevo Leon,2020-11,25.6866,-100.3161,24.61,15.32,24.5,15.56,11.2,85.32
Nuevo Leon,2020-12,25.6866,-100.3161,20.7,8.86,18.35,6.34,7.2,87.7
Nuevo Leon,2021-01,25.6866,-100.3161,20.28,9.43,18.7,7.43,15.7,82.06
Nuevo Leon,2021-02,25.6866,-100.3161,21.48,8.74,20.14,7.06,9.5,87.11
Nuevo Leon,2021-03,25.6866,-100.3161,27.41,14.09,26.32,12.98,20.0,144.54
Nuevo Leon,2021-04,25.6866,-100.3161,28.85,16.95,29.27,17.51,56.6,138.21
Nuevo Leon,2021-05,25.6866,-100.3161,31.31,19.8,33.17,21.92,68.6,148.47
Nuevo Leon,2021-06,25.6866,-100.3161,32.07,21.44,34.56,24.77,83.6,160.13
Nuevo Leon,2021-07,25.6866,-100.3161,30.7,21.49,34.13,25.09,79.1,151.23
Nuevo Leon,2021-08,25.6866,-100.3161,34.62,22.53,36.1,25.89,25.0,191.27
Nuevo Leon,2021-09,25.6866,-100.3161,32.13,21.81,33.97,24.8,67.9,152.38
Nuevo Leon,2021-10,25.6866,-100.3161,28.38,18.75,29.95,20.19,50.1,121.3
Nuevo Leon,2021-11,25.6866,-100.3161,22.87,13.7,22.94,13.57,58.7,76.9
Nuevo Leon,2021-12,25.6866,-100.3161,25.37,14.04,25.06,13.02,28.0,87.99
Nuevo Leon,2022-01,25.6866,-100.3161,18.95,8.09,17.16,5.5,32.8,77.36
Nuevo Leon,2022-02,25.6866,-100.3161,19.38,7.32,18.1,4.99,7.2,85.85
Nuevo Leon,2022-03,25.6866,-100.3161,26.68,12.12,24.68,10.08,1.0,153.1
Nuevo Leon,2022-04,25.6866,-100.3161,31.4,18.48,31.68,19.31,68.4,159.65
Nuevo Leon,2022-05,25.6866,-100.3161,34.17,20.95,35.94,23.9,40.6,177.42
Nuevo Leon,2022-06,25.6866,-100.3161,35.18,21.74,35.89,24.74,11.6,206.86
Nuevo Leon,2022-07,25.6866,-100.3161,36.15,23.05,37.31,26.3,3.2,219.29
Nuevo Leon,2022-08,25.6866,-100.3161,34.31,22.98,36.48,26.51,68.1,179.44
Nuevo Leon,2022-09,25.6866,-100.3161,29.13,20.32,31.64,23.02,167.6,130.01
Nuevo Leon,2022-10,25.6866,-100.3161,25.87,16.67,26.74,17.21,97.8,102.7
Nuevo Leon,2022-11,25.6866,-100.3161,21.01,12.01,20.99,10.96,37.0,70.45
Nuevo Leon,2022-12,25.6866,-100.3161,19.68,10.2,19.26,8.88,18.8,65.39
Nuevo Leon,2023-01,25.6866,-100.3161,23.21,11.9,21.82,9.98,5.6,91.33
Nuevo Leon,2023-02,25.6866,-100.3161,24.62,11.6,22.91,9.86,2.9,109.68
Nuevo Leon,2023-03,25.6866,-100.3161,27.28,14.49,26.86,13.95,98.7,124.51
Nuevo Leon,2023-04,25.6866,-100.3161,27.17,16.67,28.14,17.24,40.2,124.42
Nuevo Leon,2023-05,25.6866,-100.3161,29.22,19.46,32.06,21.8,80.0,137.4
Nuevo Leon,2023-06,25.6866,-100.3161,36.45,22.94,38.36,26.33,13.4,200.29
Nuevo Leon,2023-07,25.6866,-100.3161,37.36,23.81,38.08,27.14,18.3,230.16
Nuevo Leon,2023-08,25.6866,-100.3161,37.3,24.23,37.75,27.07,9.7,223.13
Nuevo Leon,2023-09,25.6866,-100.3161,34.89,23.05,36.53,26.24,28.1,180.24
Nuevo Leon,2023-10,25.6866,-100.3161,26.48,18.15,28.11,19.56,180.4,97.18
Nuevo Leon,2023-11,25.6866,-100.3161,20.81,12.62,21.19,12.08,116.2,66.07
Nuevo Leon,2023-12,25.6866,-100.3161,20.09,11.24,19.52,10.04,19.7,64.94
Nuevo Leon,2024-01,25.6866,-100.3161,18.61,7.95,17.35,5.73,13.8,75.21
Nuevo Leon,2024-02,25.6866,-100.3161,24.03,11.46,23.09,9.59,38.8,103.4
Nuevo Leon,2024-03,25.6866,-100.3161,26.94,14.09,27.03,13.14,52.8,132.12
Nuevo Leon,2024-04,25.6866,-100.3161,30.81,17.56,31.02,17.88,22.5,158.96
Nuevo Leon,2024-05,25.6866,-100.3161,36.22,22.84,38.63,26.1,39.5,187.36
Nuevo Leon,2024-06,25.6866,-100.3161,32.93,22.94,36.06,26.63,232.1,163.28
Nuevo Leon,2024-07,25.6866,-100.3161,30.49,21.8,34.45,25.57,53.5,149.05
Nuevo Leon,2024-08,25.6866,-100.3161,33.22,22.34,35.62,25.59,16.5,184.01
Nuevo Leon,2024-09,25.6866,-100.3161,29.35,21.42,32.83,24.03,116.8,124.5
Nuevo Leon,2024-10,25.6866,-100.3161,27.25,17.48,28.59,17.97,58.8,115.19
Nuevo Leon,2024-11,25.6866,-100.3161,25.43,15.36,25.95,15.6,6.9,85.33
Nuevo Leon,2024-12,25.6866,-100.3161,22.12,11.79,21.77,11.02,42.2,67.39
Nuevo Leon,2025-01,25.6866,-100.3161,16.48,6.42,14.91,4.29,12.7,63.21
Nuevo Leon,2025-02,25.6866,-100.3161,24.76,10.6,24.07,8.88,12.7,94.16
Nuevo Leon,2025-03,25.6866,-100.3161,30.25,14.2,29.2,12.69,17.6,164.98
Nuevo Leon,2025-04,25.6866,-100.3161,32.82,17.36,32.69,17.51,9.8,175.01
Nuevo Leon,2025-05,25.6866,-100.3161,33.17,20.65,35.33,22.85,91.2,158.57
Nuevo Leon,2025-06,25.6866,-100.3161,33.37,21.83,36.03,25.35,20.1,174.79
Nuevo Leon,2025-07,25.6866,-100.3161,32.94,21.7,36.16,25.12,48.5,166.72
Nuevo Leon,2025-08,25.6866,-100.3161,34.94,22.87,37.5,26.03,55.1,185.02
Nuevo Leon,2025-09,25.6866,-100.3161,30.33,20.76,33.73,23.85,111.7,126.12
Nuevo Leon,2025-10,25.6866,-100.3161,28.85,18.14,30.65,19.53,30.1,121.16
Nuevo Leon,2025-11,25.6866,-100.3161,27.02,14.66,27.06,14.33,25.2,92.02
Nuevo Leon,2025-12,25.6866,-100.3161,22.66,10.67,22.44,9.49,18.8,72.94
Nuevo Leon,2026-01,25.6866,-100.3161,20.79,8.03,19.5,6.06,27.4,80.61
Nuevo Leon,2026-02,25.6866,-100.3161,27.56,12.93,26.34,11.33,0.1,116.04
Nuevo Leon,2026-03,25.6866,-100.3161,29.18,15.4,28.91,15.21,11.7,148.38
Nuevo Leon,2026-04,25.6866,-100.3161,27.6,17.8,29.98,19.33,45.4,110.47
Nuevo Leon,2026-05,25.6866,-100.3161,29.83,19.72,33.21,22.41,84.3,143.13
Nuevo Leon,2026-06,25.6866,-100.3161,32.47,22.32,36.46,26.28,84.3,161.86
Oaxaca,2020-01,17.0732,-96.7266,25.92,11.6,24.77,10.41,12.6,123.58
Oaxaca,2020-02,17.0732,-96.7266,28.29,12.14,27.1,10.92,0.5,143.49
Oaxaca,2020-03,17.0732,-96.7266,30.37,13.65,29.49,12.97,5.9,184.13
Oaxaca,2020-04,17.0732,-96.7266,31.95,16.31,31.78,16.39,12.4,180.68
Oaxaca,2020-05,17.0732,-96.7266,29.47,15.85,29.84,16.1,30.3,157.48
Oaxaca,2020-06,17.0732,-96.7266,27.5,15.61,28.77,16.05,117.2,141.5
Oaxaca,2020-07,17.0732,-96.7266,26.89,14.69,28.2,15.16,99.5,145.98
Oaxaca,2020-08,17.0732,-96.7266,25.27,14.93,27.16,15.36,157.4,126.24
Oaxaca,2020-09,17.0732,-96.7266,24.36,14.97,26.39,15.42,150.0,116.32
Oaxaca,2020-10,17.0732,-96.7266,25.86,12.79,26.44,12.05,50.3,132.69
Oaxaca,2020-11,17.0732,-96.7266,26.21,12.48,25.33,11.08,3.6,124.44
Oaxaca,2020-12,17.0732,-96.7266,26.13,10.78,24.82,9.42,1.5,120.43
Oaxaca,2021-01,17.0732,-96.7266,25.86,11.26,24.51,9.93,3.7,123.15
Oaxaca,2021-02,17.0732,-96.7266,27.91,10.78,26.24,9.06,0.3,143.77
Oaxaca,2021-03,17.0732,-96.7266,30.11,12.77,29.33,11.62,0.5,183.58
Oaxaca,2021-04,17.0732,-96.7266,31.08,15.12,30.39,14.72,2.5,176.26
Oaxaca,2021-05,17.0732,-96.7266,28.09,15.5,29.07,15.99,123.6,150.71
Oaxaca,2021-06,17.0732,-96.7266,23.96,15.64,25.45,16.38,264.1,105.11
Oaxaca,2021-07,17.0732,-96.7266,25.29,13.98,27.52,14.18,104.5,140.88
Oaxaca,2021-08,17.0732,-96.7266,24.83,14.65,27.05,15.03,185.0,127.14
Oaxaca,2021-09,17.0732,-96.7266,24.13,15.33,26.56,15.91,200.9,112.9
Oaxaca,2021-10,17.0732,-96.7266,25.28,13.55,26.91,13.29,77.6,123.01
Oaxaca,2021-11,17.0732,-96.7266,25.47,10.66,24.83,9.32,1.3,122.17
Oaxaca,2021-12,17.0732,-96.7266,26.86,10.5,25.56,8.98,1.1,126.69
Oaxaca,2022-01,17.0732,-96.7266,25.78,10.23,24.48,8.84,7.1,126.93
Oaxaca,2022-02,17.0732,-96.7266,27.22,9.96,25.82,8.39,3.8,135.02
Oaxaca,2022-03,17.0732,-96.7266,29.91,11.93,28.71,10.64,1.0,179.62
Oaxaca,2022-04,17.0732,-96.7266,31.43,15.05,30.68,14.69,8.4,179.78
Oaxaca,2022-05,17.0732,-96.7266,30.64,15.7,30.19,15.55,46.0,174.66
Oaxaca,2022-06,17.0732,-96.7266,24.46,13.75,26.68,13.81,252.4,126.75
Oaxaca,2022-07,17.0732,-96.7266,25.35,13.24,27.88,13.22,194.5,141.31
Oaxaca,2022-08,17.0732,-96.7266,25.06,13.66,27.32,13.73,181.7,135.2
Oaxaca,2022-09,17.0732,-96.7266,23.37,14.57,25.76,14.75,292.8,105.17
Oaxaca,2022-10,17.0732,-96.7266,25.04,13.27,26.36,12.89,54.7,123.68
Oaxaca,2022-11,17.0732,-96.7266,26.88,12.75,27.12,12.22,7.4,121.87
Oaxaca,2022-12,17.0732,-96.7266,25.45,10.16,24.01,8.75,0.4,119.51
Oaxaca,2023-01,17.0732,-96.7266,26.55,10.24,24.89,8.79,0.3,133.35
Oaxaca,2023-02,17.0732,-96.7266,27.58,10.74,26.14,9.24,0.1,138.84
Oaxaca,2023-03,17.0732,-96.7266,30.01,13.03,29.2,12.41,1.6,174.57
Oaxaca,2023-04,17.0732,-96.7266,31.16,15.2,30.61,15.11,21.9,172.38
Oaxaca,2023-05,17.0732,-96.7266,30.83,15.44,30.89,15.29,53.4,168.41
Oaxaca,2023-06,17.0732,-96.7266,30.54,15.55,31.03,16.04,49.1,165.08
Oaxaca,2023-07,17.0732,-96.7266,26.13,14.63,28.35,15.01,185.6,143.66
Oaxaca,2023-08,17.0732,-96.7266,26.48,14.65,28.91,15.04,146.4,145.05
Oaxaca,2023-09,17.0732,-96.7266,26.58,13.98,28.46,14.07,59.0,139.61
Oaxaca,2023-10,17.0732,-96.7266,27.33,14.67,28.13,14.78,75.8,132.82
Oaxaca,2023-11,17.0732,-96.7266,27.65,13.88,27.56,13.32,14.1,124.14
Oaxaca,2023-12,17.0732,-96.7266,25.52,10.83,23.88,9.5,1.7,117.36
Oaxaca,2024-01,17.0732,-96.7266,27.91,11.75,26.26,10.48,0.0,135.29
Oaxaca,2024-02,17.0732,-96.7266,29.78,11.33,27.63,9.44,8.0,153.48
Oaxaca,2024-03,17.0732,-96.7266,32.18,15.09,31.25,14.7,1.9,185.94
Oaxaca,2024-04,17.0732,-96.7266,32.56,16.15,31.95,16.1,21.3,188.08
Oaxaca,2024-05,17.0732,-96.7266,34.8,18.39,34.0,18.9,7.5,202.61
Oaxaca,2024-06,17.0732,-96.7266,28.31,17.07,29.27,17.96,197.5,144.42
Oaxaca,2024-07,17.0732,-96.7266,24.68,14.71,27.4,15.08,197.9,135.91
Oaxaca,2024-08,17.0732,-96.7266,25.38,14.34,28.05,14.54,201.7,137.6
Oaxaca,2024-09,17.0732,-96.7266,24.41,15.35,27.3,16.27,222.0,110.22
Oaxaca,2024-10,17.0732,-96.7266,23.57,13.43,25.53,13.1,169.5,112.18
Oaxaca,2024-11,17.0732,-96.7266,25.76,11.32,26.16,10.08,12.6,122.4
Oaxaca,2024-12,17.0732,-96.7266,24.77,10.69,23.82,9.09,6.8,116.17
Oaxaca,2025-01,17.0732,-96.7266,25.7,11.21,24.82,9.9,0.3,124.36
Oaxaca,2025-02,17.0732,-96.7266,27.74,12.96,27.46,12.05,4.7,127.96
Oaxaca,2025-03,17.0732,-96.7266,30.58,14.65,30.33,14.01,2.7,175.75
Oaxaca,2025-04,17.0732,-96.7266,29.88,13.77,29.26,12.84,8.8,178.93
Oaxaca,2025-05,17.0732,-96.7266,30.04,15.94,30.89,16.51,106.2,163.56
Oaxaca,2025-06,17.0732,-96.7266,23.72,15.3,25.99,16.08,343.2,109.05
Oaxaca,2025-07,17.0732,-96.7266,25.46,13.67,27.59,13.45,55.1,147.83
Oaxaca,2025-08,17.0732,-96.7266,25.3,13.6,27.58,13.52,148.4,140.8
Oaxaca,2025-09,17.0732,-96.7266,24.67,14.51,27.08,14.99,178.6,123.82
Oaxaca,2025-10,17.0732,-96.7266,24.75,13.44,26.13,13.21,131.3,124.94
Oaxaca,2025-11,17.0732,-96.7266,26.24,12.46,25.73,11.41,5.9,122.17
Oaxaca,2025-12,17.0732,-96.7266,25.06,11.73,24.38,10.45,8.1,112.05
Oaxaca,2026-01,17.0732,-96.7266,25.08,9.88,24.02,7.97,0.1,126.49
Oaxaca,2026-02,17.0732,-96.7266,27.52,10.16,26.12,8.27,0.0,142.26
Oaxaca,2026-03,17.0732,-96.7266,27.35,12.38,26.37,11.2,16.8,158.75
Oaxaca,2026-04,17.0732,-96.7266,29.95,14.5,29.62,14.18,19.0,167.45
Oaxaca,2026-05,17.0732,-96.7266,30.79,17.07,31.35,18.1,39.5,178.12
Oaxaca,2026-06,17.0732,-96.7266,25.46,16.24,27.68,17.25,207.1,127.35
Puebla,2020-01,19.0414,-98.2063,21.19,8.33,18.39,5.59,8.5,121.54
Puebla,2020-02,19.0414,-98.2063,23.79,10.34,21.37,7.92,1.6,142.42
Puebla,2020-03,19.0414,-98.2063,26.82,12.15,25.14,10.22,1.7,183.2
Puebla,2020-04,19.0414,-98.2063,27.31,14.04,26.06,12.91,16.2,174.98
Puebla,2020-05,19.0414,-98.2063,26.62,13.42,25.08,12.16,22.4,176.43
Puebla,2020-06,19.0414,-98.2063,24.96,13.54,24.37,12.63,83.4,148.49
Puebla,2020-07,19.0414,-98.2063,23.17,13.22,23.77,12.55,141.5,141.58
Puebla,2020-08,19.0414,-98.2063,22.28,13.16,23.08,12.49,193.6,127.09
Puebla,2020-09,19.0414,-98.2063,20.93,12.91,22.0,12.06,213.3,104.62
Puebla,2020-10,19.0414,-98.2063,23.09,10.48,22.76,7.9,17.6,142.25
Puebla,2020-11,19.0414,-98.2063,23.75,10.45,21.57,7.42,0.8,132.81
Puebla,2020-12,19.0414,-98.2063,21.63,9.81,19.08,7.62,1.1,118.25
Puebla,2021-01,19.0414,-98.2063,21.35,8.95,18.94,6.37,19.6,117.74
Puebla,2021-02,19.0414,-98.2063,23.4,8.82,20.46,5.91,0.2,146.86
Puebla,2021-03,19.0414,-98.2063,26.38,11.33,24.44,9.02,2.4,185.96
Puebla,2021-04,19.0414,-98.2063,27.08,12.59,25.0,10.52,6.6,187.47
Puebla,2021-05,19.0414,-98.2063,24.38,12.86,24.21,12.1,123.4,149.19
Puebla,2021-06,19.0414,-98.2063,20.96,13.31,21.29,12.69,190.9,105.88
Puebla,2021-07,19.0414,-98.2063,22.74,12.78,23.11,11.75,76.0,138.7
Puebla,2021-08,19.0414,-98.2063,22.47,12.73,22.82,11.75,154.1,131.07
Puebla,2021-09,19.0414,-98.2063,21.08,12.98,22.17,12.28,218.7,110.34
Puebla,2021-10,19.0414,-98.2063,22.23,11.95,22.42,10.74,109.6,119.76
Puebla,2021-11,19.0414,-98.2063,21.86,8.86,20.08,6.41,1.8,120.15
Puebla,2021-12,19.0414,-98.2063,22.59,9.36,20.25,6.78,2.4,122.79
Puebla,2022-01,19.0414,-98.2063,20.96,8.3,18.83,5.72,12.2,116.17
Puebla,2022-02,19.0414,-98.2063,22.39,8.88,19.92,6.12,8.8,129.96
Puebla,2022-03,19.0414,-98.2063,25.1,10.45,22.78,7.84,10.4,183.05
Puebla,2022-04,19.0414,-98.2063,25.82,12.24,25.07,10.61,55.3,163.34
Puebla,2022-05,19.0414,-98.2063,27.46,13.18,26.1,11.5,30.4,181.62
Puebla,2022-06,19.0414,-98.2063,23.57,12.08,23.39,10.97,90.7,141.77
Puebla,2022-07,19.0414,-98.2063,24.23,12.53,24.52,11.5,75.3,148.13
Puebla,2022-08,19.0414,-98.2063,22.85,12.42,23.61,11.65,114.5,141.12
Puebla,2022-09,19.0414,-98.2063,21.55,11.69,22.64,10.24,151.1,109.93
Puebla,2022-10,19.0414,-98.2063,22.41,11.61,22.74,10.23,52.5,121.54
Puebla,2022-11,19.0414,-98.2063,23.83,10.74,22.33,9.2,13.0,122.43
Puebla,2022-12,19.0414,-98.2063,21.36,8.45,18.76,5.7,9.9,117.19
Puebla,2023-01,19.0414,-98.2063,22.12,8.4,19.47,5.74,1.0,129.55
Puebla,2023-02,19.0414,-98.2063,24.0,9.51,21.39,6.89,2.5,142.37
Puebla,2023-03,19.0414,-98.2063,25.58,11.29,23.8,9.42,19.2,172.36
Puebla,2023-04,19.0414,-98.2063,26.13,12.54,24.56,11.06,26.0,175.0
Puebla,2023-05,19.0414,-98.2063,25.08,13.08,25.06,11.76,75.4,160.99
Puebla,2023-06,19.0414,-98.2063,26.87,13.74,26.21,12.34,51.1,171.41
Puebla,2023-07,19.0414,-98.2063,24.19,12.6,25.22,11.83,92.3,149.67
Puebla,2023-08,19.0414,-98.2063,23.88,12.49,25.03,11.68,142.8,142.7
Puebla,2023-09,19.0414,-98.2063,25.16,11.98,25.72,10.91,46.7,144.0
Puebla,2023-10,19.0414,-98.2063,23.8,12.0,23.62,10.98,51.9,123.5
Puebla,2023-11,19.0414,-98.2063,23.47,10.23,22.61,8.55,38.7,113.28
Puebla,2023-12,19.0414,-98.2063,20.68,8.17,18.64,5.95,13.3,101.27
Puebla,2024-01,19.0414,-98.2063,22.49,9.04,20.0,6.59,11.8,123.43
Puebla,2024-02,19.0414,-98.2063,25.46,9.4,22.89,6.47,8.2,153.68
Puebla,2024-03,19.0414,-98.2063,27.49,11.86,24.98,9.33,0.2,204.01
Puebla,2024-04,19.0414,-98.2063,28.49,13.37,26.49,11.37,24.3,195.14
Puebla,2024-05,19.0414,-98.2063,30.2,15.55,29.58,14.63,32.6,191.72
Puebla,2024-06,19.0414,-98.2063,27.1,13.65,26.64,12.59,109.8,158.18
Puebla,2024-07,19.0414,-98.2063,22.76,12.87,24.29,12.49,191.7,135.49
Puebla,2024-08,19.0414,-98.2063,23.67,12.28,24.9,11.69,117.3,140.06
Puebla,2024-09,19.0414,-98.2063,21.99,13.16,23.55,13.05,172.5,110.75
Puebla,2024-10,19.0414,-98.2063,21.91,10.27,22.28,8.39,98.1,115.91
Puebla,2024-11,19.0414,-98.2063,23.94,9.55,22.99,7.51,14.5,119.21
Puebla,2024-12,19.0414,-98.2063,22.51,8.18,20.45,6.13,2.1,111.3
Puebla,2025-01,19.0414,-98.2063,21.93,8.93,20.35,7.24,14.6,114.76
Puebla,2025-02,19.0414,-98.2063,23.85,10.05,23.12,8.66,36.9,121.58
Puebla,2025-03,19.0414,-98.2063,26.83,12.1,25.79,10.38,6.4,174.92
Puebla,2025-04,19.0414,-98.2063,27.36,11.9,25.87,9.81,14.9,183.06
Puebla,2025-05,19.0414,-98.2063,26.31,14.14,26.95,13.82,170.2,159.5
Puebla,2025-06,19.0414,-98.2063,21.49,12.88,23.01,12.78,234.4,112.25
Puebla,2025-07,19.0414,-98.2063,23.49,12.03,24.39,11.25,104.3,146.81
Puebla,2025-08,19.0414,-98.2063,23.97,12.41,24.92,12.15,84.4,147.34
Puebla,2025-09,19.0414,-98.2063,22.91,12.22,24.77,12.04,181.2,124.56
Puebla,2025-10,19.0414,-98.2063,22.88,11.22,23.64,10.09,96.7,122.72
Puebla,2025-11,19.0414,-98.2063,23.7,9.52,22.61,7.45,4.3,118.72
Puebla,2025-12,19.0414,-98.2063,21.8,9.13,20.65,7.55,18.3,102.88
Puebla,2026-01,19.0414,-98.2063,22.23,8.3,20.62,6.35,5.4,117.1
Puebla,2026-02,19.0414,-98.2063,25.26,9.17,23.61,6.69,0.6,135.61
Puebla,2026-03,19.0414,-98.2063,23.85,9.59,23.12,7.68,44.3,153.15
Puebla,2026-04,19.0414,-98.2063,25.56,11.78,25.72,10.74,48.3,151.14
Puebla,2026-05,19.0414,-98.2063,25.68,13.43,26.95,13.11,108.4,160.58
Puebla,2026-06,19.0414,-98.2063,22.42,13.56,24.22,13.83,194.8,131.8
Queretaro,2020-01,20.5888,-100.3899,22.57,7.99,19.48,5.68,13.8,113.79
Queretaro,2020-02,20.5888,-100.3899,25.82,8.91,23.48,6.57,14.4,135.28
Queretaro,2020-03,20.5888,-100.3899,29.27,12.29,28.16,10.84,13.2,176.2
Queretaro,2020-04,20.5888,-100.3899,31.54,15.23,29.91,13.78,2.4,200.25
Queretaro,2020-05,20.5888,-100.3899,29.63,13.62,28.46,12.35,31.7,189.42
Queretaro,2020-06,20.5888,-100.3899,27.71,14.01,27.31,13.96,111.0,159.53
Queretaro,2020-07,20.5888,-100.3899,26.98,14.22,27.53,14.34,97.8,157.02
Queretaro,2020-08,20.5888,-100.3899,26.66,14.61,26.6,14.4,59.2,148.59
Queretaro,2020-09,20.5888,-100.3899,25.26,13.48,25.13,13.07,92.5,130.95
Queretaro,2020-10,20.5888,-100.3899,27.0,10.9,25.08,9.18,7.4,161.49
Queretaro,2020-11,20.5888,-100.3899,25.22,9.88,22.69,7.67,0.3,127.08
Queretaro,2020-12,20.5888,-100.3899,24.09,8.6,21.21,6.42,0.6,120.08
Queretaro,2021-01,20.5888,-100.3899,24.19,8.13,21.33,5.89,2.7,123.65
Queretaro,2021-02,20.5888,-100.3899,26.34,8.36,23.13,5.57,0.0,149.29
Queretaro,2021-03,20.5888,-100.3899,29.64,11.22,27.8,8.72,0.0,192.29
Queretaro,2021-04,20.5888,-100.3899,30.49,13.16,28.68,10.86,3.0,199.36
Queretaro,2021-05,20.5888,-100.3899,28.8,13.92,27.84,13.19,53.5,181.01
Queretaro,2021-06,20.5888,-100.3899,25.53,14.12,25.54,14.1,162.3,133.44
Queretaro,2021-07,20.5888,-100.3899,25.67,13.85,25.95,13.72,97.2,145.06
Queretaro,2021-08,20.5888,-100.3899,26.1,14.21,26.17,14.09,112.6,145.26
Queretaro,2021-09,20.5888,-100.3899,23.81,14.12,25.07,14.15,273.8,112.97
Queretaro,2021-10,20.5888,-100.3899,25.14,12.35,24.46,11.58,28.1,128.82
Queretaro,2021-11,20.5888,-100.3899,24.33,9.14,21.89,7.2,1.2,125.38
Queretaro,2021-12,20.5888,-100.3899,24.88,8.47,22.3,6.52,6.5,121.0
Queretaro,2022-01,20.5888,-100.3899,23.47,8.29,20.78,5.93,3.7,120.02
Queretaro,2022-02,20.5888,-100.3899,24.81,7.9,22.57,5.35,0.9,130.11
Queretaro,2022-03,20.5888,-100.3899,28.2,9.79,25.57,7.15,6.0,193.88
Queretaro,2022-04,20.5888,-100.3899,30.25,13.28,28.67,11.58,5.0,194.55
Queretaro,2022-05,20.5888,-100.3899,31.93,14.73,30.61,13.62,3.1,212.29
Queretaro,2022-06,20.5888,-100.3899,28.41,14.07,27.28,13.4,35.7,174.26
Queretaro,2022-07,20.5888,-100.3899,28.08,13.82,28.43,13.68,74.4,167.2
Queretaro,2022-08,20.5888,-100.3899,26.84,13.56,27.55,13.51,89.9,156.89
Queretaro,2022-09,20.5888,-100.3899,25.14,13.16,24.64,12.36,87.7,134.2
Queretaro,2022-10,20.5888,-100.3899,26.07,11.76,24.96,10.57,16.0,136.9
Queretaro,2022-11,20.5888,-100.3899,25.65,10.95,24.06,9.63,15.7,122.54
Queretaro,2022-12,20.5888,-100.3899,23.25,8.13,20.59,5.91,11.8,112.72
Queretaro,2023-01,20.5888,-100.3899,24.23,7.81,21.41,5.51,0.4,127.52
Queretaro,2023-02,20.5888,-100.3899,26.0,8.44,23.61,5.79,3.1,138.22
Queretaro,2023-03,20.5888,-100.3899,28.95,11.66,27.25,9.73,17.7,181.12
Queretaro,2023-04,20.5888,-100.3899,30.3,13.58,28.22,12.04,2.1,194.42
Queretaro,2023-05,20.5888,-100.3899,29.69,14.05,28.75,13.49,27.5,187.17
Queretaro,2023-06,20.5888,-100.3899,33.13,15.78,31.45,15.3,34.3,217.29
Queretaro,2023-07,20.5888,-100.3899,28.73,14.42,28.94,14.42,59.6,180.63
Queretaro,2023-08,20.5888,-100.3899,27.64,14.21,27.99,14.14,106.1,159.5
Queretaro,2023-09,20.5888,-100.3899,29.8,14.0,28.96,13.73,23.0,180.61
Queretaro,2023-10,20.5888,-100.3899,25.98,13.23,25.07,12.26,75.3,131.15
Queretaro,2023-11,20.5888,-100.3899,25.11,9.88,23.41,8.04,17.6,118.25
Queretaro,2023-12,20.5888,-100.3899,20.35,8.23,18.56,6.27,42.1,86.56
Queretaro,2024-01,20.5888,-100.3899,23.89,7.9,20.85,5.67,3.6,117.98
Queretaro,2024-02,20.5888,-100.3899,26.55,8.61,23.97,6.51,15.0,139.24
Queretaro,2024-03,20.5888,-100.3899,30.34,11.42,27.46,8.99,0.0,199.52
Queretaro,2024-04,20.5888,-100.3899,31.56,13.59,29.57,11.69,2.0,200.23
Queretaro,2024-05,20.5888,-100.3899,34.99,17.44,33.59,16.19,4.5,224.53
Queretaro,2024-06,20.5888,-100.3899,29.91,15.8,29.67,15.81,106.7,179.68
Queretaro,2024-07,20.5888,-100.3899,25.66,14.22,27.12,14.35,202.7,142.46
Queretaro,2024-08,20.5888,-100.3899,27.02,13.99,27.57,13.79,80.0,158.91
Queretaro,2024-09,20.5888,-100.3899,26.12,14.43,26.94,14.35,125.4,131.47
Queretaro,2024-10,20.5888,-100.3899,25.36,11.45,23.54,9.93,9.5,140.38
Queretaro,2024-11,20.5888,-100.3899,27.32,10.45,25.26,9.08,1.3,132.38
Queretaro,2024-12,20.5888,-100.3899,23.99,8.39,21.53,6.48,10.7,114.76
Queretaro,2025-01,20.5888,-100.3899,24.3,8.31,21.58,6.38,5.8,119.38
Queretaro,2025-02,20.5888,-100.3899,26.64,10.41,25.03,8.86,9.8,132.37
Queretaro,2025-03,20.5888,-100.3899,29.3,11.4,26.54,9.25,0.2,195.59
Queretaro,2025-04,20.5888,-100.3899,30.48,12.64,28.34,10.67,0.0,206.38
Queretaro,2025-05,20.5888,-100.3899,31.12,16.2,30.28,15.81,67.6,193.07
Queretaro,2025-06,20.5888,-100.3899,25.63,14.87,26.9,15.15,168.6,132.15
Queretaro,2025-07,20.5888,-100.3899,24.65,13.59,26.86,13.6,121.0,141.11
Queretaro,2025-08,20.5888,-100.3899,26.24,13.82,27.32,13.84,117.6,152.94
Queretaro,2025-09,20.5888,-100.3899,26.05,14.41,26.97,14.61,134.5,134.37
Queretaro,2025-10,20.5888,-100.3899,25.58,12.16,24.89,11.35,82.8,131.17
Queretaro,2025-11,20.5888,-100.3899,25.15,9.51,23.06,7.77,0.4,124.66
Queretaro,2025-12,20.5888,-100.3899,23.15,9.6,21.14,8.11,3.3,104.59
Queretaro,2026-01,20.5888,-100.3899,23.07,7.54,20.98,5.24,7.2,114.96
Queretaro,2026-02,20.5888,-100.3899,26.46,8.2,24.37,5.74,0.3,138.75
Queretaro,2026-03,20.5888,-100.3899,26.54,9.77,25.15,8.13,18.9,168.16
Queretaro,2026-04,20.5888,-100.3899,29.57,13.29,29.09,12.62,29.1,174.95
Queretaro,2026-05,20.5888,-100.3899,30.83,15.71,30.54,15.42,43.6,190.68
Queretaro,2026-06,20.5888,-100.3899,25.73,15.3,27.09,15.78,164.6,135.42
Quintana Roo,2020-01,18.5141,-88.3038,27.47,22.05,30.12,24.18,57.9,103.31
Quintana Roo,2020-02,18.5141,-88.3038,28.77,23.08,31.17,25.11,24.0,124.04
Quintana Roo,2020-03,18.5141,-88.3038,29.28,23.99,31.79,26.22,19.0,153.94
Quintana Roo,2020-04,18.5141,-88.3038,31.14,26.19,35.02,29.52,4.9,170.06
Quintana Roo,2020-05,18.5141,-88.3038,30.54,25.95,35.54,30.26,147.0,140.2
Quintana Roo,2020-06,18.5141,-88.3038,29.71,25.72,34.94,29.79,267.7,123.12
Quintana Roo,2020-07,18.5141,-88.3038,31.12,26.54,36.3,31.01,58.0,155.37
Quintana Roo,2020-08,18.5141,-88.3038,31.17,26.06,37.05,30.9,136.9,143.08
Quintana Roo,2020-09,18.5141,-88.3038,30.7,25.52,37.19,30.43,142.9,128.53
Quintana Roo,2020-10,18.5141,-88.3038,29.89,24.36,35.16,28.66,167.5,106.97
Quintana Roo,2020-11,18.5141,-88.3038,27.93,23.0,32.01,25.91,220.2,80.78
Quintana Roo,2020-12,18.5141,-88.3038,26.3,21.28,29.27,23.39,78.7,86.87
Quintana Roo,2021-01,18.5141,-88.3038,26.57,21.58,29.6,23.65,107.7,91.56
Quintana Roo,2021-02,18.5141,-88.3038,27.76,22.22,30.6,24.41,35.0,106.41
Quintana Roo,2021-03,18.5141,-88.3038,28.71,23.63,31.36,25.89,41.1,143.95
Quintana Roo,2021-04,18.5141,-88.3038,30.47,25.13,33.7,28.0,17.6,160.95
Quintana Roo,2021-05,18.5141,-88.3038,30.43,25.97,34.08,29.56,73.3,157.37
Quintana Roo,2021-06,18.5141,-88.3038,29.76,25.87,34.15,29.85,245.5,129.0
Quintana Roo,2021-07,18.5141,-88.3038,30.28,25.72,35.36,29.9,107.6,147.43
Quintana Roo,2021-08,18.5141,-88.3038,30.55,25.86,35.86,30.2,98.4,149.11
Quintana Roo,2021-09,18.5141,-88.3038,29.94,25.77,35.53,30.27,178.8,124.61
Quintana Roo,2021-10,18.5141,-88.3038,29.96,24.77,35.44,29.15,119.8,119.84
Quintana Roo,2021-11,18.5141,-88.3038,28.15,21.6,31.84,23.98,77.4,102.54
Quintana Roo,2021-12,18.5141,-88.3038,28.24,22.72,31.39,25.58,40.6,107.16
Quintana Roo,2022-01,18.5141,-88.3038,26.76,21.12,29.64,22.83,69.9,99.9
Quintana Roo,2022-02,18.5141,-88.3038,27.86,22.11,30.5,24.19,59.4,108.08
Quintana Roo,2022-03,18.5141,-88.3038,29.8,23.58,32.18,25.46,20.8,159.45
Quintana Roo,2022-04,18.5141,-88.3038,30.46,24.56,33.73,27.41,68.2,162.17
Quintana Roo,2022-05,18.5141,-88.3038,30.75,25.39,34.5,28.83,176.1,161.34
Quintana Roo,2022-06,18.5141,-88.3038,29.67,24.81,34.5,28.55,176.5,140.13
Quintana Roo,2022-07,18.5141,-88.3038,30.44,25.76,35.09,29.4,110.1,155.07
Quintana Roo,2022-08,18.5141,-88.3038,29.7,25.18,35.2,29.35,228.1,134.28
Quintana Roo,2022-09,18.5141,-88.3038,29.68,24.23,35.46,28.57,304.4,115.63
Quintana Roo,2022-10,18.5141,-88.3038,29.46,23.81,34.23,27.11,96.9,124.86
Quintana Roo,2022-11,18.5141,-88.3038,28.47,23.47,32.92,26.97,166.1,97.96
Quintana Roo,2022-12,18.5141,-88.3038,27.39,22.65,30.5,25.2,80.6,99.13
Quintana Roo,2023-01,18.5141,-88.3038,27.92,22.79,30.4,24.82,44.2,118.26
Quintana Roo,2023-02,18.5141,-88.3038,28.49,23.11,30.77,24.94,38.8,125.23
Quintana Roo,2023-03,18.5141,-88.3038,29.72,24.15,32.56,26.31,37.2,160.2
Quintana Roo,2023-04,18.5141,-88.3038,30.68,25.01,34.11,27.76,16.8,168.8
Quintana Roo,2023-05,18.5141,-88.3038,31.41,25.04,36.27,28.84,73.8,163.98
Quintana Roo,2023-06,18.5141,-88.3038,31.75,26.12,37.59,30.38,148.8,160.17
Quintana Roo,2023-07,18.5141,-88.3038,31.77,25.9,37.19,30.54,194.2,153.11
Quintana Roo,2023-08,18.5141,-88.3038,32.81,25.65,38.37,30.54,140.6,156.74
Quintana Roo,2023-09,18.5141,-88.3038,32.04,24.65,38.47,29.57,144.6,135.77
Quintana Roo,2023-10,18.5141,-88.3038,32.01,24.24,37.34,28.35,82.1,137.5
Quintana Roo,2023-11,18.5141,-88.3038,29.04,23.04,33.2,26.48,167.8,95.23
Quintana Roo,2023-12,18.5141,-88.3038,27.36,21.47,30.4,23.59,98.8,92.7
Quintana Roo,2024-01,18.5141,-88.3038,28.35,22.44,31.72,25.25,85.8,106.15
Quintana Roo,2024-02,18.5141,-88.3038,28.42,21.06,30.86,22.56,14.8,123.4
Quintana Roo,2024-03,18.5141,-88.3038,31.32,24.89,35.03,27.91,13.6,161.44
Quintana Roo,2024-04,18.5141,-88.3038,32.1,25.5,35.65,28.54,20.6,170.82
Quintana Roo,2024-05,18.5141,-88.3038,32.99,27.61,37.25,31.65,6.3,189.78
Quintana Roo,2024-06,18.5141,-88.3038,31.11,25.47,36.99,30.4,505.0,121.2
Quintana Roo,2024-07,18.5141,-88.3038,30.84,25.41,36.75,29.9,216.3,137.8
Quintana Roo,2024-08,18.5141,-88.3038,31.34,24.92,37.98,30.12,187.8,139.93
Quintana Roo,2024-09,18.5141,-88.3038,31.87,25.83,38.3,30.88,105.2,136.69
Quintana Roo,2024-10,18.5141,-88.3038,29.73,23.47,34.9,27.25,333.5,100.06
Quintana Roo,2024-11,18.5141,-88.3038,29.62,22.45,34.1,25.83,159.6,101.61
Quintana Roo,2024-12,18.5141,-88.3038,28.52,20.94,31.29,23.17,66.7,97.85
Quintana Roo,2025-01,18.5141,-88.3038,27.71,21.32,30.78,23.75,87.8,97.15
Quintana Roo,2025-02,18.5141,-88.3038,29.47,22.93,32.67,25.99,46.8,117.54
Quintana Roo,2025-03,18.5141,-88.3038,31.07,23.88,34.18,26.66,25.3,163.25
Quintana Roo,2025-04,18.5141,-88.3038,30.9,23.68,33.88,26.07,43.0,167.62
Quintana Roo,2025-05,18.5141,-88.3038,32.26,26.38,36.39,30.35,37.0,182.45
Quintana Roo,2025-06,18.5141,-88.3038,30.53,25.43,35.18,29.5,300.0,138.06
Quintana Roo,2025-07,18.5141,-88.3038,31.61,25.37,36.63,29.87,125.4,155.05
Quintana Roo,2025-08,18.5141,-88.3038,31.9,25.31,37.58,30.12,122.5,151.56
Quintana Roo,2025-09,18.5141,-88.3038,31.37,24.8,37.24,29.77,193.5,127.4
Quintana Roo,2025-10,18.5141,-88.3038,31.41,23.51,36.58,27.46,240.2,123.65
Quintana Roo,2025-11,18.5141,-88.3038,28.8,21.73,32.82,24.47,96.4,99.42
Quintana Roo,2025-12,18.5141,-88.3038,28.46,22.21,32.04,25.34,90.2,93.78
Quintana Roo,2026-01,18.5141,-88.3038,27.07,19.5,29.51,20.98,57.3,100.87
Quintana Roo,2026-02,18.5141,-88.3038,27.16,18.99,29.32,20.1,18.0,113.23
Quintana Roo,2026-03,18.5141,-88.3038,28.9,22.05,32.03,24.62,76.4,135.6
Quintana Roo,2026-04,18.5141,-88.3038,30.4,23.7,34.39,27.16,51.1,153.97
Quintana Roo,2026-05,18.5141,-88.3038,31.66,25.94,36.2,29.97,138.3,167.04
Quintana Roo,2026-06,18.5141,-88.3038,31.05,26.11,35.78,30.17,156.3,157.65
San Luis Potosi,2020-01,22.1565,-100.9855,20.72,7.84,17.39,5.5,19.6,101.38
San Luis Potosi,2020-02,22.1565,-100.9855,23.42,8.19,20.69,5.55,14.5,122.93
San Luis Potosi,2020-03,22.1565,-100.9855,27.67,12.33,26.08,10.84,5.2,168.29
San Luis Potosi,2020-04,22.1565,-100.9855,31.13,15.01,29.17,13.73,7.6,198.92
San Luis Potosi,2020-05,22.1565,-100.9855,29.03,13.98,27.58,12.99,36.0,186.86
San Luis Potosi,2020-06,22.1565,-100.9855,27.32,14.59,26.95,14.84,90.6,162.84
San Luis Potosi,2020-07,22.1565,-100.9855,26.81,15.05,26.95,15.48,99.5,163.46
San Luis Potosi,2020-08,22.1565,-100.9855,24.87,14.27,24.83,14.58,51.2,142.88
San Luis Potosi,2020-09,22.1565,-100.9855,24.27,13.53,24.04,13.35,61.1,125.8
San Luis Potosi,2020-10,22.1565,-100.9855,25.74,11.17,23.88,9.79,4.0,146.69
San Luis Potosi,2020-11,22.1565,-100.9855,23.41,9.54,21.02,7.99,4.3,111.32
San Luis Potosi,2020-12,22.1565,-100.9855,22.02,7.31,18.79,4.7,5.1,108.12
San Luis Potosi,2021-01,22.1565,-100.9855,22.36,7.05,19.05,4.36,8.7,114.93
San Luis Potosi,2021-02,22.1565,-100.9855,25.6,8.65,22.2,5.59,0.4,145.86
San Luis Potosi,2021-03,22.1565,-100.9855,27.75,10.45,25.32,7.73,2.9,185.99
San Luis Potosi,2021-04,22.1565,-100.9855,29.9,13.22,27.56,11.07,12.9,199.0
San Luis Potosi,2021-05,22.1565,-100.9855,27.38,14.02,26.41,13.36,58.4,175.26
San Luis Potosi,2021-06,22.1565,-100.9855,24.95,14.59,24.64,14.85,83.7,138.5
San Luis Potosi,2021-07,22.1565,-100.9855,24.14,14.17,24.37,14.43,142.3,138.79
San Luis Potosi,2021-08,22.1565,-100.9855,25.8,14.63,25.23,15.09,68.9,153.32
San Luis Potosi,2021-09,22.1565,-100.9855,23.77,13.97,24.02,14.23,86.5,115.43
San Luis Potosi,2021-10,22.1565,-100.9855,24.48,12.48,23.59,11.74,39.9,123.89
San Luis Potosi,2021-11,22.1565,-100.9855,22.57,9.02,20.08,7.16,3.5,108.94
San Luis Potosi,2021-12,22.1565,-100.9855,24.11,8.86,21.23,6.31,3.5,116.91
San Luis Potosi,2022-01,22.1565,-100.9855,21.98,7.44,18.98,4.69,3.7,111.98
San Luis Potosi,2022-02,22.1565,-100.9855,22.23,6.95,19.83,4.46,16.4,116.53
San Luis Potosi,2022-03,22.1565,-100.9855,27.24,9.01,24.03,5.85,1.4,192.41
San Luis Potosi,2022-04,22.1565,-100.9855,29.34,13.0,27.36,11.48,16.7,190.91
San Luis Potosi,2022-05,22.1565,-100.9855,31.51,15.01,29.88,14.12,9.8,212.2
San Luis Potosi,2022-06,22.1565,-100.9855,26.89,14.39,25.68,14.22,23.1,169.67
San Luis Potosi,2022-07,22.1565,-100.9855,27.92,14.69,27.34,15.12,21.0,178.89
San Luis Potosi,2022-08,22.1565,-100.9855,27.22,14.55,27.02,15.03,36.2,167.78
San Luis Potosi,2022-09,22.1565,-100.9855,23.34,13.34,22.71,13.02,88.1,124.31
San Luis Potosi,2022-10,22.1565,-100.9855,24.38,11.17,22.98,10.02,34.1,124.03
San Luis Potosi,2022-11,22.1565,-100.9855,24.34,10.11,22.31,8.4,18.7,115.14
San Luis Potosi,2022-12,22.1565,-100.9855,21.61,7.58,18.74,5.39,5.1,103.72
San Luis Potosi,2023-01,22.1565,-100.9855,23.13,7.61,19.71,4.72,0.7,125.22
San Luis Potosi,2023-02,22.1565,-100.9855,24.67,8.43,21.86,5.52,0.6,132.87
San Luis Potosi,2023-03,22.1565,-100.9855,28.55,11.02,26.07,8.52,5.4,183.63
San Luis Potosi,2023-04,22.1565,-100.9855,28.63,13.23,26.42,11.39,19.0,186.07
San Luis Potosi,2023-05,22.1565,-100.9855,28.79,13.72,27.94,13.08,80.9,181.78
San Luis Potosi,2023-06,22.1565,-100.9855,32.13,15.76,30.62,15.67,7.7,208.44
San Luis Potosi,2023-07,22.1565,-100.9855,28.44,15.05,27.91,15.68,26.2,185.44
San Luis Potosi,2023-08,22.1565,-100.9855,28.12,15.25,27.32,15.67,33.8,176.56
San Luis Potosi,2023-09,22.1565,-100.9855,28.75,14.35,27.78,14.47,1.4,175.28
San Luis Potosi,2023-10,22.1565,-100.9855,24.75,12.9,23.67,12.29,36.4,121.4
San Luis Potosi,2023-11,22.1565,-100.9855,22.93,9.77,20.76,8.07,16.7,102.09
San Luis Potosi,2023-12,22.1565,-100.9855,17.95,7.8,15.75,5.98,40.7,69.92
San Luis Potosi,2024-01,22.1565,-100.9855,22.56,7.84,18.95,5.22,0.7,116.92
San Luis Potosi,2024-02,22.1565,-100.9855,24.3,9.44,21.56,6.61,31.5,131.69
San Luis Potosi,2024-03,22.1565,-100.9855,28.84,11.14,25.22,8.15,0.0,201.57
San Luis Potosi,2024-04,22.1565,-100.9855,30.21,13.42,27.83,11.84,8.1,200.04
San Luis Potosi,2024-05,22.1565,-100.9855,34.84,17.69,32.98,16.8,7.8,232.23
San Luis Potosi,2024-06,22.1565,-100.9855,29.05,16.44,28.68,16.81,110.4,173.72
San Luis Potosi,2024-07,22.1565,-100.9855,24.14,14.79,25.35,15.34,184.1,136.38
San Luis Potosi,2024-08,22.1565,-100.9855,26.17,14.3,26.17,14.78,20.0,158.8
San Luis Potosi,2024-09,22.1565,-100.9855,25.2,14.98,25.96,15.73,108.1,123.93
San Luis Potosi,2024-10,22.1565,-100.9855,23.53,11.15,22.15,10.24,27.5,123.45
San Luis Potosi,2024-11,22.1565,-100.9855,25.86,10.69,24.28,9.65,2.1,117.32
San Luis Potosi,2024-12,22.1565,-100.9855,22.1,8.45,20.32,6.95,11.3,96.71
San Luis Potosi,2025-01,22.1565,-100.9855,22.07,7.56,19.54,5.58,6.1,105.14
San Luis Potosi,2025-02,22.1565,-100.9855,25.69,9.49,23.61,7.77,5.2,126.2
San Luis Potosi,2025-03,22.1565,-100.9855,28.25,10.96,25.62,8.46,0.8,192.35
San Luis Potosi,2025-04,22.1565,-100.9855,29.21,12.3,27.31,11.17,1.2,193.47
San Luis Potosi,2025-05,22.1565,-100.9855,31.07,16.0,30.45,15.72,40.2,189.77
San Luis Potosi,2025-06,22.1565,-100.9855,24.85,14.87,25.79,15.77,119.5,134.39
San Luis Potosi,2025-07,22.1565,-100.9855,24.17,13.91,25.37,14.56,87.6,141.06
San Luis Potosi,2025-08,22.1565,-100.9855,26.86,14.46,27.31,15.13,60.4,162.17
San Luis Potosi,2025-09,22.1565,-100.9855,25.59,14.82,26.25,15.75,74.7,133.25
San Luis Potosi,2025-10,22.1565,-100.9855,24.64,12.42,23.99,12.15,26.6,123.87
San Luis Potosi,2025-11,22.1565,-100.9855,24.23,9.49,22.25,7.74,1.6,113.83
San Luis Potosi,2025-12,22.1565,-100.9855,21.65,9.12,19.65,7.92,6.6,91.03
San Luis Potosi,2026-01,22.1565,-100.9855,20.7,6.96,18.28,4.74,17.6,101.56
San Luis Potosi,2026-02,22.1565,-100.9855,24.86,7.81,22.6,5.42,2.4,128.43
San Luis Potosi,2026-03,22.1565,-100.9855,25.14,9.7,23.62,8.37,12.2,155.82
San Luis Potosi,2026-04,22.1565,-100.9855,28.75,13.05,27.96,12.5,45.0,166.36
San Luis Potosi,2026-05,22.1565,-100.9855,29.38,15.2,29.23,15.19,50.6,177.15
San Luis Potosi,2026-06,22.1565,-100.9855,25.43,15.96,26.63,16.89,157.2,139.76
Sinaloa,2020-01,24.8091,-107.394,27.96,13.41,27.25,12.85,17.1,101.7
Sinaloa,2020-02,24.8091,-107.394,27.02,13.5,27.34,12.8,47.9,107.18
Sinaloa,2020-03,24.8091,-107.394,31.57,15.71,31.58,15.48,3.2,154.57
Sinaloa,2020-04,24.8091,-107.394,34.37,16.46,34.29,16.61,0.0,188.1
Sinaloa,2020-05,24.8091,-107.394,35.33,19.48,36.67,21.16,0.0,206.82
Sinaloa,2020-06,24.8091,-107.394,36.26,23.92,39.59,27.19,11.6,188.51
Sinaloa,2020-07,24.8091,-107.394,34.99,25.17,39.65,29.9,112.1,152.58
Sinaloa,2020-08,24.8091,-107.394,35.44,25.55,40.95,30.73,89.0,152.59
Sinaloa,2020-09,24.8091,-107.394,32.94,24.54,38.82,29.62,160.4,124.36
Sinaloa,2020-10,24.8091,-107.394,36.46,23.37,38.9,26.99,0.7,148.95
Sinaloa,2020-11,24.8091,-107.394,34.55,18.94,34.0,19.06,1.5,135.34
Sinaloa,2020-12,24.8091,-107.394,28.7,13.38,27.45,12.4,1.9,108.97
Sinaloa,2021-01,24.8091,-107.394,28.03,12.11,26.86,10.73,8.9,111.05
Sinaloa,2021-02,24.8091,-107.394,29.59,13.16,28.64,12.77,1.3,118.65
Sinaloa,2021-03,24.8091,-107.394,33.67,12.83,31.69,11.5,0.0,185.36
Sinaloa,2021-04,24.8091,-107.394,34.47,16.68,34.07,16.62,0.0,194.92
Sinaloa,2021-05,24.8091,-107.394,36.07,20.15,37.37,21.66,0.0,213.51
Sinaloa,2021-06,24.8091,-107.394,36.13,24.4,39.3,28.27,62.1,178.15
Sinaloa,2021-07,24.8091,-107.394,33.95,24.58,39.41,29.59,144.7,148.58
Sinaloa,2021-08,24.8091,-107.394,32.62,24.72,38.92,29.85,312.6,128.63
Sinaloa,2021-09,24.8091,-107.394,31.62,24.04,37.67,28.91,155.5,117.29
Sinaloa,2021-10,24.8091,-107.394,33.75,22.7,37.8,26.62,41.4,130.86
Sinaloa,2021-11,24.8091,-107.394,33.22,18.63,33.57,19.59,4.2,118.78
Sinaloa,2021-12,24.8091,-107.394,30.3,15.16,29.59,14.75,26.8,103.29
Sinaloa,2022-01,24.8091,-107.394,28.37,13.44,28.26,12.96,1.3,106.7
Sinaloa,2022-02,24.8091,-107.394,29.76,12.74,28.67,11.41,3.6,125.71
Sinaloa,2022-03,24.8091,-107.394,32.66,12.47,31.07,10.98,0.0,181.33
Sinaloa,2022-04,24.8091,-107.394,33.86,16.5,34.28,17.12,0.4,185.68
Sinaloa,2022-05,24.8091,-107.394,35.01,19.11,36.69,20.82,0.0,203.48
Sinaloa,2022-06,24.8091,-107.394,35.3,23.39,38.86,26.77,30.1,177.31
Sinaloa,2022-07,24.8091,-107.394,34.53,24.7,39.97,29.44,153.1,150.71
Sinaloa,2022-08,24.8091,-107.394,31.81,23.92,38.18,28.69,386.9,124.24
Sinaloa,2022-09,24.8091,-107.394,32.14,24.13,38.54,28.86,150.5,125.1
Sinaloa,2022-10,24.8091,-107.394,33.3,20.93,35.93,23.31,21.5,142.72
Sinaloa,2022-11,24.8091,-107.394,30.71,15.13,30.42,14.92,0.0,120.91
Sinaloa,2022-12,24.8091,-107.394,29.97,13.91,28.72,13.01,1.3,112.56
Sinaloa,2023-01,24.8091,-107.394,29.06,12.78,27.56,11.66,2.0,116.6
Sinaloa,2023-02,24.8091,-107.394,29.56,12.62,28.17,11.62,9.6,120.44
Sinaloa,2023-03,24.8091,-107.394,32.19,13.73,31.24,13.06,0.2,169.58
Sinaloa,2023-04,24.8091,-107.394,34.95,15.85,34.03,15.42,0.4,196.23
Sinaloa,2023-05,24.8091,-107.394,36.48,19.01,35.98,19.23,0.1,215.81
Sinaloa,2023-06,24.8091,-107.394,37.05,23.18,40.02,26.29,3.2,200.3
Sinaloa,2023-07,24.8091,-107.394,35.94,25.7,41.73,31.03,112.9,157.3
Sinaloa,2023-08,24.8091,-107.394,35.96,25.58,41.46,31.02,91.8,155.67
Sinaloa,2023-09,24.8091,-107.394,35.37,25.38,41.28,30.7,106.9,141.0
Sinaloa,2023-10,24.8091,-107.394,32.86,22.88,36.15,26.08,162.6,120.75
Sinaloa,2023-11,24.8091,-107.394,32.62,19.21,33.57,20.17,14.4,120.2
Sinaloa,2023-12,24.8091,-107.394,31.55,15.4,30.18,14.54,0.6,118.75
Sinaloa,2024-01,24.8091,-107.394,28.8,12.78,27.41,11.74,3.0,113.79
Sinaloa,2024-02,24.8091,-107.394,29.65,13.87,28.68,13.36,6.2,121.37
Sinaloa,2024-03,24.8091,-107.394,31.83,13.91,30.54,13.25,1.0,167.86
Sinaloa,2024-04,24.8091,-107.394,35.21,16.44,33.96,15.63,0.2,199.46
Sinaloa,2024-05,24.8091,-107.394,37.95,19.53,37.93,20.28,0.0,223.3
Sinaloa,2024-06,24.8091,-107.394,36.74,23.94,40.38,28.02,14.7,174.93
Sinaloa,2024-07,24.8091,-107.394,35.86,24.73,41.29,29.45,184.0,165.1
Sinaloa,2024-08,24.8091,-107.394,33.98,25.05,40.15,30.43,186.9,136.83
Sinaloa,2024-09,24.8091,-107.394,34.62,24.46,39.69,29.16,115.1,144.11
Sinaloa,2024-10,24.8091,-107.394,37.99,23.77,40.0,27.49,4.7,156.46
Sinaloa,2024-11,24.8091,-107.394,32.67,17.67,31.92,18.02,1.2,127.79
Sinaloa,2024-12,24.8091,-107.394,29.66,15.33,28.64,14.9,0.0,106.97
Sinaloa,2025-01,24.8091,-107.394,27.18,13.17,25.93,12.08,20.2,110.78
Sinaloa,2025-02,24.8091,-107.394,31.46,14.6,30.15,13.65,1.1,131.71
Sinaloa,2025-03,24.8091,-107.394,32.3,14.92,30.86,14.12,0.0,179.14
Sinaloa,2025-04,24.8091,-107.394,34.29,18.12,33.85,18.09,0.0,196.64
Sinaloa,2025-05,24.8091,-107.394,36.98,20.93,36.96,21.81,2.6,217.96
Sinaloa,2025-06,24.8091,-107.394,36.08,25.06,40.14,29.41,48.5,175.04
Sinaloa,2025-07,24.8091,-107.394,33.63,24.55,39.39,29.56,229.9,157.21
Sinaloa,2025-08,24.8091,-107.394,33.29,24.89,39.67,30.05,140.8,138.66
Sinaloa,2025-09,24.8091,-107.394,32.81,24.9,39.09,30.18,142.5,121.61
Sinaloa,2025-10,24.8091,-107.394,33.83,23.89,37.64,28.33,65.5,133.42
Sinaloa,2025-11,24.8091,-107.394,33.61,20.09,33.49,21.05,0.5,128.02
Sinaloa,2025-12,24.8091,-107.394,30.19,17.71,30.55,17.88,14.4,100.71
Sinaloa,2026-01,24.8091,-107.394,29.38,16.41,29.2,16.21,20.2,111.66
Sinaloa,2026-02,24.8091,-107.394,31.06,16.34,31.11,16.75,1.1,122.23
Sinaloa,2026-03,24.8091,-107.394,32.77,18.83,34.23,20.57,3.0,159.6
Sinaloa,2026-04,24.8091,-107.394,35.87,20.47,36.12,22.01,0.0,193.69
Sinaloa,2026-05,24.8091,-107.394,36.78,22.53,37.56,24.04,10.0,215.47
Sinaloa,2026-06,24.8091,-107.394,35.66,24.92,39.73,29.09,77.9,179.16
Sonora,2020-01,29.073,-110.9559,22.96,9.2,20.8,6.46,6.3,94.66
Sonora,2020-02,29.073,-110.9559,24.78,10.74,21.97,7.32,9.0,121.81
Sonora,2020-03,29.073,-110.9559,24.2,11.87,22.97,9.87,77.1,131.64
Sonora,2020-04,29.073,-110.9559,31.77,15.56,29.5,13.54,0.0,211.17
Sonora,2020-05,29.073,-110.9559,36.73,20.68,35.51,20.11,0.8,254.55
Sonora,2020-06,29.073,-110.9559,39.42,24.69,38.59,25.07,0.3,263.66
Sonora,2020-07,29.073,-110.9559,39.48,27.99,42.03,31.1,7.4,230.98
Sonora,2020-08,29.073,-110.9559,40.11,28.71,43.31,32.16,31.0,222.29
Sonora,2020-09,29.073,-110.9559,38.79,25.95,40.01,28.46,20.5,195.18
Sonora,2020-10,29.073,-110.9559,35.91,20.95,34.58,20.41,0.1,181.16
Sonora,2020-11,29.073,-110.9559,30.63,15.59,27.78,12.56,0.2,145.87
Sonora,2020-12,29.073,-110.9559,23.49,9.8,20.01,5.82,9.3,115.6
Sonora,2021-01,29.073,-110.9559,22.8,9.18,19.7,5.59,24.2,106.53
Sonora,2021-02,29.073,-110.9559,25.82,10.2,22.49,6.82,0.0,127.02
Sonora,2021-03,29.073,-110.9559,27.79,12.32,24.36,8.96,0.3,189.19
Sonora,2021-04,29.073,-110.9559,32.79,17.07,30.02,14.61,0.1,231.05
Sonora,2021-05,29.073,-110.9559,35.3,19.11,33.21,17.93,0.0,257.38
Sonora,2021-06,29.073,-110.9559,39.54,25.3,39.48,25.96,1.7,257.6
Sonora,2021-07,29.073,-110.9559,36.52,26.66,40.46,30.6,69.4,183.25
Sonora,2021-08,29.073,-110.9559,36.79,26.51,40.89,30.5,110.7,186.4
Sonora,2021-09,29.073,-110.9559,34.7,24.79,37.91,28.66,38.5,149.45
Sonora,2021-10,29.073,-110.9559,33.29,18.8,32.03,17.31,0.0,175.13
Sonora,2021-11,29.073,-110.9559,30.84,15.88,28.71,12.76,4.5,137.25
Sonora,2021-12,29.073,-110.9559,23.96,11.62,21.58,9.47,29.9,91.05
Sonora,2022-01,29.073,-110.9559,23.52,10.26,21.3,7.33,3.6,100.42
Sonora,2022-02,29.073,-110.9559,25.19,9.56,21.76,5.48,0.0,135.93
Sonora,2022-03,29.073,-110.9559,28.89,12.09,25.64,8.57,0.0,194.48
Sonora,2022-04,29.073,-110.9559,33.37,16.62,31.06,14.4,0.0,223.33
Sonora,2022-05,29.073,-110.9559,36.05,19.31,34.1,18.21,0.0,257.7
Sonora,2022-06,29.073,-110.9559,38.95,25.21,39.97,27.14,10.1,239.19
Sonora,2022-07,29.073,-110.9559,38.13,26.98,41.1,30.64,80.7,206.29
Sonora,2022-08,29.073,-110.9559,34.24,25.18,39.36,29.68,176.7,156.38
Sonora,2022-09,29.073,-110.9559,34.86,24.44,37.85,27.67,42.9,155.13
Sonora,2022-10,29.073,-110.9559,31.92,19.02,31.56,18.49,4.0,153.61
Sonora,2022-11,29.073,-110.9559,25.59,11.72,22.69,8.46,0.0,122.72
Sonora,2022-12,29.073,-110.9559,23.48,10.57,20.62,7.74,9.3,97.67
Sonora,2023-01,29.073,-110.9559,22.03,8.15,18.75,4.88,5.4,101.33
Sonora,2023-02,29.073,-110.9559,22.29,9.66,19.35,6.29,39.8,105.54
Sonora,2023-03,29.073,-110.9559,27.01,12.45,24.16,9.52,2.2,171.2
Sonora,2023-04,29.073,-110.9559,32.07,14.52,29.37,11.74,0.0,222.69
Sonora,2023-05,29.073,-110.9559,33.85,18.05,32.02,17.01,0.1,240.91
Sonora,2023-06,29.073,-110.9559,38.63,23.1,36.73,22.2,0.0,261.03
Sonora,2023-07,29.073,-110.9559,41.25,28.3,43.96,31.37,5.5,243.67
Sonora,2023-08,29.073,-110.9559,40.29,27.73,42.55,30.68,11.4,220.14
Sonora,2023-09,29.073,-110.9559,39.51,25.27,40.18,27.11,10.0,211.72
Sonora,2023-10,29.073,-110.9559,35.14,21.47,34.66,20.75,1.0,176.66
Sonora,2023-11,29.073,-110.9559,29.48,16.02,27.32,13.27,1.6,138.56
Sonora,2023-12,29.073,-110.9559,26.16,11.11,22.76,7.33,1.5,117.18
Sonora,2024-01,29.073,-110.9559,22.99,9.17,19.96,5.74,47.8,107.08
Sonora,2024-02,29.073,-110.9559,24.86,10.48,22.37,7.72,7.6,116.52
Sonora,2024-03,29.073,-110.9559,26.48,12.19,23.82,9.53,12.0,164.32
Sonora,2024-04,29.073,-110.9559,30.98,14.72,28.43,11.95,3.4,214.64
Sonora,2024-05,29.073,-110.9559,35.69,18.2,33.29,15.39,0.0,264.52
Sonora,2024-06,29.073,-110.9559,39.77,24.35,39.66,24.69,12.8,253.58
Sonora,2024-07,29.073,-110.9559,39.98,27.91,42.93,30.79,35.9,227.74
Sonora,2024-08,29.073,-110.9559,39.4,27.37,43.04,31.18,20.0,204.93
Sonora,2024-09,29.073,-110.9559,39.36,25.4,39.96,27.39,8.0,204.29
Sonora,2024-10,29.073,-110.9559,36.91,21.8,35.98,21.65,0.1,184.67
Sonora,2024-11,29.073,-110.9559,26.79,12.6,23.76,9.17,0.1,122.94
Sonora,2024-12,29.073,-110.9559,26.43,11.48,23.15,7.26,0.0,114.68
Sonora,2025-01,29.073,-110.9559,22.42,8.7,18.7,4.47,1.3,117.61
Sonora,2025-02,29.073,-110.9559,28.54,12.67,25.61,8.93,0.0,136.97
Sonora,2025-03,29.073,-110.9559,28.47,14.09,25.66,10.74,0.1,187.72
Sonora,2025-04,29.073,-110.9559,31.31,16.54,29.19,13.8,0.3,215.1
Sonora,2025-05,29.073,-110.9559,34.75,19.82,33.16,17.73,0.0,246.96
Sonora,2025-06,29.073,-110.9559,39.23,25.13,39.82,26.33,4.9,248.94
Sonora,2025-07,29.073,-110.9559,39.51,26.83,41.85,29.3,33.3,231.37
Sonora,2025-08,29.073,-110.9559,39.02,27.77,42.89,31.73,27.1,202.65
Sonora,2025-09,29.073,-110.9559,34.77,24.88,39.21,28.47,205.7,147.52
Sonora,2025-10,29.073,-110.9559,33.46,20.59,33.71,20.16,91.4,152.21
Sonora,2025-11,29.073,-110.9559,29.71,16.43,28.12,14.09,12.1,123.19
Sonora,2025-12,29.073,-110.9559,27.96,14.56,25.94,11.67,2.0,110.9
Sonora,2026-01,29.073,-110.9559,25.08,12.83,22.77,9.83,72.9,110.43
Sonora,2026-02,29.073,-110.9559,29.28,15.63,26.96,12.82,4.0,135.81
Sonora,2026-03,29.073,-110.9559,33.63,18.1,32.15,16.25,21.8,190.01
Sonora,2026-04,29.073,-110.9559,32.62,19.12,30.68,17.59,1.4,204.62
Sonora,2026-05,29.073,-110.9559,34.5,20.61,33.24,19.43,0.0,243.23
Sonora,2026-06,29.073,-110.9559,39.26,26.33,40.03,27.71,5.2,254.94
Tabasco,2020-01,17.9892,-92.9475,27.56,20.78,30.61,23.06,58.9,96.01
Tabasco,2020-02,17.9892,-92.9475,28.97,21.22,32.52,23.14,67.8,114.08
Tabasco,2020-03,17.9892,-92.9475,32.09,22.21,35.8,24.7,19.9,162.17
Tabasco,2020-04,17.9892,-92.9475,37.26,25.7,42.07,30.38,24.3,177.86
Tabasco,2020-05,17.9892,-92.9475,35.36,25.89,40.14,30.52,570.6,158.55
Tabasco,2020-06,17.9892,-92.9475,30.99,24.65,36.86,28.6,314.0,129.61
Tabasco,2020-07,17.9892,-92.9475,33.48,25.53,38.91,29.92,90.1,172.34
Tabasco,2020-08,17.9892,-92.9475,32.16,24.87,38.07,29.65,235.8,139.66
Tabasco,2020-09,17.9892,-92.9475,30.76,24.38,37.41,29.21,317.4,112.29
Tabasco,2020-10,17.9892,-92.9475,28.96,23.29,33.93,26.97,391.8,97.19
Tabasco,2020-11,17.9892,-92.9475,27.86,22.34,31.87,25.53,252.6,79.54
Tabasco,2020-12,17.9892,-92.9475,26.16,19.5,28.75,21.34,83.2,82.77
Tabasco,2021-01,17.9892,-92.9475,26.64,20.24,29.4,22.23,89.7,86.71
Tabasco,2021-02,17.9892,-92.9475,28.12,19.89,31.31,21.77,40.5,109.18
Tabasco,2021-03,17.9892,-92.9475,30.85,22.08,34.41,24.34,35.2,152.43
Tabasco,2021-04,17.9892,-92.9475,34.21,24.36,38.43,27.59,12.8,167.55
Tabasco,2021-05,17.9892,-92.9475,33.91,25.26,38.83,29.49,81.3,159.37
Tabasco,2021-06,17.9892,-92.9475,32.73,25.03,38.31,29.86,206.7,134.41
Tabasco,2021-07,17.9892,-92.9475,33.13,25.18,37.64,29.14,70.1,170.19
Tabasco,2021-08,17.9892,-92.9475,33.94,25.13,38.37,29.61,77.9,160.94
Tabasco,2021-09,17.9892,-92.9475,31.84,24.5,38.05,29.34,351.3,124.26
Tabasco,2021-10,17.9892,-92.9475,30.95,23.84,36.87,28.43,274.3,117.63
Tabasco,2021-11,17.9892,-92.9475,27.82,20.61,31.44,23.45,132.3,92.27
Tabasco,2021-12,17.9892,-92.9475,28.97,20.97,32.75,23.93,51.5,105.87
Tabasco,2022-01,17.9892,-92.9475,26.63,19.45,29.6,21.28,121.1,88.38
Tabasco,2022-02,17.9892,-92.9475,27.08,19.84,30.09,21.48,147.3,94.65
Tabasco,2022-03,17.9892,-92.9475,29.61,21.02,33.86,23.36,68.2,135.98
Tabasco,2022-04,17.9892,-92.9475,33.15,23.33,38.09,26.56,40.7,162.0
Tabasco,2022-05,17.9892,-92.9475,35.2,25.04,40.25,29.02,108.0,169.0
Tabasco,2022-06,17.9892,-92.9475,30.95,23.63,36.16,27.26,247.3,131.08
Tabasco,2022-07,17.9892,-92.9475,33.83,24.85,37.96,28.92,84.0,176.47
Tabasco,2022-08,17.9892,-92.9475,32.94,24.48,38.46,28.58,166.4,160.46
Tabasco,2022-09,17.9892,-92.9475,29.85,23.2,35.85,27.4,447.8,104.0
Tabasco,2022-10,17.9892,-92.9475,29.24,22.66,34.45,26.32,240.8,105.99
Tabasco,2022-11,17.9892,-92.9475,28.78,22.24,33.7,25.79,266.0,90.98
Tabasco,2022-12,17.9892,-92.9475,27.71,20.83,31.2,23.41,120.2,94.65
Tabasco,2023-01,17.9892,-92.9475,28.1,20.43,31.7,22.95,104.9,103.51
Tabasco,2023-02,17.9892,-92.9475,28.28,20.61,32.0,22.46,99.3,106.22
Tabasco,2023-03,17.9892,-92.9475,31.83,22.54,36.53,25.45,70.3,155.2
Tabasco,2023-04,17.9892,-92.9475,34.05,23.77,38.87,26.81,30.8,169.64
Tabasco,2023-05,17.9892,-92.9475,34.93,24.8,39.95,29.02,14.1,178.87
Tabasco,2023-06,17.9892,-92.9475,36.25,26.62,41.48,31.03,141.5,182.7
Tabasco,2023-07,17.9892,-92.9475,33.24,24.92,38.58,29.02,181.9,161.83
Tabasco,2023-08,17.9892,-92.9475,33.21,24.61,39.23,29.03,136.9,158.93
Tabasco,2023-09,17.9892,-92.9475,32.68,24.31,38.9,28.88,123.1,140.86
Tabasco,2023-10,17.9892,-92.9475,31.52,23.65,37.06,27.61,178.2,126.58
Tabasco,2023-11,17.9892,-92.9475,28.49,22.08,32.56,25.39,249.6,83.87
Tabasco,2023-12,17.9892,-92.9475,26.94,20.2,30.04,22.61,138.1,86.22
Tabasco,2024-01,17.9892,-92.9475,27.88,20.77,31.36,23.37,77.0,89.78
Tabasco,2024-02,17.9892,-92.9475,28.79,18.64,31.72,20.18,27.1,118.23
Tabasco,2024-03,17.9892,-92.9475,33.63,23.02,38.39,26.18,22.1,162.9
Tabasco,2024-04,17.9892,-92.9475,35.46,24.51,39.59,27.4,19.3,182.28
Tabasco,2024-05,17.9892,-92.9475,39.13,27.56,44.7,31.65,11.2,203.17
Tabasco,2024-06,17.9892,-92.9475,34.4,25.74,40.08,30.1,383.1,146.41
Tabasco,2024-07,17.9892,-92.9475,32.9,24.71,38.31,29.18,164.7,156.04
Tabasco,2024-08,17.9892,-92.9475,33.2,24.19,39.35,28.79,270.6,147.34
Tabasco,2024-09,17.9892,-92.9475,32.62,24.49,39.3,29.07,431.9,128.61
Tabasco,2024-10,17.9892,-92.9475,29.49,22.74,34.3,26.45,519.1,102.46
Tabasco,2024-11,17.9892,-92.9475,30.1,21.7,34.47,25.12,105.4,107.54
Tabasco,2024-12,17.9892,-92.9475,28.52,20.19,31.26,22.73,70.1,97.43
Tabasco,2025-01,17.9892,-92.9475,28.06,20.27,30.98,22.62,96.9,94.67
Tabasco,2025-02,17.9892,-92.9475,30.32,21.29,33.96,24.22,99.1,109.87
Tabasco,2025-03,17.9892,-92.9475,33.03,21.86,37.12,24.62,14.8,160.14
Tabasco,2025-04,17.9892,-92.9475,33.95,23.14,37.35,25.86,20.5,167.53
Tabasco,2025-05,17.9892,-92.9475,36.81,26.05,42.02,29.98,21.6,180.98
Tabasco,2025-06,17.9892,-92.9475,33.98,24.55,39.14,28.99,307.9,146.06
Tabasco,2025-07,17.9892,-92.9475,34.81,24.52,39.05,28.53,139.1,186.53
Tabasco,2025-08,17.9892,-92.9475,34.43,23.6,39.78,28.15,227.0,161.96
Tabasco,2025-09,17.9892,-92.9475,33.01,23.77,39.22,28.48,297.5,131.4
Tabasco,2025-10,17.9892,-92.9475,31.06,22.93,36.31,27.08,271.5,115.2
Tabasco,2025-11,17.9892,-92.9475,29.9,21.58,33.28,24.69,78.9,105.65
Tabasco,2025-12,17.9892,-92.9475,29.28,21.38,32.58,24.68,167.1,95.43
Tabasco,2026-01,17.9892,-92.9475,26.57,18.43,29.2,20.27,148.3,90.26
Tabasco,2026-02,17.9892,-92.9475,28.64,18.15,30.73,19.68,54.6,117.46
Tabasco,2026-03,17.9892,-92.9475,30.78,21.5,34.69,24.05,123.6,142.53
Tabasco,2026-04,17.9892,-92.9475,33.52,23.33,38.38,26.8,48.9,155.82
Tabasco,2026-05,17.9892,-92.9475,35.03,25.2,41.37,29.57,134.3,167.85
Tabasco,2026-06,17.9892,-92.9475,33.56,25.01,39.73,29.26,277.4,150.53
Tamaulipas,2020-01,23.7369,-99.1411,24.37,14.7,23.92,13.79,8.7,100.0
Tamaulipas,2020-02,23.7369,-99.1411,25.12,13.36,25.47,12.29,9.0,103.67
Tamaulipas,2020-03,23.7369,-99.1411,31.23,19.25,32.66,20.28,25.2,150.12
Tamaulipas,2020-04,23.7369,-99.1411,31.94,21.01,35.02,23.1,77.4,137.84
Tamaulipas,2020-05,23.7369,-99.1411,32.92,22.12,36.26,24.84,105.4,166.79
Tamaulipas,2020-06,23.7369,-99.1411,32.63,22.72,36.73,25.92,80.2,165.2
Tamaulipas,2020-07,23.7369,-99.1411,35.73,24.55,38.26,27.75,104.1,196.9
Tamaulipas,2020-08,23.7369,-99.1411,33.73,23.09,37.79,26.31,54.5,171.94
Tamaulipas,2020-09,23.7369,-99.1411,30.96,21.67,34.27,23.84,264.1,139.84
Tamaulipas,2020-10,23.7369,-99.1411,31.78,18.9,32.9,19.48,18.4,148.57
Tamaulipas,2020-11,23.7369,-99.1411,28.01,17.21,28.58,17.62,27.0,104.41
Tamaulipas,2020-12,23.7369,-99.1411,23.27,11.64,21.64,9.5,1.4,104.69
Tamaulipas,2021-01,23.7369,-99.1411,23.66,12.84,22.76,11.31,14.4,100.89
Tamaulipas,2021-02,23.7369,-99.1411,23.72,11.43,23.58,9.95,26.0,102.88
Tamaulipas,2021-03,23.7369,-99.1411,29.52,16.72,29.67,16.27,23.2,156.4
Tamaulipas,2021-04,23.7369,-99.1411,32.38,19.63,33.84,20.94,23.2,160.16
Tamaulipas,2021-05,23.7369,-99.1411,33.38,22.04,36.21,24.55,60.6,173.75
Tamaulipas,2021-06,23.7369,-99.1411,32.48,22.77,36.45,26.1,106.9,154.85
Tamaulipas,2021-07,23.7369,-99.1411,32.25,22.51,36.2,25.63,234.8,161.73
Tamaulipas,2021-08,23.7369,-99.1411,34.48,23.12,37.47,26.24,72.0,187.53
Tamaulipas,2021-09,23.7369,-99.1411,31.95,22.38,35.94,25.43,106.4,138.51
Tamaulipas,2021-10,23.7369,-99.1411,30.17,19.9,33.23,21.19,93.9,126.85
Tamaulipas,2021-11,23.7369,-99.1411,26.62,15.56,27.17,15.29,18.5,99.95
Tamaulipas,2021-12,23.7369,-99.1411,28.69,15.98,29.1,15.22,5.8,109.15
Tamaulipas,2022-01,23.7369,-99.1411,22.72,11.12,21.92,9.17,2.6,94.21
Tamaulipas,2022-02,23.7369,-99.1411,23.5,11.0,22.58,9.18,22.3,103.52
Tamaulipas,2022-03,23.7369,-99.1411,29.55,14.83,28.54,13.07,0.8,174.04
Tamaulipas,2022-04,23.7369,-99.1411,34.03,20.78,35.56,22.22,52.8,174.95
Tamaulipas,2022-05,23.7369,-99.1411,35.69,23.06,38.52,25.84,73.7,192.36
Tamaulipas,2022-06,23.7369,-99.1411,34.94,22.5,37.52,25.1,76.2,186.61
Tamaulipas,2022-07,23.7369,-99.1411,36.0,23.94,38.35,26.58,24.6,207.34
Tamaulipas,2022-08,23.7369,-99.1411,36.36,23.98,38.68,27.04,58.8,199.69
Tamaulipas,2022-09,23.7369,-99.1411,30.39,20.94,34.43,23.88,198.7,129.17
Tamaulipas,2022-10,23.7369,-99.1411,28.94,18.44,30.98,19.11,49.6,124.08
Tamaulipas,2022-11,23.7369,-99.1411,25.06,15.39,25.86,15.09,30.0,92.69
Tamaulipas,2022-12,23.7369,-99.1411,24.28,13.45,24.41,12.5,4.3,93.07
Tamaulipas,2023-01,23.7369,-99.1411,26.48,14.74,25.96,13.49,1.2,110.71
Tamaulipas,2023-02,23.7369,-99.1411,26.55,13.75,25.9,12.11,1.7,123.09
Tamaulipas,2023-03,23.7369,-99.1411,30.49,17.8,31.3,17.74,30.8,150.67
Tamaulipas,2023-04,23.7369,-99.1411,29.23,18.7,32.22,20.01,78.5,130.64
Tamaulipas,2023-05,23.7369,-99.1411,31.89,20.78,36.11,23.39,65.3,149.63
Tamaulipas,2023-06,23.7369,-99.1411,37.06,23.79,40.72,26.04,39.8,200.4
Tamaulipas,2023-07,23.7369,-99.1411,36.97,24.4,38.82,27.37,11.7,224.51
Tamaulipas,2023-08,23.7369,-99.1411,36.96,24.16,39.14,27.16,41.6,204.45
Tamaulipas,2023-09,23.7369,-99.1411,36.6,23.53,39.44,26.57,34.7,176.73
Tamaulipas,2023-10,23.7369,-99.1411,29.5,19.61,31.53,21.21,181.1,125.69
Tamaulipas,2023-11,23.7369,-99.1411,24.32,14.46,24.97,14.2,18.4,87.73
Tamaulipas,2023-12,23.7369,-99.1411,22.32,13.65,22.53,13.27,32.5,70.1
Tamaulipas,2024-01,23.7369,-99.1411,22.81,12.23,22.18,10.72,1.0,90.7
Tamaulipas,2024-02,23.7369,-99.1411,26.95,14.51,27.19,13.51,32.4,109.32
Tamaulipas,2024-03,23.7369,-99.1411,30.57,17.46,31.38,17.53,16.5,145.6
Tamaulipas,2024-04,23.7369,-99.1411,34.48,20.49,35.33,21.5,18.9,183.09
Tamaulipas,2024-05,23.7369,-99.1411,39.64,25.69,42.61,29.62,7.6,205.26
Tamaulipas,2024-06,23.7369,-99.1411,35.33,24.08,38.91,27.79,467.0,167.32
Tamaulipas,2024-07,23.7369,-99.1411,31.38,22.49,36.95,25.93,128.6,157.34
Tamaulipas,2024-08,23.7369,-99.1411,33.73,22.5,38.74,25.92,48.0,165.13
Tamaulipas,2024-09,23.7369,-99.1411,31.39,22.76,35.64,26.11,153.0,133.95
Tamaulipas,2024-10,23.7369,-99.1411,30.3,19.35,32.12,20.47,48.5,135.3
Tamaulipas,2024-11,23.7369,-99.1411,28.27,18.6,29.9,19.47,22.0,110.36
Tamaulipas,2024-12,23.7369,-99.1411,24.72,15.52,25.54,15.42,21.9,87.37
Tamaulipas,2025-01,23.7369,-99.1411,20.16,11.38,19.23,9.44,8.1,86.75
Tamaulipas,2025-02,23.7369,-99.1411,26.58,14.42,26.98,13.85,3.5,104.82
Tamaulipas,2025-03,23.7369,-99.1411,31.03,17.9,31.01,16.96,11.9,171.85
Tamaulipas,2025-04,23.7369,-99.1411,33.23,20.22,33.9,20.59,3.5,190.17
Tamaulipas,2025-05,23.7369,-99.1411,34.34,23.0,37.87,25.54,83.4,176.37
Tamaulipas,2025-06,23.7369,-99.1411,32.97,23.26,36.6,26.57,158.1,169.96
Tamaulipas,2025-07,23.7369,-99.1411,33.39,23.35,36.44,26.04,55.6,188.76
Tamaulipas,2025-08,23.7369,-99.1411,35.14,23.91,38.59,26.96,61.9,190.47
Tamaulipas,2025-09,23.7369,-99.1411,30.93,22.33,35.93,26.0,141.7,130.68
Tamaulipas,2025-10,23.7369,-99.1411,29.69,20.26,32.93,22.29,77.8,123.91
Tamaulipas,2025-11,23.7369,-99.1411,27.97,17.15,29.16,17.01,12.1,109.14
Tamaulipas,2025-12,23.7369,-99.1411,24.84,14.72,25.49,13.98,30.3,87.0
Tamaulipas,2026-01,23.7369,-99.1411,22.93,12.07,22.28,10.21,2.0,101.27
Tamaulipas,2026-02,23.7369,-99.1411,28.21,15.36,28.12,14.11,1.1,124.62
Tamaulipas,2026-03,23.7369,-99.1411,30.48,17.76,31.05,17.82,5.4,165.75
Tamaulipas,2026-04,23.7369,-99.1411,30.81,20.28,33.56,22.2,47.6,146.91
Tamaulipas,2026-05,23.7369,-99.1411,31.9,22.16,36.35,25.1,103.2,157.34
Tamaulipas,2026-06,23.7369,-99.1411,32.25,23.81,37.81,28.05,210.9,162.23
Tlaxcala,2020-01,19.3182,-98.2375,21.34,7.9,17.95,5.06,5.7,123.87
Tlaxcala,2020-02,19.3182,-98.2375,24.45,9.08,21.72,6.57,2.3,147.12
Tlaxcala,2020-03,19.3182,-98.2375,27.71,11.28,26.24,9.14,5.4,188.11
Tlaxcala,2020-04,19.3182,-98.2375,27.41,13.29,26.17,12.42,32.4,176.14
Tlaxcala,2020-05,19.3182,-98.2375,26.2,12.57,24.94,11.34,38.4,173.61
Tlaxcala,2020-06,19.3182,-98.2375,25.54,12.93,25.05,11.69,81.0,156.02
Tlaxcala,2020-07,19.3182,-98.2375,23.53,12.07,24.03,11.25,101.0,140.33
Tlaxcala,2020-08,19.3182,-98.2375,22.53,12.39,23.33,11.14,156.5,128.02
Tlaxcala,2020-09,19.3182,-98.2375,21.49,12.24,22.04,11.14,221.8,102.15
Tlaxcala,2020-10,19.3182,-98.2375,23.97,9.61,22.9,6.59,24.7,148.73
Tlaxcala,2020-11,19.3182,-98.2375,24.27,9.67,21.6,6.22,1.3,137.57
Tlaxcala,2020-12,19.3182,-98.2375,21.87,8.28,18.81,5.88,2.8,120.32
Tlaxcala,2021-01,19.3182,-98.2375,21.61,7.84,18.51,5.35,16.4,119.53
Tlaxcala,2021-02,19.3182,-98.2375,23.93,7.96,20.55,5.02,0.0,151.18
Tlaxcala,2021-03,19.3182,-98.2375,27.23,10.55,25.33,8.26,2.7,191.6
Tlaxcala,2021-04,19.3182,-98.2375,27.35,11.59,25.31,9.95,14.8,185.3
Tlaxcala,2021-05,19.3182,-98.2375,24.89,12.18,24.43,11.16,133.8,152.62
Tlaxcala,2021-06,19.3182,-98.2375,21.15,12.55,21.05,11.86,231.0,107.58
Tlaxcala,2021-07,19.3182,-98.2375,22.46,11.43,23.21,9.98,145.1,133.13
Tlaxcala,2021-08,19.3182,-98.2375,22.02,11.82,22.38,10.53,197.4,125.57
Tlaxcala,2021-09,19.3182,-98.2375,21.37,12.12,21.83,11.1,297.5,109.25
Tlaxcala,2021-10,19.3182,-98.2375,21.91,10.9,21.86,9.23,81.4,117.09
Tlaxcala,2021-11,19.3182,-98.2375,22.15,7.87,20.43,4.45,2.6,123.76
Tlaxcala,2021-12,19.3182,-98.2375,23.41,7.95,20.93,4.71,0.9,131.35
Tlaxcala,2022-01,19.3182,-98.2375,21.18,7.29,18.75,4.6,8.2,116.1
Tlaxcala,2022-02,19.3182,-98.2375,22.81,7.78,20.17,4.88,5.9,131.77
Tlaxcala,2022-03,19.3182,-98.2375,25.42,9.62,23.09,6.92,14.3,186.0
Tlaxcala,2022-04,19.3182,-98.2375,25.85,11.35,25.2,9.82,56.4,164.27
Tlaxcala,2022-05,19.3182,-98.2375,27.68,11.94,26.88,10.44,28.3,182.94
Tlaxcala,2022-06,19.3182,-98.2375,23.94,11.48,24.13,9.99,82.2,142.5
Tlaxcala,2022-07,19.3182,-98.2375,23.29,11.11,24.46,9.73,119.5,142.14
Tlaxcala,2022-08,19.3182,-98.2375,22.25,10.94,23.51,9.59,169.7,132.68
Tlaxcala,2022-09,19.3182,-98.2375,21.56,11.36,21.73,9.6,157.6,113.04
Tlaxcala,2022-10,19.3182,-98.2375,22.74,10.92,22.48,9.26,67.8,121.72
Tlaxcala,2022-11,19.3182,-98.2375,24.12,9.84,22.48,7.63,9.3,124.33
Tlaxcala,2022-12,19.3182,-98.2375,21.44,7.13,18.73,4.28,7.8,117.67
Tlaxcala,2023-01,19.3182,-98.2375,21.9,7.21,18.97,4.39,1.6,129.84
Tlaxcala,2023-02,19.3182,-98.2375,24.15,8.14,21.35,5.13,0.5,144.99
Tlaxcala,2023-03,19.3182,-98.2375,25.83,10.14,23.95,8.36,20.8,168.97
Tlaxcala,2023-04,19.3182,-98.2375,26.2,11.34,24.56,10.03,28.8,172.06
Tlaxcala,2023-05,19.3182,-98.2375,25.48,11.93,25.12,10.72,88.9,159.92
Tlaxcala,2023-06,19.3182,-98.2375,27.96,13.17,27.26,11.99,49.4,178.9
Tlaxcala,2023-07,19.3182,-98.2375,23.55,11.61,24.5,10.61,96.2,143.12
Tlaxcala,2023-08,19.3182,-98.2375,23.66,11.65,24.67,10.43,197.1,140.56
Tlaxcala,2023-09,19.3182,-98.2375,25.37,11.31,25.7,9.69,48.2,150.1
Tlaxcala,2023-10,19.3182,-98.2375,24.01,11.38,23.12,9.64,51.6,126.13
Tlaxcala,2023-11,19.3182,-98.2375,23.84,9.87,22.42,7.66,43.7,117.03
Tlaxcala,2023-12,19.3182,-98.2375,19.93,7.31,17.46,4.58,23.6,97.82
Tlaxcala,2024-01,19.3182,-98.2375,22.52,7.95,19.47,5.48,9.6,126.29
Tlaxcala,2024-02,19.3182,-98.2375,25.3,8.35,22.18,5.3,14.5,157.92
Tlaxcala,2024-03,19.3182,-98.2375,27.65,10.91,24.28,8.88,0.2,204.75
Tlaxcala,2024-04,19.3182,-98.2375,28.35,12.92,26.24,11.24,19.4,197.23
Tlaxcala,2024-05,19.3182,-98.2375,30.95,14.59,30.44,14.03,19.6,196.89
Tlaxcala,2024-06,19.3182,-98.2375,27.27,13.56,26.38,12.43,135.8,164.06
Tlaxcala,2024-07,19.3182,-98.2375,22.38,11.96,23.97,11.18,225.5,128.1
Tlaxcala,2024-08,19.3182,-98.2375,22.67,11.39,24.49,10.08,161.1,133.06
Tlaxcala,2024-09,19.3182,-98.2375,21.94,12.54,23.36,11.82,186.6,108.49
Tlaxcala,2024-10,19.3182,-98.2375,21.12,10.07,20.75,7.53,84.1,114.53
Tlaxcala,2024-11,19.3182,-98.2375,24.06,7.92,22.71,4.98,10.0,126.46
Tlaxcala,2024-12,19.3182,-98.2375,22.93,6.86,20.69,3.72,2.0,119.3
Tlaxcala,2025-01,19.3182,-98.2375,22.33,7.22,19.98,4.72,11.7,118.6
Tlaxcala,2025-02,19.3182,-98.2375,23.99,8.22,22.89,6.05,21.7,121.42
Tlaxcala,2025-03,19.3182,-98.2375,26.41,9.56,24.78,7.61,17.3,172.32
Tlaxcala,2025-04,19.3182,-98.2375,27.43,9.94,25.58,7.71,10.1,192.27
Tlaxcala,2025-05,19.3182,-98.2375,26.79,12.14,26.75,11.55,157.3,161.73
Tlaxcala,2025-06,19.3182,-98.2375,21.72,11.88,22.57,11.18,266.4,109.37
Tlaxcala,2025-07,19.3182,-98.2375,22.22,10.05,23.53,8.6,95.7,137.71
Tlaxcala,2025-08,19.3182,-98.2375,22.96,10.33,24.15,8.95,118.1,139.51
Tlaxcala,2025-09,19.3182,-98.2375,22.47,11.02,24.06,9.91,192.7,121.07
Tlaxcala,2025-10,19.3182,-98.2375,22.37,9.74,22.6,7.86,98.8,122.06
Tlaxcala,2025-11,19.3182,-98.2375,23.58,7.57,22.12,4.36,1.1,123.58
Tlaxcala,2025-12,19.3182,-98.2375,21.21,7.64,19.58,5.14,17.1,100.46
Tlaxcala,2026-01,19.3182,-98.2375,22.34,6.09,20.36,3.12,7.5,119.14
Tlaxcala,2026-02,19.3182,-98.2375,25.75,6.83,23.91,3.18,0.6,143.85
Tlaxcala,2026-03,19.3182,-98.2375,23.51,7.43,22.39,4.85,35.3,151.48
Tlaxcala,2026-04,19.3182,-98.2375,26.23,9.71,26.4,8.28,67.0,156.08
Tlaxcala,2026-05,19.3182,-98.2375,26.02,11.79,26.95,11.0,132.6,161.31
Tlaxcala,2026-06,19.3182,-98.2375,22.2,12.48,23.59,12.34,240.0,124.69
Veracruz,2020-01,19.5438,-96.9102,17.49,11.55,18.22,10.44,165.0,67.71
Veracruz,2020-02,19.5438,-96.9102,18.7,12.41,20.08,11.64,76.2,80.2
Veracruz,2020-03,19.5438,-96.9102,21.98,13.75,24.25,12.89,32.9,125.58
Veracruz,2020-04,19.5438,-96.9102,25.21,17.0,28.04,16.94,79.7,132.03
Veracruz,2020-05,19.5438,-96.9102,23.88,15.94,26.61,16.35,119.3,124.36
Veracruz,2020-06,19.5438,-96.9102,22.93,16.11,25.96,16.34,255.4,122.68
Veracruz,2020-07,19.5438,-96.9102,23.17,16.2,26.26,16.13,75.3,135.65
Veracruz,2020-08,19.5438,-96.9102,22.31,16.14,25.4,16.4,177.9,120.22
Veracruz,2020-09,19.5438,-96.9102,21.71,16.24,24.4,16.7,358.0,94.02
Veracruz,2020-10,19.5438,-96.9102,21.09,13.83,23.38,12.75,66.8,109.97
Veracruz,2020-11,19.5438,-96.9102,19.58,13.3,20.92,12.38,139.3,83.99
Veracruz,2020-12,19.5438,-96.9102,17.07,11.05,17.41,10.19,52.0,66.65
Veracruz,2021-01,19.5438,-96.9102,17.42,11.7,18.13,10.77,130.6,65.39
Veracruz,2021-02,19.5438,-96.9102,18.24,11.04,19.56,9.69,93.2,80.65
Veracruz,2021-03,19.5438,-96.9102,20.77,12.84,22.62,11.89,40.7,119.87
Veracruz,2021-04,19.5438,-96.9102,23.45,15.2,25.76,14.74,76.0,123.89
Veracruz,2021-05,19.5438,-96.9102,22.84,16.04,26.03,16.18,183.5,121.24
Veracruz,2021-06,19.5438,-96.9102,21.99,16.28,24.84,16.66,220.2,100.89
Veracruz,2021-07,19.5438,-96.9102,21.66,15.64,24.83,15.41,108.5,126.89
Veracruz,2021-08,19.5438,-96.9102,21.64,15.7,24.96,15.42,314.4,119.03
Veracruz,2021-09,19.5438,-96.9102,21.85,16.22,25.08,16.63,222.6,102.07
Veracruz,2021-10,19.5438,-96.9102,21.51,15.28,24.26,15.31,86.5,98.33
Veracruz,2021-11,19.5438,-96.9102,18.06,12.57,19.09,11.83,99.7,73.61
Veracruz,2021-12,19.5438,-96.9102,19.83,12.88,21.14,11.83,53.1,88.69
Veracruz,2022-01,19.5438,-96.9102,17.57,11.08,17.63,9.78,104.6,70.31
Veracruz,2022-02,19.5438,-96.9102,17.2,10.7,17.98,9.39,60.1,75.8
Veracruz,2022-03,19.5438,-96.9102,20.71,12.37,22.15,11.55,54.3,117.04
Veracruz,2022-04,19.5438,-96.9102,24.12,15.55,25.93,15.28,34.6,129.83
Veracruz,2022-05,19.5438,-96.9102,26.42,16.69,28.36,16.42,22.2,154.73
Veracruz,2022-06,19.5438,-96.9102,22.38,15.2,25.17,14.87,198.3,124.75
Veracruz,2022-07,19.5438,-96.9102,22.64,15.49,25.75,15.03,105.7,136.79
Veracruz,2022-08,19.5438,-96.9102,23.25,15.59,25.98,15.19,70.3,135.46
Veracruz,2022-09,19.5438,-96.9102,20.86,15.41,23.22,15.57,266.1,91.07
Veracruz,2022-10,19.5438,-96.9102,20.47,14.85,22.33,14.9,160.0,85.43
Veracruz,2022-11,19.5438,-96.9102,20.28,14.26,22.12,14.04,56.9,82.12
Veracruz,2022-12,19.5438,-96.9102,18.46,11.98,18.93,10.98,61.6,75.07
Veracruz,2023-01,19.5438,-96.9102,19.44,11.92,20.11,10.88,37.5,88.82
Veracruz,2023-02,19.5438,-96.9102,19.89,11.61,20.86,10.35,31.5,90.03
Veracruz,2023-03,19.5438,-96.9102,22.94,14.2,24.44,13.52,103.9,121.55
Veracruz,2023-04,19.5438,-96.9102,22.94,15.61,25.41,15.46,100.0,118.14
Veracruz,2023-05,19.5438,-96.9102,23.8,16.46,26.68,16.32,113.2,132.93
Veracruz,2023-06,19.5438,-96.9102,25.17,16.91,28.47,16.91,154.5,140.69
Veracruz,2023-07,19.5438,-96.9102,24.11,16.36,26.6,15.99,47.1,142.47
Veracruz,2023-08,19.5438,-96.9102,23.92,16.31,26.95,16.04,127.1,133.32
Veracruz,2023-09,19.5438,-96.9102,24.13,15.87,26.93,15.56,32.6,131.36
Veracruz,2023-10,19.5438,-96.9102,21.93,15.63,24.16,15.87,126.4,96.97
Veracruz,2023-11,19.5438,-96.9102,19.98,13.97,21.13,13.73,68.8,74.3
Veracruz,2023-12,19.5438,-96.9102,17.4,12.09,17.77,11.58,151.0,61.99
Veracruz,2024-01,19.5438,-96.9102,18.49,11.67,19.69,10.76,137.8,71.85
Veracruz,2024-02,19.5438,-96.9102,19.71,12.15,21.49,10.7,81.2,95.66
Veracruz,2024-03,19.5438,-96.9102,22.38,14.69,25.05,14.14,79.3,118.83
Veracruz,2024-04,19.5438,-96.9102,24.78,15.44,27.62,14.9,51.9,141.54
Veracruz,2024-05,19.5438,-96.9102,30.15,19.68,32.67,19.43,14.6,175.35
Veracruz,2024-06,19.5438,-96.9102,25.8,17.37,28.15,17.05,275.7,135.44
Veracruz,2024-07,19.5438,-96.9102,22.12,15.96,25.58,16.08,187.4,125.35
Veracruz,2024-08,19.5438,-96.9102,22.56,16.01,26.05,16.08,81.8,129.68
Veracruz,2024-09,19.5438,-96.9102,22.67,16.92,25.93,17.71,147.0,103.14
Veracruz,2024-10,19.5438,-96.9102,20.6,14.47,22.55,14.15,176.5,88.71
Veracruz,2024-11,19.5438,-96.9102,21.38,13.49,23.04,12.42,70.8,93.87
Veracruz,2024-12,19.5438,-96.9102,19.7,12.25,19.97,11.03,52.4,84.86
Veracruz,2025-01,19.5438,-96.9102,18.87,11.73,19.2,10.85,92.4,75.14
Veracruz,2025-02,19.5438,-96.9102,21.12,13.49,22.08,13.02,40.5,87.0
Veracruz,2025-03,19.5438,-96.9102,24.29,14.18,25.32,13.13,26.1,133.37
Veracruz,2025-04,19.5438,-96.9102,24.21,13.9,25.38,12.8,41.3,135.7
Veracruz,2025-05,19.5438,-96.9102,26.09,17.19,28.52,17.55,107.1,138.34
Veracruz,2025-06,19.5438,-96.9102,22.77,16.25,25.29,16.8,377.2,104.75
Veracruz,2025-07,19.5438,-96.9102,23.04,15.4,25.93,14.93,55.2,140.31
Veracruz,2025-08,19.5438,-96.9102,23.39,15.43,26.35,15.09,46.7,139.79
Veracruz,2025-09,19.5438,-96.9102,22.7,15.79,25.47,16.21,143.9,107.48
Veracruz,2025-10,19.5438,-96.9102,21.49,14.27,23.49,14.04,193.2,96.21
Veracruz,2025-11,19.5438,-96.9102,20.35,13.13,21.28,12.24,33.4,83.84
Veracruz,2025-12,19.5438,-96.9102,19.6,12.69,20.08,11.88,50.3,72.95
Veracruz,2026-01,19.5438,-96.9102,18.32,10.79,18.39,9.3,39.9,78.22
Veracruz,2026-02,19.5438,-96.9102,20.02,10.83,20.66,9.01,14.7,97.57
Veracruz,2026-03,19.5438,-96.9102,20.73,12.16,21.49,11.05,103.3,112.48
Veracruz,2026-04,19.5438,-96.9102,22.98,15.07,25.03,14.95,108.0,116.83
Veracruz,2026-05,19.5438,-96.9102,25.12,16.45,28.12,16.7,106.5,134.48
Veracruz,2026-06,19.5438,-96.9102,24.26,16.2,27.41,16.8,369.1,122.38
Yucatan,2020-01,20.9674,-89.5926,29.31,19.71,30.78,21.25,16.1,108.55
Yucatan,2020-02,20.9674,-89.5926,30.64,20.23,31.53,21.49,18.9,129.17
Yucatan,2020-03,20.9674,-89.5926,34.22,21.23,35.11,23.02,1.4,184.3
Yucatan,2020-04,20.9674,-89.5926,38.67,24.2,40.89,27.1,2.7,201.42
Yucatan,2020-05,20.9674,-89.5926,34.88,24.19,39.16,28.14,89.7,166.01
Yucatan,2020-06,20.9674,-89.5926,31.58,23.87,36.67,27.97,286.4,131.17
Yucatan,2020-07,20.9674,-89.5926,34.06,24.17,39.26,28.93,44.6,161.25
Yucatan,2020-08,20.9674,-89.5926,33.79,24.2,39.47,29.17,87.7,148.84
Yucatan,2020-09,20.9674,-89.5926,33.66,24.19,39.58,29.21,93.7,134.15
Yucatan,2020-10,20.9674,-89.5926,29.53,23.32,34.81,27.25,371.3,91.41
Yucatan,2020-11,20.9674,-89.5926,28.6,21.94,31.83,24.87,52.3,92.24
Yucatan,2020-12,20.9674,-89.5926,27.11,18.75,29.02,20.1,24.6,88.63
Yucatan,2021-01,20.9674,-89.5926,27.43,18.8,29.41,20.2,49.1,95.64
Yucatan,2021-02,20.9674,-89.5926,29.92,19.35,31.74,20.96,25.4,114.81
Yucatan,2021-03,20.9674,-89.5926,32.58,20.98,34.06,22.92,6.1,168.81
Yucatan,2021-04,20.9674,-89.5926,35.83,23.05,37.92,25.7,14.4,188.14
Yucatan,2021-05,20.9674,-89.5926,35.16,24.05,37.97,27.61,50.7,183.89
Yucatan,2021-06,20.9674,-89.5926,32.47,24.08,37.33,28.35,219.7,137.38
Yucatan,2021-07,20.9674,-89.5926,33.88,23.94,38.63,28.47,80.6,161.63
Yucatan,2021-08,20.9674,-89.5926,32.99,23.76,38.2,28.22,124.3,149.19
Yucatan,2021-09,20.9674,-89.5926,32.52,23.7,37.63,28.15,73.5,130.83
Yucatan,2021-10,20.9674,-89.5926,32.9,23.12,37.4,27.31,69.0,129.68
Yucatan,2021-11,20.9674,-89.5926,29.81,19.46,31.84,21.42,20.7,108.0
Yucatan,2021-12,20.9674,-89.5926,30.82,20.07,32.53,22.41,49.1,112.72
Yucatan,2022-01,20.9674,-89.5926,27.94,18.64,29.32,19.95,33.8,102.06
Yucatan,2022-02,20.9674,-89.5926,29.6,19.56,31.3,21.33,62.3,112.34
Yucatan,2022-03,20.9674,-89.5926,32.62,20.77,34.39,22.51,38.0,164.72
Yucatan,2022-04,20.9674,-89.5926,35.49,22.53,37.78,24.9,29.9,182.61
Yucatan,2022-05,20.9674,-89.5926,35.35,23.45,38.63,26.46,93.1,185.17
Yucatan,2022-06,20.9674,-89.5926,32.97,22.97,37.98,26.97,148.3,147.12
Yucatan,2022-07,20.9674,-89.5926,35.01,23.64,39.39,27.86,129.9,164.05
Yucatan,2022-08,20.9674,-89.5926,34.11,23.33,39.54,27.78,199.6,153.4
Yucatan,2022-09,20.9674,-89.5926,32.46,22.97,37.86,27.0,121.1,131.44
Yucatan,2022-10,20.9674,-89.5926,31.69,21.56,35.26,24.65,76.1,125.07
Yucatan,2022-11,20.9674,-89.5926,31.22,21.61,34.73,24.98,62.7,105.63
Yucatan,2022-12,20.9674,-89.5926,29.11,19.91,31.39,22.13,54.3,98.39
Yucatan,2023-01,20.9674,-89.5926,29.77,19.75,31.64,21.64,29.9,113.68
Yucatan,2023-02,20.9674,-89.5926,30.84,20.2,32.34,22.02,14.6,126.48
Yucatan,2023-03,20.9674,-89.5926,33.66,21.56,35.35,23.68,18.0,171.69
Yucatan,2023-04,20.9674,-89.5926,35.63,22.51,37.95,25.02,15.3,190.1
Yucatan,2023-05,20.9674,-89.5926,36.52,23.59,39.64,27.11,16.7,192.48
Yucatan,2023-06,20.9674,-89.5926,37.63,24.81,41.49,29.08,41.2,192.98
Yucatan,2023-07,20.9674,-89.5926,35.71,24.77,40.7,29.54,67.8,170.03
Yucatan,2023-08,20.9674,-89.5926,35.12,24.64,40.56,29.65,78.1,162.01
Yucatan,2023-09,20.9674,-89.5926,35.21,24.12,40.98,29.01,87.6,146.97
Yucatan,2023-10,20.9674,-89.5926,33.37,23.08,37.38,26.85,57.6,136.79
Yucatan,2023-11,20.9674,-89.5926,30.76,22.17,33.43,25.16,68.1,107.49
Yucatan,2023-12,20.9674,-89.5926,28.55,19.65,30.18,21.5,63.5,96.47
Yucatan,2024-01,20.9674,-89.5926,29.13,20.32,31.26,22.31,38.4,99.67
Yucatan,2024-02,20.9674,-89.5926,29.77,17.92,30.92,18.73,7.8,129.01
Yucatan,2024-03,20.9674,-89.5926,34.94,22.54,37.38,24.99,8.9,175.96
Yucatan,2024-04,20.9674,-89.5926,36.21,22.93,38.51,25.26,23.6,196.74
Yucatan,2024-05,20.9674,-89.5926,40.49,26.03,42.89,29.55,2.9,239.0
Yucatan,2024-06,20.9674,-89.5926,34.64,25.16,39.92,29.57,282.3,146.04
Yucatan,2024-07,20.9674,-89.5926,33.75,24.27,39.32,28.83,150.2,155.41
Yucatan,2024-08,20.9674,-89.5926,34.06,24.05,40.61,29.08,197.6,148.26
Yucatan,2024-09,20.9674,-89.5926,33.31,24.36,39.94,29.38,147.5,131.18
Yucatan,2024-10,20.9674,-89.5926,30.24,22.73,34.53,26.1,171.0,106.74
Yucatan,2024-11,20.9674,-89.5926,30.51,21.94,34.04,25.23,30.0,106.75
Yucatan,2024-12,20.9674,-89.5926,28.51,20.1,30.62,22.03,34.3,97.45
Yucatan,2025-01,20.9674,-89.5926,28.41,19.95,30.26,21.52,13.4,104.75
Yucatan,2025-02,20.9674,-89.5926,31.63,21.11,33.8,23.24,32.4,122.02
Yucatan,2025-03,20.9674,-89.5926,34.21,21.53,36.16,23.12,6.5,182.51
Yucatan,2025-04,20.9674,-89.5926,34.86,22.46,35.98,24.0,5.0,202.69
Yucatan,2025-05,20.9674,-89.5926,38.08,25.18,40.61,28.55,16.7,221.46
Yucatan,2025-06,20.9674,-89.5926,35.39,24.9,39.28,28.79,122.9,173.44
Yucatan,2025-07,20.9674,-89.5926,35.22,24.65,39.51,29.03,74.5,177.19
Yucatan,2025-08,20.9674,-89.5926,34.25,24.45,39.92,29.24,116.2,160.73
Yucatan,2025-09,20.9674,-89.5926,33.38,24.21,39.56,29.16,128.7,139.9
Yucatan,2025-10,20.9674,-89.5926,31.44,23.12,36.09,27.14,77.7,125.67
Yucatan,2025-11,20.9674,-89.5926,29.94,21.33,32.38,23.89,37.0,109.45
Yucatan,2025-12,20.9674,-89.5926,29.48,20.95,31.94,23.43,44.3,100.01
Yucatan,2026-01,20.9674,-89.5926,27.45,18.51,28.66,19.65,17.0,102.44
Yucatan,2026-02,20.9674,-89.5926,29.2,17.99,29.76,18.67,4.0,124.48
Yucatan,2026-03,20.9674,-89.5926,31.78,21.14,33.55,23.35,29.7,156.8
Yucatan,2026-04,20.9674,-89.5926,34.39,22.52,36.93,25.23,30.9,176.31
Yucatan,2026-05,20.9674,-89.5926,36.06,25.19,39.95,28.8,165.2,188.05
Yucatan,2026-06,20.9674,-89.5926,34.31,24.99,39.04,28.98,151.3,168.92
Zacatecas,2020-01,22.7709,-102.5832,16.11,3.95,12.13,0.25,31.8,98.84
Zacatecas,2020-02,22.7709,-102.5832,18.65,5.59,14.74,1.54,28.4,117.75
Zacatecas,2020-03,22.7709,-102.5832,23.89,9.58,20.89,6.25,7.0,169.92
Zacatecas,2020-04,22.7709,-102.5832,25.83,11.31,21.63,7.07,6.8,222.11
Zacatecas,2020-05,22.7709,-102.5832,25.06,10.85,22.48,7.74,17.8,200.33
Zacatecas,2020-06,22.7709,-102.5832,24.93,11.93,23.42,10.58,93.1,165.01
Zacatecas,2020-07,22.7709,-102.5832,22.39,11.66,21.78,10.43,192.4,143.6
Zacatecas,2020-08,22.7709,-102.5832,21.68,11.13,20.53,9.84,58.6,139.58
Zacatecas,2020-09,22.7709,-102.5832,20.77,10.53,19.37,8.8,64.6,121.28
Zacatecas,2020-10,22.7709,-102.5832,22.75,8.55,19.95,5.65,1.3,155.76
Zacatecas,2020-11,22.7709,-102.5832,21.0,7.28,17.27,3.82,0.5,126.1
Zacatecas,2020-12,22.7709,-102.5832,17.4,5.15,12.8,1.0,11.6,112.45
Zacatecas,2021-01,22.7709,-102.5832,18.03,4.53,13.35,0.18,2.6,122.53
Zacatecas,2021-02,22.7709,-102.5832,20.9,6.3,16.38,1.5,0.0,148.28
Zacatecas,2021-03,22.7709,-102.5832,24.09,8.42,20.14,4.15,0.5,196.9
Zacatecas,2021-04,22.7709,-102.5832,24.94,9.88,20.82,5.44,6.6,213.88
Zacatecas,2021-05,22.7709,-102.5832,24.88,10.78,22.8,8.35,36.1,183.37
Zacatecas,2021-06,22.7709,-102.5832,21.72,11.15,20.22,9.45,127.5,140.47
Zacatecas,2021-07,22.7709,-102.5832,20.1,11.03,19.79,9.63,212.1,119.89
Zacatecas,2021-08,22.7709,-102.5832,21.48,10.76,20.24,9.15,97.6,137.83
Zacatecas,2021-09,22.7709,-102.5832,19.21,10.54,19.15,9.33,158.4,100.79
Zacatecas,2021-10,22.7709,-102.5832,20.35,9.01,19.01,6.78,47.2,117.81
Zacatecas,2021-11,22.7709,-102.5832,19.19,6.18,16.13,2.96,2.8,112.38
Zacatecas,2021-12,22.7709,-102.5832,19.47,6.36,15.47,2.5,4.6,119.04
Zacatecas,2022-01,22.7709,-102.5832,18.33,5.37,13.75,1.38,1.7,119.38
Zacatecas,2022-02,22.7709,-102.5832,18.77,4.86,14.7,0.78,10.6,125.16
Zacatecas,2022-03,22.7709,-102.5832,22.59,7.03,17.89,2.11,0.7,202.5
Zacatecas,2022-04,22.7709,-102.5832,25.28,9.89,22.2,6.09,28.6,201.16
Zacatecas,2022-05,22.7709,-102.5832,27.36,12.0,24.53,9.06,8.2,224.33
Zacatecas,2022-06,22.7709,-102.5832,24.74,11.4,22.39,9.5,29.2,169.79
Zacatecas,2022-07,22.7709,-102.5832,23.38,11.27,22.35,10.01,62.0,161.95
Zacatecas,2022-08,22.7709,-102.5832,22.46,10.93,21.94,9.78,133.6,147.24
Zacatecas,2022-09,22.7709,-102.5832,20.38,10.04,18.97,8.11,55.9,120.01
Zacatecas,2022-10,22.7709,-102.5832,20.48,8.82,18.41,6.1,55.7,123.23
Zacatecas,2022-11,22.7709,-102.5832,20.61,7.62,16.76,4.07,20.8,128.44
Zacatecas,2022-12,22.7709,-102.5832,18.3,5.52,13.85,1.63,0.0,117.36
Zacatecas,2023-01,22.7709,-102.5832,18.33,5.1,13.42,0.75,4.1,130.32
Zacatecas,2023-02,22.7709,-102.5832,20.76,6.01,16.66,1.72,0.0,136.41
Zacatecas,2023-03,22.7709,-102.5832,23.78,8.51,19.42,3.96,0.2,203.12
Zacatecas,2023-04,22.7709,-102.5832,24.5,9.69,20.5,5.69,8.5,205.44
Zacatecas,2023-05,22.7709,-102.5832,25.34,11.09,22.15,8.33,13.0,205.68
Zacatecas,2023-06,22.7709,-102.5832,29.18,13.77,26.36,11.04,8.1,225.22
Zacatecas,2023-07,22.7709,-102.5832,24.4,11.95,23.2,10.83,74.9,174.39
Zacatecas,2023-08,22.7709,-102.5832,24.27,11.85,22.68,10.68,57.3,163.18
Zacatecas,2023-09,22.7709,-102.5832,24.82,11.82,23.03,10.41,13.5,165.3
Zacatecas,2023-10,22.7709,-102.5832,21.03,9.92,19.01,7.87,52.6,117.22
Zacatecas,2023-11,22.7709,-102.5832,18.59,7.16,16.22,4.16,42.8,99.81
Zacatecas,2023-12,22.7709,-102.5832,14.68,4.62,11.22,1.3,18.6,79.32
Zacatecas,2024-01,22.7709,-102.5832,17.76,5.82,12.36,1.46,1.6,125.64
Zacatecas,2024-02,22.7709,-102.5832,19.1,5.79,14.95,1.68,42.2,130.53
Zacatecas,2024-03,22.7709,-102.5832,22.67,7.9,16.97,3.29,0.0,205.67
Zacatecas,2024-04,22.7709,-102.5832,25.45,10.12,20.85,6.22,0.0,211.91
Zacatecas,2024-05,22.7709,-102.5832,29.57,14.65,26.49,11.06,2.5,243.47
Zacatecas,2024-06,22.7709,-102.5832,25.92,13.34,23.95,11.76,75.8,174.78
Zacatecas,2024-07,22.7709,-102.5832,20.95,11.33,20.86,10.3,211.4,130.7
Zacatecas,2024-08,22.7709,-102.5832,23.15,11.21,22.12,10.22,56.4,157.97
Zacatecas,2024-09,22.7709,-102.5832,21.12,11.44,20.72,10.43,88.5,118.92
Zacatecas,2024-10,22.7709,-102.5832,20.7,8.37,18.21,6.27,6.5,127.52
Zacatecas,2024-11,22.7709,-102.5832,22.6,9.28,19.52,6.31,0.0,127.91
Zacatecas,2024-12,22.7709,-102.5832,19.15,6.47,15.76,3.3,11.7,107.2
Zacatecas,2025-01,22.7709,-102.5832,17.78,6.08,12.97,1.86,17.2,117.98
Zacatecas,2025-02,22.7709,-102.5832,21.88,7.8,18.01,4.08,0.6,141.84
Zacatecas,2025-03,22.7709,-102.5832,23.47,7.92,19.05,3.5,0.1,206.9
Zacatecas,2025-04,22.7709,-102.5832,24.54,9.29,21.03,5.37,3.6,206.59
Zacatecas,2025-05,22.7709,-102.5832,26.35,12.62,24.25,9.7,26.9,204.59
Zacatecas,2025-06,22.7709,-102.5832,23.66,11.71,22.96,10.58,102.3,151.24
Zacatecas,2025-07,22.7709,-102.5832,21.33,10.65,21.35,9.59,164.1,141.06
Zacatecas,2025-08,22.7709,-102.5832,21.89,10.77,21.73,9.82,118.1,141.9
Zacatecas,2025-09,22.7709,-102.5832,20.9,11.15,20.81,10.37,158.9,118.76
Zacatecas,2025-10,22.7709,-102.5832,21.21,9.52,19.6,7.7,15.5,123.39
Zacatecas,2025-11,22.7709,-102.5832,20.55,7.85,17.57,4.84,1.1,119.47
Zacatecas,2025-12,22.7709,-102.5832,18.4,6.72,14.98,4.02,8.0,98.1
Zacatecas,2026-01,22.7709,-102.5832,17.5,5.76,13.7,2.16,19.9,104.84
Zacatecas,2026-02,22.7709,-102.5832,21.86,6.66,18.63,3.29,0.7,134.26
Zacatecas,2026-03,22.7709,-102.5832,22.21,8.14,19.21,4.95,18.5,174.36
Zacatecas,2026-04,22.7709,-102.5832,25.53,10.72,22.99,8.09,38.2,187.39
Zacatecas,2026-05,22.7709,-102.5832,25.71,12.65,23.51,10.43,38.9,194.89
Zacatecas,2026-06,22.7709,-102.5832,22.26,12.02,22.25,11.07,199.6,140.05
