municipio,anio,temp_max,temp_min,temp_app_max,temp_app_min,lluvia_acumulada,evapotranspiracion,latitud,longitud
Abejones,2020,15.02,7.25,14.74,4.95,664.7,475.68,17.2608708,-96.3629427
Abejones,2021,14.65,7.04,14.49,4.89,697.7,468.33,17.2608708,-96.3629427
Abejones,2022,14.98,6.76,14.38,4.41,585.8,484.38,17.2608708,-96.3629427
Abejones,2023,15.76,7.62,15.59,5.7,527.0,504.34,17.2608708,-96.3629427
Abejones,2024,16.92,8.2,16.44,6.22,474.5,534.86,17.2608708,-96.3629427
Abejones,2025,15.93,6.64,15.35,4.79,740.2,491.62,17.2608708,-96.3629427
Abejones,2026,15.82,5.56,15.26,3.36,305.9,256.42,17.2608708,-96.3629427
Acatlán de Pérez Figueroa,2020,29.87,21.38,34.54,24.56,915.5,556.36,18.3218828,-96.3627396
Acatlán de Pérez Figueroa,2021,29.67,21.39,34.4,24.74,876.7,553.68,18.3218828,-96.3627396
Acatlán de Pérez Figueroa,2022,29.92,20.78,34.71,23.7,1047.4,559.96,18.3218828,-96.3627396
Acatlán de Pérez Figueroa,2023,31.07,21.78,36.4,25.26,687.2,593.89,18.3218828,-96.3627396
Acatlán de Pérez Figueroa,2024,31.32,21.71,36.58,25.1,844.4,590.45,18.3218828,-96.3627396
Acatlán de Pérez Figueroa,2025,30.26,21.14,35.04,24.31,1017.2,580.18,18.3218828,-96.3627396
Acatlán de Pérez Figueroa,2026,30.02,20.43,34.06,23.41,458.9,289.79,18.3218828,-96.3627396
Asunción Cacalotepec,2020,25.06,17.86,27.55,19.03,815.2,491.1,17.0206951,-95.5723622
Asunción Cacalotepec,2021,24.75,17.73,27.46,19.1,912.0,469.34,17.0206951,-95.5723622
Asunción Cacalotepec,2022,25.04,17.43,27.55,18.52,795.5,497.59,17.0206951,-95.5723622
Asunción Cacalotepec,2023,26.38,18.47,29.38,20.07,577.7,538.2,17.0206951,-95.5723622
Asunción Cacalotepec,2024,27.51,18.54,30.17,19.92,634.9,579.53,17.0206951,-95.5723622
Asunción Cacalotepec,2025,26.63,17.31,29.05,18.63,761.1,541.33,17.0206951,-95.5723622
Asunción Cacalotepec,2026,25.78,16.4,27.88,17.55,419.5,264.27,17.0206951,-95.5723622
Asunción Cuyotepeji,2020,21.47,9.43,20.59,8.02,289.1,586.29,17.5551242,-97.4027669
Asunción Cuyotepeji,2021,20.98,9.23,20.24,7.84,369.5,570.36,17.5551242,-97.4027669
Asunción Cuyotepeji,2022,21.54,8.91,20.45,7.4,271.1,602.15,17.5551242,-97.4027669
Asunción Cuyotepeji,2023,22.67,9.67,22.05,8.52,271.0,617.45,17.5551242,-97.4027669
Asunción Cuyotepeji,2024,23.54,9.84,22.8,8.65,324.0,643.55,17.5551242,-97.4027669
Asunción Cuyotepeji,2025,21.92,9.4,21.34,8.49,279.5,597.35,17.5551242,-97.4027669
Asunción Cuyotepeji,2026,22.51,8.83,21.26,7.66,230.0,307.49,17.5551242,-97.4027669
Asunción Ixtaltepec,2020,31.53,24.26,33.54,25.98,191.9,820.75,16.3013823,-95.0325362
Asunción Ixtaltepec,2021,30.89,23.97,33.07,25.88,686.9,766.03,16.3013823,-95.0325362
Asunción Ixtaltepec,2022,31.06,23.88,33.21,25.67,434.1,785.56,16.3013823,-95.0325362
Asunción Ixtaltepec,2023,32.68,24.91,35.02,27.2,266.3,847.24,16.3013823,-95.0325362
Asunción Ixtaltepec,2024,31.47,24.32,34.17,26.72,834.1,775.65,16.3013823,-95.0325362
Asunción Ixtaltepec,2025,31.83,24.5,33.74,25.87,509.6,848.84,16.3013823,-95.0325362
Asunción Ixtaltepec,2026,31.77,23.8,32.69,24.64,244.8,447.41,16.3013823,-95.0325362
Asunción Nochixtlán,2020,24.13,11.96,23.65,11.52,259.1,623.1,17.2732171,-97.1330715
Asunción Nochixtlán,2021,23.71,11.69,23.39,11.3,396.7,601.08,17.2732171,-97.1330715
Asunción Nochixtlán,2022,24.12,11.44,23.62,10.93,255.8,628.53,17.2732171,-97.1330715
Asunción Nochixtlán,2023,25.45,12.53,25.45,12.43,247.1,649.68,17.2732171,-97.1330715
Asunción Nochixtlán,2024,26.33,12.67,26.09,12.6,296.8,679.87,17.2732171,-97.1330715
Asunción Nochixtlán,2025,24.56,12.25,24.63,12.3,303.3,636.65,17.2732171,-97.1330715
Asunción Nochixtlán,2026,25.06,11.6,24.53,11.44,178.5,333.6,17.2732171,-97.1330715
Asunción Ocotlán,2020,29.3,14.77,29.47,15.19,200.3,693.35,16.4533045,-96.4316772
Asunción Ocotlán,2021,28.95,14.6,29.06,15.07,238.1,685.32,16.4533045,-96.4316772
Asunción Ocotlán,2022,29.35,14.19,29.35,14.44,182.4,713.7,16.4533045,-96.4316772
Asunción Ocotlán,2023,30.72,15.41,30.85,16.09,113.4,741.31,16.4533045,-96.4316772
Asunción Ocotlán,2024,30.49,15.23,30.83,15.85,225.4,735.98,16.4533045,-96.4316772
Asunción Ocotlán,2025,29.48,14.86,29.84,15.59,285.5,707.41,16.4533045,-96.4316772
Asunción Ocotlán,2026,29.71,13.87,29.54,14.35,154.9,368.08,16.4533045,-96.4316772
Asunción Tlacolulita,2020,31.13,22.03,33.14,22.73,518.3,780.74,16.1800947,-95.4334699
Asunción Tlacolulita,2021,30.67,21.58,32.66,22.63,555.5,744.54,16.1800947,-95.4334699
Asunción Tlacolulita,2022,30.55,21.53,32.63,22.18,538.6,769.04,16.1800947,-95.4334699
Asunción Tlacolulita,2023,31.99,22.26,34.34,23.76,382.3,768.12,16.1800947,-95.4334699
Asunción Tlacolulita,2024,31.11,21.34,33.69,22.98,716.1,714.57,16.1800947,-95.4334699
Asunción Tlacolulita,2025,31.3,21.53,33.46,22.83,460.0,756.8,16.1800947,-95.4334699
Asunción Tlacolulita,2026,31.63,21.08,32.76,21.6,247.0,406.21,16.1800947,-95.4334699
Ayoquezco de Aldama,2020,26.66,13.4,26.2,13.23,250.3,665.06,16.4108396,-96.5035212
Ayoquezco de Aldama,2021,26.37,13.18,25.8,13.13,232.9,662.0,16.4108396,-96.5035212
Ayoquezco de Aldama,2022,26.79,12.73,26.14,12.41,163.1,692.42,16.4108396,-96.5035212
Ayoquezco de Aldama,2023,28.16,13.89,27.62,14.01,163.7,719.54,16.4108396,-96.5035212
Ayoquezco de Aldama,2024,28.16,13.78,27.82,13.87,207.4,705.65,16.4108396,-96.5035212
Ayoquezco de Aldama,2025,27.31,13.19,27.05,13.4,248.8,683.05,16.4108396,-96.5035212
Ayoquezco de Aldama,2026,27.56,12.07,26.76,11.95,162.5,356.46,16.4108396,-96.5035212
Ayotzintepec,2020,21.56,12.69,23.64,12.8,1287.2,462.72,17.4036151,-96.0759775
Ayotzintepec,2021,21.25,12.64,23.41,12.82,1239.9,449.17,17.4036151,-96.0759775
Ayotzintepec,2022,21.43,12.25,23.5,12.29,1086.3,473.34,17.4036151,-96.0759775
Ayotzintepec,2023,22.35,13.11,24.82,13.34,997.9,506.49,17.4036151,-96.0759775
Ayotzintepec,2024,23.38,13.19,25.93,13.36,845.6,525.43,17.4036151,-96.0759775
Ayotzintepec,2025,22.38,13.07,24.38,13.42,1200.7,505.87,17.4036151,-96.0759775
Ayotzintepec,2026,21.23,11.78,23.05,11.84,603.1,243.79,17.4036151,-96.0759775
Calihualá,2020,17.94,7.55,17.71,5.6,532.1,506.73,17.3158287,-98.1642154
Calihualá,2021,17.48,7.21,17.21,5.42,710.0,485.08,17.3158287,-98.1642154
Calihualá,2022,17.66,6.91,17.32,5.03,596.3,502.33,17.3158287,-98.1642154
Calihualá,2023,18.27,7.55,18.41,6.0,617.6,510.5,17.3158287,-98.1642154
Calihualá,2024,18.85,7.9,18.63,6.18,600.7,533.79,17.3158287,-98.1642154
Calihualá,2025,17.93,7.7,17.79,6.16,547.6,495.76,17.3158287,-98.1642154
Calihualá,2026,18.56,7.23,18.17,5.69,207.3,260.46,17.3158287,-98.1642154
Candelaria Loxicha,2020,28.88,27.18,33.81,30.24,336.7,683.36,15.5534804,-96.2930908
Candelaria Loxicha,2021,28.51,26.8,33.4,30.0,422.3,657.7,15.5534804,-96.2930908
Candelaria Loxicha,2022,28.61,26.8,33.41,29.67,349.8,688.81,15.5534804,-96.2930908
Candelaria Loxicha,2023,29.53,27.52,34.66,31.07,187.2,713.88,15.5534804,-96.2930908
Candelaria Loxicha,2024,28.78,26.64,33.6,29.95,500.8,647.76,15.5534804,-96.2930908
Candelaria Loxicha,2025,29.08,26.73,34.14,30.02,400.6,665.89,15.5534804,-96.2930908
Candelaria Loxicha,2026,29.07,26.74,33.75,29.77,185.3,354.89,15.5534804,-96.2930908
Capulálpam de Méndez,2020,23.13,12.65,24.16,12.12,599.2,534.36,17.1823115,-96.2645527
Capulálpam de Méndez,2021,22.78,12.33,24.03,11.79,607.4,523.49,17.1823115,-96.2645527
Capulálpam de Méndez,2022,23.29,11.95,24.24,11.26,468.0,549.41,17.1823115,-96.2645527
Capulálpam de Méndez,2023,24.74,13.03,26.02,12.67,284.2,586.08,17.1823115,-96.2645527
Capulálpam de Méndez,2024,26.06,13.48,27.09,13.02,371.8,617.57,17.1823115,-96.2645527
Capulálpam de Méndez,2025,24.43,13.66,25.46,13.49,459.4,578.0,17.1823115,-96.2645527
Capulálpam de Méndez,2026,23.86,12.58,24.58,12.12,205.0,288.85,17.1823115,-96.2645527
Chahuites,2020,32.32,23.53,36.5,27.28,321.4,691.91,16.1715392,-94.1144966
Chahuites,2021,32.0,23.43,36.13,27.14,731.1,675.62,16.1715392,-94.1144966
Chahuites,2022,32.07,23.17,36.28,26.86,624.2,673.78,16.1715392,-94.1144966
Chahuites,2023,33.56,23.99,38.1,27.79,536.5,709.38,16.1715392,-94.1144966
Chahuites,2024,33.2,23.29,37.62,26.52,797.6,714.19,16.1715392,-94.1144966
Chahuites,2025,33.52,23.84,37.49,26.75,703.9,762.67,16.1715392,-94.1144966
Chahuites,2026,34.6,23.22,36.75,25.21,384.5,432.25,16.1715392,-94.1144966
Chalcatongo de Hidalgo,2020,26.68,14.22,27.11,14.4,352.7,639.71,17.0155304,-97.3415562
Chalcatongo de Hidalgo,2021,26.3,13.89,26.87,14.08,519.6,623.46,17.0155304,-97.3415562
Chalcatongo de Hidalgo,2022,26.71,13.67,27.18,13.64,423.6,650.86,17.0155304,-97.3415562
Chalcatongo de Hidalgo,2023,27.48,14.09,28.22,14.42,449.9,655.66,17.0155304,-97.3415562
Chalcatongo de Hidalgo,2024,28.06,14.25,28.46,14.53,495.8,678.62,17.0155304,-97.3415562
Chalcatongo de Hidalgo,2025,26.58,13.94,27.33,14.26,523.8,645.08,17.0155304,-97.3415562
Chalcatongo de Hidalgo,2026,27.48,13.67,27.13,13.62,183.6,341.86,17.0155304,-97.3415562
Chiquihuitlán de Benito Juárez,2020,20.23,14.0,22.41,14.41,1885.5,471.79,17.5943582,-96.4443611
Chiquihuitlán de Benito Juárez,2021,19.82,13.95,22.01,14.48,1816.6,463.46,17.5943582,-96.4443611
Chiquihuitlán de Benito Juárez,2022,19.88,13.64,21.81,13.93,1403.2,486.86,17.5943582,-96.4443611
Chiquihuitlán de Benito Juárez,2023,20.75,14.81,23.23,15.45,1230.0,510.61,17.5943582,-96.4443611
Chiquihuitlán de Benito Juárez,2024,22.12,15.45,24.48,16.18,926.4,535.88,17.5943582,-96.4443611
Chiquihuitlán de Benito Juárez,2025,21.14,14.41,23.22,15.01,1474.3,512.87,17.5943582,-96.4443611
Chiquihuitlán de Benito Juárez,2026,20.09,13.45,22.15,13.62,869.1,253.15,17.5943582,-96.4443611
Ciudad Ixtepec,2020,31.73,24.46,33.77,26.22,191.9,823.75,16.3403714,-95.0555365
Ciudad Ixtepec,2021,31.09,24.17,33.31,26.13,686.9,768.86,16.3403714,-95.0555365
Ciudad Ixtepec,2022,31.26,24.08,33.45,25.89,434.1,788.52,16.3403714,-95.0555365
Ciudad Ixtepec,2023,32.88,25.11,35.26,27.44,266.3,850.26,16.3403714,-95.0555365
Ciudad Ixtepec,2024,31.67,24.52,34.41,26.96,834.1,778.67,16.3403714,-95.0555365
Ciudad Ixtepec,2025,32.03,24.7,33.98,26.11,509.6,851.94,16.3403714,-95.0555365
Ciudad Ixtepec,2026,31.97,24.0,32.92,24.88,244.8,449.01,16.3403714,-95.0555365
Ciénega de Zimatlán,2020,25.92,13.44,26.11,13.4,339.2,637.95,16.5349517,-96.4559826
Ciénega de Zimatlán,2021,25.62,13.25,25.68,13.31,549.2,631.31,16.5349517,-96.4559826
Ciénega de Zimatlán,2022,26.3,13.1,26.1,12.9,313.4,662.82,16.5349517,-96.4559826
Ciénega de Zimatlán,2023,27.47,14.08,27.47,14.35,261.6,684.31,16.5349517,-96.4559826
Ciénega de Zimatlán,2024,27.34,14.15,27.45,14.25,352.9,682.0,16.5349517,-96.4559826
Ciénega de Zimatlán,2025,26.18,13.45,26.54,13.64,358.5,650.49,16.5349517,-96.4559826
Ciénega de Zimatlán,2026,26.56,12.77,26.13,12.74,224.8,341.67,16.5349517,-96.4559826
Coatecas Altas,2020,23.31,12.16,22.69,10.98,407.5,600.55,16.3212332,-96.395393
Coatecas Altas,2021,23.08,11.79,22.35,10.69,518.3,598.2,16.3212332,-96.395393
Coatecas Altas,2022,23.47,11.56,22.55,10.31,386.8,622.63,16.3212332,-96.395393
Coatecas Altas,2023,25.15,12.66,24.27,11.78,341.8,656.15,16.3212332,-96.395393
Coatecas Altas,2024,25.63,13.09,24.91,12.04,452.9,662.32,16.3212332,-96.395393
Coatecas Altas,2025,24.39,12.69,23.72,11.97,457.1,632.72,16.3212332,-96.395393
Coatecas Altas,2026,24.76,11.86,23.36,10.52,262.4,335.57,16.3212332,-96.395393
Coicoyán de las Flores,2020,27.51,16.09,30.06,16.57,1097.3,591.39,17.1622434,-98.163394
Coicoyán de las Flores,2021,26.85,15.74,29.49,16.36,1672.4,568.84,17.1622434,-98.163394
Coicoyán de las Flores,2022,27.47,15.0,29.71,15.24,1196.0,593.9,17.1622434,-98.163394
Coicoyán de las Flores,2023,27.99,15.57,30.77,16.22,1193.3,597.09,17.1622434,-98.163394
Coicoyán de las Flores,2024,28.15,15.79,30.87,16.29,1170.1,613.45,17.1622434,-98.163394
Coicoyán de las Flores,2025,28.31,14.77,30.4,15.26,1065.4,583.3,17.1622434,-98.163394
Coicoyán de las Flores,2026,28.95,14.52,30.59,14.93,220.1,307.68,17.1622434,-98.163394
Concepción Buenavista,2020,22.18,10.93,21.74,9.77,299.9,594.17,17.524272,-97.2400839
Concepción Buenavista,2021,21.64,10.51,21.43,9.31,359.0,578.19,17.524272,-97.2400839
Concepción Buenavista,2022,22.06,10.43,21.56,9.17,263.9,604.93,17.524272,-97.2400839
Concepción Buenavista,2023,23.12,10.94,23.05,10.06,239.1,624.24,17.524272,-97.2400839
Concepción Buenavista,2024,24.08,11.15,23.62,10.12,255.6,655.23,17.524272,-97.2400839
Concepción Buenavista,2025,22.04,10.79,21.9,9.91,290.1,607.92,17.524272,-97.2400839
Concepción Buenavista,2026,22.49,9.98,21.77,8.83,205.8,315.47,17.524272,-97.2400839
Concepción Pápalo,2020,16.67,8.68,17.41,7.5,1206.3,464.44,17.5028915,-96.5252897
Concepción Pápalo,2021,16.36,8.62,17.26,7.51,1202.9,459.67,17.5028915,-96.5252897
Concepción Pápalo,2022,16.45,8.48,17.1,7.22,1046.1,476.51,17.5028915,-96.5252897
Concepción Pápalo,2023,17.3,9.25,18.39,8.23,870.1,498.16,17.5028915,-96.5252897
Concepción Pápalo,2024,18.56,9.69,19.45,8.68,751.1,522.63,17.5028915,-96.5252897
Concepción Pápalo,2025,17.65,9.04,18.18,8.01,1066.3,496.77,17.5028915,-96.5252897
Concepción Pápalo,2026,17.29,7.83,17.6,6.46,523.2,253.1,17.5028915,-96.5252897
Constancia del Rosario,2020,18.83,9.12,18.81,7.65,504.0,526.3,17.0216159,-97.5629249
Constancia del Rosario,2021,18.53,8.86,18.38,7.4,720.6,511.5,17.0216159,-97.5629249
Constancia del Rosario,2022,18.63,8.73,18.34,7.03,489.1,528.35,17.0216159,-97.5629249
Constancia del Rosario,2023,19.52,9.27,19.52,7.9,452.9,539.13,17.0216159,-97.5629249
Constancia del Rosario,2024,20.37,9.81,20.36,8.36,430.4,570.21,17.0216159,-97.5629249
Constancia del Rosario,2025,18.78,10.11,18.83,9.0,442.8,527.08,17.0216159,-97.5629249
Constancia del Rosario,2026,18.83,9.23,18.43,7.82,234.1,265.36,17.0216159,-97.5629249
Cosolapa,2020,29.11,21.48,34.14,24.58,985.8,547.06,18.3606433,-96.405659
Cosolapa,2021,28.97,21.55,34.1,24.85,819.2,543.62,18.3606433,-96.405659
Cosolapa,2022,29.26,20.91,34.41,23.73,1139.7,556.02,18.3606433,-96.405659
Cosolapa,2023,30.36,22.06,36.1,25.49,701.7,586.11,18.3606433,-96.405659
Cosolapa,2024,30.65,21.9,36.24,25.2,877.0,582.55,18.3606433,-96.405659
Cosolapa,2025,29.94,21.2,34.96,24.21,1143.6,573.48,18.3606433,-96.405659
Cosolapa,2026,29.82,20.48,33.99,23.37,437.9,283.85,18.3606433,-96.405659
Cosoltepec,2020,24.39,12.01,24.02,11.63,176.6,620.55,18.0831117,-97.4726419
Cosoltepec,2021,23.95,11.56,23.67,11.05,339.1,614.66,18.0831117,-97.4726419
Cosoltepec,2022,24.67,11.55,23.99,10.97,286.5,648.46,18.0831117,-97.4726419
Cosoltepec,2023,26.22,12.41,25.8,12.21,163.9,681.2,18.0831117,-97.4726419
Cosoltepec,2024,26.48,12.46,26.07,12.11,256.7,695.07,18.0831117,-97.4726419
Cosoltepec,2025,25.2,11.64,25.1,11.22,246.0,648.86,18.0831117,-97.4726419
Cosoltepec,2026,25.07,10.8,24.75,10.11,253.2,324.85,18.0831117,-97.4726419
Cuilápam de Guerrero,2020,27.08,13.64,27.31,13.8,273.8,644.6,16.5945605,-96.4650128
Cuilápam de Guerrero,2021,26.58,13.35,26.8,13.58,504.6,632.28,16.5945605,-96.4650128
Cuilápam de Guerrero,2022,27.15,13.13,27.16,13.16,261.0,660.84,16.5945605,-96.4650128
Cuilápam de Guerrero,2023,28.67,14.42,28.72,14.91,172.9,690.17,16.5945605,-96.4650128
Cuilápam de Guerrero,2024,28.34,14.41,28.68,14.87,315.4,684.95,16.5945605,-96.4650128
Cuilápam de Guerrero,2025,27.26,13.61,27.73,13.96,302.4,655.11,16.5945605,-96.4650128
Cuilápam de Guerrero,2026,27.44,12.91,27.13,13.02,214.2,341.17,16.5945605,-96.4650128
Cuyamecalco Villa de Zaragoza,2020,14.91,6.93,15.19,5.35,1206.3,446.12,17.5754299,-96.4952955
Cuyamecalco Villa de Zaragoza,2021,14.62,6.87,15.04,5.36,1202.9,441.47,17.5754299,-96.4952955
Cuyamecalco Villa de Zaragoza,2022,14.7,6.73,14.9,5.07,1046.1,457.42,17.5754299,-96.4952955
Cuyamecalco Villa de Zaragoza,2023,15.55,7.5,16.17,6.07,870.1,479.21,17.5754299,-96.4952955
Cuyamecalco Villa de Zaragoza,2024,16.81,7.93,17.25,6.52,751.1,503.37,17.5754299,-96.4952955
Cuyamecalco Villa de Zaragoza,2025,15.9,7.3,16.02,5.86,1066.3,477.82,17.5754299,-96.4952955
Cuyamecalco Villa de Zaragoza,2026,15.55,6.08,15.46,4.34,523.2,243.46,17.5754299,-96.4952955
El Barrio de la Soledad,2020,32.37,23.78,34.53,25.76,219.1,797.91,16.4814166,-95.0643884
El Barrio de la Soledad,2021,31.64,23.44,34.03,25.64,643.9,744.09,16.4814166,-95.0643884
El Barrio de la Soledad,2022,31.65,23.38,34.03,25.36,469.2,764.17,16.4814166,-95.0643884
El Barrio de la Soledad,2023,33.49,24.32,35.98,26.85,322.0,822.26,16.4814166,-95.0643884
El Barrio de la Soledad,2024,32.59,23.78,35.32,26.44,802.4,765.9,16.4814166,-95.0643884
El Barrio de la Soledad,2025,32.71,24.14,34.56,25.78,498.0,847.26,16.4814166,-95.0643884
El Barrio de la Soledad,2026,32.78,23.36,33.51,24.38,246.1,449.01,16.4814166,-95.0643884
El Espinal,2020,31.53,24.26,33.54,25.98,191.9,820.75,16.2908555,-95.023421
El Espinal,2021,30.89,23.97,33.07,25.88,686.9,766.03,16.2908555,-95.023421
El Espinal,2022,31.06,23.88,33.21,25.67,434.1,785.56,16.2908555,-95.023421
El Espinal,2023,32.68,24.91,35.02,27.2,266.3,847.24,16.2908555,-95.023421
El Espinal,2024,31.47,24.32,34.17,26.72,834.1,775.65,16.2908555,-95.023421
El Espinal,2025,31.83,24.5,33.74,25.87,509.6,848.84,16.2908555,-95.023421
El Espinal,2026,31.77,23.8,32.69,24.64,244.8,447.41,16.2908555,-95.023421
Eloxochitlán de Flores Magón,2020,28.05,21.79,32.45,24.79,970.2,523.95,18.1036771,-96.5233927
Eloxochitlán de Flores Magón,2021,27.71,21.66,32.4,24.78,1036.2,517.25,18.1036771,-96.5233927
Eloxochitlán de Flores Magón,2022,28.05,21.19,32.5,23.89,949.9,531.88,18.1036771,-96.5233927
Eloxochitlán de Flores Magón,2023,29.3,22.19,34.34,25.44,685.0,558.46,18.1036771,-96.5233927
Eloxochitlán de Flores Magón,2024,29.49,22.09,34.61,25.31,734.2,559.31,18.1036771,-96.5233927
Eloxochitlán de Flores Magón,2025,29.43,21.04,33.89,23.8,995.3,559.59,18.1036771,-96.5233927
Eloxochitlán de Flores Magón,2026,28.74,20.01,32.79,22.4,422.4,270.7,18.1036771,-96.5233927
Fresnillo de Trujano,2020,27.64,14.34,28.21,14.26,234.3,659.8,17.5428845,-98.0810684
Fresnillo de Trujano,2021,26.98,13.99,27.61,13.93,422.1,635.49,17.5428845,-98.0810684
Fresnillo de Trujano,2022,27.62,13.63,28.25,13.42,348.8,669.92,17.5428845,-98.0810684
Fresnillo de Trujano,2023,28.41,14.45,29.47,14.62,338.7,677.56,17.5428845,-98.0810684
Fresnillo de Trujano,2024,28.8,14.55,29.8,14.5,440.8,695.68,17.5428845,-98.0810684
Fresnillo de Trujano,2025,27.4,14.45,28.53,14.58,440.6,651.69,17.5428845,-98.0810684
Fresnillo de Trujano,2026,28.23,14.11,28.66,14.08,186.6,343.29,17.5428845,-98.0810684
Guadalupe Etla,2020,17.79,7.97,17.18,5.99,459.5,528.24,17.1017893,-96.4838072
Guadalupe Etla,2021,17.56,7.63,17.0,5.69,638.1,517.32,17.1017893,-96.4838072
Guadalupe Etla,2022,17.96,7.42,17.23,5.45,388.9,542.04,17.1017893,-96.4838072
Guadalupe Etla,2023,18.87,8.05,18.55,6.25,409.1,555.9,17.1017893,-96.4838072
Guadalupe Etla,2024,19.77,8.55,19.16,6.65,394.6,582.52,17.1017893,-96.4838072
Guadalupe Etla,2025,17.97,7.79,17.67,5.88,604.3,529.53,17.1017893,-96.4838072
Guadalupe Etla,2026,18.22,6.69,17.5,4.42,284.5,278.73,17.1017893,-96.4838072
Guadalupe de Ramírez,2020,26.29,13.89,27.06,13.69,317.0,635.79,17.4521782,-98.0951819
Guadalupe de Ramírez,2021,25.85,13.52,26.69,13.36,465.7,611.9,17.4521782,-98.0951819
Guadalupe de Ramírez,2022,26.38,13.39,27.12,13.06,360.7,645.17,17.4521782,-98.0951819
Guadalupe de Ramírez,2023,27.25,14.17,28.53,14.25,329.6,652.8,17.4521782,-98.0951819
Guadalupe de Ramírez,2024,27.84,14.48,28.96,14.36,437.6,676.99,17.4521782,-98.0951819
Guadalupe de Ramírez,2025,26.43,14.43,27.5,14.52,402.6,633.95,17.4521782,-98.0951819
Guadalupe de Ramírez,2026,27.17,14.06,27.58,13.93,207.0,335.28,17.4521782,-98.0951819
Guelatao de Juárez,2020,22.98,13.12,24.44,12.8,797.7,521.08,17.1905424,-96.293726
Guelatao de Juárez,2021,22.63,12.85,24.3,12.45,704.6,512.55,17.1905424,-96.293726
Guelatao de Juárez,2022,23.17,12.27,24.5,11.75,589.1,538.78,17.1905424,-96.293726
Guelatao de Juárez,2023,24.69,13.16,26.41,12.9,397.6,576.06,17.1905424,-96.293726
Guelatao de Juárez,2024,25.96,13.49,27.45,13.11,386.9,602.63,17.1905424,-96.293726
Guelatao de Juárez,2025,24.61,13.16,26.06,12.98,578.1,568.75,17.1905424,-96.293726
Guelatao de Juárez,2026,24.01,11.85,25.08,11.26,241.2,282.21,17.1905424,-96.293726
Guevea de Humboldt,2020,31.63,21.89,33.85,24.07,236.8,724.8,16.4733411,-95.2205001
Guevea de Humboldt,2021,31.12,21.7,33.46,24.03,612.2,691.12,16.4733411,-95.2205001
Guevea de Humboldt,2022,31.06,21.51,33.48,23.66,483.0,699.44,16.4733411,-95.2205001
Guevea de Humboldt,2023,32.78,22.4,35.14,25.05,335.2,747.98,16.4733411,-95.2205001
Guevea de Humboldt,2024,31.85,21.69,34.3,24.41,651.6,706.52,16.4733411,-95.2205001
Guevea de Humboldt,2025,31.93,21.93,33.95,24.25,437.3,738.55,16.4733411,-95.2205001
Guevea de Humboldt,2026,31.78,21.02,32.96,22.7,271.3,386.15,16.4733411,-95.2205001
Heroica Ciudad de Ejutla de Crespo,2020,24.46,13.3,24.15,12.41,407.5,616.65,16.3351392,-96.4354842
Heroica Ciudad de Ejutla de Crespo,2021,24.23,12.94,23.8,12.12,518.3,614.13,16.3351392,-96.4354842
Heroica Ciudad de Ejutla de Crespo,2022,24.62,12.7,24.0,11.74,386.8,639.3,16.3351392,-96.4354842
Heroica Ciudad de Ejutla de Crespo,2023,26.29,13.82,25.72,13.23,341.8,672.89,16.3351392,-96.4354842
Heroica Ciudad de Ejutla de Crespo,2024,26.77,14.24,26.36,13.48,452.9,678.53,16.3351392,-96.4354842
Heroica Ciudad de Ejutla de Crespo,2025,25.54,13.84,25.17,13.41,457.1,649.02,16.3351392,-96.4354842
Heroica Ciudad de Ejutla de Crespo,2026,25.92,13.01,24.76,11.92,262.4,343.98,16.3351392,-96.4354842
Heroica Ciudad de Huajuapan de León,2020,20.62,9.16,19.81,7.24,334.8,569.33,17.4824614,-97.4634449
Heroica Ciudad de Huajuapan de León,2021,20.32,8.87,19.68,7.01,452.2,560.47,17.4824614,-97.4634449
Heroica Ciudad de Huajuapan de León,2022,20.71,8.57,19.71,6.54,350.0,579.78,17.4824614,-97.4634449
Heroica Ciudad de Huajuapan de León,2023,21.67,9.09,21.16,7.48,303.6,594.19,17.4824614,-97.4634449
Heroica Ciudad de Huajuapan de León,2024,22.66,9.56,21.88,7.98,375.2,628.75,17.4824614,-97.4634449
Heroica Ciudad de Huajuapan de León,2025,20.91,9.17,20.54,7.74,371.3,573.65,17.4824614,-97.4634449
Heroica Ciudad de Huajuapan de León,2026,21.42,8.56,20.48,6.83,243.0,298.72,17.4824614,-97.4634449
Heroica Ciudad de Tlaxiaco,2020,25.93,13.68,26.18,13.41,226.3,633.76,17.1602891,-97.404977
Heroica Ciudad de Tlaxiaco,2021,25.5,13.43,25.79,13.08,307.7,622.26,17.1602891,-97.404977
Heroica Ciudad de Tlaxiaco,2022,26.06,13.11,26.18,12.61,192.7,651.78,17.1602891,-97.404977
Heroica Ciudad de Tlaxiaco,2023,27.04,13.87,27.41,13.8,219.8,660.84,17.1602891,-97.404977
Heroica Ciudad de Tlaxiaco,2024,27.57,13.95,27.8,13.67,303.6,680.15,17.1602891,-97.404977
Heroica Ciudad de Tlaxiaco,2025,26.01,14.21,26.44,14.19,240.1,649.51,17.1602891,-97.404977
Heroica Ciudad de Tlaxiaco,2026,26.77,13.93,26.15,13.69,134.1,342.26,17.1602891,-97.404977
"Heroica Villa Tezoatlán de Segura y Luna, Cuna de la Independencia de Oaxaca",2020,20.48,8.88,20.04,6.98,354.9,565.74,17.3916079,-97.4830016
"Heroica Villa Tezoatlán de Segura y Luna, Cuna de la Independencia de Oaxaca",2021,20.16,8.6,19.94,6.77,486.4,558.52,17.3916079,-97.4830016
"Heroica Villa Tezoatlán de Segura y Luna, Cuna de la Independencia de Oaxaca",2022,20.46,8.33,19.98,6.39,339.5,574.45,17.3916079,-97.4830016
"Heroica Villa Tezoatlán de Segura y Luna, Cuna de la Independencia de Oaxaca",2023,21.32,8.98,21.22,7.34,365.5,587.51,17.3916079,-97.4830016
"Heroica Villa Tezoatlán de Segura y Luna, Cuna de la Independencia de Oaxaca",2024,22.29,9.54,21.87,7.83,382.1,621.5,17.3916079,-97.4830016
"Heroica Villa Tezoatlán de Segura y Luna, Cuna de la Independencia de Oaxaca",2025,20.39,9.08,20.47,7.52,402.4,566.58,17.3916079,-97.4830016
"Heroica Villa Tezoatlán de Segura y Luna, Cuna de la Independencia de Oaxaca",2026,21.03,8.44,20.38,6.67,229.6,296.37,17.3916079,-97.4830016
Huautepec,2020,28.9,22.65,33.75,26.06,970.2,533.51,18.0607121,-96.4750275
Huautepec,2021,28.56,22.51,33.72,26.05,1036.2,526.86,18.0607121,-96.4750275
Huautepec,2022,28.9,22.04,33.8,25.15,949.9,541.76,18.0607121,-96.4750275
Huautepec,2023,30.15,23.04,35.67,26.72,685.0,568.49,18.0607121,-96.4750275
Huautepec,2024,30.34,22.95,35.96,26.59,734.2,569.33,18.0607121,-96.4750275
Huautepec,2025,30.27,21.89,35.19,25.05,995.3,569.51,18.0607121,-96.4750275
Huautepec,2026,29.59,20.86,34.07,23.64,422.4,275.52,18.0607121,-96.4750275
Huautla de Jiménez,2020,28.05,21.79,32.45,24.79,970.2,523.79,18.0749358,-96.5046182
Huautla de Jiménez,2021,27.71,21.66,32.4,24.78,1036.2,517.11,18.0749358,-96.5046182
Huautla de Jiménez,2022,28.05,21.19,32.5,23.89,949.9,531.73,18.0749358,-96.5046182
Huautla de Jiménez,2023,29.3,22.19,34.34,25.44,685.0,558.35,18.0749358,-96.5046182
Huautla de Jiménez,2024,29.49,22.09,34.61,25.31,734.2,559.16,18.0749358,-96.5046182
Huautla de Jiménez,2025,29.43,21.04,33.89,23.8,995.3,559.43,18.0749358,-96.5046182
Huautla de Jiménez,2026,28.74,20.01,32.79,22.4,422.4,270.65,18.0749358,-96.5046182
Ixpantepec Nieves,2020,23.35,13.58,25.14,13.47,928.2,558.21,17.302407,-98.0241502
Ixpantepec Nieves,2021,22.73,13.18,24.54,13.19,1118.5,534.86,17.302407,-98.0241502
Ixpantepec Nieves,2022,23.03,12.84,24.62,12.72,916.1,553.44,17.302407,-98.0241502
Ixpantepec Nieves,2023,23.37,13.33,25.52,13.51,925.1,557.43,17.302407,-98.0241502
Ixpantepec Nieves,2024,23.86,13.82,25.74,13.89,833.7,584.07,17.302407,-98.0241502
Ixpantepec Nieves,2025,23.57,13.21,25.25,13.3,915.5,548.49,17.302407,-98.0241502
Ixpantepec Nieves,2026,23.75,12.63,24.91,12.6,278.5,284.36,17.302407,-98.0241502
Ixtlán de Juárez,2020,22.53,12.05,23.36,11.33,599.2,527.52,17.1953503,-96.2916086
Ixtlán de Juárez,2021,22.18,11.73,23.23,11.01,607.4,516.73,17.1953503,-96.2916086
Ixtlán de Juárez,2022,22.69,11.35,23.44,10.49,468.0,542.33,17.1953503,-96.2916086
Ixtlán de Juárez,2023,24.14,12.43,25.22,11.88,284.2,578.88,17.1953503,-96.2916086
Ixtlán de Juárez,2024,25.46,12.88,26.29,12.24,371.8,610.33,17.1953503,-96.2916086
Ixtlán de Juárez,2025,23.83,13.06,24.65,12.7,459.4,570.79,17.1953503,-96.2916086
Ixtlán de Juárez,2026,23.26,11.98,23.8,11.35,205.0,285.2,17.1953503,-96.2916086
Juchitán de Zaragoza,2020,31.53,24.26,33.54,25.98,191.9,820.75,16.2559907,-95.0117879
Juchitán de Zaragoza,2021,30.89,23.97,33.07,25.88,686.9,766.03,16.2559907,-95.0117879
Juchitán de Zaragoza,2022,31.06,23.88,33.21,25.67,434.1,785.56,16.2559907,-95.0117879
Juchitán de Zaragoza,2023,32.68,24.91,35.02,27.2,266.3,847.24,16.2559907,-95.0117879
Juchitán de Zaragoza,2024,31.47,24.32,34.17,26.72,834.1,775.65,16.2559907,-95.0117879
Juchitán de Zaragoza,2025,31.83,24.5,33.74,25.87,509.6,848.84,16.2559907,-95.0117879
Juchitán de Zaragoza,2026,31.77,23.8,32.69,24.64,244.8,447.41,16.2559907,-95.0117879
La Compañía,2020,25.41,13.9,25.14,13.44,301.0,637.14,16.3329629,-96.4911927
La Compañía,2021,25.19,13.63,24.76,13.29,305.4,634.59,16.3329629,-96.4911927
La Compañía,2022,25.57,13.17,24.96,12.54,235.7,663.94,16.3329629,-96.4911927
La Compañía,2023,27.26,14.33,26.7,14.16,227.5,695.33,16.3329629,-96.4911927
La Compañía,2024,27.47,14.45,27.28,14.11,276.3,685.68,16.3329629,-96.4911927
La Compañía,2025,26.45,13.97,26.18,13.98,244.5,661.54,16.3329629,-96.4911927
La Compañía,2026,26.83,13.04,25.97,12.48,180.8,350.56,16.3329629,-96.4911927
La Pe,2020,25.41,13.9,25.14,13.44,301.0,637.07,16.3747851,-96.4758767
La Pe,2021,25.19,13.63,24.76,13.29,305.4,634.43,16.3747851,-96.4758767
La Pe,2022,25.57,13.17,24.96,12.54,235.7,663.86,16.3747851,-96.4758767
La Pe,2023,27.26,14.33,26.7,14.16,227.5,695.24,16.3747851,-96.4758767
La Pe,2024,27.47,14.45,27.28,14.11,276.3,685.62,16.3747851,-96.4758767
La Pe,2025,26.45,13.97,26.18,13.98,244.5,661.43,16.3747851,-96.4758767
La Pe,2026,26.83,13.04,25.97,12.48,180.8,350.5,16.3747851,-96.4758767
La Reforma,2020,28.72,16.7,31.1,17.59,579.9,611.43,16.3723933,-97.5040192
La Reforma,2021,27.79,16.38,30.33,17.45,720.2,581.21,16.3723933,-97.5040192
La Reforma,2022,28.22,15.82,30.61,16.53,726.7,605.4,16.3723933,-97.5040192
La Reforma,2023,29.12,16.93,31.88,18.12,535.0,616.58,16.3723933,-97.5040192
La Reforma,2024,28.88,17.1,31.41,18.36,656.3,621.97,16.3723933,-97.5040192
La Reforma,2025,28.4,17.14,31.18,18.34,772.1,597.57,16.3723933,-97.5040192
La Reforma,2026,29.25,17.06,31.23,18.15,160.9,326.53,16.3723933,-97.5040192
La Trinidad Vista Hermosa,2020,23.26,11.6,22.71,10.87,237.9,613.7,17.4621469,-97.3020705
La Trinidad Vista Hermosa,2021,22.67,11.29,22.22,10.53,283.1,596.95,17.4621469,-97.3020705
La Trinidad Vista Hermosa,2022,23.24,11.06,22.51,10.16,186.8,627.58,17.4621469,-97.3020705
La Trinidad Vista Hermosa,2023,24.46,11.85,24.07,11.36,183.3,648.59,17.4621469,-97.3020705
La Trinidad Vista Hermosa,2024,25.3,12.01,24.77,11.43,236.9,673.23,17.4621469,-97.3020705
La Trinidad Vista Hermosa,2025,23.6,11.1,23.46,10.64,227.3,623.73,17.4621469,-97.3020705
La Trinidad Vista Hermosa,2026,24.25,10.41,23.36,9.72,191.5,323.64,17.4621469,-97.3020705
Loma Bonita,2020,30.0,21.75,34.01,24.71,1032.6,557.35,18.0635536,-95.5247914
Loma Bonita,2021,30.05,21.6,34.29,24.66,730.8,551.57,18.0635536,-95.5247914
Loma Bonita,2022,30.28,21.29,34.42,23.98,949.7,562.8,18.0635536,-95.5247914
Loma Bonita,2023,31.75,22.45,36.26,25.86,594.2,610.25,18.0635536,-95.5247914
Loma Bonita,2024,31.97,22.3,36.54,25.53,599.4,629.53,18.0635536,-95.5247914
Loma Bonita,2025,30.12,21.65,34.62,24.49,854.9,591.99,18.0635536,-95.5247914
Loma Bonita,2026,30.02,20.69,33.74,23.34,382.6,300.0,18.0635536,-95.5247914
Magdalena Apasco,2020,15.89,6.54,15.22,4.07,455.6,489.81,17.1431427,-96.4915927
Magdalena Apasco,2021,15.65,6.25,15.09,3.92,578.6,482.73,17.1431427,-96.4915927
Magdalena Apasco,2022,16.01,6.08,15.27,3.69,428.2,502.3,17.1431427,-96.4915927
Magdalena Apasco,2023,17.0,6.88,16.76,4.8,369.6,522.5,17.1431427,-96.4915927
Magdalena Apasco,2024,18.14,7.6,17.6,5.45,415.5,555.42,17.1431427,-96.4915927
Magdalena Apasco,2025,17.02,6.04,16.55,3.87,506.5,506.95,17.1431427,-96.4915927
Magdalena Apasco,2026,17.13,4.78,16.35,2.3,226.6,267.19,17.1431427,-96.4915927
Magdalena Jaltepec,2020,22.02,10.05,21.58,8.64,253.3,576.92,17.1925034,-97.1316596
Magdalena Jaltepec,2021,21.67,9.86,21.44,8.57,511.1,556.83,17.1925034,-97.1316596
Magdalena Jaltepec,2022,21.94,9.51,21.52,8.03,340.5,577.52,17.1925034,-97.1316596
Magdalena Jaltepec,2023,23.06,10.27,22.98,9.31,348.0,593.88,17.1925034,-97.1316596
Magdalena Jaltepec,2024,23.82,10.7,23.43,9.85,404.8,622.43,17.1925034,-97.1316596
Magdalena Jaltepec,2025,22.24,10.29,22.1,9.44,400.9,578.67,17.1925034,-97.1316596
Magdalena Jaltepec,2026,22.67,9.45,21.93,8.36,247.6,308.49,17.1925034,-97.1316596
Magdalena Mixtepec,2020,25.72,13.24,25.83,13.12,339.2,635.9,16.5346002,-96.542782
Magdalena Mixtepec,2021,25.42,13.05,25.4,13.02,549.2,629.22,16.5346002,-96.542782
Magdalena Mixtepec,2022,26.1,12.9,25.82,12.62,313.4,660.72,16.5346002,-96.542782
Magdalena Mixtepec,2023,27.27,13.88,27.19,14.07,261.6,682.12,16.5346002,-96.542782
Magdalena Mixtepec,2024,27.14,13.95,27.18,13.97,352.9,679.77,16.5346002,-96.542782
Magdalena Mixtepec,2025,25.98,13.25,26.26,13.35,358.5,648.51,16.5346002,-96.542782
Magdalena Mixtepec,2026,26.36,12.57,25.86,12.46,224.8,340.59,16.5346002,-96.542782
Magdalena Ocotlán,2020,27.62,14.52,27.58,14.37,255.8,669.6,16.4234039,-96.4244515
Magdalena Ocotlán,2021,27.23,14.35,27.15,14.33,262.4,663.48,16.4234039,-96.4244515
Magdalena Ocotlán,2022,27.67,13.98,27.42,13.74,177.4,691.31,16.4234039,-96.4244515
Magdalena Ocotlán,2023,29.17,15.08,29.03,15.18,133.7,721.98,16.4234039,-96.4244515
Magdalena Ocotlán,2024,29.21,14.98,29.32,14.9,253.2,715.86,16.4234039,-96.4244515
Magdalena Ocotlán,2025,28.13,14.34,28.32,14.58,246.0,688.23,16.4234039,-96.4244515
Magdalena Ocotlán,2026,28.49,13.3,28.02,13.17,131.9,358.92,16.4234039,-96.4244515
Magdalena Peñasco,2020,25.65,13.62,25.91,13.28,417.6,632.97,17.1410507,-97.3305539
Magdalena Peñasco,2021,25.26,13.27,25.7,12.9,517.1,617.4,17.1410507,-97.3305539
Magdalena Peñasco,2022,25.74,13.08,25.98,12.53,448.2,647.39,17.1410507,-97.3305539
Magdalena Peñasco,2023,26.57,13.78,27.17,13.69,491.9,651.81,17.1410507,-97.3305539
Magdalena Peñasco,2024,27.15,14.03,27.39,13.82,503.5,676.12,17.1410507,-97.3305539
Magdalena Peñasco,2025,25.62,13.68,26.23,13.58,485.7,639.34,17.1410507,-97.3305539
Magdalena Peñasco,2026,26.33,13.42,25.94,13.04,198.5,337.22,17.1410507,-97.3305539
Magdalena Teitipac,2020,30.66,15.98,31.38,17.02,209.3,698.69,16.5423834,-96.3331459
Magdalena Teitipac,2021,30.22,15.75,30.99,16.81,323.9,683.83,16.5423834,-96.3331459
Magdalena Teitipac,2022,30.7,15.46,31.29,16.32,240.0,713.69,16.5423834,-96.3331459
Magdalena Teitipac,2023,32.24,16.65,32.84,17.89,155.1,744.32,16.5423834,-96.3331459
Magdalena Teitipac,2024,31.93,16.34,32.85,17.42,238.2,736.46,16.5423834,-96.3331459
Magdalena Teitipac,2025,30.9,15.95,31.82,17.18,317.7,717.59,16.5423834,-96.3331459
Magdalena Teitipac,2026,30.81,15.18,30.93,16.12,157.1,367.97,16.5423834,-96.3331459
Magdalena Tequisistlán,2020,31.25,21.5,32.95,22.13,278.8,781.33,16.2356101,-95.3610474
Magdalena Tequisistlán,2021,30.59,21.05,32.44,22.03,545.2,731.14,16.2356101,-95.3610474
Magdalena Tequisistlán,2022,30.46,20.91,32.47,21.59,489.1,746.58,16.2356101,-95.3610474
Magdalena Tequisistlán,2023,32.3,21.99,34.41,23.33,398.2,778.17,16.2356101,-95.3610474
Magdalena Tequisistlán,2024,31.37,21.37,33.74,22.82,622.4,731.54,16.2356101,-95.3610474
Magdalena Tequisistlán,2025,31.31,21.37,33.4,22.47,455.4,762.41,16.2356101,-95.3610474
Magdalena Tequisistlán,2026,31.29,20.78,32.43,21.33,223.9,397.7,16.2356101,-95.3610474
Magdalena Tlacotepec,2020,32.55,24.3,34.61,26.23,216.9,849.36,16.3014278,-95.1211901
Magdalena Tlacotepec,2021,31.84,24.0,34.0,26.13,609.2,796.86,16.3014278,-95.1211901
Magdalena Tlacotepec,2022,31.98,23.8,34.21,25.78,436.0,815.45,16.3014278,-95.1211901
Magdalena Tlacotepec,2023,33.72,24.83,36.07,27.37,282.4,870.13,16.3014278,-95.1211901
Magdalena Tlacotepec,2024,32.63,24.04,35.28,26.63,660.6,800.55,16.3014278,-95.1211901
Magdalena Tlacotepec,2025,32.95,24.51,34.83,26.46,519.9,876.22,16.3014278,-95.1211901
Magdalena Tlacotepec,2026,32.98,23.8,33.76,25.07,237.2,465.51,16.3014278,-95.1211901
Magdalena Yodocono de Porfirio Díaz,2020,22.93,11.16,22.25,10.11,249.0,602.09,17.2306338,-97.2117914
Magdalena Yodocono de Porfirio Díaz,2021,22.56,10.94,22.06,9.95,405.0,585.6,17.2306338,-97.2117914
Magdalena Yodocono de Porfirio Díaz,2022,22.96,10.58,22.28,9.42,260.9,609.53,17.2306338,-97.2117914
Magdalena Yodocono de Porfirio Díaz,2023,24.31,11.52,24.03,10.79,277.3,631.37,17.2306338,-97.2117914
Magdalena Yodocono de Porfirio Díaz,2024,25.05,11.68,24.66,10.98,393.0,656.33,17.2306338,-97.2117914
Magdalena Yodocono de Porfirio Díaz,2025,23.33,11.29,23.17,10.81,339.5,610.46,17.2306338,-97.2117914
Magdalena Yodocono de Porfirio Díaz,2026,23.94,10.56,22.99,9.9,191.1,322.93,17.2306338,-97.2117914
Magdalena Zahuatlán,2020,24.48,12.05,24.43,11.08,340.5,616.05,17.2318332,-97.1344476
Magdalena Zahuatlán,2021,24.19,11.97,24.29,11.05,481.2,597.83,17.2318332,-97.1344476
Magdalena Zahuatlán,2022,24.49,11.7,24.38,10.64,288.9,620.96,17.2318332,-97.1344476
Magdalena Zahuatlán,2023,25.7,12.49,25.96,11.94,358.6,634.63,17.2318332,-97.1344476
Magdalena Zahuatlán,2024,26.32,12.73,26.4,12.21,412.2,659.29,17.2318332,-97.1344476
Magdalena Zahuatlán,2025,24.67,12.47,24.95,11.91,412.9,619.25,17.2318332,-97.1344476
Magdalena Zahuatlán,2026,25.3,11.67,24.71,10.96,210.8,329.99,17.2318332,-97.1344476
Mariscala de Juárez,2020,26.74,13.44,27.0,13.02,234.3,647.59,17.513782,-98.0829834
Mariscala de Juárez,2021,26.08,13.09,26.4,12.69,422.1,623.57,17.513782,-98.0829834
Mariscala de Juárez,2022,26.72,12.73,27.04,12.19,348.8,657.32,17.513782,-98.0829834
Mariscala de Juárez,2023,27.51,13.55,28.25,13.36,338.7,665.26,17.513782,-98.0829834
Mariscala de Juárez,2024,27.9,13.65,28.58,13.25,440.8,683.3,17.513782,-98.0829834
Mariscala de Juárez,2025,26.5,13.55,27.28,13.32,440.6,639.36,17.513782,-98.0829834
Mariscala de Juárez,2026,27.33,13.21,27.47,12.84,186.6,337.17,17.513782,-98.0829834
Matías Romero Avendaño,2020,31.95,23.31,33.97,25.06,201.2,775.49,16.5240402,-95.0231738
Matías Romero Avendaño,2021,31.19,22.99,33.44,24.98,629.3,720.74,16.5240402,-95.0231738
Matías Romero Avendaño,2022,31.25,22.87,33.5,24.62,473.2,746.28,16.5240402,-95.0231738
Matías Romero Avendaño,2023,33.05,23.82,35.32,26.13,298.5,799.23,16.5240402,-95.0231738
Matías Romero Avendaño,2024,32.18,23.26,34.72,25.73,771.8,743.87,16.5240402,-95.0231738
Matías Romero Avendaño,2025,32.06,23.56,33.91,25.06,432.6,807.92,16.5240402,-95.0231738
Matías Romero Avendaño,2026,32.23,22.68,32.92,23.62,258.7,430.63,16.5240402,-95.0231738
Mazatlán Villa de Flores,2020,26.92,20.0,31.09,22.15,1066.9,513.67,18.0157232,-96.5449396
Mazatlán Villa de Flores,2021,26.63,19.9,31.0,22.17,1147.1,509.1,18.0157232,-96.5449396
Mazatlán Villa de Flores,2022,27.0,19.29,31.22,21.21,1058.0,524.28,18.0157232,-96.5449396
Mazatlán Villa de Flores,2023,28.19,20.24,33.0,22.58,699.2,554.11,18.0157232,-96.5449396
Mazatlán Villa de Flores,2024,28.55,20.02,33.36,22.25,732.6,556.73,18.0157232,-96.5449396
Mazatlán Villa de Flores,2025,28.5,18.7,32.54,20.49,1070.9,558.32,18.0157232,-96.5449396
Mazatlán Villa de Flores,2026,27.74,17.55,31.4,19.1,448.7,270.45,18.0157232,-96.5449396
Mesones Hidalgo,2020,31.2,18.39,34.06,20.36,607.3,638.6,16.545528,-97.5759564
Mesones Hidalgo,2021,30.38,18.1,33.41,20.16,820.3,610.19,16.545528,-97.5759564
Mesones Hidalgo,2022,30.6,17.72,33.56,19.54,724.8,631.28,16.545528,-97.5759564
Mesones Hidalgo,2023,31.62,18.47,34.88,20.53,615.1,647.68,16.545528,-97.5759564
Mesones Hidalgo,2024,31.38,18.54,34.52,20.69,687.4,654.03,16.545528,-97.5759564
Mesones Hidalgo,2025,31.02,18.64,34.01,20.85,807.3,629.94,16.545528,-97.5759564
Mesones Hidalgo,2026,31.93,18.27,34.03,20.2,158.6,340.29,16.545528,-97.5759564
Miahuatlán de Porfirio Díaz,2020,16.22,6.13,16.31,3.95,474.4,498.62,16.1942519,-96.3547487
Miahuatlán de Porfirio Díaz,2021,15.98,5.58,16.08,3.4,629.7,496.43,16.1942519,-96.3547487
Miahuatlán de Porfirio Díaz,2022,16.0,5.7,15.89,3.53,322.2,502.83,16.1942519,-96.3547487
Miahuatlán de Porfirio Díaz,2023,16.86,6.45,16.96,4.45,344.4,522.17,16.1942519,-96.3547487
Miahuatlán de Porfirio Díaz,2024,17.66,7.2,17.72,5.09,449.7,543.11,16.1942519,-96.3547487
Miahuatlán de Porfirio Díaz,2025,16.7,6.91,16.44,4.99,440.3,515.02,16.1942519,-96.3547487
Miahuatlán de Porfirio Díaz,2026,17.07,5.8,16.47,3.51,258.7,272.72,16.1942519,-96.3547487
Mixistlán de la Reforma,2020,19.56,9.94,20.17,8.74,628.1,497.49,17.0848617,-96.0643301
Mixistlán de la Reforma,2021,19.33,9.61,20.11,8.45,770.4,487.86,17.0848617,-96.0643301
Mixistlán de la Reforma,2022,19.56,9.38,20.07,8.13,541.5,505.91,17.0848617,-96.0643301
Mixistlán de la Reforma,2023,20.47,10.31,21.38,9.35,546.3,532.04,17.0848617,-96.0643301
Mixistlán de la Reforma,2024,21.59,10.86,22.33,9.96,479.7,556.71,17.0848617,-96.0643301
Mixistlán de la Reforma,2025,19.99,10.49,20.7,9.64,632.8,520.72,17.0848617,-96.0643301
Mixistlán de la Reforma,2026,19.59,9.35,20.0,8.23,281.3,263.22,17.0848617,-96.0643301
Monjas,2020,18.43,8.14,18.53,6.28,545.2,515.61,16.220187,-96.3812371
Monjas,2021,18.3,7.74,18.35,5.94,726.7,515.19,16.220187,-96.3812371
Monjas,2022,18.33,7.58,18.23,5.69,384.4,523.38,16.220187,-96.3812371
Monjas,2023,19.27,8.54,19.42,6.98,463.5,540.39,16.220187,-96.3812371
Monjas,2024,19.83,9.3,19.94,7.59,567.1,558.27,16.220187,-96.3812371
Monjas,2025,18.84,9.14,18.66,7.61,582.4,530.34,16.220187,-96.3812371
Monjas,2026,19.3,8.09,18.45,6.08,264.8,285.62,16.220187,-96.3812371
Mártires de Tacubaya,2020,33.13,22.48,37.23,25.55,499.8,676.19,16.3216749,-98.1503285
Mártires de Tacubaya,2021,32.32,22.23,36.63,25.38,769.9,641.27,16.3216749,-98.1503285
Mártires de Tacubaya,2022,32.24,21.71,36.41,24.55,768.7,648.72,16.3216749,-98.1503285
Mártires de Tacubaya,2023,33.44,22.82,38.0,26.11,538.2,675.45,16.3216749,-98.1503285
Mártires de Tacubaya,2024,32.46,21.96,37.07,25.23,711.9,647.62,16.3216749,-98.1503285
Mártires de Tacubaya,2025,32.2,22.07,37.01,25.54,663.4,633.47,16.3216749,-98.1503285
Mártires de Tacubaya,2026,33.38,22.19,36.7,25.3,282.2,343.1,16.3216749,-98.1503285
Natividad,2020,21.39,10.9,21.85,9.87,599.2,514.59,17.1748752,-96.2559857
Natividad,2021,21.03,10.58,21.72,9.55,607.4,503.9,17.1748752,-96.2559857
Natividad,2022,21.54,10.2,21.94,9.03,468.0,528.93,17.1748752,-96.2559857
Natividad,2023,22.99,11.27,23.71,10.41,284.2,565.27,17.1748752,-96.2559857
Natividad,2024,24.31,11.73,24.79,10.78,371.8,596.41,17.1748752,-96.2559857
Natividad,2025,22.68,11.91,23.15,11.23,459.4,556.93,17.1748752,-96.2559857
Natividad,2026,22.11,10.83,22.31,9.9,205.0,278.3,17.1748752,-96.2559857
Nazareno Etla,2020,18.49,8.67,18.05,6.85,459.5,536.78,17.1040764,-96.4926406
Nazareno Etla,2021,18.26,8.33,17.87,6.55,638.1,525.52,17.1040764,-96.4926406
Nazareno Etla,2022,18.66,8.12,18.09,6.3,388.9,550.75,17.1040764,-96.4926406
Nazareno Etla,2023,19.57,8.75,19.41,7.12,409.1,564.46,17.1040764,-96.4926406
Nazareno Etla,2024,20.47,9.25,20.02,7.51,394.6,591.24,17.1040764,-96.4926406
Nazareno Etla,2025,18.67,8.49,18.53,6.75,604.3,537.75,17.1040764,-96.4926406
Nazareno Etla,2026,18.92,7.39,18.36,5.26,284.5,283.06,17.1040764,-96.4926406
Nejapa de Madero,2020,32.6,19.45,33.83,21.31,201.0,723.74,16.3629453,-95.5849619
Nejapa de Madero,2021,31.79,19.21,33.35,21.18,455.9,690.8,16.3629453,-95.5849619
Nejapa de Madero,2022,31.85,19.1,33.46,20.85,396.3,701.08,16.3629453,-95.5849619
Nejapa de Madero,2023,33.96,20.41,35.54,22.63,234.2,748.61,16.3629453,-95.5849619
Nejapa de Madero,2024,33.2,19.85,35.35,22.06,529.2,712.67,16.3629453,-95.5849619
Nejapa de Madero,2025,32.86,20.22,34.47,22.44,409.7,732.11,16.3629453,-95.5849619
Nejapa de Madero,2026,32.8,19.4,33.57,21.27,213.5,378.77,16.3629453,-95.5849619
Nuevo Zoquiápam,2020,13.02,5.25,12.27,2.53,664.7,451.85,17.1728758,-96.3711943
Nuevo Zoquiápam,2021,12.65,5.04,12.01,2.47,697.7,444.61,17.1728758,-96.3711943
Nuevo Zoquiápam,2022,12.98,4.76,11.94,2.0,585.8,459.79,17.1728758,-96.3711943
Nuevo Zoquiápam,2023,13.76,5.62,13.12,3.26,527.0,479.65,17.1728758,-96.3711943
Nuevo Zoquiápam,2024,14.92,6.2,14.0,3.79,474.5,509.36,17.1728758,-96.3711943
Nuevo Zoquiápam,2025,13.93,4.64,12.91,2.38,740.2,467.43,17.1728758,-96.3711943
Nuevo Zoquiápam,2026,13.82,3.56,12.87,0.98,305.9,244.19,17.1728758,-96.3711943
Oaxaca de Juárez,2020,21.83,11.15,21.93,10.12,425.0,583.44,17.0335975,-96.4331621
Oaxaca de Juárez,2021,21.66,10.87,21.54,9.85,502.3,570.69,17.0335975,-96.4331621
Oaxaca de Juárez,2022,22.22,10.65,21.89,9.58,395.7,599.94,17.0335975,-96.4331621
Oaxaca de Juárez,2023,23.42,11.4,23.2,10.57,337.0,618.65,17.0335975,-96.4331621
Oaxaca de Juárez,2024,23.95,11.46,23.61,10.34,441.2,634.42,17.0335975,-96.4331621
Oaxaca de Juárez,2025,22.44,11.37,22.32,10.4,546.8,592.35,17.0335975,-96.4331621
Oaxaca de Juárez,2026,23.07,10.46,22.0,8.99,295.7,315.37,17.0335975,-96.4331621
Ocotlán de Morelos,2020,28.6,14.07,28.53,14.22,200.3,683.14,16.4729906,-96.4030232
Ocotlán de Morelos,2021,28.25,13.9,28.13,14.1,238.1,675.17,16.4729906,-96.4030232
Ocotlán de Morelos,2022,28.65,13.49,28.42,13.47,182.4,703.1,16.4729906,-96.4030232
Ocotlán de Morelos,2023,30.02,14.71,29.91,15.11,113.4,730.61,16.4729906,-96.4030232
Ocotlán de Morelos,2024,29.79,14.53,29.9,14.88,225.4,725.5,16.4729906,-96.4030232
Ocotlán de Morelos,2025,28.78,14.16,28.9,14.62,285.5,696.88,16.4729906,-96.4030232
Ocotlán de Morelos,2026,29.01,13.17,28.62,13.38,154.9,362.82,16.4729906,-96.4030232
Pinotepa de Don Luis,2020,33.41,21.84,37.39,24.47,427.4,671.79,16.254239,-97.5838767
Pinotepa de Don Luis,2021,32.38,21.38,36.56,24.29,698.8,632.7,16.254239,-97.5838767
Pinotepa de Don Luis,2022,32.59,20.75,36.66,23.25,582.4,651.1,16.254239,-97.5838767
Pinotepa de Don Luis,2023,33.96,22.21,38.05,25.06,398.8,679.44,16.254239,-97.5838767
Pinotepa de Don Luis,2024,33.3,21.94,37.56,24.8,562.9,654.67,16.254239,-97.5838767
Pinotepa de Don Luis,2025,32.84,21.75,36.99,24.35,527.0,641.76,16.254239,-97.5838767
Pinotepa de Don Luis,2026,34.66,21.74,37.36,24.07,110.0,359.44,16.254239,-97.5838767
Pluma Hidalgo,2020,28.88,27.18,33.81,30.24,336.7,683.36,15.5533046,-96.2509996
Pluma Hidalgo,2021,28.51,26.8,33.4,30.0,422.3,657.7,15.5533046,-96.2509996
Pluma Hidalgo,2022,28.61,26.8,33.41,29.67,349.8,688.81,15.5533046,-96.2509996
Pluma Hidalgo,2023,29.53,27.52,34.66,31.07,187.2,713.88,15.5533046,-96.2509996
Pluma Hidalgo,2024,28.78,26.64,33.6,29.95,500.8,647.76,15.5533046,-96.2509996
Pluma Hidalgo,2025,29.08,26.73,34.14,30.02,400.6,665.89,15.5533046,-96.2509996
Pluma Hidalgo,2026,29.07,26.74,33.75,29.77,185.3,354.89,15.5533046,-96.2509996
Putla Villa de Guerrero,2020,17.89,8.17,17.65,6.5,504.0,515.27,17.0134339,-97.554135
Putla Villa de Guerrero,2021,17.58,7.91,17.24,6.26,720.6,500.78,17.0134339,-97.554135
Putla Villa de Guerrero,2022,17.68,7.78,17.19,5.89,489.1,517.0,17.0134339,-97.554135
Putla Villa de Guerrero,2023,18.56,8.32,18.36,6.75,452.9,528.06,17.0134339,-97.554135
Putla Villa de Guerrero,2024,19.41,8.86,19.22,7.23,430.4,558.98,17.0134339,-97.554135
Putla Villa de Guerrero,2025,17.82,9.16,17.67,7.85,442.8,516.02,17.0134339,-97.554135
Putla Villa de Guerrero,2026,17.88,8.28,17.29,6.68,234.1,259.98,17.0134339,-97.554135
Reforma de Pineda,2020,31.95,24.35,35.58,27.54,352.5,707.57,16.2357548,-94.2730362
Reforma de Pineda,2021,31.53,24.09,35.39,27.41,723.6,674.83,16.2357548,-94.2730362
Reforma de Pineda,2022,31.5,23.84,35.11,26.98,547.4,687.03,16.2357548,-94.2730362
Reforma de Pineda,2023,32.42,24.54,36.71,28.24,402.7,708.27,16.2357548,-94.2730362
Reforma de Pineda,2024,31.54,23.37,36.39,27.14,754.6,646.97,16.2357548,-94.2730362
Reforma de Pineda,2025,32.31,23.85,36.8,27.53,647.7,674.14,16.2357548,-94.2730362
Reforma de Pineda,2026,32.78,23.03,35.68,25.75,327.9,367.98,16.2357548,-94.2730362
Reyes Etla,2020,15.79,5.97,14.77,3.61,459.5,503.93,17.1220002,-96.4836334
Reyes Etla,2021,15.56,5.63,14.62,3.31,638.1,493.95,17.1220002,-96.4836334
Reyes Etla,2022,15.96,5.42,14.85,3.07,388.9,517.3,17.1220002,-96.4836334
Reyes Etla,2023,16.87,6.05,16.15,3.85,409.1,531.81,17.1220002,-96.4836334
Reyes Etla,2024,17.77,6.55,16.79,4.27,394.6,557.74,17.1220002,-96.4836334
Reyes Etla,2025,15.97,5.79,15.25,3.5,604.3,505.83,17.1220002,-96.4836334
Reyes Etla,2026,16.22,4.69,15.15,2.08,284.5,266.46,17.1220002,-96.4836334
Rojas de Cuauhtémoc,2020,17.99,8.24,17.33,6.33,297.5,533.93,17.0029821,-96.3707126
Rojas de Cuauhtémoc,2021,17.69,7.91,16.97,6.07,418.3,521.48,17.0029821,-96.3707126
Rojas de Cuauhtémoc,2022,18.27,7.72,17.25,5.72,269.0,548.15,17.0029821,-96.3707126
Rojas de Cuauhtémoc,2023,19.38,8.63,18.49,6.92,304.3,566.98,17.0029821,-96.3707126
Rojas de Cuauhtémoc,2024,19.98,9.11,19.0,7.26,256.7,587.88,17.0029821,-96.3707126
Rojas de Cuauhtémoc,2025,18.18,8.38,17.51,6.62,409.1,538.09,17.0029821,-96.3707126
Rojas de Cuauhtémoc,2026,18.55,7.43,17.49,5.27,255.7,283.1,17.0029821,-96.3707126
Salina Cruz,2020,31.61,24.58,33.59,26.02,254.4,865.79,16.1033186,-95.1131771
Salina Cruz,2021,31.0,24.27,33.02,25.91,552.3,811.05,16.1033186,-95.1131771
Salina Cruz,2022,31.14,24.11,33.32,25.62,403.5,832.96,16.1033186,-95.1131771
Salina Cruz,2023,32.81,25.17,35.09,27.18,263.4,889.41,16.1033186,-95.1131771
Salina Cruz,2024,31.6,24.43,34.35,26.48,638.0,808.61,16.1033186,-95.1131771
Salina Cruz,2025,32.18,24.72,34.1,26.11,445.6,885.02,16.1033186,-95.1131771
Salina Cruz,2026,32.14,24.0,32.98,24.76,230.8,469.47,16.1033186,-95.1131771
San Agustín Amatengo,2020,24.86,13.35,24.48,12.77,301.0,630.77,16.3035796,-96.472157
San Agustín Amatengo,2021,24.64,13.07,24.1,12.62,305.4,628.25,16.3035796,-96.472157
San Agustín Amatengo,2022,25.01,12.62,24.3,11.88,235.7,657.23,16.3035796,-96.472157
San Agustín Amatengo,2023,26.72,13.78,26.05,13.48,227.5,688.6,16.3035796,-96.472157
San Agustín Amatengo,2024,26.92,13.9,26.62,13.44,276.3,679.32,16.3035796,-96.472157
San Agustín Amatengo,2025,25.9,13.41,25.51,13.31,244.5,655.25,16.3035796,-96.472157
San Agustín Amatengo,2026,26.29,12.49,25.33,11.82,180.8,347.25,16.3035796,-96.472157
San Agustín Atenango,2020,24.67,11.91,25.33,11.4,402.4,599.54,17.3642117,-98.0054657
San Agustín Atenango,2021,24.37,11.52,25.03,10.97,414.2,578.68,17.3642117,-98.0054657
San Agustín Atenango,2022,24.75,11.25,25.29,10.52,403.2,606.78,17.3642117,-98.0054657
San Agustín Atenango,2023,25.54,12.08,26.67,11.69,337.5,615.33,17.3642117,-98.0054657
San Agustín Atenango,2024,26.14,12.51,27.1,12.02,402.8,641.5,17.3642117,-98.0054657
San Agustín Atenango,2025,25.02,12.1,25.86,11.59,432.1,601.92,17.3642117,-98.0054657
San Agustín Atenango,2026,25.58,11.52,25.76,10.8,197.5,316.57,17.3642117,-98.0054657
San Agustín Chayuco,2020,29.54,19.11,32.49,20.25,483.1,627.64,16.2408576,-97.4827066
San Agustín Chayuco,2021,28.29,18.54,31.63,19.95,862.7,585.38,16.2408576,-97.4827066
San Agustín Chayuco,2022,28.64,18.18,31.74,19.25,781.1,609.78,16.2408576,-97.4827066
San Agustín Chayuco,2023,29.84,19.32,33.16,20.71,574.1,631.41,16.2408576,-97.4827066
San Agustín Chayuco,2024,29.27,19.16,32.47,20.58,705.3,616.48,16.2408576,-97.4827066
San Agustín Chayuco,2025,28.85,18.9,32.08,20.05,763.6,600.11,16.2408576,-97.4827066
San Agustín Chayuco,2026,30.55,18.59,32.64,19.55,173.9,332.77,16.2408576,-97.4827066
San Agustín Etla,2020,13.26,5.48,12.54,2.8,664.7,454.58,17.1120699,-96.4551927
San Agustín Etla,2021,12.89,5.27,12.29,2.75,697.7,447.26,17.1120699,-96.4551927
San Agustín Etla,2022,13.21,4.99,12.21,2.27,585.8,462.6,17.1120699,-96.4551927
San Agustín Etla,2023,14.0,5.85,13.4,3.53,527.0,482.53,17.1120699,-96.4551927
San Agustín Etla,2024,15.15,6.42,14.28,4.07,474.5,512.24,17.1120699,-96.4551927
San Agustín Etla,2025,14.16,4.87,13.18,2.65,740.2,470.15,17.1120699,-96.4551927
San Agustín Etla,2026,14.06,3.78,13.14,1.25,305.9,245.59,17.1120699,-96.4551927
San Agustín Loxicha,2020,23.24,14.79,25.51,14.17,665.6,528.78,16.0059791,-96.3700352
San Agustín Loxicha,2021,22.72,14.1,25.02,13.56,653.8,510.59,16.0059791,-96.3700352
San Agustín Loxicha,2022,22.65,13.93,24.83,13.28,752.7,524.08,16.0059791,-96.3700352
San Agustín Loxicha,2023,23.52,14.69,26.01,14.22,428.0,540.67,16.0059791,-96.3700352
San Agustín Loxicha,2024,23.4,14.41,25.77,13.73,738.4,542.55,16.0059791,-96.3700352
San Agustín Loxicha,2025,23.21,13.02,25.18,12.39,676.5,526.31,16.0059791,-96.3700352
San Agustín Loxicha,2026,23.73,12.31,25.24,11.17,296.6,282.13,16.0059791,-96.3700352
San Agustín Tlacotepec,2020,26.55,14.52,27.09,14.49,417.6,645.35,17.1213264,-97.310444
San Agustín Tlacotepec,2021,26.16,14.17,26.88,14.09,517.1,629.55,17.1213264,-97.310444
San Agustín Tlacotepec,2022,26.64,13.98,27.16,13.72,448.2,660.03,17.1213264,-97.310444
San Agustín Tlacotepec,2023,27.47,14.68,28.36,14.9,491.9,664.21,17.1213264,-97.310444
San Agustín Tlacotepec,2024,28.05,14.93,28.56,15.02,503.5,688.7,17.1213264,-97.310444
San Agustín Tlacotepec,2025,26.52,14.58,27.42,14.78,485.7,651.87,17.1213264,-97.310444
San Agustín Tlacotepec,2026,27.23,14.32,27.09,14.24,198.5,343.55,17.1213264,-97.310444
San Agustín Yatareni,2020,22.42,11.79,22.17,10.85,237.7,596.54,17.0452363,-96.4005222
San Agustín Yatareni,2021,22.04,11.57,21.68,10.66,346.9,580.56,17.0452363,-96.4005222
San Agustín Yatareni,2022,22.75,11.57,22.06,10.6,259.8,612.48,17.0452363,-96.4005222
San Agustín Yatareni,2023,24.0,12.39,23.52,11.71,229.5,631.57,17.0452363,-96.4005222
San Agustín Yatareni,2024,24.44,12.44,23.99,11.56,202.7,645.63,17.0452363,-96.4005222
San Agustín Yatareni,2025,23.14,11.7,22.82,10.91,273.0,609.18,17.0452363,-96.4005222
San Agustín Yatareni,2026,23.22,10.82,22.54,9.7,218.9,315.56,17.0452363,-96.4005222
San Agustín de las Juntas,2020,25.06,14.72,25.79,14.78,272.4,629.23,17.0041976,-96.4241189
San Agustín de las Juntas,2021,24.72,14.51,25.21,14.53,314.4,614.7,17.0041976,-96.4241189
San Agustín de las Juntas,2022,25.45,14.35,25.67,14.36,279.9,646.42,17.0041976,-96.4241189
San Agustín de las Juntas,2023,26.86,15.08,27.2,15.31,242.1,667.55,17.0041976,-96.4241189
San Agustín de las Juntas,2024,27.36,14.7,27.69,14.65,261.3,686.08,17.0041976,-96.4241189
San Agustín de las Juntas,2025,26.27,14.1,26.83,14.24,327.7,647.95,17.0041976,-96.4241189
San Agustín de las Juntas,2026,26.54,13.35,26.3,13.05,257.9,340.53,17.0041976,-96.4241189
San Andrés Cabecera Nueva,2020,26.62,14.17,28.01,14.04,612.2,595.03,16.5318296,-97.4051564
San Andrés Cabecera Nueva,2021,25.93,13.76,27.39,13.72,766.4,569.73,16.5318296,-97.4051564
San Andrés Cabecera Nueva,2022,26.16,13.5,27.53,13.22,804.5,586.88,16.5318296,-97.4051564
San Andrés Cabecera Nueva,2023,26.85,14.12,28.53,14.07,709.4,594.6,16.5318296,-97.4051564
San Andrés Cabecera Nueva,2024,26.79,14.29,28.4,14.27,759.3,610.07,16.5318296,-97.4051564
San Andrés Cabecera Nueva,2025,25.93,14.0,27.43,13.94,786.3,577.94,16.5318296,-97.4051564
San Andrés Cabecera Nueva,2026,26.76,13.21,27.47,12.82,198.6,314.21,16.5318296,-97.4051564
San Andrés Dinicuiti,2020,18.83,7.23,18.05,4.98,354.9,545.19,17.4117213,-97.4336304
San Andrés Dinicuiti,2021,18.51,6.95,17.95,4.78,486.4,538.36,17.4117213,-97.4336304
San Andrés Dinicuiti,2022,18.81,6.67,18.0,4.4,339.5,553.53,17.4117213,-97.4336304
San Andrés Dinicuiti,2023,19.67,7.32,19.23,5.32,365.5,567.02,17.4117213,-97.4336304
San Andrés Dinicuiti,2024,20.64,7.9,19.9,5.82,382.1,600.25,17.4117213,-97.4336304
San Andrés Dinicuiti,2025,18.74,7.43,18.46,5.51,402.4,546.13,17.4117213,-97.4336304
San Andrés Dinicuiti,2026,19.37,6.79,18.44,4.68,229.6,286.13,17.4117213,-97.4336304
San Andrés Huaxpaltepec,2020,30.74,20.25,34.34,22.05,479.9,633.36,16.1944566,-97.5458856
San Andrés Huaxpaltepec,2021,29.54,19.68,33.5,21.75,821.3,593.12,16.1944566,-97.5458856
San Andrés Huaxpaltepec,2022,29.83,19.28,33.53,20.98,752.7,614.56,16.1944566,-97.5458856
San Andrés Huaxpaltepec,2023,31.03,20.52,34.84,22.68,508.4,635.77,16.1944566,-97.5458856
San Andrés Huaxpaltepec,2024,30.43,20.44,34.22,22.57,600.4,617.56,16.1944566,-97.5458856
San Andrés Huaxpaltepec,2025,30.02,20.0,33.79,21.96,682.8,601.51,16.1944566,-97.5458856
San Andrés Huaxpaltepec,2026,31.49,19.68,34.07,21.34,169.2,331.04,16.1944566,-97.5458856
San Andrés Huayápam,2020,19.49,9.74,19.19,8.17,297.5,553.04,17.0609156,-96.3958461
San Andrés Huayápam,2021,19.19,9.41,18.81,7.89,418.3,539.95,17.0609156,-96.3958461
San Andrés Huayápam,2022,19.77,9.22,19.08,7.53,269.0,567.62,17.0609156,-96.3958461
San Andrés Huayápam,2023,20.88,10.13,20.32,8.76,304.3,586.27,17.0609156,-96.3958461
San Andrés Huayápam,2024,21.48,10.61,20.82,9.09,256.7,607.47,17.0609156,-96.3958461
San Andrés Huayápam,2025,19.68,9.88,19.35,8.45,409.1,557.06,17.0609156,-96.3958461
San Andrés Huayápam,2026,20.05,8.93,19.28,7.06,255.7,292.77,17.0609156,-96.3958461
San Andrés Ixtlahuaca,2020,23.19,12.49,23.73,11.89,425.0,600.62,17.0415148,-96.4930637
San Andrés Ixtlahuaca,2021,23.0,12.22,23.32,11.62,502.3,587.47,17.0415148,-96.4930637
San Andrés Ixtlahuaca,2022,23.56,12.0,23.66,11.35,395.7,617.55,17.0415148,-96.4930637
San Andrés Ixtlahuaca,2023,24.77,12.75,24.96,12.35,337.0,635.9,17.0415148,-96.4930637
San Andrés Ixtlahuaca,2024,25.3,12.81,25.36,12.1,441.2,651.68,17.0415148,-96.4930637
San Andrés Ixtlahuaca,2025,23.79,12.72,24.1,12.17,546.8,609.29,17.0415148,-96.4930637
San Andrés Ixtlahuaca,2026,24.42,11.8,23.72,10.72,295.7,324.33,17.0415148,-96.4930637
San Andrés Lagunas,2020,20.21,8.85,20.12,7.44,395.1,563.21,17.3427936,-97.3121884
San Andrés Lagunas,2021,19.87,8.79,19.78,7.41,513.9,555.39,17.3427936,-97.3121884
San Andrés Lagunas,2022,20.19,8.37,19.87,6.86,406.0,573.34,17.3427936,-97.3121884
San Andrés Lagunas,2023,21.17,9.34,21.13,8.14,390.3,591.43,17.3427936,-97.3121884
San Andrés Lagunas,2024,22.12,9.83,21.89,8.51,376.2,617.88,17.3427936,-97.3121884
San Andrés Lagunas,2025,20.3,9.56,20.31,8.62,410.3,571.54,17.3427936,-97.3121884
San Andrés Lagunas,2026,20.72,8.92,20.21,7.68,236.6,296.53,17.3427936,-97.3121884
San Andrés Nuxiño,2020,21.04,8.79,20.6,7.11,364.6,565.19,17.1418089,-97.0618976
San Andrés Nuxiño,2021,20.74,8.64,20.52,7.06,561.9,546.46,17.1418089,-97.0618976
San Andrés Nuxiño,2022,21.04,8.34,20.55,6.6,366.5,567.1,17.1418089,-97.0618976
San Andrés Nuxiño,2023,21.94,9.19,21.82,7.87,421.4,576.2,17.1418089,-97.0618976
San Andrés Nuxiño,2024,22.63,9.76,22.18,8.47,453.8,604.28,17.1418089,-97.0618976
San Andrés Nuxiño,2025,20.96,9.2,20.81,7.85,419.6,559.16,17.1418089,-97.0618976
San Andrés Nuxiño,2026,21.38,8.3,20.69,6.76,221.7,299.18,17.1418089,-97.0618976
San Andrés Paxtlán,2020,21.08,13.6,23.4,12.87,1153.6,510.29,16.1256289,-96.3027288
San Andrés Paxtlán,2021,20.73,12.99,23.02,12.27,1063.6,499.62,16.1256289,-96.3027288
San Andrés Paxtlán,2022,20.63,12.8,22.62,12.01,1131.6,507.71,16.1256289,-96.3027288
San Andrés Paxtlán,2023,21.35,13.36,23.59,12.75,981.9,525.42,16.1256289,-96.3027288
San Andrés Paxtlán,2024,21.51,13.31,23.76,12.52,1129.5,534.12,16.1256289,-96.3027288
San Andrés Paxtlán,2025,21.4,12.24,22.95,11.59,1289.0,514.44,16.1256289,-96.3027288
San Andrés Paxtlán,2026,21.55,11.52,22.82,10.45,436.9,269.35,16.1256289,-96.3027288
San Andrés Sinaxtla,2020,22.93,11.16,22.25,10.11,249.0,600.95,17.2806607,-97.170172
San Andrés Sinaxtla,2021,22.56,10.94,22.06,9.95,405.0,584.51,17.2806607,-97.170172
San Andrés Sinaxtla,2022,22.96,10.58,22.28,9.42,260.9,608.42,17.2806607,-97.170172
San Andrés Sinaxtla,2023,24.31,11.52,24.03,10.79,277.3,630.18,17.2806607,-97.170172
San Andrés Sinaxtla,2024,25.05,11.68,24.66,10.98,393.0,655.32,17.2806607,-97.170172
San Andrés Sinaxtla,2025,23.33,11.29,23.17,10.81,339.5,609.14,17.2806607,-97.170172
San Andrés Sinaxtla,2026,23.94,10.56,22.99,9.9,191.1,322.33,17.2806607,-97.170172
San Andrés Solaga,2020,23.71,12.35,25.03,12.04,1391.7,522.37,17.1615701,-96.1412821
San Andrés Solaga,2021,23.44,12.0,24.99,11.71,1531.0,510.23,17.1615701,-96.1412821
San Andrés Solaga,2022,23.82,11.77,25.11,11.35,1278.6,535.71,17.1615701,-96.1412821
San Andrés Solaga,2023,25.13,12.79,26.85,12.69,1097.8,570.68,17.1615701,-96.1412821
San Andrés Solaga,2024,26.48,13.25,27.93,13.08,953.9,602.23,17.1615701,-96.1412821
San Andrés Solaga,2025,24.81,13.53,26.25,13.64,1234.0,562.78,17.1615701,-96.1412821
San Andrés Solaga,2026,24.3,12.27,25.29,12.07,432.2,282.12,17.1615701,-96.1412821
San Andrés Teotilálpam,2020,20.32,14.16,22.48,14.26,1276.1,474.44,17.5714871,-96.3923718
San Andrés Teotilálpam,2021,19.89,13.97,22.12,14.11,1143.4,467.0,17.5714871,-96.3923718
San Andrés Teotilálpam,2022,20.05,13.69,22.2,13.73,848.9,490.76,17.5714871,-96.3923718
San Andrés Teotilálpam,2023,21.1,14.73,23.62,15.03,782.6,514.91,17.5714871,-96.3923718
San Andrés Teotilálpam,2024,22.14,15.2,24.57,15.58,605.7,537.26,17.5714871,-96.3923718
San Andrés Teotilálpam,2025,21.42,13.87,23.36,14.0,765.5,522.57,17.5714871,-96.3923718
San Andrés Teotilálpam,2026,20.19,12.65,21.89,12.3,560.3,251.91,17.5714871,-96.3923718
San Andrés Tepetlapa,2020,23.03,12.05,23.98,11.63,451.0,576.47,17.3957,-98.2330072
San Andrés Tepetlapa,2021,22.6,11.73,23.53,11.4,625.8,555.94,17.3957,-98.2330072
San Andrés Tepetlapa,2022,22.71,11.32,23.67,10.79,450.8,575.14,17.3957,-98.2330072
San Andrés Tepetlapa,2023,23.63,12.09,25.09,11.98,422.2,587.87,17.3957,-98.2330072
San Andrés Tepetlapa,2024,24.46,12.49,25.58,12.23,557.7,616.38,17.3957,-98.2330072
San Andrés Tepetlapa,2025,22.91,13.01,24.08,12.96,470.7,571.11,17.3957,-98.2330072
San Andrés Tepetlapa,2026,23.66,12.6,24.25,12.41,203.0,300.18,17.3957,-98.2330072
San Andrés Yaá,2020,19.92,10.53,20.79,9.63,968.3,477.68,17.1733282,-96.0913018
San Andrés Yaá,2021,19.66,10.24,20.71,9.39,1044.3,467.36,17.1733282,-96.0913018
San Andrés Yaá,2022,19.87,9.95,20.65,8.96,790.0,487.93,17.1733282,-96.0913018
San Andrés Yaá,2023,20.91,11.1,22.07,10.44,747.5,519.7,17.1733282,-96.0913018
San Andrés Yaá,2024,22.13,11.76,23.17,11.18,593.1,547.25,17.1733282,-96.0913018
San Andrés Yaá,2025,20.56,11.08,21.53,10.52,827.2,510.21,17.1733282,-96.0913018
San Andrés Yaá,2026,19.95,9.86,20.72,8.98,395.5,257.05,17.1733282,-96.0913018
San Andrés Zabache,2020,25.41,13.9,25.14,13.44,301.0,637.39,16.3600535,-96.5127848
San Andrés Zabache,2021,25.19,13.63,24.76,13.29,305.4,634.91,16.3600535,-96.5127848
San Andrés Zabache,2022,25.57,13.17,24.96,12.54,235.7,664.25,16.3600535,-96.5127848
San Andrés Zabache,2023,27.26,14.33,26.7,14.16,227.5,695.63,16.3600535,-96.5127848
San Andrés Zabache,2024,27.47,14.45,27.28,14.11,276.3,685.96,16.3600535,-96.5127848
San Andrés Zabache,2025,26.45,13.97,26.18,13.98,244.5,661.83,16.3600535,-96.5127848
San Andrés Zabache,2026,26.83,13.04,25.97,12.48,180.8,350.66,16.3600535,-96.5127848
San Andrés Zautla,2020,17.43,7.62,16.78,5.58,459.5,524.22,17.1110996,-96.5148564
San Andrés Zautla,2021,17.21,7.28,16.6,5.28,638.1,513.48,17.1110996,-96.5148564
San Andrés Zautla,2022,17.61,7.07,16.82,5.04,388.9,537.96,17.1110996,-96.5148564
San Andrés Zautla,2023,18.52,7.7,18.15,5.84,409.1,551.9,17.1110996,-96.5148564
San Andrés Zautla,2024,19.42,8.2,18.76,6.25,394.6,578.43,17.1110996,-96.5148564
San Andrés Zautla,2025,17.61,7.44,17.26,5.48,604.3,525.61,17.1110996,-96.5148564
San Andrés Zautla,2026,17.87,6.34,17.11,4.02,284.5,276.7,17.1110996,-96.5148564
San Antonino Castillo Velasco,2020,29.36,14.83,29.51,15.25,200.3,693.87,16.4811619,-96.4104704
San Antonino Castillo Velasco,2021,29.0,14.65,29.11,15.12,238.1,685.83,16.4811619,-96.4104704
San Antonino Castillo Velasco,2022,29.39,14.24,29.4,14.49,182.4,714.34,16.4811619,-96.4104704
San Antonino Castillo Velasco,2023,30.77,15.47,30.9,16.14,113.4,741.79,16.4811619,-96.4104704
San Antonino Castillo Velasco,2024,30.54,15.29,30.88,15.9,225.4,736.43,16.4811619,-96.4104704
San Antonino Castillo Velasco,2025,29.52,14.92,29.9,15.64,285.5,707.96,16.4811619,-96.4104704
San Antonino Castillo Velasco,2026,29.76,13.93,29.58,14.4,154.9,368.33,16.4811619,-96.4104704
San Antonino Monte Verde,2020,16.22,3.9,15.26,1.39,318.6,514.48,17.3201009,-97.4314266
San Antonino Monte Verde,2021,15.91,3.62,15.12,1.13,439.4,507.05,17.3201009,-97.4314266
San Antonino Monte Verde,2022,16.19,3.45,15.21,0.9,338.1,523.49,17.3201009,-97.4314266
San Antonino Monte Verde,2023,17.03,4.22,16.3,1.82,369.7,537.15,17.3201009,-97.4314266
San Antonino Monte Verde,2024,17.9,4.88,16.89,2.46,402.5,562.3,17.3201009,-97.4314266
San Antonino Monte Verde,2025,15.91,4.44,15.35,2.06,387.8,515.21,17.3201009,-97.4314266
San Antonino Monte Verde,2026,16.41,3.75,15.37,1.22,198.0,267.77,17.3201009,-97.4314266
San Antonino el Alto,2020,20.62,8.8,20.43,7.19,545.6,545.8,16.4856522,-97.0145748
San Antonino el Alto,2021,20.39,8.55,20.26,6.94,585.1,536.79,16.4856522,-97.0145748
San Antonino el Alto,2022,20.67,8.38,20.33,6.65,503.8,557.65,16.4856522,-97.0145748
San Antonino el Alto,2023,21.41,8.95,21.36,7.49,557.9,562.14,16.4856522,-97.0145748
San Antonino el Alto,2024,21.6,9.25,21.42,7.77,626.4,579.18,16.4856522,-97.0145748
San Antonino el Alto,2025,20.37,8.75,20.24,7.2,539.5,543.38,16.4856522,-97.0145748
San Antonino el Alto,2026,20.75,7.7,20.1,5.96,176.1,288.73,16.4856522,-97.0145748
San Antonio Acutla,2020,23.36,11.7,22.83,10.98,237.9,614.88,17.4438508,-97.3001098
San Antonio Acutla,2021,22.77,11.39,22.34,10.65,283.1,598.08,17.4438508,-97.3001098
San Antonio Acutla,2022,23.34,11.16,22.62,10.27,186.8,628.86,17.4438508,-97.3001098
San Antonio Acutla,2023,24.56,11.95,24.19,11.48,183.3,649.78,17.4438508,-97.3001098
San Antonio Acutla,2024,25.4,12.11,24.88,11.55,236.9,674.5,17.4438508,-97.3001098
San Antonio Acutla,2025,23.7,11.2,23.57,10.76,227.3,625.0,17.4438508,-97.3001098
San Antonio Acutla,2026,24.35,10.51,23.47,9.83,191.5,324.26,17.4438508,-97.3001098
San Antonio Huitepec,2020,24.5,12.18,25.35,11.27,581.7,589.0,16.5538393,-97.0850719
San Antonio Huitepec,2021,24.12,11.88,25.05,10.96,681.3,576.49,16.5538393,-97.0850719
San Antonio Huitepec,2022,24.36,11.69,25.13,10.62,586.9,598.0,16.5538393,-97.0850719
San Antonio Huitepec,2023,25.0,12.13,25.98,11.29,510.0,599.56,16.5538393,-97.0850719
San Antonio Huitepec,2024,25.08,12.64,25.96,11.83,646.6,614.12,16.5538393,-97.0850719
San Antonio Huitepec,2025,24.33,12.15,25.28,11.25,679.4,584.5,16.5538393,-97.0850719
San Antonio Huitepec,2026,24.5,11.09,24.7,9.94,172.5,309.33,16.5538393,-97.0850719
San Antonio Nanahuatípam,2020,31.61,18.5,32.58,19.49,181.1,712.51,18.0749078,-97.0725121
San Antonio Nanahuatípam,2021,31.16,18.36,32.13,19.36,147.9,713.82,18.0749078,-97.0725121
San Antonio Nanahuatípam,2022,32.13,18.23,32.83,19.0,113.5,747.48,18.0749078,-97.0725121
San Antonio Nanahuatípam,2023,33.32,19.13,34.22,20.26,67.2,765.27,18.0749078,-97.0725121
San Antonio Nanahuatípam,2024,33.39,18.96,34.35,19.83,187.7,759.9,18.0749078,-97.0725121
San Antonio Nanahuatípam,2025,32.74,18.66,33.5,19.84,134.5,751.56,18.0749078,-97.0725121
San Antonio Nanahuatípam,2026,31.97,17.61,32.47,18.51,137.9,366.23,18.0749078,-97.0725121
San Antonio Sinicahua,2020,28.78,16.32,29.87,17.26,352.7,664.89,17.0905665,-97.3404654
San Antonio Sinicahua,2021,28.4,15.99,29.63,16.94,519.6,648.06,17.0905665,-97.3404654
San Antonio Sinicahua,2022,28.81,15.77,29.94,16.48,423.6,676.7,17.0905665,-97.3404654
San Antonio Sinicahua,2023,29.58,16.19,31.0,17.31,449.9,681.21,17.0905665,-97.3404654
San Antonio Sinicahua,2024,30.16,16.35,31.22,17.39,495.8,704.81,17.0905665,-97.3404654
San Antonio Sinicahua,2025,28.68,16.04,30.13,17.11,523.8,670.71,17.0905665,-97.3404654
San Antonio Sinicahua,2026,29.58,15.77,29.8,16.43,183.6,355.17,17.0905665,-97.3404654
San Antonio Tepetlapa,2020,33.4,21.99,37.48,24.9,536.7,680.64,16.3232499,-98.0358414
San Antonio Tepetlapa,2021,32.49,21.65,36.87,24.77,808.2,640.23,16.3232499,-98.0358414
San Antonio Tepetlapa,2022,32.54,21.04,36.71,23.78,727.1,651.22,16.3232499,-98.0358414
San Antonio Tepetlapa,2023,33.77,22.29,38.26,25.52,515.7,677.67,16.3232499,-98.0358414
San Antonio Tepetlapa,2024,32.73,21.7,37.3,24.97,767.1,650.9,16.3232499,-98.0358414
San Antonio Tepetlapa,2025,32.29,21.59,37.1,24.95,649.5,635.05,16.3232499,-98.0358414
San Antonio Tepetlapa,2026,33.28,21.58,36.58,24.62,238.1,343.98,16.3232499,-98.0358414
San Antonio de la Cal,2020,24.66,14.32,25.21,14.21,272.4,624.05,17.0152728,-96.4157423
San Antonio de la Cal,2021,24.32,14.11,24.65,13.95,314.4,609.48,17.0152728,-96.4157423
San Antonio de la Cal,2022,25.05,13.95,25.11,13.77,279.9,640.94,17.0152728,-96.4157423
San Antonio de la Cal,2023,26.46,14.68,26.63,14.72,242.1,662.19,17.0152728,-96.4157423
San Antonio de la Cal,2024,26.96,14.3,27.12,14.07,261.3,680.57,17.0152728,-96.4157423
San Antonio de la Cal,2025,25.87,13.7,26.27,13.66,327.7,642.75,17.0152728,-96.4157423
San Antonio de la Cal,2026,26.14,12.95,25.76,12.49,257.9,337.74,17.0152728,-96.4157423
San Baltazar Chichicápam,2020,28.39,14.79,28.53,15.03,192.3,676.36,16.454355,-96.292285
San Baltazar Chichicápam,2021,28.01,14.48,28.21,14.74,266.5,667.77,16.454355,-96.292285
San Baltazar Chichicápam,2022,28.33,14.26,28.44,14.37,180.5,690.02,16.454355,-96.292285
San Baltazar Chichicápam,2023,29.87,15.23,30.05,15.62,126.6,723.13,16.454355,-96.292285
San Baltazar Chichicápam,2024,29.73,14.96,30.15,15.15,259.6,720.94,16.454355,-96.292285
San Baltazar Chichicápam,2025,28.56,14.79,28.93,15.28,307.8,695.55,16.454355,-96.292285
San Baltazar Chichicápam,2026,28.84,13.86,28.72,13.99,157.4,362.31,16.454355,-96.292285
San Baltazar Loxicha,2020,17.86,8.3,18.59,6.47,670.8,497.88,16.042388,-96.4725155
San Baltazar Loxicha,2021,17.56,7.8,18.25,6.02,996.5,489.57,16.042388,-96.4725155
San Baltazar Loxicha,2022,17.43,7.5,17.99,5.62,726.2,496.36,16.042388,-96.4725155
San Baltazar Loxicha,2023,18.11,8.26,18.95,6.47,754.4,510.53,16.042388,-96.4725155
San Baltazar Loxicha,2024,18.68,8.69,19.61,6.81,783.6,530.2,16.042388,-96.4725155
San Baltazar Loxicha,2025,18.35,8.11,18.7,6.31,707.5,509.52,16.042388,-96.4725155
San Baltazar Loxicha,2026,18.58,6.96,18.57,4.73,327.2,272.15,16.042388,-96.4725155
San Baltazar Yatzachi el Bajo,2020,22.71,11.35,23.68,10.74,1391.7,511.48,17.1341364,-96.131132
San Baltazar Yatzachi el Bajo,2021,22.44,11.0,23.63,10.4,1531.0,499.44,17.1341364,-96.131132
San Baltazar Yatzachi el Bajo,2022,22.82,10.77,23.78,10.05,1278.6,524.49,17.1341364,-96.131132
San Baltazar Yatzachi el Bajo,2023,24.13,11.79,25.48,11.37,1097.8,559.11,17.1341364,-96.131132
San Baltazar Yatzachi el Bajo,2024,25.48,12.25,26.59,11.77,953.9,590.58,17.1341364,-96.131132
San Baltazar Yatzachi el Bajo,2025,23.81,12.53,24.89,12.32,1234.0,551.28,17.1341364,-96.131132
San Baltazar Yatzachi el Bajo,2026,23.3,11.27,23.97,10.77,432.2,276.31,17.1341364,-96.131132
San Bartolo Coyotepec,2020,28.11,13.74,28.18,13.94,251.4,663.98,16.5729813,-96.4227541
San Bartolo Coyotepec,2021,27.71,13.56,27.74,13.82,415.1,653.79,16.5729813,-96.4227541
San Bartolo Coyotepec,2022,28.28,13.27,28.11,13.31,235.3,684.06,16.5729813,-96.4227541
San Bartolo Coyotepec,2023,29.59,14.41,29.57,14.83,162.3,708.22,16.5729813,-96.4227541
San Bartolo Coyotepec,2024,29.22,14.23,29.42,14.55,323.9,703.56,16.5729813,-96.4227541
San Bartolo Coyotepec,2025,27.96,13.93,28.38,14.29,293.6,671.92,16.5729813,-96.4227541
San Bartolo Coyotepec,2026,28.26,13.14,27.8,13.31,203.7,350.77,16.5729813,-96.4227541
San Bartolo Soyaltepec,2020,22.28,10.36,21.4,9.36,236.3,602.01,17.3526307,-97.1832165
San Bartolo Soyaltepec,2021,21.83,10.2,21.14,9.15,340.1,584.26,17.3526307,-97.1832165
San Bartolo Soyaltepec,2022,22.3,9.74,21.39,8.57,196.8,611.51,17.3526307,-97.1832165
San Bartolo Soyaltepec,2023,23.59,10.87,23.25,10.1,226.1,632.48,17.3526307,-97.1832165
San Bartolo Soyaltepec,2024,24.43,10.96,23.95,10.17,276.0,658.35,17.3526307,-97.1832165
San Bartolo Soyaltepec,2025,22.73,10.41,22.57,9.83,246.8,612.39,17.3526307,-97.1832165
San Bartolo Soyaltepec,2026,23.34,9.79,22.49,9.06,176.2,320.32,17.3526307,-97.1832165
San Bartolo Yautepec,2020,24.42,14.41,24.53,14.06,396.7,600.17,16.2550669,-95.5823204
San Bartolo Yautepec,2021,23.73,14.09,24.02,13.88,642.7,566.36,16.2550669,-95.5823204
San Bartolo Yautepec,2022,23.71,14.07,24.02,13.68,449.3,584.85,16.2550669,-95.5823204
San Bartolo Yautepec,2023,25.65,15.2,26.07,15.41,403.7,617.41,16.2550669,-95.5823204
San Bartolo Yautepec,2024,25.13,14.85,25.81,14.99,675.3,598.42,16.2550669,-95.5823204
San Bartolo Yautepec,2025,24.81,14.72,25.07,14.78,411.4,605.71,16.2550669,-95.5823204
San Bartolo Yautepec,2026,24.87,13.95,24.55,13.62,252.3,315.27,16.2550669,-95.5823204
San Bartolomé Ayautla,2020,28.39,22.16,33.11,25.5,1264.3,529.77,18.0154481,-96.4017432
San Bartolomé Ayautla,2021,28.14,22.13,33.05,25.62,1375.3,526.12,18.0154481,-96.4017432
San Bartolomé Ayautla,2022,28.41,21.64,33.11,24.73,1249.6,537.0,18.0154481,-96.4017432
San Bartolomé Ayautla,2023,29.75,22.52,35.16,26.21,1059.2,566.79,18.0154481,-96.4017432
San Bartolomé Ayautla,2024,30.23,22.21,35.68,25.76,952.3,567.01,18.0154481,-96.4017432
San Bartolomé Ayautla,2025,30.17,21.4,34.88,24.6,1301.9,568.84,18.0154481,-96.4017432
San Bartolomé Ayautla,2026,29.59,20.16,33.77,22.94,522.9,278.5,18.0154481,-96.4017432
San Bartolomé Loxicha,2020,28.64,26.94,33.36,30.16,378.7,664.36,15.5813403,-96.4239656
San Bartolomé Loxicha,2021,28.32,26.49,33.04,29.91,468.2,642.93,15.5813403,-96.4239656
San Bartolomé Loxicha,2022,28.4,26.47,32.99,29.57,413.2,670.47,15.5813403,-96.4239656
San Bartolomé Loxicha,2023,29.28,27.28,34.17,30.98,212.0,698.76,15.5813403,-96.4239656
San Bartolomé Loxicha,2024,28.58,26.46,33.17,29.79,550.0,633.38,15.5813403,-96.4239656
San Bartolomé Loxicha,2025,28.88,26.54,33.72,29.9,445.5,646.07,15.5813403,-96.4239656
San Bartolomé Loxicha,2026,28.88,26.6,33.27,29.81,226.8,342.62,15.5813403,-96.4239656
San Bartolomé Quialana,2020,28.21,14.18,28.38,14.41,230.7,664.67,16.5406795,-96.3004342
San Bartolomé Quialana,2021,27.61,13.83,27.94,14.04,324.2,644.69,16.5406795,-96.3004342
San Bartolomé Quialana,2022,28.02,13.6,28.24,13.64,251.2,672.26,16.5406795,-96.3004342
San Bartolomé Quialana,2023,29.7,14.88,29.77,15.36,152.5,710.29,16.5406795,-96.3004342
San Bartolomé Quialana,2024,29.36,14.76,29.78,14.94,238.8,703.45,16.5406795,-96.3004342
San Bartolomé Quialana,2025,28.05,14.61,28.38,15.04,324.2,682.66,16.5406795,-96.3004342
San Bartolomé Quialana,2026,28.17,13.71,27.98,13.84,172.5,354.81,16.5406795,-96.3004342
San Bartolomé Yucuañe,2020,25.49,12.89,25.64,12.37,330.3,631.42,17.1433169,-97.2652546
San Bartolomé Yucuañe,2021,25.19,12.62,25.48,12.08,454.3,613.22,17.1433169,-97.2652546
San Bartolomé Yucuañe,2022,25.65,12.56,25.71,11.9,380.3,642.83,17.1433169,-97.2652546
San Bartolomé Yucuañe,2023,26.53,13.14,27.08,12.8,404.9,644.79,17.1433169,-97.2652546
San Bartolomé Yucuañe,2024,27.19,13.5,27.34,13.18,496.5,670.71,17.1433169,-97.2652546
San Bartolomé Yucuañe,2025,25.66,12.92,26.07,12.46,445.5,635.61,17.1433169,-97.2652546
San Bartolomé Yucuañe,2026,26.35,12.31,25.91,11.63,193.4,335.91,17.1433169,-97.2652546
San Bartolomé Zoogocho,2020,25.25,13.9,27.2,14.12,1391.7,539.29,17.1426839,-96.1434982
San Bartolomé Zoogocho,2021,24.99,13.55,27.17,13.78,1531.0,526.83,17.1426839,-96.1434982
San Bartolomé Zoogocho,2022,25.37,13.31,27.27,13.42,1278.6,553.15,17.1426839,-96.1434982
San Bartolomé Zoogocho,2023,26.68,14.34,29.03,14.78,1097.8,588.42,17.1426839,-96.1434982
San Bartolomé Zoogocho,2024,28.04,14.8,30.08,15.18,953.9,620.31,17.1426839,-96.1434982
San Bartolomé Zoogocho,2025,26.35,15.09,28.4,15.74,1234.0,580.63,17.1426839,-96.1434982
San Bartolomé Zoogocho,2026,25.86,13.81,27.4,14.13,432.2,291.09,17.1426839,-96.1434982
San Bernardo Mixtepec,2020,27.25,13.57,27.13,13.63,295.4,665.54,16.4928778,-96.5355199
San Bernardo Mixtepec,2021,27.03,13.42,26.76,13.51,324.0,662.06,16.4928778,-96.5355199
San Bernardo Mixtepec,2022,27.59,13.19,27.18,13.06,225.0,693.82,16.4928778,-96.5355199
San Bernardo Mixtepec,2023,28.69,14.24,28.42,14.52,191.0,716.02,16.4928778,-96.5355199
San Bernardo Mixtepec,2024,28.54,14.24,28.37,14.38,248.6,709.52,16.4928778,-96.5355199
San Bernardo Mixtepec,2025,27.61,13.73,27.56,13.92,338.1,682.39,16.4928778,-96.5355199
San Bernardo Mixtepec,2026,27.83,12.78,27.13,12.74,197.0,355.49,16.4928778,-96.5355199
San Blas Atempa,2020,31.51,24.48,33.41,25.85,254.4,863.42,16.1934759,-95.1339165
San Blas Atempa,2021,30.9,24.17,32.84,25.74,552.3,808.85,16.1934759,-95.1339165
San Blas Atempa,2022,31.04,24.01,33.15,25.44,403.5,830.57,16.1934759,-95.1339165
San Blas Atempa,2023,32.71,25.07,34.91,27.0,263.4,887.16,16.1934759,-95.1339165
San Blas Atempa,2024,31.5,24.33,34.16,26.3,638.0,806.35,16.1934759,-95.1339165
San Blas Atempa,2025,32.08,24.62,33.92,25.93,445.6,882.63,16.1934759,-95.1339165
San Blas Atempa,2026,32.04,23.9,32.82,24.58,230.8,468.2,16.1934759,-95.1339165
San Carlos Yautepec,2020,25.98,15.04,27.05,14.5,349.4,619.93,16.3002184,-96.0624133
San Carlos Yautepec,2021,25.68,14.75,26.77,14.24,475.9,611.17,16.3002184,-96.0624133
San Carlos Yautepec,2022,25.78,14.68,26.93,14.13,417.2,626.92,16.3002184,-96.0624133
San Carlos Yautepec,2023,27.58,15.91,28.79,15.79,307.0,659.33,16.3002184,-96.0624133
San Carlos Yautepec,2024,27.62,15.88,28.9,15.67,488.1,657.38,16.3002184,-96.0624133
San Carlos Yautepec,2025,26.42,15.9,27.8,15.64,484.4,641.0,16.3002184,-96.0624133
San Carlos Yautepec,2026,27.0,15.1,27.38,14.4,205.6,338.6,16.3002184,-96.0624133
San Cristóbal Amatlán,2020,13.62,3.75,13.22,1.19,497.8,466.06,16.1906269,-96.2436058
San Cristóbal Amatlán,2021,13.32,3.33,12.85,0.82,566.7,463.02,16.1906269,-96.2436058
San Cristóbal Amatlán,2022,13.25,3.25,12.7,0.69,345.6,467.86,16.1906269,-96.2436058
San Cristóbal Amatlán,2023,14.17,3.91,13.68,1.49,351.0,488.74,16.1906269,-96.2436058
San Cristóbal Amatlán,2024,14.97,4.51,14.58,1.95,466.5,509.36,16.1906269,-96.2436058
San Cristóbal Amatlán,2025,14.04,3.81,13.25,1.56,419.1,482.39,16.1906269,-96.2436058
San Cristóbal Amatlán,2026,14.3,2.81,13.38,0.24,272.2,253.96,16.1906269,-96.2436058
San Cristóbal Amoltepec,2020,23.25,11.53,23.31,10.67,367.0,601.73,17.1704318,-97.3411469
San Cristóbal Amoltepec,2021,22.94,11.27,23.06,10.41,500.7,589.12,17.1704318,-97.3411469
San Cristóbal Amoltepec,2022,23.4,11.05,23.28,10.04,374.0,615.95,17.1704318,-97.3411469
San Cristóbal Amoltepec,2023,24.28,11.79,24.7,11.1,388.9,625.81,17.1704318,-97.3411469
San Cristóbal Amoltepec,2024,24.92,12.09,25.0,11.37,489.6,648.1,17.1704318,-97.3411469
San Cristóbal Amoltepec,2025,23.24,11.84,23.57,11.21,449.9,610.13,17.1704318,-97.3411469
San Cristóbal Amoltepec,2026,23.91,11.33,23.41,10.41,205.6,321.78,17.1704318,-97.3411469
San Cristóbal Lachirioag,2020,18.12,8.73,18.5,7.4,968.3,459.53,17.2009498,-96.095417
San Cristóbal Lachirioag,2021,17.86,8.44,18.4,7.17,1044.3,449.48,17.2009498,-96.095417
San Cristóbal Lachirioag,2022,18.07,8.15,18.38,6.74,790.0,469.1,17.2009498,-96.095417
San Cristóbal Lachirioag,2023,19.11,9.3,19.78,8.2,747.5,500.57,17.2009498,-96.095417
San Cristóbal Lachirioag,2024,20.33,9.96,20.89,8.94,593.1,527.77,17.2009498,-96.095417
San Cristóbal Lachirioag,2025,18.76,9.28,19.25,8.29,827.2,491.03,17.2009498,-96.095417
San Cristóbal Lachirioag,2026,18.15,8.06,18.47,6.77,395.5,247.23,17.2009498,-96.095417
San Cristóbal Suchixtlahuaca,2020,23.1,11.14,22.38,10.16,240.9,617.57,17.4339194,-97.2159961
San Cristóbal Suchixtlahuaca,2021,22.58,10.71,21.99,9.64,261.9,600.73,17.4339194,-97.2159961
San Cristóbal Suchixtlahuaca,2022,23.21,10.65,22.33,9.52,172.0,633.81,17.4339194,-97.2159961
San Cristóbal Suchixtlahuaca,2023,24.25,11.29,23.87,10.52,191.1,649.58,17.4339194,-97.2159961
San Cristóbal Suchixtlahuaca,2024,25.12,11.37,24.47,10.44,214.5,674.93,17.4339194,-97.2159961
San Cristóbal Suchixtlahuaca,2025,23.45,10.65,23.19,9.87,219.7,632.08,17.4339194,-97.2159961
San Cristóbal Suchixtlahuaca,2026,23.98,9.91,23.15,8.9,158.6,326.2,17.4339194,-97.2159961
San Dionisio Ocotepec,2020,25.18,12.95,25.17,12.4,277.1,622.16,16.4751916,-96.2345734
San Dionisio Ocotepec,2021,24.75,12.58,24.82,12.04,333.5,611.88,16.4751916,-96.2345734
San Dionisio Ocotepec,2022,25.03,12.32,25.05,11.65,266.4,628.9,16.4751916,-96.2345734
San Dionisio Ocotepec,2023,26.68,13.35,26.67,13.01,176.3,668.22,16.4751916,-96.2345734
San Dionisio Ocotepec,2024,26.7,13.47,26.86,12.9,303.0,672.85,16.4751916,-96.2345734
San Dionisio Ocotepec,2025,25.19,13.6,25.22,13.35,353.3,643.01,16.4751916,-96.2345734
San Dionisio Ocotepec,2026,25.65,12.61,25.21,12.13,152.1,339.04,16.4751916,-96.2345734
San Dionisio Ocotlán,2020,27.62,14.52,27.58,14.37,255.8,669.73,16.4447199,-96.4051007
San Dionisio Ocotlán,2021,27.23,14.35,27.15,14.33,262.4,663.67,16.4447199,-96.4051007
San Dionisio Ocotlán,2022,27.67,13.98,27.42,13.74,177.4,691.45,16.4447199,-96.4051007
San Dionisio Ocotlán,2023,29.17,15.08,29.03,15.18,133.7,722.12,16.4447199,-96.4051007
San Dionisio Ocotlán,2024,29.21,14.98,29.32,14.9,253.2,716.0,16.4447199,-96.4051007
San Dionisio Ocotlán,2025,28.13,14.34,28.32,14.58,246.0,688.36,16.4447199,-96.4051007
San Dionisio Ocotlán,2026,28.49,13.3,28.02,13.17,131.9,358.98,16.4447199,-96.4051007
San Dionisio del Mar,2020,31.68,23.93,35.96,26.96,530.9,714.56,16.1913941,-94.4525212
San Dionisio del Mar,2021,31.64,23.68,36.12,26.91,976.5,689.64,16.1913941,-94.4525212
San Dionisio del Mar,2022,31.23,23.49,35.58,26.48,687.4,691.04,16.1913941,-94.4525212
San Dionisio del Mar,2023,32.46,24.44,37.08,27.85,560.9,727.52,16.1913941,-94.4525212
San Dionisio del Mar,2024,31.97,24.23,36.8,27.54,1013.8,696.56,16.1913941,-94.4525212
San Dionisio del Mar,2025,32.27,24.28,36.68,27.2,856.3,731.35,16.1913941,-94.4525212
San Dionisio del Mar,2026,33.13,23.54,35.84,25.8,296.3,402.29,16.1913941,-94.4525212
San Esteban Atatlahuca,2020,26.78,14.43,27.17,14.46,170.9,636.94,17.0359578,-97.403997
San Esteban Atatlahuca,2021,26.44,14.28,26.87,14.26,311.1,623.71,17.0359578,-97.403997
San Esteban Atatlahuca,2022,26.91,13.96,27.24,13.73,204.4,653.02,17.0359578,-97.403997
San Esteban Atatlahuca,2023,27.89,14.76,28.45,14.98,164.5,661.27,17.0359578,-97.403997
San Esteban Atatlahuca,2024,28.34,14.92,28.74,15.02,276.9,682.87,17.0359578,-97.403997
San Esteban Atatlahuca,2025,26.94,15.07,27.44,15.52,215.2,656.07,17.0359578,-97.403997
San Esteban Atatlahuca,2026,27.66,14.82,27.13,14.98,133.9,342.87,17.0359578,-97.403997
San Felipe Jalapa de Díaz,2020,29.36,22.75,34.27,26.29,1084.2,550.78,18.0416617,-96.3210014
San Felipe Jalapa de Díaz,2021,29.04,22.71,34.29,26.48,1218.5,545.08,18.0416617,-96.3210014
San Felipe Jalapa de Díaz,2022,29.42,22.27,34.48,25.51,1291.5,553.54,18.0416617,-96.3210014
San Felipe Jalapa de Díaz,2023,30.56,23.17,36.29,27.21,1035.7,579.72,18.0416617,-96.3210014
San Felipe Jalapa de Díaz,2024,30.99,22.92,36.57,27.01,932.0,573.01,18.0416617,-96.3210014
San Felipe Jalapa de Díaz,2025,30.44,22.42,35.32,26.39,1323.6,568.1,18.0416617,-96.3210014
San Felipe Jalapa de Díaz,2026,29.99,21.49,34.34,25.13,543.5,283.57,18.0416617,-96.3210014
San Felipe Tejalápam,2020,24.53,12.37,25.07,11.75,531.7,613.7,17.0641043,-96.5111727
San Felipe Tejalápam,2021,24.2,12.05,24.62,11.43,639.4,596.51,17.0641043,-96.5111727
San Felipe Tejalápam,2022,24.88,11.95,25.09,11.29,473.5,627.52,17.0641043,-96.5111727
San Felipe Tejalápam,2023,25.96,12.64,26.28,12.17,509.3,645.07,17.0641043,-96.5111727
San Felipe Tejalápam,2024,26.37,12.68,26.73,12.03,588.3,658.87,17.0641043,-96.5111727
San Felipe Tejalápam,2025,24.61,12.14,25.27,11.6,680.3,604.84,17.0641043,-96.5111727
San Felipe Tejalápam,2026,25.52,11.33,24.8,10.37,246.3,328.44,17.0641043,-96.5111727
San Felipe Usila,2020,23.43,16.19,26.54,16.81,1566.7,499.07,17.5245822,-96.3142107
San Felipe Usila,2021,23.08,16.06,26.33,16.72,1198.3,490.91,17.5245822,-96.3142107
San Felipe Usila,2022,23.38,15.6,26.56,16.03,1105.9,517.0,17.5245822,-96.3142107
San Felipe Usila,2023,24.68,16.59,28.33,17.31,908.7,548.98,17.5245822,-96.3142107
San Felipe Usila,2024,25.67,17.07,29.06,17.55,688.2,573.86,17.5245822,-96.3142107
San Felipe Usila,2025,25.19,15.44,28.18,15.76,912.3,556.21,17.5245822,-96.3142107
San Felipe Usila,2026,24.02,14.1,26.71,14.12,487.7,267.12,17.5245822,-96.3142107
San Francisco Cahuacuá,2020,26.68,14.06,28.1,13.89,711.7,602.19,16.5336827,-97.1820139
San Francisco Cahuacuá,2021,26.1,13.67,27.65,13.56,779.8,585.59,16.5336827,-97.1820139
San Francisco Cahuacuá,2022,26.45,13.38,27.76,13.02,665.2,606.22,16.5336827,-97.1820139
San Francisco Cahuacuá,2023,27.07,14.01,28.68,13.9,635.9,612.24,16.5336827,-97.1820139
San Francisco Cahuacuá,2024,27.01,14.53,28.51,14.48,705.6,623.54,16.5336827,-97.1820139
San Francisco Cahuacuá,2025,26.08,13.96,27.75,13.81,880.4,592.85,16.5336827,-97.1820139
San Francisco Cahuacuá,2026,26.74,13.0,27.44,12.52,186.3,318.89,16.5336827,-97.1820139
San Francisco Cajonos,2020,23.87,12.57,25.12,12.21,1151.1,541.94,17.1019539,-96.1505272
San Francisco Cajonos,2021,23.56,12.13,25.14,11.75,1456.4,528.47,17.1019539,-96.1505272
San Francisco Cajonos,2022,24.02,12.08,25.24,11.67,1143.2,553.34,17.1019539,-96.1505272
San Francisco Cajonos,2023,25.22,12.96,26.85,12.89,1088.1,582.6,17.1019539,-96.1505272
San Francisco Cajonos,2024,26.57,13.48,27.92,13.35,906.1,613.3,17.1019539,-96.1505272
San Francisco Cajonos,2025,24.51,13.59,26.06,13.7,1162.4,570.41,17.1019539,-96.1505272
San Francisco Cajonos,2026,24.02,12.49,25.03,12.29,375.9,286.88,17.1019539,-96.1505272
San Francisco Chapulapa,2020,16.91,8.93,17.73,7.82,1206.3,467.18,17.5627425,-96.4515867
San Francisco Chapulapa,2021,16.62,8.87,17.59,7.83,1202.9,462.36,17.5627425,-96.4515867
San Francisco Chapulapa,2022,16.7,8.73,17.42,7.55,1046.1,479.24,17.5627425,-96.4515867
San Francisco Chapulapa,2023,17.55,9.5,18.72,8.56,870.1,500.96,17.5627425,-96.4515867
San Francisco Chapulapa,2024,18.81,9.93,19.77,9.0,751.1,525.38,17.5627425,-96.4515867
San Francisco Chapulapa,2025,17.9,9.3,18.5,8.33,1066.3,499.5,17.5627425,-96.4515867
San Francisco Chapulapa,2026,17.55,8.08,17.91,6.77,523.2,254.47,17.5627425,-96.4515867
San Francisco Chindúa,2020,23.88,12.11,23.49,11.37,249.0,615.0,17.2542891,-97.1846047
San Francisco Chindúa,2021,23.51,11.9,23.31,11.22,405.0,598.15,17.2542891,-97.1846047
San Francisco Chindúa,2022,23.91,11.53,23.52,10.67,260.9,622.63,17.2542891,-97.1846047
San Francisco Chindúa,2023,25.26,12.46,25.28,12.06,277.3,643.99,17.2542891,-97.1846047
San Francisco Chindúa,2024,26.0,12.63,25.89,12.25,393.0,669.18,17.2542891,-97.1846047
San Francisco Chindúa,2025,24.28,12.23,24.42,12.08,339.5,623.01,17.2542891,-97.1846047
San Francisco Chindúa,2026,24.89,11.51,24.19,11.16,191.1,329.32,17.2542891,-97.1846047
San Francisco Huehuetlán,2020,23.7,15.9,26.98,17.05,1431.8,472.81,18.1151339,-96.5652157
San Francisco Huehuetlán,2021,23.33,15.88,26.75,17.11,1653.8,464.59,18.1151339,-96.5652157
San Francisco Huehuetlán,2022,23.56,15.48,27.01,16.52,1217.9,485.92,18.1151339,-96.5652157
San Francisco Huehuetlán,2023,24.51,16.37,28.47,17.72,1060.6,511.0,18.1151339,-96.5652157
San Francisco Huehuetlán,2024,25.19,16.46,29.09,17.75,887.4,527.93,18.1151339,-96.5652157
San Francisco Huehuetlán,2025,24.89,15.39,28.1,16.51,1050.3,524.88,18.1151339,-96.5652157
San Francisco Huehuetlán,2026,23.66,14.23,26.79,15.09,574.1,247.51,18.1151339,-96.5652157
San Francisco Ixhuatán,2020,31.95,24.35,35.58,27.54,352.5,707.52,16.2108484,-94.2901782
San Francisco Ixhuatán,2021,31.53,24.09,35.39,27.41,723.6,674.81,16.2108484,-94.2901782
San Francisco Ixhuatán,2022,31.5,23.84,35.11,26.98,547.4,686.94,16.2108484,-94.2901782
San Francisco Ixhuatán,2023,32.42,24.54,36.71,28.24,402.7,708.21,16.2108484,-94.2901782
San Francisco Ixhuatán,2024,31.54,23.37,36.39,27.14,754.6,646.9,16.2108484,-94.2901782
San Francisco Ixhuatán,2025,32.31,23.85,36.8,27.53,647.7,674.01,16.2108484,-94.2901782
San Francisco Ixhuatán,2026,32.78,23.03,35.68,25.75,327.9,367.96,16.2108484,-94.2901782
San Francisco Jaltepetongo,2020,24.78,13.01,24.64,12.54,249.0,626.87,17.2308571,-97.1546273
San Francisco Jaltepetongo,2021,24.41,12.8,24.46,12.38,405.0,609.66,17.2308571,-97.1546273
San Francisco Jaltepetongo,2022,24.81,12.43,24.65,11.84,260.9,634.57,17.2308571,-97.1546273
San Francisco Jaltepetongo,2023,26.16,13.36,26.42,13.24,277.3,655.62,17.2308571,-97.1546273
San Francisco Jaltepetongo,2024,26.9,13.53,27.04,13.43,393.0,680.81,17.2308571,-97.1546273
San Francisco Jaltepetongo,2025,25.18,13.13,25.58,13.25,339.5,634.59,17.2308571,-97.1546273
San Francisco Jaltepetongo,2026,25.79,12.41,25.29,12.32,191.1,335.24,17.2308571,-97.1546273
San Francisco Lachigoló,2020,17.89,8.14,17.22,6.22,297.5,532.72,17.0041065,-96.3554659
San Francisco Lachigoló,2021,17.59,7.81,16.85,5.95,418.3,520.26,17.0041065,-96.3554659
San Francisco Lachigoló,2022,18.17,7.62,17.13,5.6,269.0,546.87,17.0041065,-96.3554659
San Francisco Lachigoló,2023,19.28,8.53,18.37,6.79,304.3,565.73,17.0041065,-96.3554659
San Francisco Lachigoló,2024,19.88,9.01,18.88,7.14,256.7,586.68,17.0041065,-96.3554659
San Francisco Lachigoló,2025,18.08,8.28,17.38,6.5,409.1,536.85,17.0041065,-96.3554659
San Francisco Lachigoló,2026,18.45,7.33,17.37,5.15,255.7,282.44,17.0041065,-96.3554659
San Francisco Logueche,2020,16.62,6.75,16.88,4.73,497.8,499.53,16.2108206,-96.2240723
San Francisco Logueche,2021,16.32,6.33,16.48,4.36,566.7,496.46,16.2108206,-96.2240723
San Francisco Logueche,2022,16.25,6.25,16.32,4.24,345.6,501.9,16.2108206,-96.2240723
San Francisco Logueche,2023,17.17,6.91,17.31,5.05,351.0,523.19,16.2108206,-96.2240723
San Francisco Logueche,2024,17.97,7.51,18.18,5.49,466.5,543.67,16.2108206,-96.2240723
San Francisco Logueche,2025,17.04,6.81,16.84,5.12,419.1,516.68,16.2108206,-96.2240723
San Francisco Logueche,2026,17.3,5.81,16.85,3.71,272.2,271.24,16.2108206,-96.2240723
San Francisco Nuxaño,2020,22.93,11.16,22.25,10.11,249.0,601.97,17.2250999,-97.2038223
San Francisco Nuxaño,2021,22.56,10.94,22.06,9.95,405.0,585.49,17.2250999,-97.2038223
San Francisco Nuxaño,2022,22.96,10.58,22.28,9.42,260.9,609.42,17.2250999,-97.2038223
San Francisco Nuxaño,2023,24.31,11.52,24.03,10.79,277.3,631.2,17.2250999,-97.2038223
San Francisco Nuxaño,2024,25.05,11.68,24.66,10.98,393.0,656.18,17.2250999,-97.2038223
San Francisco Nuxaño,2025,23.33,11.29,23.17,10.81,339.5,610.26,17.2250999,-97.2038223
San Francisco Nuxaño,2026,23.94,10.56,22.99,9.9,191.1,322.88,17.2250999,-97.2038223
San Francisco Ozolotepec,2020,16.61,8.92,17.33,7.26,918.9,481.63,16.0601941,-96.1314455
San Francisco Ozolotepec,2021,16.37,8.31,16.94,6.57,924.5,477.33,16.0601941,-96.1314455
San Francisco Ozolotepec,2022,16.29,8.22,16.75,6.44,725.5,483.99,16.0601941,-96.1314455
San Francisco Ozolotepec,2023,16.99,8.4,17.58,6.74,694.8,500.13,16.0601941,-96.1314455
San Francisco Ozolotepec,2024,17.4,8.54,18.1,6.75,800.1,512.57,16.0601941,-96.1314455
San Francisco Ozolotepec,2025,17.13,7.72,17.07,6.01,763.5,494.2,16.0601941,-96.1314455
San Francisco Ozolotepec,2026,17.14,6.89,16.98,4.78,371.7,256.5,16.0601941,-96.1314455
San Francisco Sola,2020,25.28,13.78,25.11,13.56,293.8,630.69,16.3053879,-96.5827841
San Francisco Sola,2021,25.19,13.58,24.81,13.43,305.7,632.15,16.3053879,-96.5827841
San Francisco Sola,2022,25.47,13.19,24.93,12.77,248.5,660.74,16.3053879,-96.5827841
San Francisco Sola,2023,26.93,14.29,26.62,14.39,191.9,685.41,16.3053879,-96.5827841
San Francisco Sola,2024,27.15,14.37,27.14,14.31,297.2,675.62,16.3053879,-96.5827841
San Francisco Sola,2025,26.28,13.92,26.18,14.08,279.4,655.91,16.3053879,-96.5827841
San Francisco Sola,2026,26.7,12.97,25.98,12.64,160.7,350.43,16.3053879,-96.5827841
San Francisco Telixtlahuaca,2020,17.39,8.04,17.06,5.89,455.6,507.68,17.1747744,-96.5415888
San Francisco Telixtlahuaca,2021,17.15,7.75,16.92,5.73,578.6,500.04,17.1747744,-96.5415888
San Francisco Telixtlahuaca,2022,17.51,7.58,17.11,5.5,428.2,520.32,17.1747744,-96.5415888
San Francisco Telixtlahuaca,2023,18.5,8.38,18.6,6.63,369.6,540.2,17.1747744,-96.5415888
San Francisco Telixtlahuaca,2024,19.64,9.1,19.41,7.28,415.5,573.83,17.1747744,-96.5415888
San Francisco Telixtlahuaca,2025,18.52,7.54,18.39,5.69,506.5,524.11,17.1747744,-96.5415888
San Francisco Telixtlahuaca,2026,18.63,6.28,18.14,4.08,226.6,275.95,17.1747744,-96.5415888
San Francisco Teopan,2020,22.86,11.2,22.21,10.36,237.9,608.61,17.5104062,-97.2933112
San Francisco Teopan,2021,22.27,10.89,21.73,10.03,283.1,591.82,17.5104062,-97.2933112
San Francisco Teopan,2022,22.84,10.66,22.02,9.65,186.8,622.39,17.5104062,-97.2933112
San Francisco Teopan,2023,24.06,11.45,23.57,10.85,183.3,643.36,17.5104062,-97.2933112
San Francisco Teopan,2024,24.9,11.61,24.28,10.92,236.9,668.03,17.5104062,-97.2933112
San Francisco Teopan,2025,23.2,10.7,22.96,10.13,227.3,618.76,17.5104062,-97.2933112
San Francisco Teopan,2026,23.85,10.01,22.87,9.21,191.5,321.12,17.5104062,-97.2933112
San Francisco Tlapancingo,2020,17.5,7.1,17.15,5.04,532.1,501.22,17.2902846,-98.1608071
San Francisco Tlapancingo,2021,17.04,6.76,16.66,4.87,710.0,479.73,17.2902846,-98.1608071
San Francisco Tlapancingo,2022,17.21,6.46,16.77,4.48,596.3,496.69,17.2902846,-98.1608071
San Francisco Tlapancingo,2023,17.82,7.1,17.84,5.44,617.6,505.07,17.2902846,-98.1608071
San Francisco Tlapancingo,2024,18.4,7.45,18.07,5.62,600.7,528.16,17.2902846,-98.1608071
San Francisco Tlapancingo,2025,17.49,7.25,17.23,5.6,547.6,490.36,17.2902846,-98.1608071
San Francisco Tlapancingo,2026,18.12,6.78,17.63,5.13,207.3,257.71,17.2902846,-98.1608071
San Francisco del Mar,2020,32.01,24.39,35.7,27.67,352.5,708.79,16.1400407,-94.3756193
San Francisco del Mar,2021,31.58,24.14,35.5,27.54,723.6,675.94,16.1400407,-94.3756193
San Francisco del Mar,2022,31.55,23.89,35.23,27.09,547.4,688.09,16.1400407,-94.3756193
San Francisco del Mar,2023,32.47,24.58,36.83,28.37,402.7,709.4,16.1400407,-94.3756193
San Francisco del Mar,2024,31.6,23.42,36.52,27.26,754.6,647.99,16.1400407,-94.3756193
San Francisco del Mar,2025,32.36,23.9,36.92,27.66,647.7,675.18,16.1400407,-94.3756193
San Francisco del Mar,2026,32.84,23.08,35.79,25.86,327.9,368.58,16.1400407,-94.3756193
San Gabriel Mixtepec,2020,27.31,17.36,30.33,17.87,765.1,591.24,16.0539922,-97.0446197
San Gabriel Mixtepec,2021,26.48,16.81,29.59,17.57,1066.0,554.73,16.0539922,-97.0446197
San Gabriel Mixtepec,2022,26.65,16.39,29.52,16.82,845.3,576.5,16.0539922,-97.0446197
San Gabriel Mixtepec,2023,27.45,17.44,30.68,18.34,784.2,587.64,16.0539922,-97.0446197
San Gabriel Mixtepec,2024,26.79,17.19,30.05,18.2,838.7,562.79,16.0539922,-97.0446197
San Gabriel Mixtepec,2025,26.72,16.61,29.54,17.39,840.7,553.55,16.0539922,-97.0446197
San Gabriel Mixtepec,2026,27.75,16.2,29.67,16.4,255.4,311.15,16.0539922,-97.0446197
San Ildefonso Amatlán,2020,12.82,2.73,12.19,-0.07,474.4,460.03,16.2002741,-96.2929603
San Ildefonso Amatlán,2021,12.58,2.18,11.98,-0.59,629.7,458.49,16.2002741,-96.2929603
San Ildefonso Amatlán,2022,12.6,2.3,11.81,-0.5,322.2,463.77,16.2002741,-96.2929603
San Ildefonso Amatlán,2023,13.46,3.05,12.87,0.4,344.4,483.05,16.2002741,-96.2929603
San Ildefonso Amatlán,2024,14.26,3.8,13.64,1.06,449.7,503.47,16.2002741,-96.2929603
San Ildefonso Amatlán,2025,13.3,3.51,12.37,0.96,440.3,475.36,16.2002741,-96.2929603
San Ildefonso Amatlán,2026,13.67,2.4,12.51,-0.44,258.7,252.35,16.2002741,-96.2929603
San Ildefonso Sola,2020,25.58,14.08,25.51,13.96,293.8,634.94,16.3111324,-96.5901203
San Ildefonso Sola,2021,25.49,13.88,25.21,13.84,305.7,636.45,16.3111324,-96.5901203
San Ildefonso Sola,2022,25.77,13.49,25.33,13.17,248.5,665.26,16.3111324,-96.5901203
San Ildefonso Sola,2023,27.23,14.59,27.01,14.79,191.9,689.86,16.3111324,-96.5901203
San Ildefonso Sola,2024,27.45,14.67,27.54,14.71,297.2,679.83,16.3111324,-96.5901203
San Ildefonso Sola,2025,26.58,14.22,26.58,14.49,279.4,660.05,16.3111324,-96.5901203
San Ildefonso Sola,2026,27.0,13.27,26.35,13.04,160.7,352.54,16.3111324,-96.5901203
San Ildefonso Villa Alta,2020,17.47,8.08,17.63,6.56,968.3,452.46,17.2020438,-96.0910852
San Ildefonso Villa Alta,2021,17.21,7.79,17.54,6.32,1044.3,442.63,17.2020438,-96.0910852
San Ildefonso Villa Alta,2022,17.43,7.51,17.52,5.9,790.0,461.97,17.2020438,-96.0910852
San Ildefonso Villa Alta,2023,18.45,8.65,18.92,7.34,747.5,493.05,17.2020438,-96.0910852
San Ildefonso Villa Alta,2024,19.68,9.31,20.03,8.09,593.1,520.21,17.2020438,-96.0910852
San Ildefonso Villa Alta,2025,18.11,8.64,18.39,7.44,827.2,483.69,17.2020438,-96.0910852
San Ildefonso Villa Alta,2026,17.5,7.4,17.62,5.94,395.5,243.5,17.2020438,-96.0910852
San Jacinto Amilpas,2020,21.13,10.45,21.06,9.26,425.0,574.98,17.0602904,-96.4545222
San Jacinto Amilpas,2021,20.96,10.17,20.67,9.0,502.3,562.62,17.0602904,-96.4545222
San Jacinto Amilpas,2022,21.52,9.95,21.02,8.72,395.7,591.15,17.0602904,-96.4545222
San Jacinto Amilpas,2023,22.72,10.7,22.34,9.7,337.0,609.97,17.0602904,-96.4545222
San Jacinto Amilpas,2024,23.25,10.76,22.75,9.49,441.2,625.77,17.0602904,-96.4545222
San Jacinto Amilpas,2025,21.74,10.67,21.45,9.54,546.8,583.96,17.0602904,-96.4545222
San Jacinto Amilpas,2026,22.37,9.76,21.17,8.14,295.7,310.87,17.0602904,-96.4545222
San Jacinto Tlacotepec,2020,24.34,14.54,26.04,14.65,593.6,562.88,16.3113323,-97.2309594
San Jacinto Tlacotepec,2021,23.89,14.07,25.6,14.15,678.9,543.56,16.3113323,-97.2309594
San Jacinto Tlacotepec,2022,24.11,13.95,25.75,13.81,554.5,563.9,16.3113323,-97.2309594
San Jacinto Tlacotepec,2023,24.76,14.68,26.79,14.9,556.5,572.87,16.3113323,-97.2309594
San Jacinto Tlacotepec,2024,24.91,14.73,26.87,15.03,601.2,581.21,16.3113323,-97.2309594
San Jacinto Tlacotepec,2025,24.15,14.53,26.06,14.85,551.4,555.87,16.3113323,-97.2309594
San Jacinto Tlacotepec,2026,24.42,13.75,25.87,13.76,216.2,293.89,16.3113323,-97.2309594
San Jerónimo Coatlán,2020,21.09,10.75,22.17,9.56,697.3,525.72,16.1357797,-96.5209459
San Jerónimo Coatlán,2021,20.77,10.43,21.88,9.29,1004.1,514.67,16.1357797,-96.5209459
San Jerónimo Coatlán,2022,20.68,10.16,21.7,8.92,699.4,525.12,16.1357797,-96.5209459
San Jerónimo Coatlán,2023,21.31,11.15,22.62,10.1,760.2,532.68,16.1357797,-96.5209459
San Jerónimo Coatlán,2024,21.52,11.45,22.74,10.32,821.0,544.79,16.1357797,-96.5209459
San Jerónimo Coatlán,2025,21.25,11.03,22.23,9.82,724.6,529.1,16.1357797,-96.5209459
San Jerónimo Coatlán,2026,21.34,9.63,21.72,7.98,295.4,285.68,16.1357797,-96.5209459
San Jerónimo Silacayoapilla,2020,22.19,10.44,21.7,8.98,273.4,592.96,17.4834669,-97.5045357
San Jerónimo Silacayoapilla,2021,22.06,10.14,21.64,8.7,396.1,586.76,17.4834669,-97.5045357
San Jerónimo Silacayoapilla,2022,22.56,9.88,21.8,8.38,269.5,608.27,17.4834669,-97.5045357
San Jerónimo Silacayoapilla,2023,23.61,10.32,23.35,9.19,312.5,620.25,17.4834669,-97.5045357
San Jerónimo Silacayoapilla,2024,24.4,10.41,23.89,9.28,380.8,649.69,17.4834669,-97.5045357
San Jerónimo Silacayoapilla,2025,22.61,9.92,22.66,8.96,381.6,595.38,17.4834669,-97.5045357
San Jerónimo Silacayoapilla,2026,23.31,9.48,22.57,8.24,218.3,311.55,17.4834669,-97.5045357
San Jerónimo Sosola,2020,21.42,9.09,20.85,7.67,265.5,569.29,17.2159613,-97.0157412
San Jerónimo Sosola,2021,20.96,8.87,20.46,7.57,510.3,548.28,17.2159613,-97.0157412
San Jerónimo Sosola,2022,21.32,8.72,20.76,7.31,290.1,568.79,17.2159613,-97.0157412
San Jerónimo Sosola,2023,22.56,9.55,22.33,8.5,265.3,588.79,17.2159613,-97.0157412
San Jerónimo Sosola,2024,23.35,9.99,22.85,8.97,323.4,616.39,17.2159613,-97.0157412
San Jerónimo Sosola,2025,21.66,9.55,21.27,8.58,335.4,571.81,17.2159613,-97.0157412
San Jerónimo Sosola,2026,22.04,8.71,21.16,7.46,235.7,303.7,17.2159613,-97.0157412
San Jerónimo Taviche,2020,25.53,14.18,25.52,13.53,275.1,632.22,16.4249246,-96.3539348
San Jerónimo Taviche,2021,25.17,13.83,25.2,13.25,369.2,627.45,16.4249246,-96.3539348
San Jerónimo Taviche,2022,25.52,13.47,25.37,12.8,202.6,647.88,16.4249246,-96.3539348
San Jerónimo Taviche,2023,27.18,14.47,27.09,14.0,149.9,685.41,16.4249246,-96.3539348
San Jerónimo Taviche,2024,27.55,14.51,27.61,13.87,337.2,696.03,16.4249246,-96.3539348
San Jerónimo Taviche,2025,26.34,14.15,26.41,13.83,297.1,663.45,16.4249246,-96.3539348
San Jerónimo Taviche,2026,26.7,13.24,26.08,12.41,160.8,348.22,16.4249246,-96.3539348
San Jerónimo Tecóatl,2020,28.4,22.15,33.01,25.35,970.2,528.77,18.100089,-96.544752
San Jerónimo Tecóatl,2021,28.06,22.01,32.97,25.33,1036.2,522.14,18.100089,-96.544752
San Jerónimo Tecóatl,2022,28.4,21.54,33.07,24.44,949.9,536.86,18.100089,-96.544752
San Jerónimo Tecóatl,2023,29.65,22.54,34.92,26.0,685.0,563.49,18.100089,-96.544752
San Jerónimo Tecóatl,2024,29.84,22.45,35.2,25.86,734.2,564.38,18.100089,-96.544752
San Jerónimo Tecóatl,2025,29.77,21.39,34.45,24.34,995.3,564.61,18.100089,-96.544752
San Jerónimo Tecóatl,2026,29.09,20.36,33.33,22.93,422.4,273.16,18.100089,-96.544752
San Jerónimo Tlacochahuaya,2020,18.63,8.88,18.14,7.14,297.5,542.39,17.0031921,-96.3451865
San Jerónimo Tlacochahuaya,2021,18.34,8.55,17.78,6.87,418.3,529.69,17.0031921,-96.3451865
San Jerónimo Tlacochahuaya,2022,18.92,8.36,18.05,6.52,269.0,556.77,17.0031921,-96.3451865
San Jerónimo Tlacochahuaya,2023,20.03,9.28,19.3,7.72,304.3,575.48,17.0031921,-96.3451865
San Jerónimo Tlacochahuaya,2024,20.64,9.76,19.79,8.06,256.7,596.53,17.0031921,-96.3451865
San Jerónimo Tlacochahuaya,2025,18.82,9.03,18.32,7.43,409.1,546.44,17.0031921,-96.3451865
San Jerónimo Tlacochahuaya,2026,19.21,8.08,18.27,6.06,255.7,287.35,17.0031921,-96.3451865
San Jorge Nuchita,2020,22.35,11.56,22.82,10.8,386.0,571.12,17.3921435,-98.0622068
San Jorge Nuchita,2021,22.04,11.18,22.49,10.48,534.8,550.76,17.3921435,-98.0622068
San Jorge Nuchita,2022,22.34,10.99,22.69,10.1,378.7,577.17,17.3921435,-98.0622068
San Jorge Nuchita,2023,23.24,11.41,24.11,10.85,385.7,586.07,17.3921435,-98.0622068
San Jorge Nuchita,2024,23.9,11.72,24.52,11.0,439.1,612.52,17.3921435,-98.0622068
San Jorge Nuchita,2025,22.55,11.67,23.2,11.18,449.0,569.57,17.3921435,-98.0622068
San Jorge Nuchita,2026,23.23,11.13,23.33,10.43,209.1,300.43,17.3921435,-98.0622068
San José Ayuquila,2020,20.99,8.94,19.91,7.08,210.5,584.76,17.5630436,-97.5809386
San José Ayuquila,2021,20.64,8.66,19.73,6.79,449.9,572.23,17.5630436,-97.5809386
San José Ayuquila,2022,21.42,8.53,20.0,6.58,255.2,604.85,17.5630436,-97.5809386
San José Ayuquila,2023,22.61,9.13,21.63,7.56,318.6,617.33,17.5630436,-97.5809386
San José Ayuquila,2024,23.13,9.28,22.0,7.81,386.0,641.15,17.5630436,-97.5809386
San José Ayuquila,2025,21.32,8.54,20.64,6.93,380.0,586.99,17.5630436,-97.5809386
San José Ayuquila,2026,21.91,7.92,20.59,6.06,261.7,307.36,17.5630436,-97.5809386
San José Chiltepec,2020,22.54,15.96,25.45,16.71,1680.2,467.8,17.5643269,-96.1013932
San José Chiltepec,2021,22.21,15.84,25.28,16.63,1522.2,454.46,17.5643269,-96.1013932
San José Chiltepec,2022,22.46,15.5,25.41,16.12,1175.1,480.12,17.5643269,-96.1013932
San José Chiltepec,2023,23.67,16.5,27.18,17.43,1120.2,514.38,17.5643269,-96.1013932
San José Chiltepec,2024,24.5,16.85,28.06,17.74,850.1,531.67,17.5643269,-96.1013932
San José Chiltepec,2025,24.01,15.58,26.96,16.29,1264.2,518.49,17.5643269,-96.1013932
San José Chiltepec,2026,22.96,14.37,25.57,14.79,642.0,247.82,17.5643269,-96.1013932
San José Estancia Grande,2020,31.53,24.16,35.57,27.28,279.2,686.78,16.2154732,-98.1504628
San José Estancia Grande,2021,30.91,23.83,35.24,27.13,508.4,654.87,16.2154732,-98.1504628
San José Estancia Grande,2022,30.93,23.54,35.2,26.44,488.7,665.18,16.2154732,-98.1504628
San José Estancia Grande,2023,31.88,24.7,36.52,28.13,320.1,691.35,16.2154732,-98.1504628
San José Estancia Grande,2024,30.71,24.01,35.57,27.63,608.0,641.01,16.2154732,-98.1504628
San José Estancia Grande,2025,30.91,24.34,35.94,28.03,542.3,640.94,16.2154732,-98.1504628
San José Estancia Grande,2026,31.1,24.29,35.23,27.61,212.5,335.57,16.2154732,-98.1504628
San José Independencia,2020,29.05,22.9,33.85,26.42,1202.6,550.98,18.1423366,-96.3846062
San José Independencia,2021,28.75,22.82,33.88,26.55,1262.0,543.48,18.1423366,-96.3846062
San José Independencia,2022,29.05,22.39,33.91,25.63,1346.7,554.28,18.1423366,-96.3846062
San José Independencia,2023,30.29,23.29,35.9,27.22,1098.6,577.73,18.1423366,-96.3846062
San José Independencia,2024,30.64,23.01,36.26,26.92,1106.3,573.04,18.1423366,-96.3846062
San José Independencia,2025,30.58,22.27,35.62,26.0,1430.4,569.1,18.1423366,-96.3846062
San José Independencia,2026,30.11,21.23,34.61,24.46,523.3,280.24,18.1423366,-96.3846062
San José Lachiguiri,2020,14.17,4.31,13.89,1.84,497.8,472.45,16.2243593,-96.2011157
San José Lachiguiri,2021,13.88,3.89,13.51,1.47,566.7,469.36,16.2243593,-96.2011157
San José Lachiguiri,2022,13.8,3.8,13.37,1.34,345.6,474.3,16.2243593,-96.2011157
San José Lachiguiri,2023,14.72,4.46,14.35,2.14,351.0,495.32,16.2243593,-96.2011157
San José Lachiguiri,2024,15.52,5.05,15.24,2.6,466.5,515.83,16.2243593,-96.2011157
San José Lachiguiri,2025,14.59,4.36,13.9,2.21,419.1,488.8,16.2243593,-96.2011157
San José Lachiguiri,2026,14.85,3.35,14.02,0.88,272.2,257.29,16.2243593,-96.2011157
San José Tenango,2020,29.3,23.15,34.2,26.77,1202.6,554.13,18.0902743,-96.4301951
San José Tenango,2021,28.99,23.07,34.24,26.9,1262.0,546.59,18.0902743,-96.4301951
San José Tenango,2022,29.29,22.64,34.27,25.98,1346.7,557.38,18.0902743,-96.4301951
San José Tenango,2023,30.55,23.55,36.27,27.58,1098.6,580.93,18.0902743,-96.4301951
San José Tenango,2024,30.89,23.26,36.62,27.27,1106.3,576.24,18.0902743,-96.4301951
San José Tenango,2025,30.83,22.52,35.97,26.35,1430.4,572.21,18.0902743,-96.4301951
San José Tenango,2026,30.37,21.48,34.95,24.8,523.3,281.77,18.0902743,-96.4301951
San José del Peñasco,2020,14.86,4.78,14.65,2.32,474.4,483.44,16.1857814,-96.3004971
San José del Peñasco,2021,14.63,4.23,14.43,1.8,629.7,481.53,16.1857814,-96.3004971
San José del Peñasco,2022,14.65,4.35,14.25,1.91,322.2,487.47,16.1857814,-96.3004971
San José del Peñasco,2023,15.5,5.1,15.31,2.83,344.4,506.79,16.1857814,-96.3004971
San José del Peñasco,2024,16.3,5.85,16.08,3.46,449.7,527.46,16.1857814,-96.3004971
San José del Peñasco,2025,15.35,5.56,14.8,3.37,440.3,499.4,16.1857814,-96.3004971
San José del Peñasco,2026,15.71,4.44,14.88,1.92,258.7,264.69,16.1857814,-96.3004971
San José del Progreso,2020,26.87,13.77,26.62,13.39,255.8,660.1,16.4106461,-96.4107903
San José del Progreso,2021,26.48,13.61,26.2,13.35,262.4,654.16,16.4106461,-96.4107903
San José del Progreso,2022,26.92,13.23,26.47,12.78,177.4,681.5,16.4106461,-96.4107903
San José del Progreso,2023,28.41,14.34,28.09,14.2,133.7,712.1,16.4106461,-96.4107903
San José del Progreso,2024,28.46,14.23,28.37,13.94,253.2,706.22,16.4106461,-96.4107903
San José del Progreso,2025,27.38,13.59,27.35,13.62,246.0,678.79,16.4106461,-96.4107903
San José del Progreso,2026,27.74,12.55,27.1,12.22,131.9,354.16,16.4106461,-96.4107903
San Juan Achiutla,2020,20.25,8.59,20.0,7.1,365.4,564.05,17.2039281,-97.3031943
San Juan Achiutla,2021,20.02,8.39,19.77,6.93,500.2,555.3,17.2039281,-97.3031943
San Juan Achiutla,2022,20.27,8.12,19.83,6.56,380.9,574.94,17.2039281,-97.3031943
San Juan Achiutla,2023,21.24,8.88,21.21,7.66,375.0,591.18,17.2039281,-97.3031943
San Juan Achiutla,2024,22.06,9.32,21.78,8.03,396.1,614.16,17.2039281,-97.3031943
San Juan Achiutla,2025,20.34,9.37,20.22,8.26,394.6,574.5,17.2039281,-97.3031943
San Juan Achiutla,2026,20.83,8.68,20.19,7.32,213.6,298.88,17.2039281,-97.3031943
San Juan Atepec,2020,16.27,8.35,16.34,6.74,867.7,464.71,17.2535014,-96.3220877
San Juan Atepec,2021,15.86,8.11,16.0,6.55,853.3,456.8,17.2535014,-96.3220877
San Juan Atepec,2022,16.18,7.8,16.11,6.18,642.3,475.17,17.2535014,-96.3220877
San Juan Atepec,2023,17.41,8.74,17.64,7.35,425.8,505.94,17.2535014,-96.3220877
San Juan Atepec,2024,18.69,9.34,18.72,7.85,402.9,533.49,17.2535014,-96.3220877
San Juan Atepec,2025,17.48,8.09,17.24,6.62,550.4,498.04,17.2535014,-96.3220877
San Juan Atepec,2026,16.78,6.93,16.33,5.01,390.6,249.09,17.2535014,-96.3220877
San Juan Bautista Atatlahuca,2020,23.38,11.86,24.35,11.62,415.5,557.86,17.3151945,-96.4947787
San Juan Bautista Atatlahuca,2021,22.93,11.63,23.96,11.38,505.4,548.43,17.3151945,-96.4947787
San Juan Bautista Atatlahuca,2022,23.48,11.54,24.21,11.26,271.1,576.87,17.3151945,-96.4947787
San Juan Bautista Atatlahuca,2023,24.94,12.48,26.08,12.54,206.0,602.99,17.3151945,-96.4947787
San Juan Bautista Atatlahuca,2024,26.19,12.42,27.33,12.31,243.7,629.86,17.3151945,-96.4947787
San Juan Bautista Atatlahuca,2025,24.87,12.27,25.92,12.32,390.5,584.72,17.3151945,-96.4947787
San Juan Bautista Atatlahuca,2026,25.0,11.04,25.68,10.64,235.8,299.53,17.3151945,-96.4947787
San Juan Bautista Coixtlahuaca,2020,22.75,10.79,22.0,9.76,240.9,612.91,17.4328716,-97.1925763
San Juan Bautista Coixtlahuaca,2021,22.23,10.36,21.6,9.25,261.9,596.09,17.4328716,-97.1925763
San Juan Bautista Coixtlahuaca,2022,22.85,10.31,21.94,9.13,172.0,629.03,17.4328716,-97.1925763
San Juan Bautista Coixtlahuaca,2023,23.9,10.94,23.48,10.12,191.1,644.88,17.4328716,-97.1925763
San Juan Bautista Coixtlahuaca,2024,24.77,11.03,24.08,10.05,214.5,670.34,17.4328716,-97.1925763
San Juan Bautista Coixtlahuaca,2025,23.1,10.3,22.8,9.48,219.7,627.39,17.4328716,-97.1925763
San Juan Bautista Coixtlahuaca,2026,23.63,9.58,22.77,8.52,158.6,323.81,17.4328716,-97.1925763
San Juan Bautista Cuicatlán,2020,23.54,13.43,25.31,14.05,557.5,557.0,17.4805573,-96.573444
San Juan Bautista Cuicatlán,2021,23.21,13.14,25.23,13.77,643.1,549.01,17.4805573,-96.573444
San Juan Bautista Cuicatlán,2022,23.77,13.05,25.41,13.57,406.4,577.98,17.4805573,-96.573444
San Juan Bautista Cuicatlán,2023,24.79,13.77,26.87,14.54,294.4,591.48,17.4805573,-96.573444
San Juan Bautista Cuicatlán,2024,25.77,14.1,27.75,14.79,358.0,613.86,17.4805573,-96.573444
San Juan Bautista Cuicatlán,2025,24.28,13.44,26.41,14.12,524.9,573.2,17.4805573,-96.573444
San Juan Bautista Cuicatlán,2026,24.31,12.08,25.92,12.34,289.3,296.13,17.4805573,-96.573444
San Juan Bautista Guelache,2020,15.42,7.65,15.2,5.4,664.7,480.13,17.1335563,-96.4642617
San Juan Bautista Guelache,2021,15.05,7.44,14.94,5.35,697.7,472.67,17.1335563,-96.4642617
San Juan Bautista Guelache,2022,15.38,7.16,14.84,4.87,585.8,488.87,17.1335563,-96.4642617
San Juan Bautista Guelache,2023,16.16,8.02,16.05,6.15,527.0,508.89,17.1335563,-96.4642617
San Juan Bautista Guelache,2024,17.32,8.6,16.9,6.67,474.5,539.43,17.1335563,-96.4642617
San Juan Bautista Guelache,2025,16.33,7.04,15.8,5.24,740.2,496.07,17.1335563,-96.4642617
San Juan Bautista Guelache,2026,16.22,5.96,15.71,3.79,305.9,258.63,17.1335563,-96.4642617
San Juan Bautista Jayacatlán,2020,21.93,10.41,22.44,9.74,415.5,541.48,17.2524616,-96.4921254
San Juan Bautista Jayacatlán,2021,21.48,10.18,22.05,9.51,505.4,532.16,17.2524616,-96.4921254
San Juan Bautista Jayacatlán,2022,22.02,10.09,22.32,9.38,271.1,559.83,17.2524616,-96.4921254
San Juan Bautista Jayacatlán,2023,23.48,11.02,24.18,10.65,206.0,586.41,17.2524616,-96.4921254
San Juan Bautista Jayacatlán,2024,24.74,10.96,25.44,10.44,243.7,613.43,17.2524616,-96.4921254
San Juan Bautista Jayacatlán,2025,23.42,10.84,24.02,10.43,390.5,568.84,17.2524616,-96.4921254
San Juan Bautista Jayacatlán,2026,23.55,9.59,23.84,8.79,235.8,291.5,17.2524616,-96.4921254
San Juan Bautista Lo de Soto,2020,31.74,23.23,35.95,26.77,338.0,668.6,16.3041453,-98.2048489
San Juan Bautista Lo de Soto,2021,31.09,23.0,35.53,26.58,541.9,641.99,16.3041453,-98.2048489
San Juan Bautista Lo de Soto,2022,31.07,22.6,35.43,25.82,571.8,647.53,16.3041453,-98.2048489
San Juan Bautista Lo de Soto,2023,32.33,23.56,37.02,27.22,316.9,676.91,16.3041453,-98.2048489
San Juan Bautista Lo de Soto,2024,31.59,22.72,36.24,26.31,544.7,643.27,16.3041453,-98.2048489
San Juan Bautista Lo de Soto,2025,31.65,23.01,36.55,26.76,579.1,640.3,16.3041453,-98.2048489
San Juan Bautista Lo de Soto,2026,32.18,23.13,35.87,26.61,241.7,339.44,16.3041453,-98.2048489
San Juan Bautista Suchitepec,2020,20.47,8.43,19.38,6.79,289.1,572.33,17.5821784,-97.3935352
San Juan Bautista Suchitepec,2021,19.98,8.23,19.03,6.61,369.5,556.78,17.5821784,-97.3935352
San Juan Bautista Suchitepec,2022,20.54,7.91,19.24,6.18,271.1,587.79,17.5821784,-97.3935352
San Juan Bautista Suchitepec,2023,21.67,8.67,20.83,7.28,271.0,603.54,17.5821784,-97.3935352
San Juan Bautista Suchitepec,2024,22.54,8.84,21.59,7.41,324.0,629.68,17.5821784,-97.3935352
San Juan Bautista Suchitepec,2025,20.92,8.4,20.12,7.24,279.5,583.53,17.5821784,-97.3935352
San Juan Bautista Suchitepec,2026,21.51,7.83,20.08,6.44,230.0,300.74,17.5821784,-97.3935352
San Juan Bautista Tlachichilco,2020,20.28,9.46,20.35,8.03,412.2,545.2,17.3721172,-98.2038375
San Juan Bautista Tlachichilco,2021,19.93,9.09,20.0,7.79,582.7,524.66,17.3721172,-98.2038375
San Juan Bautista Tlachichilco,2022,20.1,8.81,20.08,7.34,422.4,545.6,17.3721172,-98.2038375
San Juan Bautista Tlachichilco,2023,20.99,9.65,21.51,8.58,461.1,555.94,17.3721172,-98.2038375
San Juan Bautista Tlachichilco,2024,21.66,9.95,21.86,8.87,507.2,581.95,17.3721172,-98.2038375
San Juan Bautista Tlachichilco,2025,20.25,10.24,20.44,9.3,429.9,537.25,17.3721172,-98.2038375
San Juan Bautista Tlachichilco,2026,20.97,9.71,20.84,8.66,213.1,283.27,17.3721172,-98.2038375
San Juan Bautista Tlacoatzintepec,2020,21.27,15.11,23.8,15.52,1276.1,484.27,17.5133989,-96.3513515
San Juan Bautista Tlacoatzintepec,2021,20.84,14.92,23.44,15.38,1143.4,476.86,17.5133989,-96.3513515
San Juan Bautista Tlacoatzintepec,2022,21.01,14.64,23.52,14.98,848.9,501.22,17.5133989,-96.3513515
San Juan Bautista Tlacoatzintepec,2023,22.05,15.68,24.95,16.29,782.6,525.39,17.5133989,-96.3513515
San Juan Bautista Tlacoatzintepec,2024,23.09,16.15,25.9,16.85,605.7,547.88,17.5133989,-96.3513515
San Juan Bautista Tlacoatzintepec,2025,22.36,14.81,24.66,15.25,765.5,533.28,17.5133989,-96.3513515
San Juan Bautista Tlacoatzintepec,2026,21.14,13.61,23.19,13.53,560.3,257.19,17.5133989,-96.3513515
San Juan Bautista Tuxtepec,2020,30.32,21.76,34.69,24.98,882.6,554.73,18.0452193,-96.0706534
San Juan Bautista Tuxtepec,2021,30.09,21.61,34.78,25.01,1004.0,548.73,18.0452193,-96.0706534
San Juan Bautista Tuxtepec,2022,30.42,21.03,34.89,23.94,995.2,556.42,18.0452193,-96.0706534
San Juan Bautista Tuxtepec,2023,31.85,22.2,36.76,25.87,749.6,600.03,18.0452193,-96.0706534
San Juan Bautista Tuxtepec,2024,31.95,22.08,36.96,25.63,751.2,601.05,18.0452193,-96.0706534
San Juan Bautista Tuxtepec,2025,30.5,21.24,35.37,24.45,1049.3,576.5,18.0452193,-96.0706534
San Juan Bautista Tuxtepec,2026,30.28,20.39,34.23,23.24,540.1,290.24,18.0452193,-96.0706534
San Juan Bautista Valle Nacional,2020,24.36,17.05,28.12,18.08,2221.2,494.54,17.4629832,-96.1814561
San Juan Bautista Valle Nacional,2021,24.03,16.89,27.93,17.98,2012.4,484.09,17.4629832,-96.1814561
San Juan Bautista Valle Nacional,2022,24.34,16.43,28.18,17.22,1694.7,509.66,17.4629832,-96.1814561
San Juan Bautista Valle Nacional,2023,25.6,17.26,29.98,18.38,1567.9,543.48,17.4629832,-96.1814561
San Juan Bautista Valle Nacional,2024,26.47,17.6,30.74,18.43,1101.8,563.76,17.4629832,-96.1814561
San Juan Bautista Valle Nacional,2025,26.14,16.29,29.79,17.0,1568.5,550.58,17.4629832,-96.1814561
San Juan Bautista Valle Nacional,2026,25.02,14.79,28.38,15.36,715.5,262.63,17.4629832,-96.1814561
San Juan Cacahuatepec,2020,33.13,22.48,37.23,25.55,499.8,677.12,16.3649442,-98.0921931
San Juan Cacahuatepec,2021,32.32,22.23,36.63,25.38,769.9,642.3,16.3649442,-98.0921931
San Juan Cacahuatepec,2022,32.24,21.71,36.41,24.55,768.7,649.69,16.3649442,-98.0921931
San Juan Cacahuatepec,2023,33.44,22.82,38.0,26.11,538.2,676.31,16.3649442,-98.0921931
San Juan Cacahuatepec,2024,32.46,21.96,37.07,25.23,711.9,648.56,16.3649442,-98.0921931
San Juan Cacahuatepec,2025,32.2,22.07,37.01,25.54,663.4,634.55,16.3649442,-98.0921931
San Juan Cacahuatepec,2026,33.38,22.19,36.7,25.3,282.2,343.49,16.3649442,-98.0921931
San Juan Chicomezúchil,2020,17.27,9.25,17.27,7.47,644.6,486.2,17.1720311,-96.2941701
San Juan Chicomezúchil,2021,16.9,9.02,16.92,7.4,671.7,477.08,17.1720311,-96.2941701
San Juan Chicomezúchil,2022,17.24,8.66,17.01,6.88,497.3,496.79,17.1720311,-96.2941701
San Juan Chicomezúchil,2023,18.32,9.66,18.36,8.17,390.6,523.86,17.1720311,-96.2941701
San Juan Chicomezúchil,2024,19.48,10.38,19.23,8.88,329.2,554.71,17.1720311,-96.2941701
San Juan Chicomezúchil,2025,17.99,9.06,17.63,7.57,489.8,509.06,17.1720311,-96.2941701
San Juan Chicomezúchil,2026,17.72,8.03,17.12,6.07,332.5,260.67,17.1720311,-96.2941701
San Juan Chilateca,2020,29.76,15.23,30.03,15.78,200.3,699.1,16.4942664,-96.4019238
San Juan Chilateca,2021,29.4,15.05,29.62,15.66,238.1,691.04,16.4942664,-96.4019238
San Juan Chilateca,2022,29.79,14.64,29.91,15.02,182.4,719.76,16.4942664,-96.4019238
San Juan Chilateca,2023,31.17,15.87,31.41,16.68,113.4,747.28,16.4942664,-96.4019238
San Juan Chilateca,2024,30.94,15.69,31.4,16.45,225.4,741.83,16.4942664,-96.4019238
San Juan Chilateca,2025,29.92,15.32,30.41,16.19,285.5,713.31,16.4942664,-96.4019238
San Juan Chilateca,2026,30.16,14.33,30.08,14.94,154.9,371.03,16.4942664,-96.4019238
San Juan Cieneguilla,2020,23.73,12.4,24.07,11.74,353.9,600.35,17.5105971,-98.1650752
San Juan Cieneguilla,2021,23.3,12.11,23.68,11.52,518.0,578.77,17.5105971,-98.1650752
San Juan Cieneguilla,2022,23.71,11.97,23.97,11.25,385.1,607.46,17.5105971,-98.1650752
San Juan Cieneguilla,2023,24.73,12.63,25.45,12.28,401.2,618.35,17.5105971,-98.1650752
San Juan Cieneguilla,2024,25.28,12.85,25.85,12.36,517.9,641.15,17.5105971,-98.1650752
San Juan Cieneguilla,2025,23.77,12.93,24.37,12.61,453.1,595.54,17.5105971,-98.1650752
San Juan Cieneguilla,2026,24.51,12.49,24.6,12.02,221.1,313.26,17.5105971,-98.1650752
San Juan Coatzóspam,2020,28.65,22.41,33.56,25.94,1264.3,533.44,18.0258919,-96.4547969
San Juan Coatzóspam,2021,28.39,22.38,33.5,26.05,1375.3,529.8,18.0258919,-96.4547969
San Juan Coatzóspam,2022,28.66,21.89,33.55,25.16,1249.6,540.77,18.0258919,-96.4547969
San Juan Coatzóspam,2023,30.0,22.77,35.62,26.65,1059.2,570.56,18.0258919,-96.4547969
San Juan Coatzóspam,2024,30.49,22.46,36.13,26.19,952.3,570.9,18.0258919,-96.4547969
San Juan Coatzóspam,2025,30.42,21.65,35.31,25.03,1301.9,572.6,18.0258919,-96.4547969
San Juan Coatzóspam,2026,29.84,20.42,34.2,23.37,522.9,280.38,18.0258919,-96.4547969
San Juan Colorado,2020,32.4,21.1,35.8,22.9,371.7,669.56,16.2734797,-97.5714361
San Juan Colorado,2021,31.33,20.65,34.93,22.76,619.0,626.9,16.2734797,-97.5714361
San Juan Colorado,2022,31.58,20.08,35.08,21.8,535.0,648.25,16.2734797,-97.5714361
San Juan Colorado,2023,32.94,21.31,36.51,23.31,405.4,675.75,16.2734797,-97.5714361
San Juan Colorado,2024,32.21,20.87,35.92,22.86,509.6,650.94,16.2734797,-97.5714361
San Juan Colorado,2025,31.39,20.72,35.27,22.58,523.2,631.92,16.2734797,-97.5714361
San Juan Colorado,2026,33.09,20.67,35.68,22.37,113.8,352.08,16.2734797,-97.5714361
San Juan Comaltepec,2020,26.97,20.27,30.33,22.17,976.0,522.71,17.2017447,-95.5836647
San Juan Comaltepec,2021,26.81,20.21,30.51,22.39,1060.6,505.79,17.2017447,-95.5836647
San Juan Comaltepec,2022,27.09,19.92,30.54,21.74,1148.5,532.89,17.2017447,-95.5836647
San Juan Comaltepec,2023,28.43,20.89,32.47,23.32,923.8,574.14,17.2017447,-95.5836647
San Juan Comaltepec,2024,29.39,20.98,33.2,23.23,825.5,617.39,17.2017447,-95.5836647
San Juan Comaltepec,2025,28.62,19.59,32.03,21.85,1085.7,570.9,17.2017447,-95.5836647
San Juan Comaltepec,2026,27.88,18.44,30.86,20.35,406.8,278.93,17.2017447,-95.5836647
San Juan Cotzocón,2020,26.77,19.57,29.86,21.36,1047.0,511.31,17.0950408,-95.4656317
San Juan Cotzocón,2021,26.65,19.53,30.04,21.59,1029.5,499.16,17.0950408,-95.4656317
San Juan Cotzocón,2022,26.98,19.15,30.13,20.9,1227.4,523.46,17.0950408,-95.4656317
San Juan Cotzocón,2023,28.24,20.11,31.93,22.48,1026.1,565.77,17.0950408,-95.4656317
San Juan Cotzocón,2024,29.11,20.09,32.42,22.27,867.8,608.34,17.0950408,-95.4656317
San Juan Cotzocón,2025,28.36,18.96,31.36,21.12,1146.3,562.21,17.0950408,-95.4656317
San Juan Cotzocón,2026,27.81,17.72,30.3,19.49,368.0,279.03,17.0950408,-95.4656317
San Juan Diuxi,2020,23.38,10.95,23.03,9.66,340.5,602.47,17.1653434,-97.2227273
San Juan Diuxi,2021,23.09,10.87,22.88,9.62,481.2,584.77,17.1653434,-97.2227273
San Juan Diuxi,2022,23.39,10.6,22.99,9.22,288.9,607.16,17.1653434,-97.2227273
San Juan Diuxi,2023,24.6,11.39,24.55,10.5,358.6,621.45,17.1653434,-97.2227273
San Juan Diuxi,2024,25.22,11.62,24.99,10.77,412.2,645.74,17.1653434,-97.2227273
San Juan Diuxi,2025,23.57,11.37,23.54,10.48,412.9,605.72,17.1653434,-97.2227273
San Juan Diuxi,2026,24.2,10.57,23.34,9.53,210.8,323.0,17.1653434,-97.2227273
San Juan Evangelista Analco,2020,17.31,9.3,17.35,7.55,644.6,486.96,17.2420978,-96.321662
San Juan Evangelista Analco,2021,16.96,9.07,17.0,7.48,671.7,477.82,17.2420978,-96.321662
San Juan Evangelista Analco,2022,17.28,8.71,17.1,6.97,497.3,497.6,17.2420978,-96.321662
San Juan Evangelista Analco,2023,18.36,9.71,18.44,8.25,390.6,524.62,17.2420978,-96.321662
San Juan Evangelista Analco,2024,19.54,10.44,19.32,8.96,329.2,555.59,17.2420978,-96.321662
San Juan Evangelista Analco,2025,18.04,9.11,17.71,7.65,489.8,509.95,17.2420978,-96.321662
San Juan Evangelista Analco,2026,17.77,8.08,17.19,6.15,332.5,261.1,17.2420978,-96.321662
San Juan Guelavía,2020,30.21,15.54,30.74,16.35,209.3,692.56,16.5724348,-96.3244995
San Juan Guelavía,2021,29.77,15.29,30.35,16.15,323.9,677.88,16.5724348,-96.3244995
San Juan Guelavía,2022,30.24,15.01,30.66,15.66,240.0,707.46,16.5724348,-96.3244995
San Juan Guelavía,2023,31.79,16.2,32.21,17.22,155.1,738.06,16.5724348,-96.3244995
San Juan Guelavía,2024,31.48,15.9,32.21,16.76,238.2,730.35,16.5724348,-96.3244995
San Juan Guelavía,2025,30.46,15.5,31.18,16.52,317.7,711.33,16.5724348,-96.3244995
San Juan Guelavía,2026,30.36,14.72,30.32,15.46,157.1,364.85,16.5724348,-96.3244995
San Juan Guichicovi,2020,31.95,23.31,33.97,25.06,201.2,775.54,16.5746184,-95.0542339
San Juan Guichicovi,2021,31.19,22.99,33.44,24.98,629.3,720.76,16.5746184,-95.0542339
San Juan Guichicovi,2022,31.25,22.87,33.5,24.62,473.2,746.3,16.5746184,-95.0542339
San Juan Guichicovi,2023,33.05,23.82,35.32,26.13,298.5,799.19,16.5746184,-95.0542339
San Juan Guichicovi,2024,32.18,23.26,34.72,25.73,771.8,743.88,16.5746184,-95.0542339
San Juan Guichicovi,2025,32.06,23.56,33.91,25.06,432.6,807.87,16.5746184,-95.0542339
San Juan Guichicovi,2026,32.23,22.68,32.92,23.62,258.7,430.58,16.5746184,-95.0542339
San Juan Ihualtepec,2020,22.98,11.64,23.08,10.75,353.9,590.8,17.442343,-98.1719846
San Juan Ihualtepec,2021,22.55,11.36,22.69,10.53,518.0,569.6,17.442343,-98.1719846
San Juan Ihualtepec,2022,22.97,11.22,22.98,10.26,385.1,597.72,17.442343,-98.1719846
San Juan Ihualtepec,2023,23.97,11.88,24.46,11.27,401.2,608.83,17.442343,-98.1719846
San Juan Ihualtepec,2024,24.53,12.11,24.86,11.36,517.9,631.51,17.442343,-98.1719846
San Juan Ihualtepec,2025,23.02,12.18,23.36,11.61,453.1,586.14,17.442343,-98.1719846
San Juan Ihualtepec,2026,23.76,11.74,23.63,11.02,221.1,308.5,17.442343,-98.1719846
San Juan Juquila Mixes,2020,31.68,20.88,33.0,22.15,242.3,737.54,16.5608279,-95.5507745
San Juan Juquila Mixes,2021,31.02,20.56,32.61,22.04,423.4,701.79,16.5608279,-95.5507745
San Juan Juquila Mixes,2022,31.14,20.45,32.63,21.68,385.5,719.86,16.5608279,-95.5507745
San Juan Juquila Mixes,2023,32.81,21.49,34.45,23.14,180.6,758.57,16.5608279,-95.5507745
San Juan Juquila Mixes,2024,32.14,20.87,34.26,22.57,564.0,722.01,16.5608279,-95.5507745
San Juan Juquila Mixes,2025,31.79,20.86,33.54,22.26,391.8,737.16,16.5608279,-95.5507745
San Juan Juquila Mixes,2026,31.63,20.09,32.72,20.92,191.8,385.25,16.5608279,-95.5507745
San Juan Juquila Vijanos,2020,25.39,14.34,27.7,14.76,1346.0,527.18,17.2113728,-96.1814453
San Juan Juquila Vijanos,2021,25.08,14.2,27.56,14.69,1299.8,516.73,17.2113728,-96.1814453
San Juan Juquila Vijanos,2022,25.43,13.91,27.68,14.27,1040.0,542.03,17.2113728,-96.1814453
San Juan Juquila Vijanos,2023,26.76,14.67,29.55,15.3,885.7,578.59,17.2113728,-96.1814453
San Juan Juquila Vijanos,2024,28.11,14.93,30.58,15.53,752.6,606.37,17.2113728,-96.1814453
San Juan Juquila Vijanos,2025,26.56,14.85,29.01,15.59,1304.1,571.82,17.2113728,-96.1814453
San Juan Juquila Vijanos,2026,26.08,13.42,27.98,13.81,460.3,284.64,17.2113728,-96.1814453
San Juan Lachao,2020,28.74,18.4,32.57,19.35,697.7,604.41,16.0930738,-97.073039
San Juan Lachao,2021,27.9,17.96,31.75,19.14,930.4,567.58,16.0930738,-97.073039
San Juan Lachao,2022,28.05,17.35,31.79,18.2,775.7,587.73,16.0930738,-97.073039
San Juan Lachao,2023,29.14,18.47,33.04,19.78,620.9,605.6,16.0930738,-97.073039
San Juan Lachao,2024,28.33,18.14,32.39,19.5,725.4,576.85,16.0930738,-97.073039
San Juan Lachao,2025,28.33,17.68,31.93,18.81,638.8,572.11,16.0930738,-97.073039
San Juan Lachao,2026,29.23,17.2,31.9,17.83,194.7,315.0,16.0930738,-97.073039
San Juan Lachigalla,2020,22.05,10.93,21.7,9.47,434.9,574.52,16.3530407,-96.3255835
San Juan Lachigalla,2021,21.81,10.53,21.37,9.1,797.4,571.39,16.3530407,-96.3255835
San Juan Lachigalla,2022,22.07,10.78,21.39,9.35,361.9,591.55,16.3530407,-96.3255835
San Juan Lachigalla,2023,23.56,11.74,23.07,10.63,396.3,619.89,16.3530407,-96.3255835
San Juan Lachigalla,2024,24.38,12.69,23.82,11.45,604.9,644.41,16.3530407,-96.3255835
San Juan Lachigalla,2025,22.86,12.57,22.52,11.61,439.9,606.42,16.3530407,-96.3255835
San Juan Lachigalla,2026,23.29,11.6,22.02,10.1,278.7,324.57,16.3530407,-96.3255835
San Juan Lajarcia,2020,27.87,17.86,29.15,18.7,396.7,647.79,16.3030398,-95.5532126
San Juan Lajarcia,2021,27.18,17.55,28.66,18.52,642.7,612.28,16.3030398,-95.5532126
San Juan Lajarcia,2022,27.16,17.52,28.65,18.29,449.3,631.82,16.3030398,-95.5532126
San Juan Lajarcia,2023,29.1,18.65,30.69,20.12,403.7,663.98,16.3030398,-95.5532126
San Juan Lajarcia,2024,28.58,18.3,30.48,19.68,675.3,643.28,16.3030398,-95.5532126
San Juan Lajarcia,2025,28.26,18.16,29.68,19.44,411.4,652.49,16.3030398,-95.5532126
San Juan Lajarcia,2026,28.32,17.41,29.03,18.21,252.3,339.35,16.3030398,-95.5532126
San Juan Lalana,2020,27.17,20.32,30.54,22.14,1040.8,530.26,17.2815208,-95.5247579
San Juan Lalana,2021,26.98,20.23,30.67,22.31,1089.8,511.72,17.2815208,-95.5247579
San Juan Lalana,2022,27.33,19.95,30.81,21.63,1218.1,538.68,17.2815208,-95.5247579
San Juan Lalana,2023,28.68,20.97,32.81,23.29,874.9,579.0,17.2815208,-95.5247579
San Juan Lalana,2024,29.6,21.07,33.63,23.29,833.3,615.3,17.2815208,-95.5247579
San Juan Lalana,2025,28.92,19.84,32.45,22.0,1158.0,576.62,17.2815208,-95.5247579
San Juan Lalana,2026,28.3,18.81,31.29,20.63,411.8,281.82,17.2815208,-95.5247579
San Juan Mazatlán,2020,25.03,18.63,27.21,19.58,1110.4,483.56,17.0152045,-95.2647281
San Juan Mazatlán,2021,24.81,18.52,27.29,19.68,1086.9,467.25,17.0152045,-95.2647281
San Juan Mazatlán,2022,25.04,18.25,27.27,19.11,1120.1,500.46,17.0152045,-95.2647281
San Juan Mazatlán,2023,26.42,19.33,29.03,20.8,778.1,543.2,17.0152045,-95.2647281
San Juan Mazatlán,2024,27.07,19.27,29.5,20.6,841.2,583.26,17.0152045,-95.2647281
San Juan Mazatlán,2025,26.46,18.44,28.89,19.84,853.8,540.45,17.0152045,-95.2647281
San Juan Mazatlán,2026,25.98,17.16,27.92,18.38,399.4,269.99,17.0152045,-95.2647281
San Juan Mixtepec,2020,21.0,8.57,20.74,7.0,303.4,570.56,17.1820614,-97.4953209
San Juan Mixtepec,2021,20.75,8.36,20.44,6.73,490.8,561.02,17.1820614,-97.4953209
San Juan Mixtepec,2022,20.99,8.0,20.52,6.27,391.7,583.09,17.1820614,-97.4953209
San Juan Mixtepec,2023,22.3,8.74,21.9,7.35,245.5,601.63,17.1820614,-97.4953209
San Juan Mixtepec,2024,23.32,9.32,22.96,7.89,366.4,623.32,17.1820614,-97.4953209
San Juan Mixtepec,2025,21.53,9.49,21.43,8.42,310.3,580.64,17.1820614,-97.4953209
San Juan Mixtepec,2026,22.38,9.17,21.37,7.86,220.1,303.25,17.1820614,-97.4953209
San Juan Ozolotepec,2020,24.15,16.82,26.98,16.87,750.7,555.38,16.0758827,-96.1533456
San Juan Ozolotepec,2021,23.84,16.04,26.58,15.86,603.7,547.93,16.0758827,-96.1533456
San Juan Ozolotepec,2022,23.97,16.02,26.35,15.9,534.2,561.23,16.0758827,-96.1533456
San Juan Ozolotepec,2023,24.9,16.45,27.5,16.4,396.5,582.1,16.0758827,-96.1533456
San Juan Ozolotepec,2024,24.78,16.09,27.27,15.82,684.5,579.03,16.0758827,-96.1533456
San Juan Ozolotepec,2025,24.66,14.86,26.64,14.52,593.1,564.83,16.0758827,-96.1533456
San Juan Ozolotepec,2026,24.79,14.39,26.34,13.63,221.2,295.11,16.0758827,-96.1533456
San Juan Petlapa,2020,20.64,13.26,22.33,13.37,892.0,461.26,17.2809488,-96.0212603
San Juan Petlapa,2021,20.28,13.1,22.07,13.32,1101.6,447.78,17.2809488,-96.0212603
San Juan Petlapa,2022,20.51,12.6,22.07,12.57,835.1,472.5,17.2809488,-96.0212603
San Juan Petlapa,2023,21.51,13.75,23.52,14.06,699.6,504.38,17.2809488,-96.0212603
San Juan Petlapa,2024,22.52,14.08,24.48,14.35,646.9,529.33,17.2809488,-96.0212603
San Juan Petlapa,2025,21.28,13.45,22.95,13.67,748.3,500.24,17.2809488,-96.0212603
San Juan Petlapa,2026,20.14,12.35,21.74,12.33,455.7,244.34,17.2809488,-96.0212603
San Juan Quiahije,2020,27.21,17.58,30.57,18.14,619.5,589.79,16.1806762,-97.1900646
San Juan Quiahije,2021,26.42,17.33,29.8,18.16,718.8,556.38,16.1806762,-97.1900646
San Juan Quiahije,2022,26.61,16.88,29.82,17.38,660.8,577.88,16.1806762,-97.1900646
San Juan Quiahije,2023,27.48,17.74,30.92,18.68,529.5,593.78,16.1806762,-97.1900646
San Juan Quiahije,2024,26.85,17.31,30.46,18.21,647.1,572.56,16.1806762,-97.1900646
San Juan Quiahije,2025,26.82,16.94,30.1,17.55,671.4,564.71,16.1806762,-97.1900646
San Juan Quiahije,2026,27.43,16.34,29.85,16.65,240.3,305.6,16.1806762,-97.1900646
San Juan Quiotepec,2020,20.68,12.15,22.48,11.75,812.9,496.85,17.3602748,-96.3517382
San Juan Quiotepec,2021,20.32,12.04,22.23,11.67,656.2,493.65,17.3602748,-96.3517382
San Juan Quiotepec,2022,20.61,11.77,22.41,11.25,606.8,513.1,17.3602748,-96.3517382
San Juan Quiotepec,2023,21.85,12.56,23.86,12.26,469.8,543.8,17.3602748,-96.3517382
San Juan Quiotepec,2024,22.92,12.7,24.76,12.25,368.6,567.88,17.3602748,-96.3517382
San Juan Quiotepec,2025,22.17,11.67,23.63,11.11,550.9,542.95,17.3602748,-96.3517382
San Juan Quiotepec,2026,21.29,10.11,22.57,9.24,337.9,265.19,17.3602748,-96.3517382
San Juan Sayultepec,2020,23.78,12.01,23.37,11.25,249.0,613.68,17.2712536,-97.1705066
San Juan Sayultepec,2021,23.41,11.8,23.18,11.09,405.0,596.84,17.2712536,-97.1705066
San Juan Sayultepec,2022,23.81,11.43,23.38,10.55,260.9,621.27,17.2712536,-97.1705066
San Juan Sayultepec,2023,25.16,12.36,25.15,11.94,277.3,642.75,17.2712536,-97.1705066
San Juan Sayultepec,2024,25.9,12.53,25.77,12.12,393.0,667.89,17.2712536,-97.1705066
San Juan Sayultepec,2025,24.18,12.13,24.3,11.95,339.5,621.78,17.2712536,-97.1705066
San Juan Sayultepec,2026,24.79,11.41,24.07,11.03,191.1,328.69,17.2712536,-97.1705066
San Juan Tabaá,2020,22.51,11.15,23.41,10.48,1391.7,509.56,17.1818669,-96.1225568
San Juan Tabaá,2021,22.24,10.8,23.37,10.14,1531.0,497.66,17.1818669,-96.1225568
San Juan Tabaá,2022,22.62,10.57,23.5,9.79,1278.6,522.68,17.1818669,-96.1225568
San Juan Tabaá,2023,23.93,11.59,25.22,11.1,1097.8,557.2,17.1818669,-96.1225568
San Juan Tabaá,2024,25.28,12.05,26.32,11.51,953.9,588.53,17.1818669,-96.1225568
San Juan Tabaá,2025,23.61,12.33,24.62,12.07,1234.0,549.33,17.1818669,-96.1225568
San Juan Tabaá,2026,23.1,11.07,23.7,10.51,432.2,275.37,17.1818669,-96.1225568
San Juan Tamazola,2020,24.32,11.74,24.36,10.61,408.3,610.1,17.0937579,-97.1336777
San Juan Tamazola,2021,24.03,11.47,24.18,10.36,473.3,589.89,17.0937579,-97.1336777
San Juan Tamazola,2022,24.39,11.31,24.33,10.1,287.8,615.51,17.0937579,-97.1336777
San Juan Tamazola,2023,25.35,12.02,25.72,11.2,471.0,619.75,17.0937579,-97.1336777
San Juan Tamazola,2024,26.04,12.54,26.12,11.79,477.4,647.24,17.0937579,-97.1336777
San Juan Tamazola,2025,24.52,11.8,24.76,10.81,492.6,608.91,17.0937579,-97.1336777
San Juan Tamazola,2026,25.21,11.04,24.65,9.82,205.3,326.98,17.0937579,-97.1336777
San Juan Teita,2020,26.89,13.21,27.38,12.98,315.8,639.21,17.0542942,-97.2451527
San Juan Teita,2021,26.51,12.93,27.05,12.69,407.5,620.53,17.0542942,-97.2451527
San Juan Teita,2022,26.97,12.78,27.4,12.41,364.8,648.14,17.0542942,-97.2451527
San Juan Teita,2023,27.74,13.37,28.58,13.37,416.8,650.21,17.0542942,-97.2451527
San Juan Teita,2024,28.41,13.83,28.9,13.83,360.7,675.31,17.0542942,-97.2451527
San Juan Teita,2025,26.9,13.26,27.68,13.18,465.0,640.32,17.0542942,-97.2451527
San Juan Teita,2026,27.69,12.69,27.46,12.34,151.8,339.47,17.0542942,-97.2451527
San Juan Teitipac,2020,30.71,16.04,31.41,17.05,209.3,698.99,16.5603836,-96.3630634
San Juan Teitipac,2021,30.27,15.79,31.02,16.85,323.9,684.15,16.5603836,-96.3630634
San Juan Teitipac,2022,30.74,15.51,31.32,16.35,240.0,714.04,16.5603836,-96.3630634
San Juan Teitipac,2023,32.29,16.7,32.88,17.93,155.1,744.64,16.5603836,-96.3630634
San Juan Teitipac,2024,31.98,16.4,32.88,17.46,238.2,736.81,16.5603836,-96.3630634
San Juan Teitipac,2025,30.96,16.0,31.85,17.22,317.7,717.88,16.5603836,-96.3630634
San Juan Teitipac,2026,30.86,15.22,30.96,16.14,157.1,368.17,16.5603836,-96.3630634
San Juan Tepeuxila,2020,15.46,5.55,15.38,3.94,702.7,463.53,17.4322372,-96.502797
San Juan Tepeuxila,2021,15.2,5.45,15.32,3.91,804.4,459.64,17.4322372,-96.502797
San Juan Tepeuxila,2022,15.5,5.3,15.38,3.61,590.6,479.98,17.4322372,-96.502797
San Juan Tepeuxila,2023,16.34,6.01,16.61,4.5,512.4,497.34,17.4322372,-96.502797
San Juan Tepeuxila,2024,17.39,6.22,17.54,4.66,507.2,518.02,17.4322372,-96.502797
San Juan Tepeuxila,2025,16.32,6.07,16.32,4.48,719.0,489.21,17.4322372,-96.502797
San Juan Tepeuxila,2026,16.21,4.75,16.16,2.93,332.0,249.63,17.4322372,-96.502797
San Juan Teposcolula,2020,23.18,11.26,22.54,10.51,236.3,614.1,17.3302193,-97.2528484
San Juan Teposcolula,2021,22.73,11.1,22.28,10.29,340.1,596.06,17.3302193,-97.2528484
San Juan Teposcolula,2022,23.2,10.64,22.52,9.71,196.8,623.75,17.3302193,-97.2528484
San Juan Teposcolula,2023,24.49,11.77,24.38,11.27,226.1,644.26,17.3302193,-97.2528484
San Juan Teposcolula,2024,25.33,11.86,25.08,11.32,276.0,670.18,17.3302193,-97.2528484
San Juan Teposcolula,2025,23.63,11.31,23.71,10.98,246.8,624.06,17.3302193,-97.2528484
San Juan Teposcolula,2026,24.24,10.69,23.58,10.2,176.2,326.2,17.3302193,-97.2528484
San Juan Yaeé,2020,25.29,14.24,27.59,14.64,1346.0,526.3,17.2544714,-96.1701844
San Juan Yaeé,2021,24.98,14.1,27.45,14.57,1299.8,515.93,17.2544714,-96.1701844
San Juan Yaeé,2022,25.33,13.81,27.57,14.16,1040.0,541.07,17.2544714,-96.1701844
San Juan Yaeé,2023,26.66,14.57,29.44,15.18,885.7,577.5,17.2544714,-96.1701844
San Juan Yaeé,2024,28.01,14.83,30.47,15.42,752.6,605.48,17.2544714,-96.1701844
San Juan Yaeé,2025,26.46,14.75,28.89,15.48,1304.1,570.95,17.2544714,-96.1701844
San Juan Yaeé,2026,25.98,13.32,27.87,13.7,460.3,284.15,17.2544714,-96.1701844
San Juan Yatzona,2020,20.9,11.46,22.21,11.0,1035.5,472.3,17.2408728,-96.100928
San Juan Yatzona,2021,20.61,11.14,22.07,10.71,1091.3,460.28,17.2408728,-96.100928
San Juan Yatzona,2022,20.86,10.95,22.05,10.38,757.0,483.28,17.2408728,-96.100928
San Juan Yatzona,2023,21.94,11.93,23.56,11.7,740.3,517.3,17.2408728,-96.100928
San Juan Yatzona,2024,23.13,12.47,24.66,12.28,651.8,542.32,17.2408728,-96.100928
San Juan Yatzona,2025,21.72,11.94,23.1,11.77,857.2,510.85,17.2408728,-96.100928
San Juan Yatzona,2026,20.9,10.64,22.14,10.18,445.6,253.72,17.2408728,-96.100928
San Juan Yucuita,2020,22.59,10.42,21.92,9.34,259.0,593.59,17.3044112,-97.161329
San Juan Yucuita,2021,22.14,10.2,21.69,9.28,492.4,571.97,17.3044112,-97.161329
San Juan Yucuita,2022,22.42,9.93,21.86,8.88,304.7,592.87,17.3044112,-97.161329
San Juan Yucuita,2023,23.87,10.89,23.61,10.3,275.7,618.23,17.3044112,-97.161329
San Juan Yucuita,2024,24.66,11.08,24.19,10.54,405.8,647.33,17.3044112,-97.161329
San Juan Yucuita,2025,22.88,10.68,22.62,10.25,379.3,600.73,17.3044112,-97.161329
San Juan Yucuita,2026,23.41,9.98,22.54,9.3,209.6,319.5,17.3044112,-97.161329
San Juan de los Cués,2020,29.9,16.07,30.89,16.64,299.1,661.85,18.0248938,-97.0334789
San Juan de los Cués,2021,29.27,15.7,30.29,16.27,174.6,659.8,18.0248938,-97.0334789
San Juan de los Cués,2022,30.21,15.87,30.94,16.45,137.4,682.19,18.0248938,-97.0334789
San Juan de los Cués,2023,31.28,16.56,32.23,17.27,92.9,703.72,18.0248938,-97.0334789
San Juan de los Cués,2024,31.46,16.27,32.52,16.66,232.8,706.89,18.0248938,-97.0334789
San Juan de los Cués,2025,30.46,16.08,31.25,16.59,152.8,688.92,18.0248938,-97.0334789
San Juan de los Cués,2026,29.91,14.99,30.74,15.24,112.0,338.35,18.0248938,-97.0334789
San Juan del Estado,2020,16.89,7.54,16.42,5.26,455.6,501.59,17.1624702,-96.4757382
San Juan del Estado,2021,16.65,7.25,16.3,5.11,578.6,494.18,17.1624702,-96.4757382
San Juan del Estado,2022,17.01,7.08,16.48,4.88,428.2,514.24,17.1624702,-96.4757382
San Juan del Estado,2023,18.0,7.88,17.97,6.0,369.6,534.28,17.1624702,-96.4757382
San Juan del Estado,2024,19.14,8.6,18.79,6.66,415.5,567.66,17.1624702,-96.4757382
San Juan del Estado,2025,18.02,7.04,17.76,5.07,506.5,518.37,17.1624702,-96.4757382
San Juan del Estado,2026,18.13,5.78,17.53,3.47,226.6,273.03,17.1624702,-96.4757382
San Juan del Río,2020,27.33,14.72,28.36,14.74,349.0,620.57,16.5257097,-96.0937693
San Juan del Río,2021,26.78,14.4,27.76,14.42,409.6,609.68,16.5257097,-96.0937693
San Juan del Río,2022,26.9,14.05,27.95,13.87,349.9,628.7,16.5257097,-96.0937693
San Juan del Río,2023,28.39,15.33,29.46,15.57,223.1,651.45,16.5257097,-96.0937693
San Juan del Río,2024,28.31,15.64,29.43,15.8,351.4,658.76,16.5257097,-96.0937693
San Juan del Río,2025,27.22,16.21,28.32,16.88,391.5,642.46,16.5257097,-96.0937693
San Juan del Río,2026,27.73,15.27,27.86,15.69,142.7,340.4,16.5257097,-96.0937693
San Juan Ñumí,2020,22.1,9.19,22.3,7.97,309.9,586.27,17.2353842,-97.4223117
San Juan Ñumí,2021,21.77,8.91,21.91,7.73,401.0,577.77,17.2353842,-97.4223117
San Juan Ñumí,2022,22.16,8.49,22.17,7.19,318.5,598.52,17.2353842,-97.4223117
San Juan Ñumí,2023,23.05,9.44,23.37,8.44,360.9,612.58,17.2353842,-97.4223117
San Juan Ñumí,2024,23.82,10.08,23.87,9.02,419.9,632.78,17.2353842,-97.4223117
San Juan Ñumí,2025,21.82,9.88,22.32,8.93,444.7,589.19,17.2353842,-97.4223117
San Juan Ñumí,2026,22.55,9.34,22.18,8.15,192.6,308.65,17.2353842,-97.4223117
San Lorenzo,2020,31.64,21.15,35.74,23.41,479.9,644.63,16.2339344,-97.522941
San Lorenzo,2021,30.44,20.58,34.92,23.12,821.3,603.98,16.2339344,-97.522941
San Lorenzo,2022,30.73,20.18,34.93,22.32,752.7,625.81,16.2339344,-97.522941
San Lorenzo,2023,31.93,21.42,36.26,24.06,508.4,647.16,16.2339344,-97.522941
San Lorenzo,2024,31.33,21.34,35.64,23.95,600.4,628.84,16.2339344,-97.522941
San Lorenzo,2025,30.92,20.9,35.2,23.34,682.8,612.27,16.2339344,-97.522941
San Lorenzo,2026,32.39,20.58,35.43,22.7,169.2,336.92,16.2339344,-97.522941
San Lorenzo Albarradas,2020,28.56,15.2,29.32,15.75,247.2,657.55,16.5426012,-96.1534734
San Lorenzo Albarradas,2021,27.95,14.86,28.78,15.4,360.5,638.2,16.5426012,-96.1534734
San Lorenzo Albarradas,2022,28.2,14.56,29.02,14.9,268.2,661.68,16.5426012,-96.1534734
San Lorenzo Albarradas,2023,29.89,15.83,30.48,16.63,135.8,699.03,16.5426012,-96.1534734
San Lorenzo Albarradas,2024,29.62,15.87,30.46,16.35,268.4,699.69,16.5426012,-96.1534734
San Lorenzo Albarradas,2025,28.56,16.22,29.21,17.02,293.2,685.33,16.5426012,-96.1534734
San Lorenzo Albarradas,2026,28.55,15.1,28.61,15.69,174.4,356.7,16.5426012,-96.1534734
San Lorenzo Cacaotepec,2020,21.99,11.29,22.12,10.31,425.0,585.03,17.0745691,-96.4807184
San Lorenzo Cacaotepec,2021,21.8,11.02,21.73,10.04,502.3,572.28,17.0745691,-96.4807184
San Lorenzo Cacaotepec,2022,22.36,10.8,22.07,9.77,395.7,601.45,17.0745691,-96.4807184
San Lorenzo Cacaotepec,2023,23.57,11.55,23.39,10.76,337.0,620.21,17.0745691,-96.4807184
San Lorenzo Cacaotepec,2024,24.1,11.61,23.8,10.53,441.2,635.9,17.0745691,-96.4807184
San Lorenzo Cacaotepec,2025,22.59,11.52,22.51,10.58,546.8,593.92,17.0745691,-96.4807184
San Lorenzo Cacaotepec,2026,23.22,10.6,22.19,9.18,295.7,316.17,17.0745691,-96.4807184
San Lorenzo Cuaunecuiltitla,2020,27.2,20.95,31.17,23.54,970.2,516.72,18.122323,-96.5447006
San Lorenzo Cuaunecuiltitla,2021,26.86,20.81,31.11,23.52,1036.2,510.22,18.122323,-96.5447006
San Lorenzo Cuaunecuiltitla,2022,27.2,20.34,31.21,22.65,949.9,524.49,18.122323,-96.5447006
San Lorenzo Cuaunecuiltitla,2023,28.45,21.34,33.04,24.18,685.0,550.99,18.122323,-96.5447006
San Lorenzo Cuaunecuiltitla,2024,28.64,21.25,33.31,24.05,734.2,551.67,18.122323,-96.5447006
San Lorenzo Cuaunecuiltitla,2025,28.57,20.19,32.61,22.56,995.3,552.16,18.122323,-96.5447006
San Lorenzo Cuaunecuiltitla,2026,27.89,19.16,31.54,21.18,422.4,267.09,18.122323,-96.5447006
San Lorenzo Texmelúcan,2020,30.18,17.01,32.68,18.23,493.6,643.24,16.3507766,-97.1156308
San Lorenzo Texmelúcan,2021,29.83,16.82,32.31,18.06,461.0,628.17,16.3507766,-97.1156308
San Lorenzo Texmelúcan,2022,30.29,16.25,32.79,17.21,469.8,655.44,16.3507766,-97.1156308
San Lorenzo Texmelúcan,2023,31.14,17.67,33.9,19.2,389.1,667.15,16.3507766,-97.1156308
San Lorenzo Texmelúcan,2024,31.49,17.82,34.07,19.36,504.1,678.54,16.3507766,-97.1156308
San Lorenzo Texmelúcan,2025,30.59,17.32,33.27,18.73,511.2,648.16,16.3507766,-97.1156308
San Lorenzo Texmelúcan,2026,31.12,16.59,32.9,17.58,155.0,346.49,16.3507766,-97.1156308
San Lorenzo Victoria,2020,22.35,11.56,22.82,10.8,386.0,571.97,17.4006082,-98.0712985
San Lorenzo Victoria,2021,22.04,11.18,22.49,10.48,534.8,551.55,17.4006082,-98.0712985
San Lorenzo Victoria,2022,22.34,10.99,22.69,10.1,378.7,577.92,17.4006082,-98.0712985
San Lorenzo Victoria,2023,23.24,11.41,24.11,10.85,385.7,586.92,17.4006082,-98.0712985
San Lorenzo Victoria,2024,23.9,11.72,24.52,11.0,439.1,613.28,17.4006082,-98.0712985
San Lorenzo Victoria,2025,22.55,11.67,23.2,11.18,449.0,570.5,17.4006082,-98.0712985
San Lorenzo Victoria,2026,23.23,11.13,23.33,10.43,209.1,300.89,17.4006082,-98.0712985
San Lucas Camotlán,2020,28.01,18.2,29.2,19.05,198.9,638.07,16.5635386,-95.4247319
San Lucas Camotlán,2021,27.54,18.0,28.89,19.04,459.4,609.95,16.5635386,-95.4247319
San Lucas Camotlán,2022,27.48,17.81,28.91,18.66,490.7,619.04,16.5635386,-95.4247319
San Lucas Camotlán,2023,29.05,18.71,30.58,19.93,287.7,650.55,16.5635386,-95.4247319
San Lucas Camotlán,2024,28.66,18.21,30.39,19.55,642.6,629.5,16.5635386,-95.4247319
San Lucas Camotlán,2025,28.04,18.0,29.59,18.95,510.6,626.31,16.5635386,-95.4247319
San Lucas Camotlán,2026,27.78,16.91,28.7,17.53,255.9,321.08,16.5635386,-95.4247319
San Lucas Ojitlán,2020,29.8,22.47,34.34,25.85,1051.2,549.72,18.0327011,-96.2351946
San Lucas Ojitlán,2021,29.41,22.4,34.37,25.98,1170.1,543.81,18.0327011,-96.2351946
San Lucas Ojitlán,2022,29.99,22.0,34.57,25.06,1200.5,557.76,18.0327011,-96.2351946
San Lucas Ojitlán,2023,31.15,23.13,36.46,26.94,885.3,587.75,18.0327011,-96.2351946
San Lucas Ojitlán,2024,31.26,22.97,36.7,26.74,872.0,582.99,18.0327011,-96.2351946
San Lucas Ojitlán,2025,30.33,22.31,35.41,25.94,1231.9,572.56,18.0327011,-96.2351946
San Lucas Ojitlán,2026,29.92,21.34,34.5,24.67,536.5,285.65,18.0327011,-96.2351946
San Lucas Quiaviní,2020,26.12,13.89,26.41,13.66,277.1,634.68,16.5341287,-96.2805139
San Lucas Quiaviní,2021,25.7,13.53,26.06,13.3,333.5,624.34,16.5341287,-96.2805139
San Lucas Quiaviní,2022,25.99,13.27,26.28,12.9,266.4,641.58,16.5341287,-96.2805139
San Lucas Quiaviní,2023,27.63,14.3,27.92,14.28,176.3,681.31,16.5341287,-96.2805139
San Lucas Quiaviní,2024,27.65,14.41,28.1,14.15,303.0,685.89,16.5341287,-96.2805139
San Lucas Quiaviní,2025,26.14,14.54,26.48,14.61,353.3,656.48,16.5341287,-96.2805139
San Lucas Quiaviní,2026,26.6,13.55,26.42,13.36,152.1,345.87,16.5341287,-96.2805139
San Lucas Zoquiápam,2020,28.6,22.35,33.33,25.65,970.2,530.81,18.0810175,-96.5423144
San Lucas Zoquiápam,2021,28.26,22.21,33.29,25.65,1036.2,524.25,18.0810175,-96.5423144
San Lucas Zoquiápam,2022,28.6,21.74,33.39,24.75,949.9,538.9,18.0810175,-96.5423144
San Lucas Zoquiápam,2023,29.85,22.74,35.25,26.31,685.0,565.63,18.0810175,-96.5423144
San Lucas Zoquiápam,2024,30.04,22.65,35.53,26.17,734.2,566.52,18.0810175,-96.5423144
San Lucas Zoquiápam,2025,29.97,21.59,34.77,24.65,995.3,566.76,18.0810175,-96.5423144
San Lucas Zoquiápam,2026,29.29,20.56,33.66,23.23,422.4,274.21,18.0810175,-96.5423144
San Luis Amatlán,2020,14.46,4.38,14.17,1.86,474.4,478.9,16.2321926,-96.2949826
San Luis Amatlán,2021,14.23,3.83,13.94,1.33,629.7,477.07,16.2321926,-96.2949826
San Luis Amatlán,2022,14.25,3.95,13.77,1.44,322.2,482.93,16.2321926,-96.2949826
San Luis Amatlán,2023,15.1,4.7,14.83,2.34,344.4,502.28,16.2321926,-96.2949826
San Luis Amatlán,2024,15.9,5.45,15.6,2.99,449.7,522.86,16.2321926,-96.2949826
San Luis Amatlán,2025,14.95,5.16,14.33,2.9,440.3,494.73,16.2321926,-96.2949826
San Luis Amatlán,2026,15.31,4.04,14.42,1.45,258.7,262.29,16.2321926,-96.2949826
San Marcial Ozolotepec,2020,19.81,12.05,20.79,10.77,575.0,526.77,16.0521325,-96.242121
San Marcial Ozolotepec,2021,19.62,11.52,20.47,10.15,540.8,523.68,16.0521325,-96.242121
San Marcial Ozolotepec,2022,19.55,11.55,20.29,10.16,449.9,531.47,16.0521325,-96.242121
San Marcial Ozolotepec,2023,20.45,12.09,21.28,10.8,419.9,553.16,16.0521325,-96.242121
San Marcial Ozolotepec,2024,20.55,12.11,21.43,10.81,526.9,552.96,16.0521325,-96.242121
San Marcial Ozolotepec,2025,20.2,10.67,20.66,9.25,470.0,536.73,16.0521325,-96.242121
San Marcial Ozolotepec,2026,20.07,9.78,20.24,7.97,303.1,278.8,16.0521325,-96.242121
San Marcos Arteaga,2020,22.15,9.78,21.82,8.35,315.9,586.53,17.431057,-97.5140098
San Marcos Arteaga,2021,22.1,9.44,21.79,8.0,381.5,581.16,17.431057,-97.5140098
San Marcos Arteaga,2022,22.44,9.24,21.96,7.78,293.5,601.51,17.431057,-97.5140098
San Marcos Arteaga,2023,23.34,9.84,23.28,8.65,351.2,611.07,17.431057,-97.5140098
San Marcos Arteaga,2024,24.1,10.19,23.64,8.88,374.2,640.49,17.431057,-97.5140098
San Marcos Arteaga,2025,22.43,9.46,22.55,8.29,372.4,589.89,17.431057,-97.5140098
San Marcos Arteaga,2026,23.11,9.05,22.4,7.63,190.1,307.86,17.431057,-97.5140098
San Martín Huamelúlpam,2020,19.95,8.29,19.62,6.72,365.4,560.31,17.2350654,-97.3608466
San Martín Huamelúlpam,2021,19.72,8.09,19.39,6.55,500.2,551.61,17.2350654,-97.3608466
San Martín Huamelúlpam,2022,19.97,7.82,19.45,6.19,380.9,570.98,17.2350654,-97.3608466
San Martín Huamelúlpam,2023,20.94,8.58,20.83,7.28,375.0,587.34,17.2350654,-97.3608466
San Martín Huamelúlpam,2024,21.76,9.02,21.4,7.65,396.1,610.39,17.2350654,-97.3608466
San Martín Huamelúlpam,2025,20.04,9.07,19.84,7.87,394.6,570.63,17.2350654,-97.3608466
San Martín Huamelúlpam,2026,20.53,8.38,19.82,6.95,213.6,296.97,17.2350654,-97.3608466
San Martín Itunyoso,2020,24.22,12.05,24.25,11.35,229.3,610.71,17.1344468,-97.5253317
San Martín Itunyoso,2021,23.85,11.97,23.73,11.27,339.9,601.68,17.1344468,-97.5253317
San Martín Itunyoso,2022,24.29,11.68,24.09,10.85,300.5,625.83,17.1344468,-97.5253317
San Martín Itunyoso,2023,25.54,12.7,25.38,12.26,175.7,644.77,17.1344468,-97.5253317
San Martín Itunyoso,2024,26.3,13.1,26.11,12.41,304.7,665.19,17.1344468,-97.5253317
San Martín Itunyoso,2025,24.69,13.33,24.7,13.0,237.2,628.71,17.1344468,-97.5253317
San Martín Itunyoso,2026,25.42,12.99,24.37,12.38,191.3,331.63,17.1344468,-97.5253317
San Martín Lachilá,2020,25.41,13.9,25.14,13.44,301.0,637.34,16.3639112,-96.5057738
San Martín Lachilá,2021,25.19,13.63,24.76,13.29,305.4,634.8,16.3639112,-96.5057738
San Martín Lachilá,2022,25.57,13.17,24.96,12.54,235.7,664.19,16.3639112,-96.5057738
San Martín Lachilá,2023,27.26,14.33,26.7,14.16,227.5,695.58,16.3639112,-96.5057738
San Martín Lachilá,2024,27.47,14.45,27.28,14.11,276.3,685.87,16.3639112,-96.5057738
San Martín Lachilá,2025,26.45,13.97,26.18,13.98,244.5,661.76,16.3639112,-96.5057738
San Martín Lachilá,2026,26.83,13.04,25.97,12.48,180.8,350.64,16.3639112,-96.5057738
San Martín Peras,2020,24.06,13.38,25.66,12.89,1053.4,561.08,17.2137838,-98.14184
San Martín Peras,2021,23.36,13.05,25.02,12.66,1450.9,537.3,17.2137838,-98.14184
San Martín Peras,2022,24.01,12.6,25.32,11.95,1237.2,560.82,17.2137838,-98.14184
San Martín Peras,2023,24.36,13.16,26.17,12.86,1218.5,564.72,17.2137838,-98.14184
San Martín Peras,2024,24.72,13.35,26.41,12.93,1266.6,584.21,17.2137838,-98.14184
San Martín Peras,2025,24.72,12.45,25.94,11.99,1008.4,553.46,17.2137838,-98.14184
San Martín Peras,2026,25.09,12.18,25.91,11.68,228.8,289.92,17.2137838,-98.14184
San Martín Tilcajete,2020,28.6,14.07,28.53,14.22,200.3,683.59,16.5132213,-96.4144057
San Martín Tilcajete,2021,28.25,13.9,28.13,14.1,238.1,675.62,16.5132213,-96.4144057
San Martín Tilcajete,2022,28.65,13.49,28.42,13.47,182.4,703.65,16.5132213,-96.4144057
San Martín Tilcajete,2023,30.02,14.71,29.91,15.11,113.4,731.16,16.5132213,-96.4144057
San Martín Tilcajete,2024,29.79,14.53,29.9,14.88,225.4,725.97,16.5132213,-96.4144057
San Martín Tilcajete,2025,28.78,14.16,28.9,14.62,285.5,697.39,16.5132213,-96.4144057
San Martín Tilcajete,2026,29.01,13.17,28.62,13.38,154.9,363.06,16.5132213,-96.4144057
San Martín Toxpalan,2020,29.15,15.32,29.96,15.69,299.1,654.33,18.0602607,-97.0332498
San Martín Toxpalan,2021,28.52,14.96,29.35,15.32,174.6,652.17,18.0602607,-97.0332498
San Martín Toxpalan,2022,29.45,15.13,30.02,15.49,137.4,674.24,18.0602607,-97.0332498
San Martín Toxpalan,2023,30.53,15.81,31.31,16.32,92.9,695.86,18.0602607,-97.0332498
San Martín Toxpalan,2024,30.71,15.52,31.59,15.72,232.8,699.1,18.0602607,-97.0332498
San Martín Toxpalan,2025,29.72,15.34,30.32,15.64,152.8,680.9,18.0602607,-97.0332498
San Martín Toxpalan,2026,29.15,14.23,29.83,14.32,112.0,334.53,18.0602607,-97.0332498
San Martín Zacatepec,2020,24.59,12.19,24.88,11.49,317.0,615.29,17.4828607,-98.0339112
San Martín Zacatepec,2021,24.15,11.82,24.52,11.15,465.7,592.28,17.4828607,-98.0339112
San Martín Zacatepec,2022,24.68,11.69,24.96,10.88,360.7,624.21,17.4828607,-98.0339112
San Martín Zacatepec,2023,25.55,12.47,26.34,12.02,329.6,632.43,17.4828607,-98.0339112
San Martín Zacatepec,2024,26.14,12.78,26.78,12.16,437.6,656.27,17.4828607,-98.0339112
San Martín Zacatepec,2025,24.73,12.73,25.3,12.31,402.6,613.62,17.4828607,-98.0339112
San Martín Zacatepec,2026,25.47,12.36,25.46,11.72,207.0,324.85,17.4828607,-98.0339112
San Martín de los Cansecos,2020,27.62,14.52,27.58,14.37,255.8,670.06,16.3923315,-96.4344419
San Martín de los Cansecos,2021,27.23,14.35,27.15,14.33,262.4,664.0,16.3923315,-96.4344419
San Martín de los Cansecos,2022,27.67,13.98,27.42,13.74,177.4,691.77,16.3923315,-96.4344419
San Martín de los Cansecos,2023,29.17,15.08,29.03,15.18,133.7,722.49,16.3923315,-96.4344419
San Martín de los Cansecos,2024,29.21,14.98,29.32,14.9,253.2,716.3,16.3923315,-96.4344419
San Martín de los Cansecos,2025,28.13,14.34,28.32,14.58,246.0,688.68,16.3923315,-96.4344419
San Martín de los Cansecos,2026,28.49,13.3,28.02,13.17,131.9,359.15,16.3923315,-96.4344419
San Mateo Cajonos,2020,22.63,11.32,23.47,10.61,1151.1,527.97,17.0942395,-96.1232312
San Mateo Cajonos,2021,22.31,10.88,23.49,10.15,1456.4,514.77,17.0942395,-96.1232312
San Mateo Cajonos,2022,22.77,10.84,23.6,10.09,1143.2,539.19,17.0942395,-96.1232312
San Mateo Cajonos,2023,23.97,11.71,25.19,11.28,1088.1,568.27,17.0942395,-96.1232312
San Mateo Cajonos,2024,25.32,12.23,26.29,11.75,906.1,598.76,17.0942395,-96.1232312
San Mateo Cajonos,2025,23.25,12.34,24.39,12.08,1162.4,555.71,17.0942395,-96.1232312
San Mateo Cajonos,2026,22.78,11.24,23.4,10.69,375.9,279.49,17.0942395,-96.1232312
San Mateo Etlatongo,2020,24.18,12.41,23.85,11.74,249.0,618.75,17.245341,-97.1618264
San Mateo Etlatongo,2021,23.81,12.2,23.66,11.58,405.0,601.76,17.245341,-97.1618264
San Mateo Etlatongo,2022,24.21,11.83,23.87,11.04,260.9,626.37,17.245341,-97.1618264
San Mateo Etlatongo,2023,25.56,12.76,25.63,12.43,277.3,647.73,17.245341,-97.1618264
San Mateo Etlatongo,2024,26.3,12.93,26.25,12.62,393.0,672.8,17.245341,-97.1618264
San Mateo Etlatongo,2025,24.58,12.53,24.78,12.44,339.5,626.65,17.245341,-97.1618264
San Mateo Etlatongo,2026,25.19,11.81,24.53,11.52,191.1,331.18,17.245341,-97.1618264
San Mateo Nejápam,2020,26.89,14.42,27.74,14.26,322.3,634.95,17.3920117,-98.2501178
San Mateo Nejápam,2021,26.19,14.2,27.14,14.1,521.6,611.63,17.3920117,-98.2501178
San Mateo Nejápam,2022,26.67,13.91,27.54,13.63,370.5,642.5,17.3920117,-98.2501178
San Mateo Nejápam,2023,27.95,14.81,29.11,15.0,351.3,658.5,17.3920117,-98.2501178
San Mateo Nejápam,2024,28.45,15.04,29.48,14.94,595.2,681.04,17.3920117,-98.2501178
San Mateo Nejápam,2025,26.74,15.2,28.12,15.4,665.4,631.73,17.3920117,-98.2501178
San Mateo Nejápam,2026,27.74,15.09,28.06,15.04,257.2,335.72,17.3920117,-98.2501178
San Mateo Peñasco,2020,29.08,16.62,30.24,17.65,352.7,668.22,17.090286,-97.3201122
San Mateo Peñasco,2021,28.7,16.29,30.01,17.33,519.6,651.27,17.090286,-97.3201122
San Mateo Peñasco,2022,29.11,16.07,30.32,16.86,423.6,680.11,17.090286,-97.3201122
San Mateo Peñasco,2023,29.88,16.49,31.38,17.7,449.9,684.64,17.090286,-97.3201122
San Mateo Peñasco,2024,30.46,16.65,31.6,17.78,495.8,708.29,17.090286,-97.3201122
San Mateo Peñasco,2025,28.98,16.34,30.51,17.51,523.8,674.13,17.090286,-97.3201122
San Mateo Peñasco,2026,29.88,16.07,30.16,16.82,183.6,356.88,17.090286,-97.3201122
San Mateo Piñas,2020,28.85,27.13,33.68,29.98,305.8,689.83,15.595823,-96.2006681
San Mateo Piñas,2021,28.46,26.72,33.26,29.8,423.5,662.46,15.595823,-96.2006681
San Mateo Piñas,2022,28.57,26.76,33.35,29.49,335.5,692.68,15.595823,-96.2006681
San Mateo Piñas,2023,29.52,27.53,34.62,30.99,190.5,716.65,15.595823,-96.2006681
San Mateo Piñas,2024,28.75,26.69,33.53,29.9,506.5,651.57,15.595823,-96.2006681
San Mateo Piñas,2025,29.04,26.73,34.08,30.01,414.5,669.26,15.595823,-96.2006681
San Mateo Piñas,2026,29.07,26.8,33.66,29.75,187.5,357.56,15.595823,-96.2006681
San Mateo Río Hondo,2020,17.51,9.12,18.56,7.58,1137.5,489.27,16.0839228,-96.2654414
San Mateo Río Hondo,2021,17.2,8.53,18.17,7.02,1267.1,481.51,16.0839228,-96.2654414
San Mateo Río Hondo,2022,17.05,8.35,17.86,6.72,1028.1,487.58,16.0839228,-96.2654414
San Mateo Río Hondo,2023,17.74,8.81,18.76,7.29,1032.6,504.52,16.0839228,-96.2654414
San Mateo Río Hondo,2024,18.28,9.17,19.49,7.52,988.7,523.36,16.0839228,-96.2654414
San Mateo Río Hondo,2025,18.1,8.52,18.39,6.95,930.8,504.4,16.0839228,-96.2654414
San Mateo Río Hondo,2026,18.26,7.58,18.42,5.52,415.9,266.59,16.0839228,-96.2654414
San Mateo Sindihui,2020,24.15,10.27,24.34,9.37,470.4,594.27,17.0015237,-97.210444
San Mateo Sindihui,2021,23.8,10.0,23.98,9.1,723.2,576.21,17.0015237,-97.210444
San Mateo Sindihui,2022,24.25,9.72,24.35,8.73,446.5,600.87,17.0015237,-97.210444
San Mateo Sindihui,2023,24.99,10.61,25.57,9.83,511.1,602.78,17.0015237,-97.210444
San Mateo Sindihui,2024,25.7,11.15,25.98,10.33,618.1,629.57,17.0015237,-97.210444
San Mateo Sindihui,2025,24.42,10.7,24.74,9.86,662.3,587.66,17.0015237,-97.210444
San Mateo Sindihui,2026,25.19,9.91,24.52,8.6,204.7,320.64,17.0015237,-97.210444
San Mateo Tlapiltepec,2020,23.1,11.14,22.4,10.17,240.9,617.1,17.4838119,-97.2552258
San Mateo Tlapiltepec,2021,22.58,10.71,22.0,9.64,261.9,600.23,17.4838119,-97.2552258
San Mateo Tlapiltepec,2022,23.21,10.65,22.34,9.53,172.0,633.39,17.4838119,-97.2552258
San Mateo Tlapiltepec,2023,24.25,11.29,23.88,10.52,191.1,649.05,17.4838119,-97.2552258
San Mateo Tlapiltepec,2024,25.12,11.37,24.47,10.45,214.5,674.49,17.4838119,-97.2552258
San Mateo Tlapiltepec,2025,23.45,10.65,23.2,9.88,219.7,631.56,17.4838119,-97.2552258
San Mateo Tlapiltepec,2026,23.98,9.91,23.16,8.92,158.6,325.91,17.4838119,-97.2552258
San Mateo Yoloxochitlán,2020,28.05,21.79,32.45,24.79,970.2,524.03,18.083723,-96.5206294
San Mateo Yoloxochitlán,2021,27.71,21.66,32.4,24.78,1036.2,517.29,18.083723,-96.5206294
San Mateo Yoloxochitlán,2022,28.05,21.19,32.5,23.89,949.9,531.97,18.083723,-96.5206294
San Mateo Yoloxochitlán,2023,29.3,22.19,34.34,25.44,685.0,558.62,18.083723,-96.5206294
San Mateo Yoloxochitlán,2024,29.49,22.09,34.61,25.31,734.2,559.34,18.083723,-96.5206294
San Mateo Yoloxochitlán,2025,29.43,21.04,33.89,23.8,995.3,559.64,18.083723,-96.5206294
San Mateo Yoloxochitlán,2026,28.74,20.01,32.79,22.4,422.4,270.75,18.083723,-96.5206294
San Mateo Yucutindoo,2020,23.7,11.38,24.32,10.24,581.7,579.36,16.5234931,-97.1419959
San Mateo Yucutindoo,2021,23.32,11.08,24.01,9.93,681.3,567.09,16.5234931,-97.1419959
San Mateo Yucutindoo,2022,23.56,10.89,24.1,9.61,586.9,588.14,16.5234931,-97.1419959
San Mateo Yucutindoo,2023,24.2,11.33,24.95,10.25,510.0,589.79,16.5234931,-97.1419959
San Mateo Yucutindoo,2024,24.28,11.84,24.92,10.8,646.6,604.26,16.5234931,-97.1419959
San Mateo Yucutindoo,2025,23.53,11.35,24.24,10.21,679.4,575.03,16.5234931,-97.1419959
San Mateo Yucutindoo,2026,23.7,10.29,23.69,8.92,172.5,304.29,16.5234931,-97.1419959
San Mateo del Mar,2020,28.37,25.24,31.12,25.76,392.7,694.32,16.1234921,-94.5854811
San Mateo del Mar,2021,28.52,25.1,31.41,25.95,872.8,681.27,16.1234921,-94.5854811
San Mateo del Mar,2022,28.27,24.88,31.12,25.41,548.4,677.09,16.1234921,-94.5854811
San Mateo del Mar,2023,29.45,25.91,32.98,27.29,407.2,717.69,16.1234921,-94.5854811
San Mateo del Mar,2024,28.92,25.8,32.51,27.27,908.6,680.52,16.1234921,-94.5854811
San Mateo del Mar,2025,29.24,25.5,32.51,26.18,644.5,706.24,16.1234921,-94.5854811
San Mateo del Mar,2026,28.56,24.77,30.87,24.97,312.1,364.19,16.1234921,-94.5854811
San Melchor Betaza,2020,19.92,10.53,20.79,9.63,968.3,476.07,17.1508625,-96.0915679
San Melchor Betaza,2021,19.66,10.24,20.71,9.39,1044.3,465.78,17.1508625,-96.0915679
San Melchor Betaza,2022,19.87,9.95,20.65,8.96,790.0,486.22,17.1508625,-96.0915679
San Melchor Betaza,2023,20.91,11.1,22.07,10.44,747.5,518.08,17.1508625,-96.0915679
San Melchor Betaza,2024,22.13,11.76,23.17,11.18,593.1,545.65,17.1508625,-96.0915679
San Melchor Betaza,2025,20.56,11.08,21.53,10.52,827.2,508.56,17.1508625,-96.0915679
San Melchor Betaza,2026,19.95,9.86,20.72,8.98,395.5,256.19,17.1508625,-96.0915679
San Miguel Achiutla,2020,22.23,10.55,21.64,9.29,351.1,592.45,17.1822508,-97.2921746
San Miguel Achiutla,2021,21.94,10.36,21.49,9.1,454.6,576.67,17.1822508,-97.2921746
San Miguel Achiutla,2022,22.34,10.21,21.64,8.85,430.8,601.42,17.1822508,-97.2921746
San Miguel Achiutla,2023,23.47,10.89,23.22,9.87,319.3,616.26,17.1822508,-97.2921746
San Miguel Achiutla,2024,24.16,11.19,23.67,10.25,400.9,639.42,17.1822508,-97.2921746
San Miguel Achiutla,2025,22.46,10.7,22.12,9.67,367.1,600.03,17.1822508,-97.2921746
San Miguel Achiutla,2026,23.17,10.02,22.05,8.78,211.4,319.6,17.1822508,-97.2921746
San Miguel Ahuehuetitlán,2020,20.63,9.81,20.8,8.48,412.2,549.56,17.4016852,-98.1915069
San Miguel Ahuehuetitlán,2021,20.28,9.44,20.45,8.24,582.7,528.81,17.4016852,-98.1915069
San Miguel Ahuehuetitlán,2022,20.45,9.17,20.52,7.79,422.4,550.07,17.4016852,-98.1915069
San Miguel Ahuehuetitlán,2023,21.33,10.0,21.96,9.04,461.1,560.25,17.4016852,-98.1915069
San Miguel Ahuehuetitlán,2024,22.0,10.3,22.31,9.32,507.2,586.32,17.4016852,-98.1915069
San Miguel Ahuehuetitlán,2025,20.6,10.59,20.89,9.75,429.9,541.57,17.4016852,-98.1915069
San Miguel Ahuehuetitlán,2026,21.32,10.06,21.26,9.11,213.1,285.37,17.4016852,-98.1915069
San Miguel Aloápam,2020,17.53,9.43,17.83,8.06,765.1,492.18,17.2446486,-96.4129273
San Miguel Aloápam,2021,17.07,9.14,17.52,7.88,898.2,482.64,17.2446486,-96.4129273
San Miguel Aloápam,2022,17.43,8.89,17.53,7.44,639.1,502.25,17.2446486,-96.4129273
San Miguel Aloápam,2023,18.46,9.76,19.02,8.69,510.4,528.42,17.2446486,-96.4129273
San Miguel Aloápam,2024,19.77,10.39,20.2,9.29,474.9,559.26,17.2446486,-96.4129273
San Miguel Aloápam,2025,18.8,9.11,18.89,7.99,628.7,519.54,17.2446486,-96.4129273
San Miguel Aloápam,2026,18.39,8.0,18.34,6.46,369.0,265.58,17.2446486,-96.4129273
San Miguel Amatitlán,2020,25.8,11.52,25.93,10.76,220.5,635.42,17.5328999,-98.0132044
San Miguel Amatitlán,2021,25.31,11.15,25.46,10.36,413.5,611.92,17.5328999,-98.0132044
San Miguel Amatitlán,2022,25.87,10.75,26.12,9.76,358.2,644.1,17.5328999,-98.0132044
San Miguel Amatitlán,2023,26.68,11.6,27.23,10.96,407.0,652.37,17.5328999,-98.0132044
San Miguel Amatitlán,2024,27.17,11.88,27.5,11.1,459.6,674.35,17.5328999,-98.0132044
San Miguel Amatitlán,2025,25.7,11.81,26.27,11.1,419.3,632.35,17.5328999,-98.0132044
San Miguel Amatitlán,2026,26.53,11.36,26.46,10.48,175.5,333.95,17.5328999,-98.0132044
San Miguel Amatlán,2020,20.96,12.4,21.33,11.14,390.8,543.82,17.1631889,-96.2818299
San Miguel Amatlán,2021,20.58,12.09,20.95,10.97,430.0,532.63,17.1631889,-96.2818299
San Miguel Amatlán,2022,21.04,11.99,21.12,10.7,346.5,556.21,17.1631889,-96.2818299
San Miguel Amatlán,2023,22.12,12.83,22.45,11.92,255.6,581.61,17.1631889,-96.2818299
San Miguel Amatlán,2024,23.09,13.59,23.13,12.53,220.8,614.06,17.1631889,-96.2818299
San Miguel Amatlán,2025,21.25,11.99,21.43,10.92,366.2,561.25,17.1631889,-96.2818299
San Miguel Amatlán,2026,21.18,10.99,20.97,9.44,261.1,291.15,17.1631889,-96.2818299
San Miguel Chicahua,2020,24.05,12.33,23.61,11.9,233.8,624.95,17.3812994,-97.1141579
San Miguel Chicahua,2021,23.55,11.86,23.26,11.37,315.4,604.49,17.3812994,-97.1141579
San Miguel Chicahua,2022,24.14,11.8,23.6,11.23,234.5,637.33,17.3812994,-97.1141579
San Miguel Chicahua,2023,25.27,12.54,25.29,12.27,199.9,653.19,17.3812994,-97.1141579
San Miguel Chicahua,2024,26.18,12.48,25.99,12.16,240.5,678.61,17.3812994,-97.1141579
San Miguel Chicahua,2025,24.63,12.13,24.67,11.93,263.6,641.94,17.3812994,-97.1141579
San Miguel Chicahua,2026,25.04,11.51,24.54,11.1,134.3,333.86,17.3812994,-97.1141579
San Miguel Chimalapa,2020,33.38,22.27,37.56,25.29,353.6,683.06,16.4252069,-94.4452377
San Miguel Chimalapa,2021,33.05,21.94,37.29,25.12,907.9,663.32,16.4252069,-94.4452377
San Miguel Chimalapa,2022,32.95,21.86,36.96,24.81,624.0,673.47,16.4252069,-94.4452377
San Miguel Chimalapa,2023,34.51,22.94,38.79,26.54,528.7,696.99,16.4252069,-94.4452377
San Miguel Chimalapa,2024,33.63,22.39,38.09,25.89,962.6,670.75,16.4252069,-94.4452377
San Miguel Chimalapa,2025,33.49,22.92,37.91,26.28,729.7,690.67,16.4252069,-94.4452377
San Miguel Chimalapa,2026,34.74,22.38,37.26,25.02,271.5,380.07,16.4252069,-94.4452377
San Miguel Coatlán,2020,19.71,10.16,21.05,8.81,670.8,518.51,16.1146728,-96.4138811
San Miguel Coatlán,2021,19.41,9.66,20.71,8.35,996.5,509.81,16.1146728,-96.4138811
San Miguel Coatlán,2022,19.28,9.36,20.44,7.95,726.2,517.28,16.1146728,-96.4138811
San Miguel Coatlán,2023,19.96,10.11,21.41,8.82,754.4,531.3,16.1146728,-96.4138811
San Miguel Coatlán,2024,20.53,10.54,22.06,9.14,783.6,551.4,16.1146728,-96.4138811
San Miguel Coatlán,2025,20.2,9.97,21.1,8.66,707.5,529.99,16.1146728,-96.4138811
San Miguel Coatlán,2026,20.43,8.81,20.91,7.02,327.2,282.94,16.1146728,-96.4138811
San Miguel Ejutla,2020,24.46,13.3,24.15,12.41,407.5,614.76,16.344939,-96.4421392
San Miguel Ejutla,2021,24.23,12.94,23.8,12.12,518.3,612.31,16.344939,-96.4421392
San Miguel Ejutla,2022,24.62,12.7,24.0,11.74,386.8,637.49,16.344939,-96.4421392
San Miguel Ejutla,2023,26.29,13.82,25.72,13.23,341.8,671.22,16.344939,-96.4421392
San Miguel Ejutla,2024,26.77,14.24,26.36,13.48,452.9,676.93,16.344939,-96.4421392
San Miguel Ejutla,2025,25.54,13.84,25.17,13.41,457.1,647.14,16.344939,-96.4421392
San Miguel Ejutla,2026,25.92,13.01,24.76,11.92,262.4,343.2,16.344939,-96.4421392
San Miguel Huautla,2020,22.24,10.73,21.71,9.62,297.2,590.7,17.4444957,-97.081507
San Miguel Huautla,2021,21.63,10.38,21.27,9.22,367.8,572.99,17.4444957,-97.081507
San Miguel Huautla,2022,22.16,10.32,21.54,9.12,284.9,601.66,17.4444957,-97.081507
San Miguel Huautla,2023,23.29,11.11,23.05,10.22,215.1,621.61,17.4444957,-97.081507
San Miguel Huautla,2024,24.24,11.58,23.66,10.65,252.3,653.57,17.4444957,-97.081507
San Miguel Huautla,2025,22.54,11.24,22.17,10.33,271.8,615.79,17.4444957,-97.081507
San Miguel Huautla,2026,22.82,10.49,22.02,9.34,171.9,321.77,17.4444957,-97.081507
San Miguel Mixtepec,2020,26.4,13.82,26.22,13.89,340.6,653.16,16.4641165,-96.5726367
San Miguel Mixtepec,2021,26.35,13.75,25.91,13.92,264.4,657.71,16.4641165,-96.5726367
San Miguel Mixtepec,2022,26.73,13.41,26.19,13.28,215.1,687.29,16.4641165,-96.5726367
San Miguel Mixtepec,2023,27.97,14.49,27.6,14.81,221.9,711.84,16.4641165,-96.5726367
San Miguel Mixtepec,2024,28.06,14.42,27.87,14.65,277.6,699.99,16.4641165,-96.5726367
San Miguel Mixtepec,2025,27.14,14.06,27.06,14.49,332.6,675.06,16.4641165,-96.5726367
San Miguel Mixtepec,2026,27.58,13.01,26.78,13.06,187.3,359.03,16.4641165,-96.5726367
San Miguel Panixtlahuaca,2020,25.55,16.39,28.04,16.58,671.5,569.26,16.1536112,-97.2246716
San Miguel Panixtlahuaca,2021,24.67,15.96,27.21,16.43,842.5,534.77,16.1536112,-97.2246716
San Miguel Panixtlahuaca,2022,24.84,15.64,27.25,15.7,757.2,554.48,16.1536112,-97.2246716
San Miguel Panixtlahuaca,2023,25.72,16.4,28.35,16.87,589.3,570.88,16.1536112,-97.2246716
San Miguel Panixtlahuaca,2024,25.11,16.03,27.83,16.49,694.6,550.48,16.1536112,-97.2246716
San Miguel Panixtlahuaca,2025,25.03,15.51,27.44,15.79,764.3,538.93,16.1536112,-97.2246716
San Miguel Panixtlahuaca,2026,25.39,15.02,27.25,15.01,274.8,288.76,16.1536112,-97.2246716
San Miguel Peras,2020,26.79,13.53,28.1,13.17,598.1,612.24,16.5616522,-97.003588
San Miguel Peras,2021,26.42,13.23,27.83,12.88,695.9,599.16,16.5616522,-97.003588
San Miguel Peras,2022,26.8,13.0,28.02,12.47,644.5,623.38,16.5616522,-97.003588
San Miguel Peras,2023,27.52,13.83,28.93,13.58,566.8,627.82,16.5616522,-97.003588
San Miguel Peras,2024,27.46,14.24,28.79,13.99,606.4,641.35,16.5616522,-97.003588
San Miguel Peras,2025,26.76,13.63,28.13,13.27,651.2,610.43,16.5616522,-97.003588
San Miguel Peras,2026,27.03,12.74,27.59,12.11,169.0,324.88,16.5616522,-97.003588
San Miguel Piedras,2020,21.32,9.69,21.52,8.21,622.4,552.37,16.595886,-97.1357719
San Miguel Piedras,2021,21.02,9.39,21.22,7.96,634.9,541.2,16.595886,-97.1357719
San Miguel Piedras,2022,21.12,9.24,21.2,7.65,618.5,557.32,16.595886,-97.1357719
San Miguel Piedras,2023,21.82,9.74,22.11,8.45,556.1,561.1,16.595886,-97.1357719
San Miguel Piedras,2024,22.03,10.28,22.28,9.04,666.3,577.12,16.595886,-97.1357719
San Miguel Piedras,2025,21.24,9.66,21.41,8.36,635.9,547.19,16.595886,-97.1357719
San Miguel Piedras,2026,21.44,8.64,21.19,7.11,196.2,288.29,16.595886,-97.1357719
San Miguel Quetzaltepec,2020,31.36,21.08,33.44,22.87,223.9,702.99,16.5831752,-95.4542049
San Miguel Quetzaltepec,2021,30.73,20.85,33.07,22.85,422.0,669.1,16.5831752,-95.4542049
San Miguel Quetzaltepec,2022,30.72,20.64,33.07,22.4,431.8,681.94,16.5831752,-95.4542049
San Miguel Quetzaltepec,2023,32.36,21.51,34.79,23.7,257.6,715.36,16.5831752,-95.4542049
San Miguel Quetzaltepec,2024,31.9,20.91,34.58,23.08,599.9,691.61,16.5831752,-95.4542049
San Miguel Quetzaltepec,2025,31.38,20.69,33.8,22.54,487.3,691.67,16.5831752,-95.4542049
San Miguel Quetzaltepec,2026,31.33,19.7,33.02,21.17,207.0,357.68,16.5831752,-95.4542049
San Miguel Santa Flor,2020,14.37,6.38,14.48,4.66,1206.3,440.11,17.55159,-96.4757482
San Miguel Santa Flor,2021,14.06,6.32,14.34,4.68,1202.9,435.5,17.55159,-96.4757482
San Miguel Santa Flor,2022,14.15,6.18,14.21,4.39,1046.1,451.1,17.55159,-96.4757482
San Miguel Santa Flor,2023,15.0,6.95,15.47,5.37,870.1,472.9,17.55159,-96.4757482
San Miguel Santa Flor,2024,16.26,7.39,16.56,5.83,751.1,497.08,17.55159,-96.4757482
San Miguel Santa Flor,2025,15.35,6.74,15.32,5.17,1066.3,471.73,17.55159,-96.4757482
San Miguel Santa Flor,2026,14.99,5.53,14.77,3.67,523.2,240.27,17.55159,-96.4757482
San Miguel Soyaltepec,2020,29.92,21.71,34.46,25.01,1056.2,551.44,18.1425338,-96.2412893
San Miguel Soyaltepec,2021,29.59,21.59,34.45,25.06,1054.7,548.69,18.1425338,-96.2412893
San Miguel Soyaltepec,2022,29.92,21.12,34.56,24.15,1104.7,551.83,18.1425338,-96.2412893
San Miguel Soyaltepec,2023,31.13,22.08,36.35,25.78,794.4,588.67,18.1425338,-96.2412893
San Miguel Soyaltepec,2024,31.24,21.95,36.29,25.47,817.7,585.82,18.1425338,-96.2412893
San Miguel Soyaltepec,2025,30.01,21.57,34.74,24.83,1157.6,576.0,18.1425338,-96.2412893
San Miguel Soyaltepec,2026,29.61,20.73,33.59,23.82,507.2,289.87,18.1425338,-96.2412893
San Miguel Suchixtepec,2020,21.53,14.06,24.06,13.46,1153.6,515.41,16.0538416,-96.2759073
San Miguel Suchixtepec,2021,21.18,13.44,23.67,12.86,1063.6,504.78,16.0538416,-96.2759073
San Miguel Suchixtepec,2022,21.09,13.25,23.27,12.61,1131.6,512.95,16.0538416,-96.2759073
San Miguel Suchixtepec,2023,21.79,13.82,24.25,13.35,981.9,530.79,16.0538416,-96.2759073
San Miguel Suchixtepec,2024,21.96,13.76,24.42,13.11,1129.5,539.52,16.0538416,-96.2759073
San Miguel Suchixtepec,2025,21.85,12.69,23.59,12.2,1289.0,519.83,16.0538416,-96.2759073
San Miguel Suchixtepec,2026,22.0,11.96,23.46,11.03,436.9,272.21,16.0538416,-96.2759073
San Miguel Tecomatlán,2020,24.23,12.46,23.95,11.84,249.0,619.82,17.2338557,-97.1604768
San Miguel Tecomatlán,2021,23.86,12.24,23.77,11.68,405.0,602.76,17.2338557,-97.1604768
San Miguel Tecomatlán,2022,24.26,11.88,23.97,11.14,260.9,627.4,17.2338557,-97.1604768
San Miguel Tecomatlán,2023,25.61,12.82,25.73,12.54,277.3,648.7,17.2338557,-97.1604768
San Miguel Tecomatlán,2024,26.35,12.98,26.35,12.72,393.0,673.83,17.2338557,-97.1604768
San Miguel Tecomatlán,2025,24.63,12.59,24.88,12.54,339.5,627.62,17.2338557,-97.1604768
San Miguel Tecomatlán,2026,25.24,11.86,24.63,11.62,191.1,331.71,17.2338557,-97.1604768
San Miguel Tenango,2020,32.87,23.78,34.97,24.94,423.9,853.37,16.1602357,-95.3533078
San Miguel Tenango,2021,32.42,23.29,34.49,24.79,484.7,812.65,16.1602357,-95.3533078
San Miguel Tenango,2022,32.35,23.23,34.59,24.25,451.3,837.32,16.1602357,-95.3533078
San Miguel Tenango,2023,33.89,24.05,36.28,25.94,321.5,845.58,16.1602357,-95.3533078
San Miguel Tenango,2024,32.75,23.03,35.42,25.1,621.8,777.01,16.1602357,-95.3533078
San Miguel Tenango,2025,33.32,23.36,35.52,25.06,428.3,836.5,16.1602357,-95.3533078
San Miguel Tenango,2026,33.34,22.92,34.48,23.82,229.6,450.32,16.1602357,-95.3533078
San Miguel Tequixtepec,2020,22.35,10.39,21.46,9.21,240.9,607.16,17.48103,-97.2029959
San Miguel Tequixtepec,2021,21.83,9.96,21.07,8.69,261.9,590.47,17.48103,-97.2029959
San Miguel Tequixtepec,2022,22.45,9.91,21.4,8.58,172.0,623.17,17.48103,-97.2029959
San Miguel Tequixtepec,2023,23.5,10.54,22.94,9.57,191.1,639.14,17.48103,-97.2029959
San Miguel Tequixtepec,2024,24.37,10.63,23.54,9.5,214.5,664.56,17.48103,-97.2029959
San Miguel Tequixtepec,2025,22.7,9.9,22.25,8.93,219.7,621.64,17.48103,-97.2029959
San Miguel Tequixtepec,2026,23.23,9.18,22.24,7.98,158.6,320.95,17.48103,-97.2029959
San Miguel Tilquiápam,2020,28.04,14.45,28.02,14.5,192.3,671.59,16.4654992,-96.3453603
San Miguel Tilquiápam,2021,27.65,14.13,27.7,14.21,266.5,663.09,16.4654992,-96.3453603
San Miguel Tilquiápam,2022,27.99,13.91,27.93,13.85,180.5,685.23,16.4654992,-96.3453603
San Miguel Tilquiápam,2023,29.53,14.88,29.53,15.09,126.6,718.11,16.4654992,-96.3453603
San Miguel Tilquiápam,2024,29.38,14.61,29.63,14.63,259.6,715.94,16.4654992,-96.3453603
San Miguel Tilquiápam,2025,28.21,14.44,28.41,14.76,307.8,690.67,16.4654992,-96.3453603
San Miguel Tilquiápam,2026,28.49,13.51,28.22,13.48,157.4,359.77,16.4654992,-96.3453603
San Miguel Tlacamama,2020,33.07,22.45,37.17,25.36,452.2,681.87,16.2500223,-98.0347581
San Miguel Tlacamama,2021,32.26,22.09,36.56,25.2,757.4,644.98,16.2500223,-98.0347581
San Miguel Tlacamama,2022,32.17,21.57,36.45,24.34,682.9,651.09,16.2500223,-98.0347581
San Miguel Tlacamama,2023,33.33,22.81,37.83,26.02,514.9,678.06,16.2500223,-98.0347581
San Miguel Tlacamama,2024,32.17,22.1,36.85,25.33,760.1,644.62,16.2500223,-98.0347581
San Miguel Tlacamama,2025,31.8,22.19,36.78,25.56,635.7,632.38,16.2500223,-98.0347581
San Miguel Tlacamama,2026,32.94,22.18,36.41,25.23,203.8,344.22,16.2500223,-98.0347581
San Miguel Tlacotepec,2020,23.05,13.27,24.76,13.1,928.2,555.27,17.2713047,-98.002606
San Miguel Tlacotepec,2021,22.43,12.88,24.15,12.82,1118.5,531.88,17.2713047,-98.002606
San Miguel Tlacotepec,2022,22.73,12.54,24.25,12.36,916.1,550.33,17.2713047,-98.002606
San Miguel Tlacotepec,2023,23.07,13.03,25.14,13.13,925.1,554.36,17.2713047,-98.002606
San Miguel Tlacotepec,2024,23.56,13.52,25.37,13.52,833.7,580.9,17.2713047,-98.002606
San Miguel Tlacotepec,2025,23.27,12.91,24.87,12.93,915.5,545.39,17.2713047,-98.002606
San Miguel Tlacotepec,2026,23.45,12.33,24.55,12.23,278.5,282.81,17.2713047,-98.002606
San Miguel Tulancingo,2020,23.25,11.29,22.62,10.39,240.9,619.4,17.4504465,-97.2629439
San Miguel Tulancingo,2021,22.73,10.86,22.22,9.87,261.9,602.57,17.4504465,-97.2629439
San Miguel Tulancingo,2022,23.35,10.81,22.55,9.75,172.0,635.81,17.4504465,-97.2629439
San Miguel Tulancingo,2023,24.4,11.44,24.1,10.75,191.1,651.34,17.4504465,-97.2629439
San Miguel Tulancingo,2024,25.27,11.53,24.69,10.67,214.5,676.86,17.4504465,-97.2629439
San Miguel Tulancingo,2025,23.6,10.8,23.42,10.1,219.7,633.86,17.4504465,-97.2629439
San Miguel Tulancingo,2026,24.13,10.08,23.37,9.14,158.6,327.06,17.4504465,-97.2629439
San Miguel Yotao,2020,26.19,15.14,28.83,15.82,1346.0,535.07,17.2213672,-96.2014047
San Miguel Yotao,2021,25.88,15.0,28.69,15.76,1299.8,524.67,17.2213672,-96.2014047
San Miguel Yotao,2022,26.23,14.71,28.8,15.34,1040.0,550.27,17.2213672,-96.2014047
San Miguel Yotao,2023,27.56,15.47,30.68,16.37,885.7,586.95,17.2213672,-96.2014047
San Miguel Yotao,2024,28.91,15.73,31.69,16.59,752.6,614.94,17.2213672,-96.2014047
San Miguel Yotao,2025,27.36,15.65,30.11,16.67,1304.1,580.22,17.2213672,-96.2014047
San Miguel Yotao,2026,26.88,14.22,29.07,14.87,460.3,288.84,17.2213672,-96.2014047
San Miguel del Puerto,2020,28.73,26.98,33.35,29.57,288.0,698.25,15.551788,-96.1029468
San Miguel del Puerto,2021,28.37,26.61,33.01,29.42,413.6,670.85,15.551788,-96.1029468
San Miguel del Puerto,2022,28.48,26.65,33.1,29.13,348.8,698.59,15.551788,-96.1029468
San Miguel del Puerto,2023,29.42,27.52,34.36,30.67,201.1,723.53,15.551788,-96.1029468
San Miguel del Puerto,2024,28.67,26.69,33.26,29.6,499.2,656.1,15.551788,-96.1029468
San Miguel del Puerto,2025,28.9,26.71,33.82,29.67,416.7,673.63,15.551788,-96.1029468
San Miguel del Puerto,2026,28.9,26.72,33.21,29.38,219.8,358.87,15.551788,-96.1029468
San Miguel del Río,2020,17.42,9.06,17.19,7.06,459.8,518.57,17.1917968,-96.3409195
San Miguel del Río,2021,17.13,8.75,16.89,6.9,605.8,508.39,17.1917968,-96.3409195
San Miguel del Río,2022,17.47,8.55,16.91,6.54,435.5,528.07,17.1917968,-96.3409195
San Miguel del Río,2023,18.3,9.24,18.03,7.52,412.7,544.31,17.1917968,-96.3409195
San Miguel del Río,2024,19.26,9.66,18.64,7.82,406.3,575.12,17.1917968,-96.3409195
San Miguel del Río,2025,17.53,8.6,17.19,6.87,589.2,521.69,17.1917968,-96.3409195
San Miguel del Río,2026,17.62,7.53,17.22,5.35,282.1,273.89,17.1917968,-96.3409195
San Miguel el Grande,2020,27.38,14.92,28.0,15.33,352.7,647.43,17.0248268,-97.371981
San Miguel el Grande,2021,27.0,14.59,27.76,15.01,519.6,630.93,17.0248268,-97.371981
San Miguel el Grande,2022,27.41,14.37,28.08,14.56,423.6,658.77,17.0248268,-97.371981
San Miguel el Grande,2023,28.18,14.79,29.12,15.36,449.9,663.36,17.0248268,-97.371981
San Miguel el Grande,2024,28.76,14.95,29.35,15.45,495.8,686.63,17.0248268,-97.371981
San Miguel el Grande,2025,27.28,14.64,28.23,15.18,523.8,652.81,17.0248268,-97.371981
San Miguel el Grande,2026,28.18,14.37,28.0,14.52,183.6,345.91,17.0248268,-97.371981
San Nicolás,2020,21.55,11.67,21.41,10.4,670.4,562.3,16.245744,-96.4426966
San Nicolás,2021,21.47,11.26,21.22,10.07,1151.1,561.34,16.245744,-96.4426966
San Nicolás,2022,21.8,11.24,21.25,9.94,588.3,583.16,16.245744,-96.4426966
San Nicolás,2023,23.1,12.21,22.75,11.32,621.4,603.34,16.245744,-96.4426966
San Nicolás,2024,23.84,13.13,23.51,12.1,757.7,624.95,16.245744,-96.4426966
San Nicolás,2025,22.27,12.54,21.94,11.75,658.5,585.25,16.245744,-96.4426966
San Nicolás,2026,22.71,11.61,21.52,10.26,269.7,315.94,16.245744,-96.4426966
San Nicolás Hidalgo,2020,26.74,14.35,27.7,14.33,317.0,641.66,17.465851,-98.08333
San Nicolás Hidalgo,2021,26.29,13.97,27.33,14.0,465.7,617.51,17.465851,-98.08333
San Nicolás Hidalgo,2022,26.83,13.85,27.76,13.71,360.7,651.18,17.465851,-98.08333
San Nicolás Hidalgo,2023,27.7,14.62,29.17,14.89,329.6,658.61,17.465851,-98.08333
San Nicolás Hidalgo,2024,28.29,14.94,29.6,15.01,437.6,682.86,17.465851,-98.08333
San Nicolás Hidalgo,2025,26.87,14.88,28.15,15.18,402.6,639.8,17.465851,-98.08333
San Nicolás Hidalgo,2026,27.62,14.52,28.2,14.57,207.0,338.18,17.465851,-98.08333
San Pablo Coatlán,2020,18.66,7.87,19.15,6.05,594.3,502.94,16.1326319,-96.4658796
San Pablo Coatlán,2021,18.37,7.5,18.81,5.73,736.6,493.88,16.1326319,-96.4658796
San Pablo Coatlán,2022,18.25,7.41,18.68,5.55,501.1,502.44,16.1326319,-96.4658796
San Pablo Coatlán,2023,18.95,8.37,19.64,6.7,564.2,512.57,16.1326319,-96.4658796
San Pablo Coatlán,2024,19.35,8.78,20.03,6.99,611.1,529.85,16.1326319,-96.4658796
San Pablo Coatlán,2025,18.84,8.35,19.23,6.65,592.0,507.53,16.1326319,-96.4658796
San Pablo Coatlán,2026,18.98,6.98,18.84,4.87,301.4,273.75,16.1326319,-96.4658796
San Pablo Cuatro Venados,2020,24.02,12.25,23.99,11.87,329.4,611.51,16.5857747,-96.5327995
San Pablo Cuatro Venados,2021,23.6,12.0,23.48,11.73,517.7,603.57,16.5857747,-96.5327995
San Pablo Cuatro Venados,2022,24.23,11.88,23.91,11.38,286.7,628.94,16.5857747,-96.5327995
San Pablo Cuatro Venados,2023,25.52,12.84,25.35,12.76,241.9,653.56,16.5857747,-96.5327995
San Pablo Cuatro Venados,2024,25.54,12.9,25.5,12.73,327.3,652.97,16.5857747,-96.5327995
San Pablo Cuatro Venados,2025,24.29,12.03,24.36,11.93,356.7,621.07,16.5857747,-96.5327995
San Pablo Cuatro Venados,2026,24.81,11.4,24.25,11.15,217.6,327.63,16.5857747,-96.5327995
San Pablo Etla,2020,19.29,9.47,19.1,7.88,459.5,546.9,17.084382,-96.4552164
San Pablo Etla,2021,19.06,9.13,18.9,7.57,638.1,535.41,17.084382,-96.4552164
San Pablo Etla,2022,19.46,8.92,19.13,7.33,388.9,561.03,17.084382,-96.4552164
San Pablo Etla,2023,20.37,9.55,20.45,8.16,409.1,574.34,17.084382,-96.4552164
San Pablo Etla,2024,21.27,10.05,21.05,8.54,394.6,601.51,17.084382,-96.4552164
San Pablo Etla,2025,19.47,9.29,19.58,7.78,604.3,547.59,17.084382,-96.4552164
San Pablo Etla,2026,19.72,8.19,19.37,6.27,284.5,288.09,17.084382,-96.4552164
San Pablo Huitzo,2020,19.82,9.06,19.74,7.42,339.5,536.67,17.1638522,-96.5304184
San Pablo Huitzo,2021,19.64,8.78,19.58,7.22,486.5,525.53,17.1638522,-96.5304184
San Pablo Huitzo,2022,20.08,8.67,19.9,7.07,247.5,552.59,17.1638522,-96.5304184
San Pablo Huitzo,2023,21.31,9.4,21.46,8.13,305.1,571.45,17.1638522,-96.5304184
San Pablo Huitzo,2024,22.19,9.87,22.15,8.51,294.0,602.78,17.1638522,-96.5304184
San Pablo Huitzo,2025,20.71,8.43,20.93,6.97,417.9,542.81,17.1638522,-96.5304184
San Pablo Huitzo,2026,21.06,7.14,20.84,5.39,195.8,287.76,17.1638522,-96.5304184
San Pablo Huixtepec,2020,27.1,13.43,26.99,13.48,295.4,664.04,16.4936251,-96.4651618
San Pablo Huixtepec,2021,26.87,13.27,26.61,13.36,324.0,660.57,16.4936251,-96.4651618
San Pablo Huixtepec,2022,27.44,13.04,27.05,12.91,225.0,692.33,16.4936251,-96.4651618
San Pablo Huixtepec,2023,28.54,14.09,28.28,14.37,191.0,714.52,16.4936251,-96.4651618
San Pablo Huixtepec,2024,28.39,14.09,28.23,14.23,248.6,708.05,16.4936251,-96.4651618
San Pablo Huixtepec,2025,27.46,13.57,27.42,13.77,338.1,680.95,16.4936251,-96.4651618
San Pablo Huixtepec,2026,27.67,12.63,26.99,12.6,197.0,354.77,16.4936251,-96.4651618
San Pablo Macuiltianguis,2020,19.72,11.25,20.93,10.42,864.8,495.21,17.3203446,-96.3312821
San Pablo Macuiltianguis,2021,19.3,11.15,20.64,10.36,740.2,489.88,17.3203446,-96.3312821
San Pablo Macuiltianguis,2022,19.67,10.87,20.85,10.04,611.2,509.85,17.3203446,-96.3312821
San Pablo Macuiltianguis,2023,20.96,11.78,22.4,11.17,424.2,541.73,17.3203446,-96.3312821
San Pablo Macuiltianguis,2024,22.2,12.2,23.5,11.44,377.6,568.19,17.3203446,-96.3312821
San Pablo Macuiltianguis,2025,21.27,10.82,22.24,10.03,526.7,537.78,17.3203446,-96.3312821
San Pablo Macuiltianguis,2026,20.38,9.4,21.15,8.15,354.6,266.17,17.3203446,-96.3312821
San Pablo Tijaltepec,2020,26.54,12.86,26.94,12.53,315.8,634.59,17.0103569,-97.2959865
San Pablo Tijaltepec,2021,26.16,12.58,26.62,12.25,407.5,615.86,17.0103569,-97.2959865
San Pablo Tijaltepec,2022,26.62,12.43,26.97,11.96,364.8,643.39,17.0103569,-97.2959865
San Pablo Tijaltepec,2023,27.39,13.02,28.15,12.93,416.8,645.58,17.0103569,-97.2959865
San Pablo Tijaltepec,2024,28.06,13.48,28.46,13.39,360.7,670.57,17.0103569,-97.2959865
San Pablo Tijaltepec,2025,26.56,12.91,27.25,12.74,465.0,635.65,17.0103569,-97.2959865
San Pablo Tijaltepec,2026,27.35,12.34,27.03,11.9,151.8,337.1,17.0103569,-97.2959865
San Pablo Villa de Mitla,2020,25.48,13.25,25.54,12.78,277.1,625.94,16.5518695,-96.2143757
San Pablo Villa de Mitla,2021,25.05,12.88,25.2,12.42,333.5,615.69,16.5518695,-96.2143757
San Pablo Villa de Mitla,2022,25.33,12.62,25.42,12.03,266.4,632.76,16.5518695,-96.2143757
San Pablo Villa de Mitla,2023,26.98,13.65,27.05,13.4,176.3,672.21,16.5518695,-96.2143757
San Pablo Villa de Mitla,2024,27.0,13.77,27.24,13.28,303.0,676.76,16.5518695,-96.2143757
San Pablo Villa de Mitla,2025,25.49,13.9,25.61,13.74,353.3,647.07,16.5518695,-96.2143757
San Pablo Villa de Mitla,2026,25.95,12.91,25.57,12.5,152.1,341.17,16.5518695,-96.2143757
San Pablo Yaganiza,2020,23.67,12.37,24.9,11.99,1151.1,540.09,17.0845897,-96.1346469
San Pablo Yaganiza,2021,23.36,11.93,24.92,11.53,1456.4,526.66,17.0845897,-96.1346469
San Pablo Yaganiza,2022,23.82,11.88,25.02,11.46,1143.2,551.51,17.0845897,-96.1346469
San Pablo Yaganiza,2023,25.02,12.76,26.62,12.68,1088.1,580.71,17.0845897,-96.1346469
San Pablo Yaganiza,2024,26.37,13.28,27.7,13.14,906.1,611.33,17.0845897,-96.1346469
San Pablo Yaganiza,2025,24.31,13.39,25.84,13.48,1162.4,568.47,17.0845897,-96.1346469
San Pablo Yaganiza,2026,23.83,12.29,24.81,12.08,375.9,285.93,17.0845897,-96.1346469
San Pedro Amuzgos,2020,33.59,22.41,37.23,25.31,490.1,694.45,16.3914055,-98.0523737
San Pedro Amuzgos,2021,32.71,22.04,36.67,25.14,699.1,651.36,16.3914055,-98.0523737
San Pedro Amuzgos,2022,32.72,21.45,36.48,24.19,630.4,665.46,16.3914055,-98.0523737
San Pedro Amuzgos,2023,34.03,22.66,38.03,25.9,448.2,693.54,16.3914055,-98.0523737
San Pedro Amuzgos,2024,33.0,21.84,37.14,25.13,685.2,663.3,16.3914055,-98.0523737
San Pedro Amuzgos,2025,32.44,21.28,36.84,24.57,660.2,634.23,16.3914055,-98.0523737
San Pedro Amuzgos,2026,33.9,21.35,36.94,24.21,234.8,346.98,16.3914055,-98.0523737
San Pedro Apóstol,2020,28.67,15.57,28.94,15.77,255.8,684.26,16.4406526,-96.433372
San Pedro Apóstol,2021,28.28,15.41,28.52,15.73,262.4,678.11,16.4406526,-96.433372
San Pedro Apóstol,2022,28.72,15.03,28.77,15.13,177.4,706.51,16.4406526,-96.433372
San Pedro Apóstol,2023,30.21,16.14,30.4,16.6,133.7,737.21,16.4406526,-96.433372
San Pedro Apóstol,2024,30.26,16.03,30.69,16.3,253.2,730.58,16.4406526,-96.433372
San Pedro Apóstol,2025,29.18,15.39,29.69,15.98,246.0,702.87,16.4406526,-96.433372
San Pedro Apóstol,2026,29.54,14.35,29.34,14.56,131.9,366.34,16.4406526,-96.433372
San Pedro Atoyac,2020,34.05,22.76,38.27,25.37,371.7,689.38,16.2920704,-97.5913118
San Pedro Atoyac,2021,32.99,22.3,37.43,25.25,619.0,645.73,16.2920704,-97.5913118
San Pedro Atoyac,2022,33.23,21.73,37.56,24.26,535.0,667.69,16.2920704,-97.5913118
San Pedro Atoyac,2023,34.59,22.96,39.0,25.8,405.4,695.87,16.2920704,-97.5913118
San Pedro Atoyac,2024,33.86,22.51,38.44,25.35,509.6,670.52,16.2920704,-97.5913118
San Pedro Atoyac,2025,33.03,22.37,37.8,25.07,523.2,651.13,16.2920704,-97.5913118
San Pedro Atoyac,2026,34.76,22.33,38.09,24.84,113.8,362.75,16.2920704,-97.5913118
San Pedro Cajonos,2020,23.93,12.62,25.19,12.28,1151.1,542.46,17.1007214,-96.1538301
San Pedro Cajonos,2021,23.61,12.18,25.21,11.81,1456.4,529.0,17.1007214,-96.1538301
San Pedro Cajonos,2022,24.07,12.14,25.31,11.74,1143.2,553.92,17.1007214,-96.1538301
San Pedro Cajonos,2023,25.27,13.01,26.91,12.96,1088.1,583.13,17.1007214,-96.1538301
San Pedro Cajonos,2024,26.62,13.53,27.99,13.42,906.1,613.9,17.1007214,-96.1538301
San Pedro Cajonos,2025,24.55,13.64,26.13,13.77,1162.4,571.02,17.1007214,-96.1538301
San Pedro Cajonos,2026,24.08,12.54,25.09,12.36,375.9,287.2,17.1007214,-96.1538301
San Pedro Comitancillo,2020,32.55,24.3,34.61,26.23,216.9,849.38,16.2925093,-95.093556
San Pedro Comitancillo,2021,31.84,24.0,34.0,26.13,609.2,796.9,16.2925093,-95.093556
San Pedro Comitancillo,2022,31.98,23.8,34.21,25.78,436.0,815.51,16.2925093,-95.093556
San Pedro Comitancillo,2023,33.72,24.83,36.07,27.37,282.4,870.2,16.2925093,-95.093556
San Pedro Comitancillo,2024,32.63,24.04,35.28,26.63,660.6,800.61,16.2925093,-95.093556
San Pedro Comitancillo,2025,32.95,24.51,34.83,26.46,519.9,876.26,16.2925093,-95.093556
San Pedro Comitancillo,2026,32.98,23.8,33.76,25.07,237.2,465.55,16.2925093,-95.093556
San Pedro Coxcaltepec Cántaros,2020,22.74,10.57,22.05,9.48,259.0,595.34,17.2955858,-97.0808928
San Pedro Coxcaltepec Cántaros,2021,22.29,10.36,21.82,9.42,492.4,573.53,17.2955858,-97.0808928
San Pedro Coxcaltepec Cántaros,2022,22.57,10.08,21.99,9.02,304.7,594.54,17.2955858,-97.0808928
San Pedro Coxcaltepec Cántaros,2023,24.02,11.04,23.75,10.43,275.7,619.86,17.2955858,-97.0808928
San Pedro Coxcaltepec Cántaros,2024,24.81,11.23,24.32,10.67,405.8,648.99,17.2955858,-97.0808928
San Pedro Coxcaltepec Cántaros,2025,23.03,10.83,22.75,10.38,379.3,602.4,17.2955858,-97.0808928
San Pedro Coxcaltepec Cántaros,2026,23.55,10.12,22.67,9.42,209.6,320.28,17.2955858,-97.0808928
San Pedro Huamelula,2020,32.61,25.04,34.92,26.39,360.3,878.96,16.0144515,-95.4007881
San Pedro Huamelula,2021,32.32,24.61,34.57,26.25,491.0,844.39,16.0144515,-95.4007881
San Pedro Huamelula,2022,32.23,24.64,34.68,25.65,378.2,878.56,16.0144515,-95.4007881
San Pedro Huamelula,2023,33.78,25.35,36.41,27.35,261.2,885.15,16.0144515,-95.4007881
San Pedro Huamelula,2024,32.84,24.16,35.78,26.38,595.5,805.04,16.0144515,-95.4007881
San Pedro Huamelula,2025,33.5,24.53,35.97,26.36,451.4,876.97,16.0144515,-95.4007881
San Pedro Huamelula,2026,33.36,23.98,34.6,24.98,213.7,475.21,16.0144515,-95.4007881
San Pedro Huilotepec,2020,31.61,24.58,33.59,26.02,254.4,865.79,16.1437166,-95.0910564
San Pedro Huilotepec,2021,31.0,24.27,33.02,25.91,552.3,811.05,16.1437166,-95.0910564
San Pedro Huilotepec,2022,31.14,24.11,33.32,25.62,403.5,832.96,16.1437166,-95.0910564
San Pedro Huilotepec,2023,32.81,25.17,35.09,27.18,263.4,889.41,16.1437166,-95.0910564
San Pedro Huilotepec,2024,31.6,24.43,34.35,26.48,638.0,808.61,16.1437166,-95.0910564
San Pedro Huilotepec,2025,32.18,24.72,34.1,26.11,445.6,885.02,16.1437166,-95.0910564
San Pedro Huilotepec,2026,32.14,24.0,32.98,24.76,230.8,469.47,16.1437166,-95.0910564
San Pedro Ixcatlán,2020,28.22,21.61,32.51,24.56,1084.2,538.88,18.0844377,-96.303824
San Pedro Ixcatlán,2021,27.9,21.56,32.52,24.72,1218.5,533.15,18.0844377,-96.303824
San Pedro Ixcatlán,2022,28.27,21.13,32.72,23.79,1291.5,541.51,18.0844377,-96.303824
San Pedro Ixcatlán,2023,29.41,22.02,34.5,25.45,1035.7,567.63,18.0844377,-96.303824
San Pedro Ixcatlán,2024,29.84,21.77,34.78,25.25,932.0,561.22,18.0844377,-96.303824
San Pedro Ixcatlán,2025,29.29,21.27,33.57,24.63,1323.6,556.22,18.0844377,-96.303824
San Pedro Ixcatlán,2026,28.84,20.34,32.63,23.41,543.5,277.55,18.0844377,-96.303824
San Pedro Ixtlahuaca,2020,24.06,13.72,24.48,13.46,272.4,617.1,17.0347794,-96.4912339
San Pedro Ixtlahuaca,2021,23.72,13.51,23.92,13.21,314.4,602.67,17.0347794,-96.4912339
San Pedro Ixtlahuaca,2022,24.45,13.35,24.39,13.03,279.9,633.81,17.0347794,-96.4912339
San Pedro Ixtlahuaca,2023,25.86,14.08,25.91,13.97,242.1,655.02,17.0347794,-96.4912339
San Pedro Ixtlahuaca,2024,26.36,13.7,26.4,13.33,261.3,673.21,17.0347794,-96.4912339
San Pedro Ixtlahuaca,2025,25.27,13.1,25.54,12.91,327.7,635.7,17.0347794,-96.4912339
San Pedro Ixtlahuaca,2026,25.54,12.35,25.06,11.76,257.9,334.06,17.0347794,-96.4912339
San Pedro Jaltepetongo,2020,25.55,13.36,25.71,13.38,285.5,629.69,17.4116259,-97.0205785
San Pedro Jaltepetongo,2021,25.13,13.1,25.23,13.14,319.8,608.66,17.4116259,-97.0205785
San Pedro Jaltepetongo,2022,25.71,13.11,25.66,13.06,219.0,640.31,17.4116259,-97.0205785
San Pedro Jaltepetongo,2023,26.97,14.01,27.25,14.3,220.1,659.23,17.4116259,-97.0205785
San Pedro Jaltepetongo,2024,27.92,14.36,27.92,14.64,230.9,689.46,17.4116259,-97.0205785
San Pedro Jaltepetongo,2025,26.06,14.19,26.14,14.53,251.9,646.62,17.4116259,-97.0205785
San Pedro Jaltepetongo,2026,26.38,13.47,25.91,13.57,173.4,341.0,17.4116259,-97.0205785
San Pedro Jicayán,2020,33.07,22.45,37.17,25.36,452.2,681.48,16.2707871,-98.0054715
San Pedro Jicayán,2021,32.26,22.09,36.56,25.2,757.4,644.57,16.2707871,-98.0054715
San Pedro Jicayán,2022,32.17,21.57,36.45,24.34,682.9,650.59,16.2707871,-98.0054715
San Pedro Jicayán,2023,33.33,22.81,37.83,26.02,514.9,677.65,16.2707871,-98.0054715
San Pedro Jicayán,2024,32.17,22.1,36.85,25.33,760.1,644.13,16.2707871,-98.0054715
San Pedro Jicayán,2025,31.8,22.19,36.78,25.56,635.7,631.94,16.2707871,-98.0054715
San Pedro Jicayán,2026,32.94,22.18,36.41,25.23,203.8,344.04,16.2707871,-98.0054715
San Pedro Jocotipac,2020,24.91,12.85,25.19,12.68,428.3,590.37,17.4606816,-97.0448704
San Pedro Jocotipac,2021,24.1,12.64,24.57,12.45,327.5,567.95,17.4606816,-97.0448704
San Pedro Jocotipac,2022,25.12,12.59,25.17,12.22,234.9,608.54,17.4606816,-97.0448704
San Pedro Jocotipac,2023,26.68,13.67,26.86,13.67,106.6,632.65,17.4606816,-97.0448704
San Pedro Jocotipac,2024,27.46,14.02,27.62,13.91,189.9,660.52,17.4606816,-97.0448704
San Pedro Jocotipac,2025,25.88,13.93,26.11,14.04,234.7,613.61,17.4606816,-97.0448704
San Pedro Jocotipac,2026,25.79,12.86,25.52,12.73,169.6,316.55,17.4606816,-97.0448704
San Pedro Juchatengo,2020,22.71,12.29,24.03,11.47,830.1,543.84,16.2027428,-97.0514357
San Pedro Juchatengo,2021,22.1,12.07,23.44,11.36,849.9,522.7,16.2027428,-97.0514357
San Pedro Juchatengo,2022,22.31,11.72,23.54,10.8,828.9,543.55,16.2027428,-97.0514357
San Pedro Juchatengo,2023,22.95,12.51,24.59,11.98,802.7,551.38,16.2027428,-97.0514357
San Pedro Juchatengo,2024,22.95,12.23,24.56,11.7,808.9,546.37,16.2027428,-97.0514357
San Pedro Juchatengo,2025,22.8,11.84,24.11,11.17,793.5,532.69,16.2027428,-97.0514357
San Pedro Juchatengo,2026,23.11,10.73,23.86,9.75,224.2,286.92,16.2027428,-97.0514357
San Pedro Mixtepec,2020,28.64,27.03,33.79,30.08,403.7,677.69,15.5857517,-97.0501795
San Pedro Mixtepec,2021,28.28,26.59,33.52,29.93,627.8,655.57,15.5857517,-97.0501795
San Pedro Mixtepec,2022,28.42,26.7,33.45,29.54,522.3,687.33,15.5857517,-97.0501795
San Pedro Mixtepec,2023,29.26,27.59,34.73,30.97,320.9,711.63,15.5857517,-97.0501795
San Pedro Mixtepec,2024,28.64,26.71,33.84,29.95,672.3,647.69,15.5857517,-97.0501795
San Pedro Mixtepec,2025,28.96,26.86,34.36,30.18,543.2,660.72,15.5857517,-97.0501795
San Pedro Mixtepec,2026,28.8,27.15,33.96,30.22,201.6,353.01,15.5857517,-97.0501795
San Pedro Molinos,2020,28.23,15.77,29.13,16.5,352.7,658.36,17.0616702,-97.3228048
San Pedro Molinos,2021,27.84,15.44,28.9,16.18,519.6,641.67,17.0616702,-97.3228048
San Pedro Molinos,2022,28.25,15.22,29.21,15.72,423.6,669.95,17.0616702,-97.3228048
San Pedro Molinos,2023,29.02,15.64,30.26,16.55,449.9,674.55,17.0616702,-97.3228048
San Pedro Molinos,2024,29.61,15.81,30.49,16.63,495.8,698.06,17.0616702,-97.3228048
San Pedro Molinos,2025,28.13,15.49,29.39,16.36,523.8,664.03,17.0616702,-97.3228048
San Pedro Molinos,2026,29.03,15.22,29.09,15.68,183.6,351.65,17.0616702,-97.3228048
San Pedro Mártir,2020,27.62,14.52,27.58,14.37,255.8,669.34,16.4440162,-96.4243985
San Pedro Mártir,2021,27.23,14.35,27.15,14.33,262.4,663.29,16.4440162,-96.4243985
San Pedro Mártir,2022,27.67,13.98,27.42,13.74,177.4,691.05,16.4440162,-96.4243985
San Pedro Mártir,2023,29.17,15.08,29.03,15.18,133.7,721.72,16.4440162,-96.4243985
San Pedro Mártir,2024,29.21,14.98,29.32,14.9,253.2,715.58,16.4440162,-96.4243985
San Pedro Mártir,2025,28.13,14.34,28.32,14.58,246.0,687.91,16.4440162,-96.4243985
San Pedro Mártir,2026,28.49,13.3,28.02,13.17,131.9,358.78,16.4440162,-96.4243985
San Pedro Mártir Quiechapa,2020,17.65,7.5,17.57,5.81,609.6,508.58,16.2454817,-96.1451139
San Pedro Mártir Quiechapa,2021,17.43,7.11,17.18,5.46,544.1,506.44,16.2454817,-96.1451139
San Pedro Mártir Quiechapa,2022,17.31,6.91,17.05,5.19,428.3,513.93,16.2454817,-96.1451139
San Pedro Mártir Quiechapa,2023,18.48,7.87,18.42,6.44,445.0,536.85,16.2454817,-96.1451139
San Pedro Mártir Quiechapa,2024,19.31,8.44,19.35,6.83,541.8,557.19,16.2454817,-96.1451139
San Pedro Mártir Quiechapa,2025,18.12,8.2,17.87,6.9,451.1,531.04,16.2454817,-96.1451139
San Pedro Mártir Quiechapa,2026,18.32,7.15,17.55,5.28,293.9,278.55,16.2454817,-96.1451139
San Pedro Mártir Yucuxaco,2020,18.65,6.99,18.02,5.14,365.4,544.08,17.2557462,-97.3636273
San Pedro Mártir Yucuxaco,2021,18.42,6.79,17.8,4.97,500.2,535.68,17.2557462,-97.3636273
San Pedro Mártir Yucuxaco,2022,18.67,6.52,17.86,4.6,380.9,554.4,17.2557462,-97.3636273
San Pedro Mártir Yucuxaco,2023,19.64,7.28,19.24,5.68,375.0,571.15,17.2557462,-97.3636273
San Pedro Mártir Yucuxaco,2024,20.46,7.72,19.82,6.06,396.1,593.98,17.2557462,-97.3636273
San Pedro Mártir Yucuxaco,2025,18.74,7.77,18.24,6.27,394.6,554.46,17.2557462,-97.3636273
San Pedro Mártir Yucuxaco,2026,19.23,7.08,18.27,5.37,213.6,288.67,17.2557462,-97.3636273
San Pedro Nopala,2020,23.16,11.5,22.6,10.76,237.9,612.64,17.4822658,-97.3228704
San Pedro Nopala,2021,22.57,11.19,22.12,10.42,283.1,595.88,17.4822658,-97.3228704
San Pedro Nopala,2022,23.14,10.96,22.4,10.05,186.8,626.5,17.4822658,-97.3228704
San Pedro Nopala,2023,24.36,11.75,23.97,11.25,183.3,647.53,17.4822658,-97.3228704
San Pedro Nopala,2024,25.2,11.91,24.67,11.32,236.9,672.13,17.4822658,-97.3228704
San Pedro Nopala,2025,23.5,11.0,23.35,10.53,227.3,622.74,17.4822658,-97.3228704
San Pedro Nopala,2026,24.15,10.31,23.26,9.61,191.5,323.09,17.4822658,-97.3228704
San Pedro Ocopetatillo,2020,27.9,21.65,32.23,24.58,970.2,523.67,18.110577,-96.5447352
San Pedro Ocopetatillo,2021,27.56,21.51,32.18,24.57,1036.2,517.11,18.110577,-96.5447352
San Pedro Ocopetatillo,2022,27.9,21.04,32.28,23.68,949.9,531.66,18.110577,-96.5447352
San Pedro Ocopetatillo,2023,29.15,22.04,34.12,25.22,685.0,558.22,18.110577,-96.5447352
San Pedro Ocopetatillo,2024,29.34,21.95,34.4,25.09,734.2,559.07,18.110577,-96.5447352
San Pedro Ocopetatillo,2025,29.27,20.89,33.67,23.59,995.3,559.36,18.110577,-96.5447352
San Pedro Ocopetatillo,2026,28.59,19.86,32.58,22.19,422.4,270.64,18.110577,-96.5447352
San Pedro Ocotepec,2020,33.03,21.69,35.18,24.25,206.9,724.56,16.5719507,-95.5048304
San Pedro Ocotepec,2021,32.53,21.46,34.83,24.14,394.5,692.67,16.5719507,-95.5048304
San Pedro Ocotepec,2022,32.48,21.34,34.82,23.84,417.8,703.67,16.5719507,-95.5048304
San Pedro Ocotepec,2023,34.37,22.34,36.75,25.12,212.0,747.25,16.5719507,-95.5048304
San Pedro Ocotepec,2024,33.73,21.66,36.43,24.4,559.4,718.74,16.5719507,-95.5048304
San Pedro Ocotepec,2025,33.3,21.91,35.68,24.35,406.5,730.49,16.5719507,-95.5048304
San Pedro Ocotepec,2026,33.2,20.96,34.76,22.85,207.9,378.88,16.5719507,-95.5048304
San Pedro Pochutla,2020,28.87,27.21,33.88,30.15,410.0,701.28,15.4446827,-96.2754829
San Pedro Pochutla,2021,28.44,26.76,33.48,29.9,501.8,668.74,15.4446827,-96.2754829
San Pedro Pochutla,2022,28.56,26.84,33.5,29.61,476.2,700.24,15.4446827,-96.2754829
San Pedro Pochutla,2023,29.49,27.74,35.02,31.09,219.3,734.68,15.4446827,-96.2754829
San Pedro Pochutla,2024,28.8,26.89,33.94,30.03,702.7,665.81,15.4446827,-96.2754829
San Pedro Pochutla,2025,28.96,26.89,34.21,30.12,494.5,678.95,15.4446827,-96.2754829
San Pedro Pochutla,2026,28.98,27.14,33.86,30.11,191.5,365.29,15.4446827,-96.2754829
San Pedro Quiatoni,2020,26.45,14.87,27.79,14.65,389.4,614.92,16.4659519,-96.0153584
San Pedro Quiatoni,2021,25.96,14.58,27.26,14.42,457.0,603.23,16.4659519,-96.0153584
San Pedro Quiatoni,2022,26.13,14.49,27.49,14.21,418.4,621.97,16.4659519,-96.0153584
San Pedro Quiatoni,2023,27.66,15.69,29.17,15.81,259.8,645.64,16.4659519,-96.0153584
San Pedro Quiatoni,2024,27.78,16.05,29.25,16.15,373.0,654.27,16.4659519,-96.0153584
San Pedro Quiatoni,2025,26.35,17.03,27.93,17.46,370.0,632.17,16.4659519,-96.0153584
San Pedro Quiatoni,2026,26.96,16.26,27.33,16.11,173.3,333.3,16.4659519,-96.0153584
San Pedro Sochiápam,2020,18.13,9.99,19.13,9.04,963.0,472.16,17.4930506,-96.3951841
San Pedro Sochiápam,2021,17.78,9.84,18.96,8.95,1030.5,466.83,17.4930506,-96.3951841
San Pedro Sochiápam,2022,17.92,9.68,18.9,8.65,806.2,487.72,17.4930506,-96.3951841
San Pedro Sochiápam,2023,18.75,10.44,20.05,9.6,819.5,506.79,17.4930506,-96.3951841
San Pedro Sochiápam,2024,19.84,10.91,20.91,10.07,623.5,530.54,17.4930506,-96.3951841
San Pedro Sochiápam,2025,18.89,10.02,19.69,9.06,874.3,504.57,17.4930506,-96.3951841
San Pedro Sochiápam,2026,18.28,8.66,18.99,7.34,494.3,251.52,17.4930506,-96.3951841
San Pedro Tapanatepec,2020,32.32,23.53,36.5,27.28,321.4,691.92,16.2202095,-94.1137854
San Pedro Tapanatepec,2021,32.0,23.43,36.13,27.14,731.1,675.62,16.2202095,-94.1137854
San Pedro Tapanatepec,2022,32.07,23.17,36.28,26.86,624.2,673.79,16.2202095,-94.1137854
San Pedro Tapanatepec,2023,33.56,23.99,38.1,27.79,536.5,709.38,16.2202095,-94.1137854
San Pedro Tapanatepec,2024,33.2,23.29,37.62,26.52,797.6,714.19,16.2202095,-94.1137854
San Pedro Tapanatepec,2025,33.52,23.84,37.49,26.75,703.9,762.67,16.2202095,-94.1137854
San Pedro Tapanatepec,2026,34.6,23.22,36.75,25.21,384.5,432.25,16.2202095,-94.1137854
San Pedro Taviche,2020,23.05,12.82,23.35,11.91,353.9,585.76,16.3816255,-96.3215352
San Pedro Taviche,2021,22.77,12.56,23.0,11.69,437.4,582.08,16.3816255,-96.3215352
San Pedro Taviche,2022,22.94,12.28,23.11,11.36,351.1,594.92,16.3816255,-96.3215352
San Pedro Taviche,2023,24.68,13.31,24.89,12.73,198.2,635.45,16.3816255,-96.3215352
San Pedro Taviche,2024,25.26,13.72,25.48,12.88,350.4,655.76,16.3816255,-96.3215352
San Pedro Taviche,2025,23.64,13.49,23.89,12.88,334.0,616.37,16.3816255,-96.3215352
San Pedro Taviche,2026,24.15,12.62,23.88,11.72,187.8,328.65,16.3816255,-96.3215352
San Pedro Teozacoalco,2020,23.51,9.62,23.53,8.56,470.4,586.6,17.0101654,-97.1709953
San Pedro Teozacoalco,2021,23.14,9.34,23.17,8.29,723.2,568.74,17.0101654,-97.1709953
San Pedro Teozacoalco,2022,23.6,9.08,23.54,7.92,446.5,592.94,17.0101654,-97.1709953
San Pedro Teozacoalco,2023,24.34,9.95,24.75,9.02,511.1,595.2,17.0101654,-97.1709953
San Pedro Teozacoalco,2024,25.06,10.5,25.17,9.52,618.1,621.78,17.0101654,-97.1709953
San Pedro Teozacoalco,2025,23.77,10.04,23.93,9.04,662.3,580.05,17.0101654,-97.1709953
San Pedro Teozacoalco,2026,24.55,9.27,23.74,7.8,204.7,316.58,17.0101654,-97.1709953
San Pedro Teutila,2020,19.53,13.3,21.46,13.5,1885.5,464.86,17.5837302,-96.4220417
San Pedro Teutila,2021,19.12,13.25,21.05,13.57,1816.6,456.4,17.5837302,-96.4220417
San Pedro Teutila,2022,19.18,12.94,20.87,13.04,1403.2,479.44,17.5837302,-96.4220417
San Pedro Teutila,2023,20.05,14.11,22.28,14.54,1230.0,503.14,17.5837302,-96.4220417
San Pedro Teutila,2024,21.42,14.75,23.53,15.27,926.4,528.37,17.5837302,-96.4220417
San Pedro Teutila,2025,20.44,13.71,22.27,14.11,1474.3,505.41,17.5837302,-96.4220417
San Pedro Teutila,2026,19.39,12.75,21.2,12.74,869.1,249.31,17.5837302,-96.4220417
San Pedro Tidaá,2020,23.93,12.25,23.78,11.46,351.1,614.84,17.2026751,-97.2238182
San Pedro Tidaá,2021,23.64,12.06,23.62,11.27,454.6,598.17,17.2026751,-97.2238182
San Pedro Tidaá,2022,24.04,11.91,23.78,11.01,430.8,624.32,17.2026751,-97.2238182
San Pedro Tidaá,2023,25.17,12.59,25.36,12.06,319.3,638.18,17.2026751,-97.2238182
San Pedro Tidaá,2024,25.86,12.89,25.8,12.42,400.9,661.53,17.2026751,-97.2238182
San Pedro Tidaá,2025,24.16,12.4,24.27,11.84,367.1,622.2,17.2026751,-97.2238182
San Pedro Tidaá,2026,24.87,11.72,24.11,10.92,211.4,330.96,17.2026751,-97.2238182
San Pedro Topiltepec,2020,22.93,11.16,22.25,10.11,249.0,602.81,17.2613924,-97.2037364
San Pedro Topiltepec,2021,22.56,10.94,22.06,9.95,405.0,586.33,17.2613924,-97.2037364
San Pedro Topiltepec,2022,22.96,10.58,22.28,9.42,260.9,610.27,17.2613924,-97.2037364
San Pedro Topiltepec,2023,24.31,11.52,24.03,10.79,277.3,632.05,17.2613924,-97.2037364
San Pedro Topiltepec,2024,25.05,11.68,24.66,10.98,393.0,657.03,17.2613924,-97.2037364
San Pedro Topiltepec,2025,23.33,11.29,23.17,10.81,339.5,611.2,17.2613924,-97.2037364
San Pedro Topiltepec,2026,23.94,10.56,22.99,9.9,191.1,323.27,17.2613924,-97.2037364
San Pedro Totolápam,2020,22.34,12.27,22.86,11.23,357.6,570.35,16.39592,-96.1806865
San Pedro Totolápam,2021,22.03,12.08,22.42,11.16,458.9,563.08,16.39592,-96.1806865
San Pedro Totolápam,2022,22.13,11.87,22.52,10.87,378.7,577.47,16.39592,-96.1806865
San Pedro Totolápam,2023,23.86,13.09,24.28,12.44,190.3,611.58,16.39592,-96.1806865
San Pedro Totolápam,2024,24.35,13.51,24.76,12.66,389.9,628.74,16.39592,-96.1806865
San Pedro Totolápam,2025,22.63,13.7,23.09,13.13,316.3,592.14,16.39592,-96.1806865
San Pedro Totolápam,2026,23.15,12.9,22.84,11.96,174.4,315.08,16.39592,-96.1806865
San Pedro Yaneri,2020,25.44,15.57,27.8,16.03,797.7,546.71,17.2509681,-96.2116454
San Pedro Yaneri,2021,25.08,15.29,27.67,15.67,704.6,538.14,17.2509681,-96.2116454
San Pedro Yaneri,2022,25.63,14.72,27.83,14.95,589.1,565.58,17.2509681,-96.2116454
San Pedro Yaneri,2023,27.14,15.61,29.76,16.14,397.6,603.24,17.2509681,-96.2116454
San Pedro Yaneri,2024,28.41,15.94,30.76,16.32,386.9,629.95,17.2509681,-96.2116454
San Pedro Yaneri,2025,27.06,15.61,29.39,16.19,578.1,595.61,17.2509681,-96.2116454
San Pedro Yaneri,2026,26.44,14.3,28.36,14.41,241.2,295.71,17.2509681,-96.2116454
San Pedro Yucunama,2020,21.58,9.94,21.0,8.79,273.0,584.36,17.3339615,-97.2857328
San Pedro Yucunama,2021,21.19,9.67,20.65,8.44,453.9,571.89,17.3339615,-97.2857328
San Pedro Yucunama,2022,21.6,9.37,20.86,8.03,263.2,596.48,17.3339615,-97.2857328
San Pedro Yucunama,2023,22.82,10.35,22.45,9.4,289.9,616.3,17.3339615,-97.2857328
San Pedro Yucunama,2024,23.74,10.75,23.23,9.78,315.5,643.42,17.3339615,-97.2857328
San Pedro Yucunama,2025,21.94,10.72,21.61,10.05,311.0,596.22,17.3339615,-97.2857328
San Pedro Yucunama,2026,22.49,10.1,21.52,9.12,185.9,311.52,17.3339615,-97.2857328
San Pedro Yólox,2020,22.52,13.21,24.65,13.07,1174.1,495.86,17.3518369,-96.3305672
San Pedro Yólox,2021,22.21,13.04,24.5,12.88,971.5,489.82,17.3518369,-96.3305672
San Pedro Yólox,2022,22.44,12.51,24.63,12.23,970.4,510.46,17.3518369,-96.3305672
San Pedro Yólox,2023,23.65,13.22,26.16,13.13,768.6,544.23,17.3518369,-96.3305672
San Pedro Yólox,2024,24.68,13.18,27.05,12.97,606.7,568.49,17.3518369,-96.3305672
San Pedro Yólox,2025,24.12,12.32,26.13,12.07,953.2,546.29,17.3518369,-96.3305672
San Pedro Yólox,2026,23.34,10.72,24.89,10.13,409.6,266.57,17.3518369,-96.3305672
San Pedro el Alto,2020,25.45,17.68,28.73,18.15,587.2,551.68,16.0201016,-96.2825401
San Pedro el Alto,2021,25.06,16.9,28.33,17.31,659.4,539.18,16.0201016,-96.2825401
San Pedro el Alto,2022,24.93,16.75,28.1,17.03,712.5,550.66,16.0201016,-96.2825401
San Pedro el Alto,2023,25.81,17.59,29.32,18.14,458.5,567.9,16.0201016,-96.2825401
San Pedro el Alto,2024,25.69,17.36,28.94,17.7,741.0,568.92,16.0201016,-96.2825401
San Pedro el Alto,2025,25.71,15.79,28.47,16.0,650.7,556.89,16.0201016,-96.2825401
San Pedro el Alto,2026,26.33,15.42,28.36,15.12,237.2,295.52,16.0201016,-96.2825401
San Pedro y San Pablo Ayutla,2020,17.65,7.57,17.53,5.72,383.4,499.94,17.0137743,-96.0437494
San Pedro y San Pablo Ayutla,2021,17.37,7.2,17.36,5.45,597.9,488.98,17.0137743,-96.0437494
San Pedro y San Pablo Ayutla,2022,17.66,7.17,17.45,5.37,341.7,505.92,17.0137743,-96.0437494
San Pedro y San Pablo Ayutla,2023,18.45,8.03,18.65,6.49,381.7,524.59,17.0137743,-96.0437494
San Pedro y San Pablo Ayutla,2024,19.36,8.49,19.38,7.02,351.7,546.31,17.0137743,-96.0437494
San Pedro y San Pablo Ayutla,2025,17.6,7.99,17.72,6.5,497.2,508.07,17.0137743,-96.0437494
San Pedro y San Pablo Ayutla,2026,17.17,6.89,17.07,5.19,226.6,256.29,17.0137743,-96.0437494
San Pedro y San Pablo Teposcolula,2020,21.58,9.94,21.0,8.79,273.0,584.93,17.3043451,-97.2917479
San Pedro y San Pablo Teposcolula,2021,21.19,9.67,20.65,8.44,453.9,572.33,17.3043451,-97.2917479
San Pedro y San Pablo Teposcolula,2022,21.6,9.37,20.86,8.03,263.2,597.01,17.3043451,-97.2917479
San Pedro y San Pablo Teposcolula,2023,22.82,10.35,22.45,9.4,289.9,616.7,17.3043451,-97.2917479
San Pedro y San Pablo Teposcolula,2024,23.74,10.75,23.23,9.78,315.5,643.9,17.3043451,-97.2917479
San Pedro y San Pablo Teposcolula,2025,21.94,10.72,21.61,10.05,311.0,596.62,17.3043451,-97.2917479
San Pedro y San Pablo Teposcolula,2026,22.49,10.1,21.52,9.12,185.9,311.74,17.3043451,-97.2917479
San Pedro y San Pablo Tequixtepec,2020,24.74,12.33,24.84,12.18,200.5,617.89,18.0338362,-97.4304246
San Pedro y San Pablo Tequixtepec,2021,24.21,11.94,24.45,11.68,390.0,610.2,18.0338362,-97.4304246
San Pedro y San Pablo Tequixtepec,2022,24.87,12.02,24.73,11.69,277.2,641.77,18.0338362,-97.4304246
San Pedro y San Pablo Tequixtepec,2023,26.43,12.83,26.64,12.8,180.5,674.61,18.0338362,-97.4304246
San Pedro y San Pablo Tequixtepec,2024,27.0,13.13,27.04,12.94,233.9,692.26,18.0338362,-97.4304246
San Pedro y San Pablo Tequixtepec,2025,25.93,12.1,26.22,11.94,276.5,653.62,18.0338362,-97.4304246
San Pedro y San Pablo Tequixtepec,2026,25.93,11.31,25.74,10.83,237.6,327.22,18.0338362,-97.4304246
San Raymundo Jalpan,2020,28.96,14.58,29.34,15.14,251.4,676.26,16.5813427,-96.4519792
San Raymundo Jalpan,2021,28.56,14.41,28.9,15.03,415.1,665.96,16.5813427,-96.4519792
San Raymundo Jalpan,2022,29.13,14.12,29.26,14.51,235.3,696.74,16.5813427,-96.4519792
San Raymundo Jalpan,2023,30.44,15.25,30.72,16.05,162.3,720.8,16.5813427,-96.4519792
San Raymundo Jalpan,2024,30.08,15.08,30.58,15.76,323.9,715.97,16.5813427,-96.4519792
San Raymundo Jalpan,2025,28.81,14.78,29.55,15.5,293.6,684.58,16.5813427,-96.4519792
San Raymundo Jalpan,2026,29.12,13.98,28.92,14.49,203.7,357.12,16.5813427,-96.4519792
San Sebastián Abasolo,2020,28.69,14.41,29.11,14.93,234.0,664.31,16.594083,-96.3519893
San Sebastián Abasolo,2021,28.17,14.13,28.62,14.65,375.6,647.1,16.594083,-96.3519893
San Sebastián Abasolo,2022,28.69,13.96,29.01,14.33,271.4,677.76,16.594083,-96.3519893
San Sebastián Abasolo,2023,30.25,15.3,30.59,16.1,156.1,708.45,16.594083,-96.3519893
San Sebastián Abasolo,2024,30.1,15.03,30.72,15.78,258.7,702.31,16.594083,-96.3519893
San Sebastián Abasolo,2025,29.21,14.2,29.79,14.87,287.2,681.75,16.594083,-96.3519893
San Sebastián Abasolo,2026,29.11,13.48,29.18,13.95,169.8,351.74,16.594083,-96.3519893
San Sebastián Coatlán,2020,17.61,6.82,17.84,4.77,594.3,491.48,16.1204531,-96.4939141
San Sebastián Coatlán,2021,17.33,6.45,17.5,4.45,736.6,482.64,16.1204531,-96.4939141
San Sebastián Coatlán,2022,17.19,6.35,17.36,4.28,501.1,490.75,16.1204531,-96.4939141
San Sebastián Coatlán,2023,17.9,7.32,18.31,5.4,564.2,500.89,16.1204531,-96.4939141
San Sebastián Coatlán,2024,18.3,7.73,18.71,5.72,611.1,518.04,16.1204531,-96.4939141
San Sebastián Coatlán,2025,17.79,7.31,17.92,5.35,592.0,495.92,16.1204531,-96.4939141
San Sebastián Coatlán,2026,17.92,5.93,17.57,3.61,301.4,267.49,16.1204531,-96.4939141
San Sebastián Ixcapa,2020,33.4,21.99,37.48,24.9,536.7,680.22,16.3237202,-98.0840154
San Sebastián Ixcapa,2021,32.49,21.65,36.87,24.77,808.2,639.67,16.3237202,-98.0840154
San Sebastián Ixcapa,2022,32.54,21.04,36.71,23.78,727.1,650.71,16.3237202,-98.0840154
San Sebastián Ixcapa,2023,33.77,22.29,38.26,25.52,515.7,677.17,16.3237202,-98.0840154
San Sebastián Ixcapa,2024,32.73,21.7,37.3,24.97,767.1,650.44,16.3237202,-98.0840154
San Sebastián Ixcapa,2025,32.29,21.59,37.1,24.95,649.5,634.48,16.3237202,-98.0840154
San Sebastián Ixcapa,2026,33.28,21.58,36.58,24.62,238.1,343.8,16.3237202,-98.0840154
San Sebastián Nicananduta,2020,16.55,5.2,15.66,3.0,395.1,518.15,17.3104429,-97.4059766
San Sebastián Nicananduta,2021,16.22,5.14,15.34,2.98,513.9,510.52,17.3104429,-97.4059766
San Sebastián Nicananduta,2022,16.54,4.72,15.43,2.45,406.0,527.06,17.3104429,-97.4059766
San Sebastián Nicananduta,2023,17.51,5.69,16.68,3.68,390.3,545.56,17.3104429,-97.4059766
San Sebastián Nicananduta,2024,18.46,6.18,17.5,4.08,376.2,571.83,17.3104429,-97.4059766
San Sebastián Nicananduta,2025,16.65,5.91,15.86,4.16,410.3,526.19,17.3104429,-97.4059766
San Sebastián Nicananduta,2026,17.06,5.26,15.88,3.28,236.6,273.57,17.3104429,-97.4059766
San Sebastián Río Hondo,2020,19.83,12.36,21.7,11.31,1153.6,496.46,16.105819,-96.2750618
San Sebastián Río Hondo,2021,19.48,11.74,21.32,10.71,1063.6,485.93,16.105819,-96.2750618
San Sebastián Río Hondo,2022,19.39,11.55,20.94,10.46,1131.6,493.74,16.105819,-96.2750618
San Sebastián Río Hondo,2023,20.09,12.12,21.9,11.19,981.9,511.22,16.105819,-96.2750618
San Sebastián Río Hondo,2024,20.26,12.06,22.07,10.97,1129.5,519.7,16.105819,-96.2750618
San Sebastián Río Hondo,2025,20.15,10.99,21.28,10.03,1289.0,500.44,16.105819,-96.2750618
San Sebastián Río Hondo,2026,20.3,10.26,21.17,8.91,436.9,262.04,16.105819,-96.2750618
San Sebastián Tecomaxtlahuaca,2020,20.7,9.66,21.65,8.65,719.4,526.99,17.2045083,-98.0152226
San Sebastián Tecomaxtlahuaca,2021,20.14,9.32,21.02,8.38,977.0,504.58,17.2045083,-98.0152226
San Sebastián Tecomaxtlahuaca,2022,20.38,9.0,21.14,7.96,649.0,523.26,17.2045083,-98.0152226
San Sebastián Tecomaxtlahuaca,2023,20.86,9.55,22.19,8.84,659.5,529.27,17.2045083,-98.0152226
San Sebastián Tecomaxtlahuaca,2024,21.35,10.06,22.47,9.2,562.2,555.5,17.2045083,-98.0152226
San Sebastián Tecomaxtlahuaca,2025,20.86,9.64,21.76,9.02,643.2,520.83,17.2045083,-98.0152226
San Sebastián Tecomaxtlahuaca,2026,21.12,8.79,21.48,7.99,287.2,269.83,17.2045083,-98.0152226
San Sebastián Teitipac,2020,30.31,15.64,30.85,16.47,209.3,693.68,16.5705129,-96.3650468
San Sebastián Teitipac,2021,29.87,15.39,30.47,16.27,323.9,678.83,16.5705129,-96.3650468
San Sebastián Teitipac,2022,30.34,15.11,30.77,15.77,240.0,708.58,16.5705129,-96.3650468
San Sebastián Teitipac,2023,31.89,16.3,32.32,17.34,155.1,739.17,16.5705129,-96.3650468
San Sebastián Teitipac,2024,31.58,16.0,32.32,16.88,238.2,731.36,16.5705129,-96.3650468
San Sebastián Teitipac,2025,30.56,15.6,31.29,16.64,317.7,712.49,16.5705129,-96.3650468
San Sebastián Teitipac,2026,30.46,14.82,30.42,15.58,157.1,365.37,16.5705129,-96.3650468
San Sebastián Tutla,2020,22.22,11.59,21.95,10.64,237.7,594.29,17.0330514,-96.4019633
San Sebastián Tutla,2021,21.84,11.37,21.46,10.44,346.9,578.28,17.0330514,-96.4019633
San Sebastián Tutla,2022,22.55,11.37,21.84,10.38,259.8,610.06,17.0330514,-96.4019633
San Sebastián Tutla,2023,23.8,12.19,23.3,11.48,229.5,629.34,17.0330514,-96.4019633
San Sebastián Tutla,2024,24.24,12.24,23.78,11.33,202.7,643.33,17.0330514,-96.4019633
San Sebastián Tutla,2025,22.94,11.5,22.6,10.68,273.0,606.91,17.0330514,-96.4019633
San Sebastián Tutla,2026,23.02,10.62,22.34,9.49,218.9,314.41,17.0330514,-96.4019633
San Simón Almolongas,2020,20.7,10.82,20.28,9.31,670.4,552.68,16.2426667,-96.431082
San Simón Almolongas,2021,20.61,10.41,20.09,8.97,1151.1,551.74,16.2426667,-96.431082
San Simón Almolongas,2022,20.95,10.4,20.13,8.85,588.3,572.99,16.2426667,-96.431082
San Simón Almolongas,2023,22.25,11.36,21.62,10.2,621.4,593.15,16.2426667,-96.431082
San Simón Almolongas,2024,22.99,12.28,22.38,10.99,757.7,614.61,16.2426667,-96.431082
San Simón Almolongas,2025,21.41,11.69,20.81,10.64,658.5,574.95,16.2426667,-96.431082
San Simón Almolongas,2026,21.86,10.77,20.42,9.18,269.7,310.39,16.2426667,-96.431082
San Simón Zahuatlán,2020,23.99,10.21,23.93,9.12,280.5,608.23,17.4943872,-98.0016302
San Simón Zahuatlán,2021,23.64,9.89,23.64,8.74,384.1,585.76,17.4943872,-98.0016302
San Simón Zahuatlán,2022,24.13,9.5,24.12,8.17,335.2,616.57,17.4943872,-98.0016302
San Simón Zahuatlán,2023,24.95,10.35,25.35,9.31,392.5,624.24,17.4943872,-98.0016302
San Simón Zahuatlán,2024,25.52,10.63,25.8,9.52,444.3,648.69,17.4943872,-98.0016302
San Simón Zahuatlán,2025,24.19,10.57,24.42,9.46,399.7,609.01,17.4943872,-98.0016302
San Simón Zahuatlán,2026,24.98,10.1,24.47,8.84,160.0,322.78,17.4943872,-98.0016302
San Vicente Coatlán,2020,21.43,11.0,20.88,9.69,502.1,562.73,16.2312788,-96.5041835
San Vicente Coatlán,2021,21.35,10.65,20.7,9.53,682.1,561.72,16.2312788,-96.5041835
San Vicente Coatlán,2022,21.64,10.42,20.76,9.09,513.8,584.53,16.2312788,-96.5041835
San Vicente Coatlán,2023,23.04,11.47,22.35,10.6,378.5,604.54,16.2312788,-96.5041835
San Vicente Coatlán,2024,23.51,12.14,23.07,11.18,530.2,614.44,16.2312788,-96.5041835
San Vicente Coatlán,2025,22.3,11.88,21.7,11.21,396.7,585.53,16.2312788,-96.5041835
San Vicente Coatlán,2026,22.93,11.11,21.53,9.87,169.5,319.26,16.2312788,-96.5041835
San Vicente Lachixío,2020,23.37,10.18,23.73,9.23,450.0,570.24,16.4215636,-97.0110304
San Vicente Lachixío,2021,23.14,10.0,23.47,9.07,517.2,560.61,16.4215636,-97.0110304
San Vicente Lachixío,2022,23.73,9.65,23.94,8.62,439.7,587.14,16.4215636,-97.0110304
San Vicente Lachixío,2023,24.49,10.86,24.94,10.06,411.2,594.41,16.4215636,-97.0110304
San Vicente Lachixío,2024,24.82,11.24,25.0,10.52,462.1,611.94,16.4215636,-97.0110304
San Vicente Lachixío,2025,23.64,10.7,23.96,9.86,435.1,576.46,16.4215636,-97.0110304
San Vicente Lachixío,2026,23.95,9.75,23.73,8.67,153.2,304.57,16.4215636,-97.0110304
San Vicente Nuñú,2020,22.82,11.29,22.54,10.34,296.0,598.49,17.2724339,-97.2632221
San Vicente Nuñú,2021,22.53,11.13,22.33,10.18,466.8,585.8,17.2724339,-97.2632221
San Vicente Nuñú,2022,22.9,10.8,22.45,9.73,295.4,609.11,17.2724339,-97.2632221
San Vicente Nuñú,2023,24.2,11.62,24.1,11.0,320.8,629.81,17.2724339,-97.2632221
San Vicente Nuñú,2024,24.96,11.87,24.72,11.24,330.9,655.29,17.2724339,-97.2632221
San Vicente Nuñú,2025,23.22,11.73,23.12,11.22,347.7,612.35,17.2724339,-97.2632221
San Vicente Nuñú,2026,23.76,11.13,22.93,10.33,186.3,322.1,17.2724339,-97.2632221
Santa Ana,2020,15.93,5.64,15.46,3.3,545.2,487.29,16.2026297,-96.4303396
Santa Ana,2021,15.8,5.24,15.31,2.97,726.7,487.35,16.2026297,-96.4303396
Santa Ana,2022,15.83,5.08,15.19,2.72,384.4,494.56,16.2026297,-96.4303396
Santa Ana,2023,16.77,6.04,16.36,3.97,463.5,511.62,16.2026297,-96.4303396
Santa Ana,2024,17.33,6.8,16.89,4.61,567.1,528.95,16.2026297,-96.4303396
Santa Ana,2025,16.34,6.64,15.59,4.61,582.4,500.9,16.2026297,-96.4303396
Santa Ana,2026,16.8,5.59,15.49,3.13,264.8,270.03,16.2026297,-96.4303396
Santa Ana Ateixtlahuaca,2020,27.75,21.49,32.05,24.4,970.2,522.57,18.1238082,-96.5422979
Santa Ana Ateixtlahuaca,2021,27.41,21.36,32.0,24.39,1036.2,515.91,18.1238082,-96.5422979
Santa Ana Ateixtlahuaca,2022,27.75,20.89,32.1,23.51,949.9,530.48,18.1238082,-96.5422979
Santa Ana Ateixtlahuaca,2023,29.0,21.89,33.94,25.05,685.0,557.07,18.1238082,-96.5422979
Santa Ana Ateixtlahuaca,2024,29.19,21.79,34.21,24.92,734.2,557.8,18.1238082,-96.5422979
Santa Ana Ateixtlahuaca,2025,29.13,20.74,33.49,23.42,995.3,558.18,18.1238082,-96.5422979
Santa Ana Ateixtlahuaca,2026,28.44,19.71,32.4,22.02,422.4,270.1,18.1238082,-96.5422979
Santa Ana Cuauhtémoc,2020,18.38,12.15,19.84,11.95,1885.5,453.91,17.5901828,-96.4740914
Santa Ana Cuauhtémoc,2021,17.96,12.1,19.42,12.01,1816.6,445.41,17.5901828,-96.4740914
Santa Ana Cuauhtémoc,2022,18.02,11.8,19.27,11.48,1403.2,467.68,17.5901828,-96.4740914
Santa Ana Cuauhtémoc,2023,18.91,12.96,20.66,12.97,1230.0,491.36,17.5901828,-96.4740914
Santa Ana Cuauhtémoc,2024,20.27,13.6,21.91,13.71,926.4,516.37,17.5901828,-96.4740914
Santa Ana Cuauhtémoc,2025,19.29,12.56,20.68,12.55,1474.3,493.52,17.5901828,-96.4740914
Santa Ana Cuauhtémoc,2026,18.24,11.59,19.61,11.2,869.1,243.34,17.5901828,-96.4740914
Santa Ana Tavela,2020,33.0,19.85,34.35,21.84,201.0,728.42,16.3916739,-95.5441643
Santa Ana Tavela,2021,32.19,19.61,33.88,21.71,455.9,695.19,16.3916739,-95.5441643
Santa Ana Tavela,2022,32.25,19.5,33.98,21.37,396.3,705.5,16.3916739,-95.5441643
Santa Ana Tavela,2023,34.36,20.81,36.06,23.17,234.2,753.44,16.3916739,-95.5441643
Santa Ana Tavela,2024,33.6,20.25,35.89,22.6,529.2,716.94,16.3916739,-95.5441643
Santa Ana Tavela,2025,33.26,20.62,34.99,22.98,409.7,736.78,16.3916739,-95.5441643
Santa Ana Tavela,2026,33.2,19.8,34.08,21.8,213.5,381.31,16.3916739,-95.5441643
Santa Ana Tlapacoyan,2020,27.46,14.2,27.18,14.24,250.3,676.1,16.4438412,-96.5013502
Santa Ana Tlapacoyan,2021,27.17,13.98,26.77,14.15,232.9,673.1,16.4438412,-96.5013502
Santa Ana Tlapacoyan,2022,27.59,13.53,27.1,13.41,163.1,704.1,16.4438412,-96.5013502
Santa Ana Tlapacoyan,2023,28.96,14.69,28.59,15.03,163.7,731.14,16.4438412,-96.5013502
Santa Ana Tlapacoyan,2024,28.96,14.58,28.79,14.88,207.4,716.72,16.4438412,-96.5013502
Santa Ana Tlapacoyan,2025,28.11,13.99,28.03,14.41,248.8,693.99,16.4438412,-96.5013502
Santa Ana Tlapacoyan,2026,28.36,12.87,27.71,12.93,162.5,362.07,16.4438412,-96.5013502
Santa Ana Yareni,2020,15.73,7.95,15.63,5.82,664.7,484.09,17.2352036,-96.3638806
Santa Ana Yareni,2021,15.35,7.74,15.37,5.76,697.7,476.52,17.2352036,-96.3638806
Santa Ana Yareni,2022,15.68,7.46,15.26,5.28,585.8,492.99,17.2352036,-96.3638806
Santa Ana Yareni,2023,16.46,8.32,16.47,6.57,527.0,512.98,17.2352036,-96.3638806
Santa Ana Yareni,2024,17.62,8.9,17.31,7.08,474.5,543.67,17.2352036,-96.3638806
Santa Ana Yareni,2025,16.63,7.34,16.22,5.65,740.2,500.09,17.2352036,-96.3638806
Santa Ana Yareni,2026,16.52,6.26,16.12,4.19,305.9,260.68,17.2352036,-96.3638806
Santa Ana Zegache,2020,29.36,14.83,29.55,15.28,200.3,694.23,16.5016351,-96.433338
Santa Ana Zegache,2021,29.0,14.65,29.14,15.16,238.1,686.18,16.5016351,-96.433338
Santa Ana Zegache,2022,29.39,14.24,29.44,14.52,182.4,714.63,16.5016351,-96.433338
Santa Ana Zegache,2023,30.77,15.47,30.93,16.18,113.4,742.13,16.5016351,-96.433338
Santa Ana Zegache,2024,30.54,15.29,30.92,15.94,225.4,736.74,16.5016351,-96.433338
Santa Ana Zegache,2025,29.52,14.92,29.93,15.68,285.5,708.37,16.5016351,-96.433338
Santa Ana Zegache,2026,29.76,13.93,29.62,14.44,154.9,368.56,16.5016351,-96.433338
Santa Ana del Valle,2020,25.07,11.03,24.39,10.31,230.7,624.02,16.5941377,-96.2818029
Santa Ana del Valle,2021,24.45,10.68,23.94,9.94,324.2,605.24,16.5941377,-96.2818029
Santa Ana del Valle,2022,24.87,10.45,24.27,9.57,251.2,631.06,16.5941377,-96.2818029
Santa Ana del Valle,2023,26.55,11.72,25.8,11.22,152.5,668.06,16.5941377,-96.2818029
Santa Ana del Valle,2024,26.21,11.6,25.78,10.86,238.8,661.94,16.5941377,-96.2818029
Santa Ana del Valle,2025,24.89,11.46,24.36,10.91,324.2,639.8,16.5941377,-96.2818029
Santa Ana del Valle,2026,25.03,10.55,24.09,9.78,172.5,332.99,16.5941377,-96.2818029
Santa Catalina Quierí,2020,17.03,7.34,17.06,5.3,557.2,499.09,16.1919924,-96.1557089
Santa Catalina Quierí,2021,16.78,6.85,16.69,4.84,636.9,495.42,16.1919924,-96.1557089
Santa Catalina Quierí,2022,16.7,6.78,16.58,4.67,481.8,501.68,16.1919924,-96.1557089
Santa Catalina Quierí,2023,17.63,7.46,17.62,5.62,465.8,523.03,16.1919924,-96.1557089
Santa Catalina Quierí,2024,18.15,8.1,18.19,6.18,548.2,537.31,16.1919924,-96.1557089
Santa Catalina Quierí,2025,17.3,7.25,16.91,5.34,444.5,515.14,16.1919924,-96.1557089
Santa Catalina Quierí,2026,17.42,6.2,16.72,3.85,319.6,272.61,16.1919924,-96.1557089
Santa Catarina Cuixtla,2020,16.56,6.48,16.78,4.4,474.4,502.79,16.1815824,-96.3841078
Santa Catarina Cuixtla,2021,16.33,5.93,16.54,3.86,629.7,500.56,16.1815824,-96.3841078
Santa Catarina Cuixtla,2022,16.35,6.05,16.35,3.97,322.2,507.04,16.1815824,-96.3841078
Santa Catarina Cuixtla,2023,17.2,6.8,17.43,4.91,344.4,526.45,16.1815824,-96.3841078
Santa Catarina Cuixtla,2024,18.0,7.55,18.18,5.53,449.7,547.4,16.1815824,-96.3841078
Santa Catarina Cuixtla,2025,17.05,7.26,16.9,5.46,440.3,519.35,16.1815824,-96.3841078
Santa Catarina Cuixtla,2026,17.41,6.14,16.92,3.95,258.7,274.93,16.1815824,-96.3841078
Santa Catarina Ixtepeji,2020,17.52,9.16,17.31,7.18,459.8,519.68,17.1555976,-96.3342117
Santa Catarina Ixtepeji,2021,17.23,8.85,17.02,7.02,605.8,509.62,17.1555976,-96.3342117
Santa Catarina Ixtepeji,2022,17.57,8.65,17.05,6.66,435.5,529.33,17.1555976,-96.3342117
Santa Catarina Ixtepeji,2023,18.4,9.34,18.15,7.65,412.7,545.57,17.1555976,-96.3342117
Santa Catarina Ixtepeji,2024,19.36,9.76,18.76,7.94,406.3,576.36,17.1555976,-96.3342117
Santa Catarina Ixtepeji,2025,17.63,8.7,17.32,6.99,589.2,522.89,17.1555976,-96.3342117
Santa Catarina Ixtepeji,2026,17.72,7.63,17.34,5.48,282.1,274.54,17.1555976,-96.3342117
Santa Catarina Juquila,2020,26.56,16.93,29.59,17.21,619.5,581.73,16.1413234,-97.1732902
Santa Catarina Juquila,2021,25.76,16.68,28.83,17.23,718.8,548.59,16.1413234,-97.1732902
Santa Catarina Juquila,2022,25.95,16.23,28.85,16.46,660.8,569.74,16.1413234,-97.1732902
Santa Catarina Juquila,2023,26.82,17.1,29.95,17.74,529.5,585.54,16.1413234,-97.1732902
Santa Catarina Juquila,2024,26.2,16.66,29.48,17.27,647.1,564.67,16.1413234,-97.1732902
Santa Catarina Juquila,2025,26.17,16.28,29.12,16.62,671.4,556.86,16.1413234,-97.1732902
Santa Catarina Juquila,2026,26.78,15.69,28.91,15.74,240.3,301.42,16.1413234,-97.1732902
Santa Catarina Lachatao,2020,21.19,10.24,21.15,8.96,436.8,524.45,17.1606411,-96.2822563
Santa Catarina Lachatao,2021,20.77,9.91,20.98,8.62,527.7,511.04,17.1606411,-96.2822563
Santa Catarina Lachatao,2022,21.37,9.67,21.32,8.28,413.9,536.85,17.1606411,-96.2822563
Santa Catarina Lachatao,2023,22.75,10.69,22.97,9.64,261.7,568.64,17.1606411,-96.2822563
Santa Catarina Lachatao,2024,23.99,11.21,23.97,10.22,285.7,599.92,17.1606411,-96.2822563
Santa Catarina Lachatao,2025,22.02,11.14,22.07,10.29,414.4,556.96,17.1606411,-96.2822563
Santa Catarina Lachatao,2026,21.57,10.0,21.25,8.92,167.2,280.78,17.1606411,-96.2822563
Santa Catarina Loxicha,2020,21.89,13.51,23.97,12.92,843.4,509.92,16.0410216,-96.4517516
Santa Catarina Loxicha,2021,21.39,12.87,23.42,12.31,926.0,489.26,16.0410216,-96.4517516
Santa Catarina Loxicha,2022,21.28,12.53,23.24,11.8,839.1,502.6,16.0410216,-96.4517516
Santa Catarina Loxicha,2023,22.02,13.44,24.24,12.99,697.1,515.99,16.0410216,-96.4517516
Santa Catarina Loxicha,2024,21.92,13.31,24.12,12.6,888.2,519.97,16.0410216,-96.4517516
Santa Catarina Loxicha,2025,21.66,12.32,23.43,11.73,893.9,502.93,16.0410216,-96.4517516
Santa Catarina Loxicha,2026,21.7,11.23,23.24,10.28,358.9,268.1,16.0410216,-96.4517516
Santa Catarina Mechoacán,2020,27.36,17.57,30.14,18.46,955.7,595.6,16.2003961,-97.5009693
Santa Catarina Mechoacán,2021,26.25,17.04,29.23,18.12,1263.2,560.03,16.2003961,-97.5009693
Santa Catarina Mechoacán,2022,26.61,16.7,29.39,17.48,1068.5,583.35,16.2003961,-97.5009693
Santa Catarina Mechoacán,2023,27.59,17.75,30.68,18.95,933.9,598.38,16.2003961,-97.5009693
Santa Catarina Mechoacán,2024,27.15,17.89,30.01,19.14,1017.6,591.82,16.2003961,-97.5009693
Santa Catarina Mechoacán,2025,26.84,17.35,29.71,18.48,1101.4,570.8,16.2003961,-97.5009693
Santa Catarina Mechoacán,2026,27.67,16.68,29.69,17.52,203.6,309.71,16.2003961,-97.5009693
Santa Catarina Minas,2020,28.04,14.45,28.02,14.5,192.3,671.13,16.4645083,-96.3655642
Santa Catarina Minas,2021,27.65,14.13,27.7,14.21,266.5,662.65,16.4645083,-96.3655642
Santa Catarina Minas,2022,27.99,13.91,27.93,13.85,180.5,684.81,16.4645083,-96.3655642
Santa Catarina Minas,2023,29.53,14.88,29.53,15.09,126.6,717.8,16.4645083,-96.3655642
Santa Catarina Minas,2024,29.38,14.61,29.63,14.63,259.6,715.68,16.4645083,-96.3655642
Santa Catarina Minas,2025,28.21,14.44,28.41,14.76,307.8,690.26,16.4645083,-96.3655642
Santa Catarina Minas,2026,28.49,13.51,28.22,13.48,157.4,359.62,16.4645083,-96.3655642
Santa Catarina Quiané,2020,28.11,13.74,28.18,13.94,251.4,664.71,16.5249102,-96.4426691
Santa Catarina Quiané,2021,27.71,13.56,27.74,13.82,415.1,654.39,16.5249102,-96.4426691
Santa Catarina Quiané,2022,28.28,13.27,28.11,13.31,235.3,684.76,16.5249102,-96.4426691
Santa Catarina Quiané,2023,29.59,14.41,29.57,14.83,162.3,708.79,16.5249102,-96.4426691
Santa Catarina Quiané,2024,29.22,14.23,29.42,14.55,323.9,704.17,16.5249102,-96.4426691
Santa Catarina Quiané,2025,27.96,13.93,28.38,14.29,293.6,672.65,16.5249102,-96.4426691
Santa Catarina Quiané,2026,28.26,13.14,27.8,13.31,203.7,351.09,16.5249102,-96.4426691
Santa Catarina Quioquitani,2020,16.52,6.65,16.81,4.66,497.8,499.24,16.1856355,-96.1705873
Santa Catarina Quioquitani,2021,16.22,6.23,16.42,4.29,566.7,496.07,16.1856355,-96.1705873
Santa Catarina Quioquitani,2022,16.15,6.15,16.26,4.17,345.6,501.56,16.1856355,-96.1705873
Santa Catarina Quioquitani,2023,17.07,6.81,17.25,4.99,351.0,522.84,16.1856355,-96.1705873
Santa Catarina Quioquitani,2024,17.87,7.41,18.12,5.42,466.5,543.28,16.1856355,-96.1705873
Santa Catarina Quioquitani,2025,16.94,6.71,16.77,5.05,419.1,516.26,16.1856355,-96.1705873
Santa Catarina Quioquitani,2026,17.2,5.71,16.8,3.64,272.2,271.04,16.1856355,-96.1705873
Santa Catarina Tayata,2020,20.55,8.89,20.38,7.48,365.4,567.77,17.2052097,-97.3330164
Santa Catarina Tayata,2021,20.32,8.69,20.14,7.31,500.2,558.98,17.2052097,-97.3330164
Santa Catarina Tayata,2022,20.57,8.42,20.2,6.94,380.9,578.72,17.2052097,-97.3330164
Santa Catarina Tayata,2023,21.54,9.18,21.58,8.03,375.0,594.9,17.2052097,-97.3330164
Santa Catarina Tayata,2024,22.36,9.62,22.15,8.4,396.1,617.86,17.2052097,-97.3330164
Santa Catarina Tayata,2025,20.64,9.67,20.6,8.63,394.6,578.18,17.2052097,-97.3330164
Santa Catarina Tayata,2026,21.13,8.98,20.55,7.69,213.6,300.75,17.2052097,-97.3330164
Santa Catarina Ticuá,2020,25.58,13.12,25.74,12.99,352.7,626.73,17.0416449,-97.3205491
Santa Catarina Ticuá,2021,25.2,12.79,25.5,12.68,519.6,610.87,17.0416449,-97.3205491
Santa Catarina Ticuá,2022,25.61,12.57,25.82,12.24,423.6,637.61,17.0416449,-97.3205491
Santa Catarina Ticuá,2023,26.38,12.99,26.83,13.0,449.9,642.48,17.0416449,-97.3205491
Santa Catarina Ticuá,2024,26.96,13.15,27.09,13.11,495.8,665.2,17.0416449,-97.3205491
Santa Catarina Ticuá,2025,25.48,12.84,25.95,12.84,523.8,631.75,17.0416449,-97.3205491
Santa Catarina Ticuá,2026,26.38,12.57,25.81,12.23,183.6,335.03,17.0416449,-97.3205491
Santa Catarina Yosonotú,2020,27.6,14.68,28.17,15.08,190.2,637.82,17.0113979,-97.394366
Santa Catarina Yosonotú,2021,27.35,14.47,27.89,14.91,309.1,626.24,17.0113979,-97.394366
Santa Catarina Yosonotú,2022,27.71,14.13,28.21,14.34,275.0,651.13,17.0113979,-97.394366
Santa Catarina Yosonotú,2023,28.73,15.0,29.49,15.75,201.5,659.93,17.0113979,-97.394366
Santa Catarina Yosonotú,2024,29.09,15.26,29.76,15.9,286.3,680.99,17.0113979,-97.394366
Santa Catarina Yosonotú,2025,27.56,15.1,28.29,15.95,278.3,649.6,17.0113979,-97.394366
Santa Catarina Yosonotú,2026,28.31,14.85,28.09,15.42,125.3,341.34,17.0113979,-97.394366
Santa Catarina Zapoquila,2020,25.79,13.25,26.32,13.41,244.7,621.39,18.0352407,-97.3605959
Santa Catarina Zapoquila,2021,25.15,12.82,25.87,12.9,435.0,613.25,18.0352407,-97.3605959
Santa Catarina Zapoquila,2022,26.0,12.86,26.27,12.83,317.5,645.76,18.0352407,-97.3605959
Santa Catarina Zapoquila,2023,27.59,13.84,28.15,14.18,206.3,682.94,18.0352407,-97.3605959
Santa Catarina Zapoquila,2024,28.12,14.16,28.53,14.46,276.8,695.97,18.0352407,-97.3605959
Santa Catarina Zapoquila,2025,26.4,13.74,27.2,14.1,255.5,655.04,18.0352407,-97.3605959
Santa Catarina Zapoquila,2026,26.3,12.79,26.57,12.81,256.8,328.01,18.0352407,-97.3605959
Santa Cruz Acatepec,2020,28.05,21.79,32.45,24.79,970.2,524.0,18.0949542,-96.5231149
Santa Cruz Acatepec,2021,27.71,21.66,32.4,24.78,1036.2,517.26,18.0949542,-96.5231149
Santa Cruz Acatepec,2022,28.05,21.19,32.5,23.89,949.9,531.91,18.0949542,-96.5231149
Santa Cruz Acatepec,2023,29.3,22.19,34.34,25.44,685.0,558.55,18.0949542,-96.5231149
Santa Cruz Acatepec,2024,29.49,22.09,34.61,25.31,734.2,559.33,18.0949542,-96.5231149
Santa Cruz Acatepec,2025,29.43,21.04,33.89,23.8,995.3,559.61,18.0949542,-96.5231149
Santa Cruz Acatepec,2026,28.74,20.01,32.79,22.4,422.4,270.73,18.0949542,-96.5231149
Santa Cruz Amilpas,2020,23.96,13.62,24.35,13.32,272.4,615.86,17.033132,-96.4102462
Santa Cruz Amilpas,2021,23.62,13.41,23.79,13.07,314.4,601.49,17.033132,-96.4102462
Santa Cruz Amilpas,2022,24.35,13.25,24.26,12.9,279.9,632.5,17.033132,-96.4102462
Santa Cruz Amilpas,2023,25.76,13.98,25.78,13.84,242.1,653.73,17.033132,-96.4102462
Santa Cruz Amilpas,2024,26.26,13.6,26.27,13.2,261.3,671.91,17.033132,-96.4102462
Santa Cruz Amilpas,2025,25.17,13.0,25.41,12.78,327.7,634.43,17.033132,-96.4102462
Santa Cruz Amilpas,2026,25.44,12.25,24.93,11.63,257.9,333.37,17.033132,-96.4102462
Santa Cruz Itundujia,2020,28.56,15.11,30.34,15.79,554.1,604.33,16.5229749,-97.3937985
Santa Cruz Itundujia,2021,27.83,14.84,29.66,15.65,714.9,581.86,16.5229749,-97.3937985
Santa Cruz Itundujia,2022,28.12,14.41,29.76,14.9,554.6,602.88,16.5229749,-97.3937985
Santa Cruz Itundujia,2023,28.96,15.29,31.01,16.1,516.9,611.62,16.5229749,-97.3937985
Santa Cruz Itundujia,2024,28.9,15.6,30.78,16.48,651.6,624.02,16.5229749,-97.3937985
Santa Cruz Itundujia,2025,28.02,15.48,29.98,16.36,607.5,595.52,16.5229749,-97.3937985
Santa Cruz Itundujia,2026,29.2,15.09,30.39,15.58,130.9,324.65,16.5229749,-97.3937985
Santa Cruz Mixtepec,2020,28.35,14.67,28.6,15.15,295.4,680.85,16.4732794,-96.5256666
Santa Cruz Mixtepec,2021,28.13,14.52,28.21,15.03,324.0,677.31,16.4732794,-96.5256666
Santa Cruz Mixtepec,2022,28.69,14.29,28.63,14.57,225.0,709.91,16.4732794,-96.5256666
Santa Cruz Mixtepec,2023,29.79,15.34,29.88,16.05,191.0,732.17,16.4732794,-96.5256666
Santa Cruz Mixtepec,2024,29.64,15.34,29.84,15.91,248.6,725.18,16.4732794,-96.5256666
Santa Cruz Mixtepec,2025,28.71,14.83,29.03,15.43,338.1,697.98,16.4732794,-96.5256666
Santa Cruz Mixtepec,2026,28.92,13.88,28.54,14.25,197.0,363.41,16.4732794,-96.5256666
Santa Cruz Nundaco,2020,26.13,13.88,26.46,13.7,226.3,636.35,17.1026901,-97.4323474
Santa Cruz Nundaco,2021,25.7,13.63,26.07,13.36,307.7,624.81,17.1026901,-97.4323474
Santa Cruz Nundaco,2022,26.26,13.31,26.47,12.89,192.7,654.52,17.1026901,-97.4323474
Santa Cruz Nundaco,2023,27.24,14.07,27.7,14.08,219.8,663.58,17.1026901,-97.4323474
Santa Cruz Nundaco,2024,27.77,14.15,28.08,13.96,303.6,682.92,17.1026901,-97.4323474
Santa Cruz Nundaco,2025,26.21,14.41,26.72,14.48,240.1,652.15,17.1026901,-97.4323474
Santa Cruz Nundaco,2026,26.97,14.13,26.42,13.98,134.1,343.62,17.1026901,-97.4323474
Santa Cruz Papalutla,2020,31.16,16.48,32.02,17.68,209.3,704.77,16.5734159,-96.3505681
Santa Cruz Papalutla,2021,30.72,16.25,31.63,17.48,323.9,689.75,16.5734159,-96.3505681
Santa Cruz Papalutla,2022,31.2,15.96,31.92,16.98,240.0,719.9,16.5734159,-96.3505681
Santa Cruz Papalutla,2023,32.74,17.15,33.48,18.56,155.1,750.59,16.5734159,-96.3505681
Santa Cruz Papalutla,2024,32.43,16.84,33.49,18.09,238.2,742.59,16.5734159,-96.3505681
Santa Cruz Papalutla,2025,31.4,16.45,32.46,17.85,317.7,723.88,16.5734159,-96.3505681
Santa Cruz Papalutla,2026,31.31,15.68,31.54,16.77,157.1,371.11,16.5734159,-96.3505681
Santa Cruz Tacache de Mina,2020,26.94,13.64,27.3,13.33,234.3,651.32,17.4939581,-98.0902835
Santa Cruz Tacache de Mina,2021,26.28,13.29,26.69,13.0,422.1,627.34,17.4939581,-98.0902835
Santa Cruz Tacache de Mina,2022,26.92,12.93,27.33,12.48,348.8,661.17,17.4939581,-98.0902835
Santa Cruz Tacache de Mina,2023,27.71,13.75,28.55,13.68,338.7,669.06,17.4939581,-98.0902835
Santa Cruz Tacache de Mina,2024,28.1,13.85,28.88,13.56,440.8,686.97,17.4939581,-98.0902835
Santa Cruz Tacache de Mina,2025,26.7,13.75,27.59,13.63,440.6,643.25,17.4939581,-98.0902835
Santa Cruz Tacache de Mina,2026,27.53,13.41,27.77,13.14,186.6,339.05,17.4939581,-98.0902835
Santa Cruz Tacahua,2020,30.04,16.91,32.35,18.1,682.7,630.2,16.5508044,-97.2931797
Santa Cruz Tacahua,2021,29.35,16.57,31.79,17.89,705.1,609.0,16.5508044,-97.2931797
Santa Cruz Tacahua,2022,29.64,16.14,31.89,17.09,716.7,630.42,16.5508044,-97.2931797
Santa Cruz Tacahua,2023,30.51,17.03,33.06,18.35,695.2,639.25,16.5508044,-97.2931797
Santa Cruz Tacahua,2024,30.35,17.45,32.83,18.85,622.4,650.01,16.5508044,-97.2931797
Santa Cruz Tacahua,2025,29.33,16.95,31.91,18.32,776.8,617.69,16.5508044,-97.2931797
Santa Cruz Tacahua,2026,30.37,16.3,32.06,17.18,178.6,334.53,16.5508044,-97.2931797
Santa Cruz Tayata,2020,19.8,8.14,19.42,6.52,365.4,558.18,17.2127968,-97.3406942
Santa Cruz Tayata,2021,19.57,7.94,19.19,6.35,500.2,549.6,17.2127968,-97.3406942
Santa Cruz Tayata,2022,19.82,7.67,19.25,5.99,380.9,568.94,17.2127968,-97.3406942
Santa Cruz Tayata,2023,20.8,8.44,20.63,7.08,375.0,585.34,17.2127968,-97.3406942
Santa Cruz Tayata,2024,21.61,8.87,21.2,7.45,396.1,608.37,17.2127968,-97.3406942
Santa Cruz Tayata,2025,19.89,8.91,19.64,7.67,394.6,568.68,17.2127968,-97.3406942
Santa Cruz Tayata,2026,20.38,8.23,19.63,6.74,213.6,295.92,17.2127968,-97.3406942
Santa Cruz Xitla,2020,16.77,6.49,16.52,4.33,545.2,497.36,16.1920772,-96.4023264
Santa Cruz Xitla,2021,16.65,6.09,16.36,4.0,726.7,497.29,16.1920772,-96.4023264
Santa Cruz Xitla,2022,16.68,5.93,16.24,3.74,384.4,504.83,16.1920772,-96.4023264
Santa Cruz Xitla,2023,17.63,6.89,17.42,5.01,463.5,521.92,16.1920772,-96.4023264
Santa Cruz Xitla,2024,18.18,7.65,17.94,5.64,567.1,539.41,16.1920772,-96.4023264
Santa Cruz Xitla,2025,17.19,7.48,16.65,5.64,582.4,511.33,16.1920772,-96.4023264
Santa Cruz Xitla,2026,17.65,6.43,16.52,4.16,264.8,275.62,16.1920772,-96.4023264
Santa Cruz Xoxocotlán,2020,22.13,11.45,22.36,10.55,425.0,587.68,17.0138213,-96.4403689
Santa Cruz Xoxocotlán,2021,21.96,11.17,21.97,10.27,502.3,574.87,17.0138213,-96.4403689
Santa Cruz Xoxocotlán,2022,22.52,10.95,22.31,10.0,395.7,604.22,17.0138213,-96.4403689
Santa Cruz Xoxocotlán,2023,23.72,11.7,23.62,11.0,337.0,622.87,17.0138213,-96.4403689
Santa Cruz Xoxocotlán,2024,24.25,11.76,24.03,10.76,441.2,638.61,17.0138213,-96.4403689
Santa Cruz Xoxocotlán,2025,22.74,11.67,22.75,10.82,546.8,596.5,17.0138213,-96.4403689
Santa Cruz Xoxocotlán,2026,23.37,10.76,22.42,9.41,295.7,317.5,17.0138213,-96.4403689
Santa Cruz Zenzontepec,2020,27.93,16.12,30.12,16.64,532.3,606.28,16.3206472,-97.2942284
Santa Cruz Zenzontepec,2021,27.56,15.95,29.74,16.59,609.9,589.23,16.3206472,-97.2942284
Santa Cruz Zenzontepec,2022,27.87,15.38,30.04,15.7,491.0,610.86,16.3206472,-97.2942284
Santa Cruz Zenzontepec,2023,28.65,16.72,31.23,17.57,542.5,620.55,16.3206472,-97.2942284
Santa Cruz Zenzontepec,2024,28.88,17.17,31.33,18.08,606.0,638.4,16.3206472,-97.2942284
Santa Cruz Zenzontepec,2025,27.97,16.9,30.43,17.66,559.8,607.09,16.3206472,-97.2942284
Santa Cruz Zenzontepec,2026,28.41,16.36,30.06,16.78,218.2,326.54,16.3206472,-97.2942284
Santa Cruz de Bravo,2020,21.3,10.9,21.89,9.75,532.1,546.3,17.3452946,-98.1326361
Santa Cruz de Bravo,2021,20.84,10.56,21.38,9.58,710.0,523.36,17.3452946,-98.1326361
Santa Cruz de Bravo,2022,21.01,10.26,21.48,9.18,596.3,542.24,17.3452946,-98.1326361
Santa Cruz de Bravo,2023,21.62,10.9,22.61,10.2,617.6,549.77,17.3452946,-98.1326361
Santa Cruz de Bravo,2024,22.2,11.25,22.8,10.35,600.7,574.51,17.3452946,-98.1326361
Santa Cruz de Bravo,2025,21.29,11.05,21.96,10.35,547.6,534.4,17.3452946,-98.1326361
Santa Cruz de Bravo,2026,21.92,10.58,22.23,9.85,207.3,280.26,17.3452946,-98.1326361
Santa Gertrudis,2020,28.96,14.43,28.98,14.7,200.3,688.46,16.4711741,-96.4749961
Santa Gertrudis,2021,28.6,14.25,28.59,14.57,238.1,680.44,16.4711741,-96.4749961
Santa Gertrudis,2022,28.99,13.84,28.87,13.93,182.4,708.65,16.4711741,-96.4749961
Santa Gertrudis,2023,30.37,15.07,30.37,15.58,113.4,736.16,16.4711741,-96.4749961
Santa Gertrudis,2024,30.14,14.89,30.36,15.35,225.4,730.9,16.4711741,-96.4749961
Santa Gertrudis,2025,29.12,14.52,29.36,15.09,285.5,702.38,16.4711741,-96.4749961
Santa Gertrudis,2026,29.36,13.53,29.06,13.85,154.9,365.53,16.4711741,-96.4749961
Santa Inés Yatzeche,2020,28.6,14.07,28.53,14.22,200.3,683.18,16.4831224,-96.4522767
Santa Inés Yatzeche,2021,28.25,13.9,28.13,14.1,238.1,675.24,16.4831224,-96.4522767
Santa Inés Yatzeche,2022,28.65,13.49,28.42,13.47,182.4,703.14,16.4831224,-96.4522767
Santa Inés Yatzeche,2023,30.02,14.71,29.91,15.11,113.4,730.7,16.4831224,-96.4522767
Santa Inés Yatzeche,2024,29.79,14.53,29.9,14.88,225.4,725.57,16.4831224,-96.4522767
Santa Inés Yatzeche,2025,28.78,14.16,28.9,14.62,285.5,696.97,16.4831224,-96.4522767
Santa Inés Yatzeche,2026,29.01,13.17,28.62,13.38,154.9,362.85,16.4831224,-96.4522767
Santa Inés de Zaragoza,2020,22.24,9.99,22.05,8.58,364.6,579.55,17.1342605,-97.0933206
Santa Inés de Zaragoza,2021,21.94,9.84,21.96,8.52,561.9,559.86,17.1342605,-97.0933206
Santa Inés de Zaragoza,2022,22.24,9.54,21.99,8.06,366.5,581.56,17.1342605,-97.0933206
Santa Inés de Zaragoza,2023,23.14,10.39,23.27,9.35,421.4,590.03,17.1342605,-97.0933206
Santa Inés de Zaragoza,2024,23.83,10.96,23.64,9.94,453.8,618.73,17.1342605,-97.0933206
Santa Inés de Zaragoza,2025,22.16,10.4,22.27,9.33,419.6,573.34,17.1342605,-97.0933206
Santa Inés de Zaragoza,2026,22.58,9.5,22.11,8.21,221.7,306.56,17.1342605,-97.0933206
Santa Inés del Monte,2020,24.17,11.69,23.89,11.14,339.2,615.32,16.553276,-96.5142073
Santa Inés del Monte,2021,23.88,11.49,23.48,11.04,549.2,608.74,16.553276,-96.5142073
Santa Inés del Monte,2022,24.54,11.35,23.91,10.65,313.4,639.28,16.553276,-96.5142073
Santa Inés del Monte,2023,25.71,12.32,25.28,12.07,261.6,660.74,16.553276,-96.5142073
Santa Inés del Monte,2024,25.59,12.4,25.26,11.98,352.9,658.92,16.553276,-96.5142073
Santa Inés del Monte,2025,24.43,11.71,24.31,11.37,358.5,627.62,16.553276,-96.5142073
Santa Inés del Monte,2026,24.81,11.02,23.99,10.5,224.8,329.99,16.553276,-96.5142073
Santa Lucía Miahuatlán,2020,17.66,8.1,18.34,6.24,670.8,495.8,16.1111303,-96.370556
Santa Lucía Miahuatlán,2021,17.36,7.6,18.0,5.78,996.5,487.5,16.1111303,-96.370556
Santa Lucía Miahuatlán,2022,17.23,7.31,17.74,5.38,726.2,494.13,16.1111303,-96.370556
Santa Lucía Miahuatlán,2023,17.91,8.06,18.7,6.23,754.4,508.36,16.1111303,-96.370556
Santa Lucía Miahuatlán,2024,18.48,8.49,19.36,6.57,783.6,528.01,16.1111303,-96.370556
Santa Lucía Miahuatlán,2025,18.15,7.92,18.45,6.07,707.5,507.38,16.1111303,-96.370556
Santa Lucía Miahuatlán,2026,18.38,6.76,18.33,4.5,327.2,271.09,16.1111303,-96.370556
Santa Lucía Monteverde,2020,30.01,16.56,32.25,17.72,554.1,618.94,16.5816648,-97.395869
Santa Lucía Monteverde,2021,29.28,16.3,31.59,17.59,714.9,596.24,16.5816648,-97.395869
Santa Lucía Monteverde,2022,29.56,15.87,31.67,16.82,554.6,617.82,16.5816648,-97.395869
Santa Lucía Monteverde,2023,30.41,16.74,32.95,18.04,516.9,626.43,16.5816648,-97.395869
Santa Lucía Monteverde,2024,30.34,17.06,32.71,18.42,651.6,639.44,16.5816648,-97.395869
Santa Lucía Monteverde,2025,29.47,16.94,31.91,18.3,607.5,610.32,16.5816648,-97.395869
Santa Lucía Monteverde,2026,30.65,16.54,32.24,17.49,130.9,332.62,16.5816648,-97.395869
Santa Lucía Ocotlán,2020,27.62,14.52,27.58,14.37,255.8,669.83,16.4431884,-96.4049426
Santa Lucía Ocotlán,2021,27.23,14.35,27.15,14.33,262.4,663.75,16.4431884,-96.4049426
Santa Lucía Ocotlán,2022,27.67,13.98,27.42,13.74,177.4,691.53,16.4431884,-96.4049426
Santa Lucía Ocotlán,2023,29.17,15.08,29.03,15.18,133.7,722.26,16.4431884,-96.4049426
Santa Lucía Ocotlán,2024,29.21,14.98,29.32,14.9,253.2,716.06,16.4431884,-96.4049426
Santa Lucía Ocotlán,2025,28.13,14.34,28.32,14.58,246.0,688.46,16.4431884,-96.4049426
Santa Lucía Ocotlán,2026,28.49,13.3,28.02,13.17,131.9,359.05,16.4431884,-96.4049426
Santa Lucía del Camino,2020,24.3,13.97,24.78,13.76,272.4,619.92,17.0350825,-96.4140838
Santa Lucía del Camino,2021,23.97,13.76,24.21,13.51,314.4,605.51,17.0350825,-96.4140838
Santa Lucía del Camino,2022,24.7,13.59,24.68,13.33,279.9,636.76,17.0350825,-96.4140838
Santa Lucía del Camino,2023,26.11,14.33,26.21,14.28,242.1,657.95,17.0350825,-96.4140838
Santa Lucía del Camino,2024,26.62,13.94,26.7,13.63,261.3,676.27,17.0350825,-96.4140838
Santa Lucía del Camino,2025,25.52,13.36,25.83,13.22,327.7,638.55,17.0350825,-96.4140838
Santa Lucía del Camino,2026,25.78,12.61,25.34,12.05,257.9,335.59,17.0350825,-96.4140838
Santa Magdalena Jicotlán,2020,23.26,11.6,22.69,10.84,237.9,613.45,17.482526,-97.2814349
Santa Magdalena Jicotlán,2021,22.67,11.29,22.2,10.5,283.1,596.69,17.482526,-97.2814349
Santa Magdalena Jicotlán,2022,23.24,11.06,22.49,10.13,186.8,627.36,17.482526,-97.2814349
Santa Magdalena Jicotlán,2023,24.46,11.85,24.04,11.34,183.3,648.3,17.482526,-97.2814349
Santa Magdalena Jicotlán,2024,25.3,12.01,24.75,11.41,236.9,673.04,17.482526,-97.2814349
Santa Magdalena Jicotlán,2025,23.6,11.1,23.44,10.62,227.3,623.53,17.482526,-97.2814349
Santa Magdalena Jicotlán,2026,24.25,10.41,23.34,9.69,191.5,323.54,17.482526,-97.2814349
Santa María Alotepec,2020,26.73,19.01,29.5,20.73,854.1,512.61,17.0531544,-95.5116458
Santa María Alotepec,2021,26.48,18.93,29.55,20.91,866.8,495.78,17.0531544,-95.5116458
Santa María Alotepec,2022,26.82,18.62,29.69,20.28,925.8,524.72,17.0531544,-95.5116458
Santa María Alotepec,2023,28.15,19.58,31.52,21.76,697.1,565.58,17.0531544,-95.5116458
Santa María Alotepec,2024,29.08,19.53,32.13,21.53,711.1,600.43,17.0531544,-95.5116458
Santa María Alotepec,2025,28.46,18.41,31.12,20.36,796.2,564.29,17.0531544,-95.5116458
Santa María Alotepec,2026,27.8,17.42,30.02,19.08,334.4,278.72,17.0531544,-95.5116458
Santa María Apazco,2020,24.65,12.46,24.54,12.18,285.5,618.14,17.38045,-97.0601393
Santa María Apazco,2021,24.23,12.2,24.05,11.95,319.8,597.28,17.38045,-97.0601393
Santa María Apazco,2022,24.81,12.21,24.5,11.87,219.0,628.57,17.38045,-97.0601393
Santa María Apazco,2023,26.07,13.11,26.08,13.09,220.1,647.68,17.38045,-97.0601393
Santa María Apazco,2024,27.02,13.46,26.77,13.44,230.9,677.97,17.38045,-97.0601393
Santa María Apazco,2025,25.16,13.29,24.96,13.33,251.9,634.89,17.38045,-97.0601393
Santa María Apazco,2026,25.48,12.57,24.78,12.39,173.4,334.93,17.38045,-97.0601393
Santa María Atzompa,2020,19.59,9.77,19.43,8.21,459.5,550.14,17.0610316,-96.464534
Santa María Atzompa,2021,19.36,9.43,19.24,7.91,638.1,538.44,17.0610316,-96.464534
Santa María Atzompa,2022,19.76,9.22,19.46,7.66,388.9,564.33,17.0610316,-96.464534
Santa María Atzompa,2023,20.67,9.85,20.79,8.49,409.1,577.49,17.0610316,-96.464534
Santa María Atzompa,2024,21.57,10.35,21.38,8.87,394.6,604.79,17.0610316,-96.464534
Santa María Atzompa,2025,19.77,9.59,19.92,8.11,604.3,550.68,17.0610316,-96.464534
Santa María Atzompa,2026,20.02,8.49,19.69,6.61,284.5,289.75,17.0610316,-96.464534
Santa María Camotlán,2020,21.47,9.43,20.59,8.02,289.1,584.98,17.5358418,-97.4136168
Santa María Camotlán,2021,20.98,9.23,20.24,7.84,369.5,569.08,17.5358418,-97.4136168
Santa María Camotlán,2022,21.54,8.91,20.45,7.4,271.1,600.84,17.5358418,-97.4136168
Santa María Camotlán,2023,22.67,9.67,22.05,8.52,271.0,616.17,17.5358418,-97.4136168
Santa María Camotlán,2024,23.54,9.84,22.8,8.65,324.0,642.35,17.5358418,-97.4136168
Santa María Camotlán,2025,21.92,9.4,21.34,8.49,279.5,596.06,17.5358418,-97.4136168
Santa María Camotlán,2026,22.51,8.83,21.26,7.66,230.0,306.92,17.5358418,-97.4136168
Santa María Chachoápam,2020,21.58,9.66,20.53,8.47,236.3,592.46,17.313056,-97.1700618
Santa María Chachoápam,2021,21.13,9.5,20.27,8.26,340.1,575.08,17.313056,-97.1700618
Santa María Chachoápam,2022,21.6,9.04,20.52,7.68,196.8,601.95,17.313056,-97.1700618
Santa María Chachoápam,2023,22.89,10.17,22.38,9.21,226.1,623.3,17.313056,-97.1700618
Santa María Chachoápam,2024,23.73,10.26,23.09,9.27,276.0,649.14,17.313056,-97.1700618
Santa María Chachoápam,2025,22.03,9.71,21.69,8.94,246.8,603.33,17.313056,-97.1700618
Santa María Chachoápam,2026,22.64,9.09,21.64,8.18,176.2,315.68,17.313056,-97.1700618
Santa María Chilchotla,2020,28.9,22.65,33.75,26.06,970.2,533.51,18.1403265,-96.4949946
Santa María Chilchotla,2021,28.56,22.51,33.72,26.05,1036.2,526.86,18.1403265,-96.4949946
Santa María Chilchotla,2022,28.9,22.04,33.8,25.15,949.9,541.76,18.1403265,-96.4949946
Santa María Chilchotla,2023,30.15,23.04,35.67,26.72,685.0,568.49,18.1403265,-96.4949946
Santa María Chilchotla,2024,30.34,22.95,35.96,26.59,734.2,569.33,18.1403265,-96.4949946
Santa María Chilchotla,2025,30.27,21.89,35.19,25.05,995.3,569.51,18.1403265,-96.4949946
Santa María Chilchotla,2026,29.59,20.86,34.07,23.64,422.4,275.52,18.1403265,-96.4949946
Santa María Chimalapa,2020,32.59,22.72,36.12,24.96,451.7,694.96,16.5435712,-94.405888
Santa María Chimalapa,2021,32.12,22.48,35.78,24.8,659.0,684.1,16.5435712,-94.405888
Santa María Chimalapa,2022,32.37,22.45,35.95,24.83,575.0,672.69,16.5435712,-94.405888
Santa María Chimalapa,2023,33.94,23.41,37.5,26.17,357.6,697.96,16.5435712,-94.405888
Santa María Chimalapa,2024,32.94,22.62,36.99,25.02,678.8,686.59,16.5435712,-94.405888
Santa María Chimalapa,2025,32.74,23.03,36.47,25.43,508.4,694.33,16.5435712,-94.405888
Santa María Chimalapa,2026,34.33,22.31,36.45,23.81,307.4,399.14,16.5435712,-94.405888
Santa María Colotepec,2020,28.8,27.2,33.82,30.41,441.3,684.59,15.5352052,-96.561892
Santa María Colotepec,2021,28.42,26.76,33.52,30.1,580.4,664.41,15.5352052,-96.561892
Santa María Colotepec,2022,28.53,26.84,33.48,29.72,497.3,695.59,15.5352052,-96.561892
Santa María Colotepec,2023,29.43,27.71,34.72,31.18,252.3,724.14,15.5352052,-96.561892
Santa María Colotepec,2024,28.77,26.82,33.68,30.16,673.4,654.54,15.5352052,-96.561892
Santa María Colotepec,2025,28.98,26.88,34.13,30.3,521.2,666.23,15.5352052,-96.561892
Santa María Colotepec,2026,29.0,27.12,33.82,30.29,237.4,356.19,15.5352052,-96.561892
Santa María Cortijo,2020,31.74,23.23,35.95,26.77,338.0,668.56,16.2702889,-98.1708579
Santa María Cortijo,2021,31.09,23.0,35.53,26.58,541.9,641.93,16.2702889,-98.1708579
Santa María Cortijo,2022,31.07,22.6,35.43,25.82,571.8,647.48,16.2702889,-98.1708579
Santa María Cortijo,2023,32.33,23.56,37.02,27.22,316.9,676.87,16.2702889,-98.1708579
Santa María Cortijo,2024,31.59,22.72,36.24,26.31,544.7,643.23,16.2702889,-98.1708579
Santa María Cortijo,2025,31.65,23.01,36.55,26.76,579.1,640.26,16.2702889,-98.1708579
Santa María Cortijo,2026,32.18,23.13,35.87,26.61,241.7,339.42,16.2702889,-98.1708579
Santa María Coyotepec,2020,25.53,12.08,25.35,11.8,273.8,625.73,16.5801778,-96.4224251
Santa María Coyotepec,2021,25.03,11.79,24.85,11.57,504.6,613.53,16.5801778,-96.4224251
Santa María Coyotepec,2022,25.6,11.58,25.22,11.17,261.0,641.3,16.5801778,-96.4224251
Santa María Coyotepec,2023,27.13,12.87,26.78,12.89,172.9,670.45,16.5801778,-96.4224251
Santa María Coyotepec,2024,26.79,12.86,26.72,12.84,315.4,665.56,16.5801778,-96.4224251
Santa María Coyotepec,2025,25.71,12.07,25.76,11.95,302.4,635.94,16.5801778,-96.4224251
Santa María Coyotepec,2026,25.89,11.36,25.24,11.04,214.2,331.3,16.5801778,-96.4224251
Santa María Ecatepec,2020,30.03,21.04,31.98,21.45,550.8,738.68,16.1703057,-95.5252069
Santa María Ecatepec,2021,29.55,20.65,31.61,21.43,635.8,704.94,16.1703057,-95.5252069
Santa María Ecatepec,2022,29.42,20.54,31.47,20.99,580.2,726.89,16.1703057,-95.5252069
Santa María Ecatepec,2023,30.73,21.29,33.07,22.53,439.5,725.44,16.1703057,-95.5252069
Santa María Ecatepec,2024,29.85,20.58,32.53,22.01,841.4,675.22,16.1703057,-95.5252069
Santa María Ecatepec,2025,29.91,20.62,32.2,21.62,528.4,710.04,16.1703057,-95.5252069
Santa María Ecatepec,2026,30.37,20.0,31.53,20.36,241.4,379.64,16.1703057,-95.5252069
Santa María Guelacé,2020,17.69,7.94,16.96,5.97,297.5,530.08,17.0003156,-96.3610188
Santa María Guelacé,2021,17.39,7.61,16.6,5.7,418.3,517.71,17.0003156,-96.3610188
Santa María Guelacé,2022,17.97,7.42,16.89,5.35,269.0,544.2,17.0003156,-96.3610188
Santa María Guelacé,2023,19.08,8.33,18.13,6.55,304.3,563.11,17.0003156,-96.3610188
Santa María Guelacé,2024,19.68,8.81,18.63,6.9,256.7,583.94,17.0003156,-96.3610188
Santa María Guelacé,2025,17.88,8.08,17.14,6.26,409.1,534.22,17.0003156,-96.3610188
Santa María Guelacé,2026,18.25,7.13,17.13,4.91,255.7,281.15,17.0003156,-96.3610188
Santa María Guienagati,2020,32.46,22.59,34.6,24.65,217.0,769.52,16.4416738,-95.2116149
Santa María Guienagati,2021,31.86,22.32,34.16,24.56,587.7,728.73,16.4416738,-95.2116149
Santa María Guienagati,2022,31.84,22.09,34.21,24.13,483.9,741.55,16.4416738,-95.2116149
Santa María Guienagati,2023,33.51,23.0,35.88,25.61,306.7,786.78,16.4416738,-95.2116149
Santa María Guienagati,2024,32.52,22.22,35.01,24.91,621.2,736.58,16.4416738,-95.2116149
Santa María Guienagati,2025,32.68,22.62,34.68,24.83,451.2,787.36,16.4416738,-95.2116149
Santa María Guienagati,2026,32.47,21.84,33.47,23.36,266.9,413.74,16.4416738,-95.2116149
Santa María Huatulco,2020,28.75,27.03,33.52,29.77,402.8,698.17,15.5010001,-96.1919535
Santa María Huatulco,2021,28.36,26.66,33.1,29.56,440.6,668.89,15.5010001,-96.1919535
Santa María Huatulco,2022,28.47,26.65,33.12,29.3,499.2,696.07,15.5010001,-96.1919535
Santa María Huatulco,2023,29.4,27.56,34.49,30.79,222.5,727.81,15.5010001,-96.1919535
Santa María Huatulco,2024,28.67,26.77,33.4,29.72,602.1,657.79,15.5010001,-96.1919535
Santa María Huatulco,2025,28.86,26.78,33.84,29.82,476.2,674.08,15.5010001,-96.1919535
Santa María Huatulco,2026,28.91,26.93,33.41,29.65,191.2,361.6,15.5010001,-96.1919535
Santa María Huazolotitlán,2020,31.17,21.05,35.07,23.24,471.7,638.51,16.1808,-97.54463
Santa María Huazolotitlán,2021,30.08,20.51,34.37,22.98,701.5,600.53,16.1808,-97.54463
Santa María Huazolotitlán,2022,30.3,20.0,34.32,22.09,596.0,618.47,16.1808,-97.54463
Santa María Huazolotitlán,2023,31.59,21.11,35.72,23.68,481.0,640.21,16.1808,-97.54463
Santa María Huazolotitlán,2024,31.23,20.98,35.3,23.51,522.7,622.27,16.1808,-97.54463
Santa María Huazolotitlán,2025,30.79,20.32,34.9,22.78,546.4,604.52,16.1808,-97.54463
Santa María Huazolotitlán,2026,31.72,20.04,34.84,22.12,157.7,327.61,16.1808,-97.54463
Santa María Ipalapa,2020,31.59,20.41,34.38,22.4,490.1,669.21,16.3810387,-98.0201766
Santa María Ipalapa,2021,30.71,20.04,33.79,22.22,699.1,627.19,16.3810387,-98.0201766
Santa María Ipalapa,2022,30.72,19.45,33.62,21.29,630.4,640.45,16.3810387,-98.0201766
Santa María Ipalapa,2023,32.03,20.66,35.15,22.96,448.2,668.27,16.3810387,-98.0201766
Santa María Ipalapa,2024,31.0,19.84,34.21,22.19,685.2,638.57,16.3810387,-98.0201766
Santa María Ipalapa,2025,30.44,19.28,33.92,21.63,660.2,610.42,16.3810387,-98.0201766
Santa María Ipalapa,2026,31.9,19.35,34.14,21.33,234.8,334.48,16.3810387,-98.0201766
Santa María Ixcatlán,2020,23.39,11.88,23.19,11.12,297.2,604.9,17.5105735,-97.1125735
Santa María Ixcatlán,2021,22.78,11.53,22.75,10.71,367.8,586.83,17.5105735,-97.1125735
Santa María Ixcatlán,2022,23.31,11.46,23.01,10.61,284.9,616.14,17.5105735,-97.1125735
Santa María Ixcatlán,2023,24.45,12.26,24.53,11.73,215.1,635.79,17.5105735,-97.1125735
Santa María Ixcatlán,2024,25.39,12.73,25.13,12.15,252.3,668.13,17.5105735,-97.1125735
Santa María Ixcatlán,2025,23.69,12.4,23.66,11.83,271.8,630.44,17.5105735,-97.1125735
Santa María Ixcatlán,2026,23.97,11.65,23.46,10.82,171.9,329.22,17.5105735,-97.1125735
Santa María Jacatepec,2020,19.52,11.67,21.23,11.38,1598.0,437.71,17.5136478,-96.1240768
Santa María Jacatepec,2021,19.17,11.63,21.0,11.37,1569.3,424.5,17.5136478,-96.1240768
Santa María Jacatepec,2022,19.37,11.24,21.09,10.9,1268.7,447.17,17.5136478,-96.1240768
Santa María Jacatepec,2023,20.41,12.26,22.47,12.1,1206.1,480.44,17.5136478,-96.1240768
Santa María Jacatepec,2024,21.36,12.63,23.61,12.49,954.3,498.28,17.5136478,-96.1240768
Santa María Jacatepec,2025,20.65,12.02,22.28,11.83,1363.7,483.37,17.5136478,-96.1240768
Santa María Jacatepec,2026,19.38,10.8,20.83,10.36,694.8,230.66,17.5136478,-96.1240768
Santa María Jalapa del Marqués,2020,33.21,23.09,35.26,24.53,221.8,829.19,16.2624235,-95.2636161
Santa María Jalapa del Marqués,2021,32.58,22.69,34.73,24.44,538.2,778.78,16.2624235,-95.2636161
Santa María Jalapa del Marqués,2022,32.55,22.45,34.86,23.83,479.2,796.57,16.2624235,-95.2636161
Santa María Jalapa del Marqués,2023,34.33,23.45,36.74,25.47,334.4,832.0,16.2624235,-95.2636161
Santa María Jalapa del Marqués,2024,33.25,22.63,35.93,24.8,661.6,772.15,16.2624235,-95.2636161
Santa María Jalapa del Marqués,2025,33.43,23.04,35.7,24.86,464.6,821.37,16.2624235,-95.2636161
Santa María Jalapa del Marqués,2026,33.37,22.5,34.62,23.65,219.0,432.92,16.2624235,-95.2636161
Santa María Jaltianguis,2020,21.03,10.55,21.36,9.39,599.2,510.23,17.2156206,-96.3141777
Santa María Jaltianguis,2021,20.68,10.23,21.23,9.07,607.4,499.65,17.2156206,-96.3141777
Santa María Jaltianguis,2022,21.19,9.85,21.46,8.56,468.0,524.44,17.2156206,-96.3141777
Santa María Jaltianguis,2023,22.64,10.93,23.22,9.93,284.2,560.71,17.2156206,-96.3141777
Santa María Jaltianguis,2024,23.96,11.38,24.31,10.3,371.8,591.89,17.2156206,-96.3141777
Santa María Jaltianguis,2025,22.33,11.56,22.66,10.75,459.4,552.41,17.2156206,-96.3141777
Santa María Jaltianguis,2026,21.76,10.48,21.83,9.43,205.0,275.93,17.2156206,-96.3141777
Santa María Lachixío,2020,22.99,10.54,23.37,9.56,543.5,569.75,16.4339922,-97.0109159
Santa María Lachixío,2021,22.79,10.32,23.2,9.38,595.2,560.68,16.4339922,-97.0109159
Santa María Lachixío,2022,23.14,10.04,23.43,8.97,483.5,583.46,16.4339922,-97.0109159
Santa María Lachixío,2023,23.88,10.94,24.4,10.08,541.4,588.32,16.4339922,-97.0109159
Santa María Lachixío,2024,23.95,11.32,24.31,10.47,548.6,602.88,16.4339922,-97.0109159
Santa María Lachixío,2025,22.91,10.66,23.3,9.67,565.5,570.33,16.4339922,-97.0109159
Santa María Lachixío,2026,23.27,9.71,22.99,8.51,152.2,302.73,16.4339922,-97.0109159
Santa María Mixtequilla,2020,31.51,24.48,33.41,25.85,254.4,863.4,16.222535,-95.1537704
Santa María Mixtequilla,2021,30.9,24.17,32.84,25.74,552.3,808.85,16.222535,-95.1537704
Santa María Mixtequilla,2022,31.04,24.01,33.15,25.44,403.5,830.62,16.222535,-95.1537704
Santa María Mixtequilla,2023,32.71,25.07,34.91,27.0,263.4,887.13,16.222535,-95.1537704
Santa María Mixtequilla,2024,31.5,24.33,34.16,26.3,638.0,806.35,16.222535,-95.1537704
Santa María Mixtequilla,2025,32.08,24.62,33.92,25.93,445.6,882.57,16.222535,-95.1537704
Santa María Mixtequilla,2026,32.04,23.9,32.82,24.58,230.8,468.2,16.222535,-95.1537704
Santa María Nativitas,2020,22.81,11.0,21.93,10.14,225.8,615.57,17.394138,-97.2005234
Santa María Nativitas,2021,22.3,10.63,21.59,9.65,254.4,597.37,17.394138,-97.2005234
Santa María Nativitas,2022,22.91,10.49,21.9,9.43,175.5,629.3,17.394138,-97.2005234
Santa María Nativitas,2023,24.08,11.25,23.65,10.5,195.7,646.68,17.394138,-97.2005234
Santa María Nativitas,2024,24.99,11.2,24.5,10.36,231.0,669.83,17.394138,-97.2005234
Santa María Nativitas,2025,23.37,10.49,23.16,9.83,225.3,628.44,17.394138,-97.2005234
Santa María Nativitas,2026,23.97,9.89,23.17,9.07,134.6,326.42,17.394138,-97.2005234
Santa María Nduayaco,2020,22.08,10.54,21.56,9.36,296.0,589.14,17.2441432,-97.2946814
Santa María Nduayaco,2021,21.79,10.38,21.36,9.2,466.8,576.72,17.2441432,-97.2946814
Santa María Nduayaco,2022,22.16,10.06,21.49,8.76,295.4,599.53,17.2441432,-97.2946814
Santa María Nduayaco,2023,23.45,10.88,23.13,10.01,320.8,620.58,17.2441432,-97.2946814
Santa María Nduayaco,2024,24.21,11.12,23.75,10.25,330.9,645.92,17.2441432,-97.2946814
Santa María Nduayaco,2025,22.47,10.98,22.15,10.24,347.7,603.14,17.2441432,-97.2946814
Santa María Nduayaco,2026,23.01,10.37,21.98,9.36,186.3,317.37,17.2441432,-97.2946814
Santa María Ozolotepec,2020,21.05,15.16,23.44,14.82,881.8,516.68,16.0751027,-96.221224
Santa María Ozolotepec,2021,20.74,14.44,23.09,13.96,699.3,509.4,16.0751027,-96.221224
Santa María Ozolotepec,2022,20.82,14.1,22.75,13.59,760.8,520.82,16.0751027,-96.221224
Santa María Ozolotepec,2023,21.47,14.08,23.74,13.57,629.5,535.74,16.0751027,-96.221224
Santa María Ozolotepec,2024,21.57,13.85,23.7,13.18,901.8,539.52,16.0751027,-96.221224
Santa María Ozolotepec,2025,21.45,12.6,22.97,11.94,799.2,524.01,16.0751027,-96.221224
Santa María Ozolotepec,2026,21.45,11.93,22.58,10.97,323.3,269.13,16.0751027,-96.221224
Santa María Petapa,2020,32.37,23.78,34.53,25.76,219.1,797.89,16.4920745,-95.0712139
Santa María Petapa,2021,31.64,23.44,34.03,25.64,643.9,744.08,16.4920745,-95.0712139
Santa María Petapa,2022,31.65,23.38,34.03,25.36,469.2,764.15,16.4920745,-95.0712139
Santa María Petapa,2023,33.49,24.32,35.98,26.85,322.0,822.26,16.4920745,-95.0712139
Santa María Petapa,2024,32.59,23.78,35.32,26.44,802.4,765.9,16.4920745,-95.0712139
Santa María Petapa,2025,32.71,24.14,34.56,25.78,498.0,847.27,16.4920745,-95.0712139
Santa María Petapa,2026,32.78,23.36,33.51,24.38,246.1,449.01,16.4920745,-95.0712139
Santa María Peñoles,2020,19.98,8.19,19.58,6.64,418.4,553.17,17.0444094,-97.0008804
Santa María Peñoles,2021,19.77,7.98,19.37,6.51,595.7,540.71,17.0444094,-97.0008804
Santa María Peñoles,2022,20.05,7.83,19.48,6.24,500.0,559.52,17.0444094,-97.0008804
Santa María Peñoles,2023,20.91,8.75,20.73,7.52,407.7,571.26,17.0444094,-97.0008804
Santa María Peñoles,2024,21.76,9.44,21.34,8.25,449.8,595.07,17.0444094,-97.0008804
Santa María Peñoles,2025,20.19,8.75,19.84,7.7,395.2,551.45,17.0444094,-97.0008804
Santa María Peñoles,2026,20.56,7.85,19.83,6.47,242.6,294.7,17.0444094,-97.0008804
Santa María Pápalo,2020,14.7,4.8,14.44,3.02,702.7,455.2,17.4702976,-96.4750483
Santa María Pápalo,2021,14.45,4.69,14.37,2.98,804.4,451.4,17.4702976,-96.4750483
Santa María Pápalo,2022,14.75,4.55,14.44,2.69,590.6,471.29,17.4702976,-96.4750483
Santa María Pápalo,2023,15.59,5.26,15.67,3.56,512.4,488.79,17.4702976,-96.4750483
Santa María Pápalo,2024,16.64,5.48,16.61,3.73,507.2,509.32,17.4702976,-96.4750483
Santa María Pápalo,2025,15.56,5.32,15.4,3.56,719.0,480.76,17.4702976,-96.4750483
Santa María Pápalo,2026,15.47,4.0,15.25,2.01,332.0,245.38,17.4702976,-96.4750483
Santa María Quiegolani,2020,23.67,15.77,25.08,15.02,477.8,582.24,16.1637968,-96.0307211
Santa María Quiegolani,2021,23.52,15.32,24.83,14.56,427.1,579.32,16.1637968,-96.0307211
Santa María Quiegolani,2022,23.36,15.23,24.58,14.42,440.9,589.62,16.1637968,-96.0307211
Santa María Quiegolani,2023,24.36,15.84,25.74,15.15,335.5,611.46,16.1637968,-96.0307211
Santa María Quiegolani,2024,24.21,15.91,25.69,15.17,467.6,603.34,16.1637968,-96.0307211
Santa María Quiegolani,2025,23.76,14.7,24.92,13.77,475.2,593.97,16.1637968,-96.0307211
Santa María Quiegolani,2026,23.74,13.75,24.39,12.34,247.3,313.62,16.1637968,-96.0307211
Santa María Sola,2020,29.06,16.02,31.52,16.95,514.5,632.81,16.3400297,-97.004721
Santa María Sola,2021,28.76,15.83,31.14,16.84,548.9,621.07,16.3400297,-97.004721
Santa María Sola,2022,29.3,15.45,31.6,16.21,512.5,650.2,16.3400297,-97.004721
Santa María Sola,2023,30.17,16.72,32.74,17.97,476.8,660.14,16.3400297,-97.004721
Santa María Sola,2024,30.71,16.83,32.99,18.16,517.9,673.08,16.3400297,-97.004721
Santa María Sola,2025,29.71,16.68,32.15,17.91,422.8,644.78,16.3400297,-97.004721
Santa María Sola,2026,30.17,15.74,31.71,16.52,155.0,343.04,16.3400297,-97.004721
Santa María Tataltepec,2020,24.27,11.69,24.32,10.56,408.3,609.79,17.0832852,-97.2342416
Santa María Tataltepec,2021,23.97,11.42,24.13,10.33,473.3,589.56,17.0832852,-97.2342416
Santa María Tataltepec,2022,24.34,11.26,24.29,10.05,287.8,615.2,17.0832852,-97.2342416
Santa María Tataltepec,2023,25.3,11.97,25.67,11.15,471.0,619.56,17.0832852,-97.2342416
Santa María Tataltepec,2024,25.99,12.49,26.08,11.75,477.4,646.83,17.0832852,-97.2342416
Santa María Tataltepec,2025,24.47,11.74,24.73,10.76,492.6,608.6,17.0832852,-97.2342416
Santa María Tataltepec,2026,25.17,10.99,24.61,9.78,205.3,326.79,17.0832852,-97.2342416
Santa María Tecomavaca,2020,26.14,13.8,26.98,13.73,487.6,585.63,17.5722526,-97.0127974
Santa María Tecomavaca,2021,25.18,13.56,26.34,13.45,333.8,565.85,17.5722526,-97.0127974
Santa María Tecomavaca,2022,26.55,13.56,27.18,13.31,301.2,608.91,17.5722526,-97.0127974
Santa María Tecomavaca,2023,28.22,14.73,29.0,14.81,116.2,634.7,17.5722526,-97.0127974
Santa María Tecomavaca,2024,28.88,15.21,29.57,15.17,171.4,657.85,17.5722526,-97.0127974
Santa María Tecomavaca,2025,27.56,15.0,28.37,15.17,239.9,619.55,17.5722526,-97.0127974
Santa María Tecomavaca,2026,27.16,13.79,27.56,13.81,180.7,314.28,17.5722526,-97.0127974
Santa María Temaxcalapa,2020,20.9,11.46,22.21,11.0,1035.5,472.98,17.2251958,-96.094492
Santa María Temaxcalapa,2021,20.61,11.14,22.07,10.71,1091.3,460.88,17.2251958,-96.094492
Santa María Temaxcalapa,2022,20.86,10.95,22.05,10.38,757.0,483.82,17.2251958,-96.094492
Santa María Temaxcalapa,2023,21.94,11.93,23.56,11.7,740.3,517.88,17.2251958,-96.094492
Santa María Temaxcalapa,2024,23.13,12.47,24.66,12.28,651.8,542.86,17.2251958,-96.094492
Santa María Temaxcalapa,2025,21.72,11.94,23.1,11.77,857.2,511.47,17.2251958,-96.094492
Santa María Temaxcalapa,2026,20.9,10.64,22.14,10.18,445.6,254.06,17.2251958,-96.094492
Santa María Temaxcaltepec,2020,27.94,17.6,31.41,18.26,697.7,594.87,16.0947192,-97.1140758
Santa María Temaxcaltepec,2021,27.1,17.16,30.58,18.04,930.4,558.43,16.0947192,-97.1140758
Santa María Temaxcaltepec,2022,27.25,16.55,30.64,17.11,775.7,578.22,16.0947192,-97.1140758
Santa María Temaxcaltepec,2023,28.34,17.67,31.89,18.67,620.9,596.11,16.0947192,-97.1140758
Santa María Temaxcaltepec,2024,27.53,17.34,31.23,18.39,725.4,567.62,16.0947192,-97.1140758
Santa María Temaxcaltepec,2025,27.52,16.88,30.77,17.72,638.8,562.88,16.0947192,-97.1140758
Santa María Temaxcaltepec,2026,28.43,16.4,30.8,16.75,194.7,310.06,16.0947192,-97.1140758
Santa María Teopoxco,2020,22.75,14.96,25.57,15.71,1431.8,463.59,18.0959973,-96.5718501
Santa María Teopoxco,2021,22.37,14.93,25.33,15.77,1653.8,455.48,18.0959973,-96.5718501
Santa María Teopoxco,2022,22.61,14.52,25.6,15.18,1217.9,476.42,18.0959973,-96.5718501
Santa María Teopoxco,2023,23.55,15.43,27.03,16.37,1060.6,501.14,18.0959973,-96.5718501
Santa María Teopoxco,2024,24.24,15.51,27.65,16.4,887.4,517.92,18.0959973,-96.5718501
Santa María Teopoxco,2025,23.94,14.44,26.71,15.17,1050.3,514.76,18.0959973,-96.5718501
Santa María Teopoxco,2026,22.7,13.28,25.39,13.77,574.1,242.6,18.0959973,-96.5718501
Santa María Tepantlali,2020,32.07,17.18,33.45,19.18,217.7,684.69,16.5951047,-96.0036433
Santa María Tepantlali,2021,31.25,16.91,32.78,18.89,403.7,667.15,16.5951047,-96.0036433
Santa María Tepantlali,2022,31.45,16.7,32.94,18.47,281.1,687.28,16.5951047,-96.0036433
Santa María Tepantlali,2023,33.21,17.85,34.72,20.14,163.2,717.55,16.5951047,-96.0036433
Santa María Tepantlali,2024,32.86,17.87,34.65,20.01,323.6,707.47,16.5951047,-96.0036433
Santa María Tepantlali,2025,31.66,18.06,33.31,20.31,263.7,698.79,16.5951047,-96.0036433
Santa María Tepantlali,2026,31.55,17.14,32.49,19.09,184.7,359.46,16.5951047,-96.0036433
Santa María Texcatitlán,2020,24.45,12.26,24.31,11.95,285.5,615.78,17.4246458,-97.0400082
Santa María Texcatitlán,2021,24.03,12.0,23.83,11.72,319.8,595.12,17.4246458,-97.0400082
Santa María Texcatitlán,2022,24.61,12.01,24.28,11.64,219.0,626.26,17.4246458,-97.0400082
Santa María Texcatitlán,2023,25.87,12.91,25.86,12.86,220.1,645.52,17.4246458,-97.0400082
Santa María Texcatitlán,2024,26.82,13.26,26.55,13.21,230.9,675.75,17.4246458,-97.0400082
Santa María Texcatitlán,2025,24.96,13.09,24.74,13.1,251.9,632.61,17.4246458,-97.0400082
Santa María Texcatitlán,2026,25.28,12.37,24.56,12.16,173.4,333.78,17.4246458,-97.0400082
Santa María Tlahuitoltepec,2020,18.85,8.77,19.02,7.18,383.4,514.0,17.0551133,-96.0347708
Santa María Tlahuitoltepec,2021,18.57,8.4,18.85,6.91,597.9,502.64,17.0551133,-96.0347708
Santa María Tlahuitoltepec,2022,18.86,8.37,18.93,6.83,341.7,520.1,17.0551133,-96.0347708
Santa María Tlahuitoltepec,2023,19.65,9.23,20.14,7.97,381.7,538.6,17.0551133,-96.0347708
Santa María Tlahuitoltepec,2024,20.56,9.69,20.86,8.5,351.7,560.61,17.0551133,-96.0347708
Santa María Tlahuitoltepec,2025,18.8,9.19,19.21,7.98,497.2,522.26,17.0551133,-96.0347708
Santa María Tlahuitoltepec,2026,18.37,8.09,18.53,6.65,226.6,263.4,17.0551133,-96.0347708
Santa María Tlalixtac,2020,17.36,10.61,18.45,9.78,1555.4,453.96,17.5706038,-96.4417071
Santa María Tlalixtac,2021,16.96,10.53,18.16,9.79,1560.4,447.23,17.5706038,-96.4417071
Santa María Tlalixtac,2022,16.94,10.31,17.96,9.39,1210.3,466.72,17.5706038,-96.4417071
Santa María Tlalixtac,2023,17.77,11.2,19.14,10.55,1149.7,487.1,17.5706038,-96.4417071
Santa María Tlalixtac,2024,18.96,11.73,20.17,11.15,832.0,510.99,17.5706038,-96.4417071
Santa María Tlalixtac,2025,18.04,10.81,18.92,10.15,1242.4,487.35,17.5706038,-96.4417071
Santa María Tlalixtac,2026,17.2,9.67,18.02,8.63,736.7,242.34,17.5706038,-96.4417071
Santa María Tonameca,2020,28.91,27.27,34.06,30.36,413.5,696.44,15.4449702,-96.3243315
Santa María Tonameca,2021,28.47,26.81,33.64,30.05,498.3,667.64,15.4449702,-96.3243315
Santa María Tonameca,2022,28.59,26.91,33.7,29.79,507.5,700.22,15.4449702,-96.3243315
Santa María Tonameca,2023,29.51,27.8,35.21,31.24,229.5,733.4,15.4449702,-96.3243315
Santa María Tonameca,2024,28.84,26.98,34.11,30.18,631.8,665.06,15.4449702,-96.3243315
Santa María Tonameca,2025,29.01,26.96,34.39,30.33,516.2,677.07,15.4449702,-96.3243315
Santa María Tonameca,2026,29.05,27.21,34.16,30.35,197.7,365.25,15.4449702,-96.3243315
Santa María Totolapilla,2020,32.78,22.74,34.86,24.32,230.8,799.59,16.3611622,-95.3731637
Santa María Totolapilla,2021,32.21,22.44,34.42,24.27,606.1,753.04,16.3611622,-95.3731637
Santa María Totolapilla,2022,32.13,22.18,34.47,23.73,516.0,767.42,16.3611622,-95.3731637
Santa María Totolapilla,2023,33.86,23.16,36.31,25.31,342.3,804.65,16.3611622,-95.3731637
Santa María Totolapilla,2024,32.89,22.38,35.59,24.7,629.9,752.05,16.3611622,-95.3731637
Santa María Totolapilla,2025,32.98,22.7,35.41,24.6,464.4,793.71,16.3611622,-95.3731637
Santa María Totolapilla,2026,32.93,22.03,34.28,23.31,243.1,414.76,16.3611622,-95.3731637
Santa María Xadani,2020,31.55,24.53,33.5,25.94,254.4,864.73,16.2137083,-95.0111461
Santa María Xadani,2021,30.95,24.22,32.94,25.83,552.3,810.05,16.2137083,-95.0111461
Santa María Xadani,2022,31.09,24.06,33.25,25.54,403.5,831.93,16.2137083,-95.0111461
Santa María Xadani,2023,32.76,25.12,35.01,27.1,263.4,888.39,16.2137083,-95.0111461
Santa María Xadani,2024,31.55,24.37,34.26,26.4,638.0,807.6,16.2137083,-95.0111461
Santa María Xadani,2025,32.13,24.67,34.02,26.03,445.6,883.92,16.2137083,-95.0111461
Santa María Xadani,2026,32.09,23.95,32.91,24.68,230.8,468.92,16.2137083,-95.0111461
Santa María Yalina,2020,23.95,12.6,25.4,12.4,1391.7,525.23,17.1425695,-96.1546013
Santa María Yalina,2021,23.69,12.25,25.37,12.06,1531.0,512.99,17.1425695,-96.1546013
Santa María Yalina,2022,24.07,12.01,25.47,11.7,1278.6,538.72,17.1425695,-96.1546013
Santa María Yalina,2023,25.38,13.04,27.22,13.03,1097.8,573.67,17.1425695,-96.1546013
Santa María Yalina,2024,26.74,13.5,28.3,13.44,953.9,605.29,17.1425695,-96.1546013
Santa María Yalina,2025,25.05,13.79,26.6,14.0,1234.0,565.82,17.1425695,-96.1546013
Santa María Yalina,2026,24.56,12.51,25.65,12.41,432.2,283.7,17.1425695,-96.1546013
Santa María Yavesía,2020,22.09,11.14,22.25,10.05,436.8,534.45,17.1403175,-96.2546256
Santa María Yavesía,2021,21.67,10.81,22.09,9.69,527.7,520.88,17.1403175,-96.2546256
Santa María Yavesía,2022,22.27,10.57,22.41,9.35,413.9,547.03,17.1403175,-96.2546256
Santa María Yavesía,2023,23.65,11.59,24.07,10.72,261.7,578.92,17.1403175,-96.2546256
Santa María Yavesía,2024,24.89,12.11,25.07,11.3,285.7,610.43,17.1403175,-96.2546256
Santa María Yavesía,2025,22.92,12.04,23.19,11.38,414.4,567.49,17.1403175,-96.2546256
Santa María Yavesía,2026,22.47,10.9,22.34,10.0,167.2,286.1,17.1403175,-96.2546256
Santa María Yolotepec,2020,31.53,17.5,33.94,18.7,538.9,646.77,16.5236497,-97.3019181
Santa María Yolotepec,2021,30.88,17.16,33.38,18.48,635.5,625.09,16.5236497,-97.3019181
Santa María Yolotepec,2022,31.34,16.56,33.57,17.52,572.7,651.22,16.5236497,-97.3019181
Santa María Yolotepec,2023,32.23,17.75,34.76,19.21,449.6,659.86,16.5236497,-97.3019181
Santa María Yolotepec,2024,32.09,18.14,34.65,19.58,586.7,671.21,16.5236497,-97.3019181
Santa María Yolotepec,2025,31.22,17.96,33.84,19.35,587.5,643.32,16.5236497,-97.3019181
Santa María Yolotepec,2026,32.12,17.52,33.98,18.52,130.3,348.95,16.5236497,-97.3019181
Santa María Yosoyúa,2020,29.03,16.57,30.19,17.58,352.7,667.85,17.0712669,-97.3053252
Santa María Yosoyúa,2021,28.64,16.24,29.95,17.27,519.6,650.84,17.0712669,-97.3053252
Santa María Yosoyúa,2022,29.05,16.02,30.26,16.8,423.6,679.54,17.0712669,-97.3053252
Santa María Yosoyúa,2023,29.82,16.44,31.32,17.64,449.9,684.06,17.0712669,-97.3053252
Santa María Yosoyúa,2024,30.41,16.61,31.54,17.72,495.8,707.74,17.0712669,-97.3053252
Santa María Yosoyúa,2025,28.93,16.29,30.45,17.44,523.8,673.63,17.0712669,-97.3053252
Santa María Yosoyúa,2026,29.83,16.02,30.1,16.75,183.6,356.64,17.0712669,-97.3053252
Santa María Yucuhiti,2020,23.06,10.89,23.01,9.88,211.6,580.26,17.0105494,-97.4610232
Santa María Yucuhiti,2021,22.83,10.85,22.57,9.83,406.3,568.74,17.0105494,-97.4610232
Santa María Yucuhiti,2022,23.09,10.73,22.82,9.59,309.2,589.91,17.0105494,-97.4610232
Santa María Yucuhiti,2023,24.26,12.01,24.07,11.25,221.0,606.03,17.0105494,-97.4610232
Santa María Yucuhiti,2024,25.0,12.85,24.8,11.93,250.7,633.97,17.0105494,-97.4610232
Santa María Yucuhiti,2025,23.56,12.59,23.37,11.94,223.3,594.73,17.0105494,-97.4610232
Santa María Yucuhiti,2026,24.08,12.19,23.13,11.28,137.2,308.76,17.0105494,-97.4610232
Santa María Zacatepec,2020,32.76,21.61,36.92,23.99,437.2,672.66,16.455002,-97.5923559
Santa María Zacatepec,2021,31.74,21.22,36.15,23.9,634.6,631.36,16.455002,-97.5923559
Santa María Zacatepec,2022,32.11,20.81,36.33,23.1,567.5,657.22,16.455002,-97.5923559
Santa María Zacatepec,2023,33.28,21.55,37.82,24.24,430.3,674.87,16.455002,-97.5923559
Santa María Zacatepec,2024,32.76,21.2,37.17,23.91,569.3,659.66,16.455002,-97.5923559
Santa María Zacatepec,2025,32.08,21.07,36.52,23.74,692.9,634.15,16.455002,-97.5923559
Santa María Zacatepec,2026,32.9,20.8,36.33,23.32,181.8,343.78,16.455002,-97.5923559
Santa María Zaniza,2020,29.95,16.12,31.97,16.62,592.7,638.31,16.3918351,-97.2018757
Santa María Zaniza,2021,29.65,15.9,31.72,16.45,620.4,622.65,16.3918351,-97.2018757
Santa María Zaniza,2022,30.08,15.28,31.98,15.55,476.3,647.9,16.3918351,-97.2018757
Santa María Zaniza,2023,30.92,16.62,33.16,17.36,444.9,659.11,16.3918351,-97.2018757
Santa María Zaniza,2024,31.09,17.06,33.19,17.79,527.0,679.8,16.3918351,-97.2018757
Santa María Zaniza,2025,30.0,16.54,32.28,17.12,554.2,640.95,16.3918351,-97.2018757
Santa María Zaniza,2026,30.57,15.95,31.92,16.22,178.3,345.81,16.3918351,-97.2018757
Santa María Zoquitlán,2020,17.99,7.84,18.05,6.27,609.6,511.49,16.3330095,-96.2110336
Santa María Zoquitlán,2021,17.78,7.46,17.66,5.92,544.1,509.4,16.3330095,-96.2110336
Santa María Zoquitlán,2022,17.66,7.26,17.53,5.65,428.3,516.9,16.3330095,-96.2110336
Santa María Zoquitlán,2023,18.83,8.21,18.9,6.9,445.0,539.96,16.3330095,-96.2110336
Santa María Zoquitlán,2024,19.65,8.78,19.83,7.29,541.8,560.35,16.3330095,-96.2110336
Santa María Zoquitlán,2025,18.47,8.55,18.35,7.36,451.1,534.15,16.3330095,-96.2110336
Santa María Zoquitlán,2026,18.66,7.49,18.02,5.74,293.9,280.2,16.3330095,-96.2110336
Santa María del Rosario,2020,19.3,7.64,18.8,5.92,365.4,552.09,17.2106341,-97.3537753
Santa María del Rosario,2021,19.07,7.44,18.58,5.74,500.2,543.54,17.2106341,-97.3537753
Santa María del Rosario,2022,19.32,7.17,18.64,5.38,380.9,562.67,17.2106341,-97.3537753
Santa María del Rosario,2023,20.3,7.94,20.02,6.46,375.0,579.18,17.2106341,-97.3537753
Santa María del Rosario,2024,21.11,8.37,20.59,6.84,396.1,602.08,17.2106341,-97.3537753
Santa María del Rosario,2025,19.39,8.41,19.03,7.06,394.6,562.49,17.2106341,-97.3537753
Santa María del Rosario,2026,19.88,7.73,19.03,6.15,213.6,292.72,17.2106341,-97.3537753
Santa María del Tule,2020,20.19,10.44,20.04,8.99,297.5,560.48,17.0248126,-96.3811732
Santa María del Tule,2021,19.89,10.11,19.65,8.72,418.3,547.24,17.0248126,-96.3811732
Santa María del Tule,2022,20.47,9.92,19.92,8.37,269.0,575.23,17.0248126,-96.3811732
Santa María del Tule,2023,21.58,10.83,21.15,9.6,304.3,593.77,17.0248126,-96.3811732
Santa María del Tule,2024,22.18,11.31,21.64,9.91,256.7,615.3,17.0248126,-96.3811732
Santa María del Tule,2025,20.38,10.58,20.2,9.28,409.1,564.46,17.0248126,-96.3811732
Santa María del Tule,2026,20.75,9.63,20.1,7.88,255.7,296.58,17.0248126,-96.3811732
Santa María la Asunción,2020,28.85,22.59,33.72,26.04,970.2,533.31,18.0629607,-96.4909715
Santa María la Asunción,2021,28.51,22.46,33.69,26.03,1036.2,526.62,18.0629607,-96.4909715
Santa María la Asunción,2022,28.85,21.99,33.78,25.13,949.9,541.52,18.0629607,-96.4909715
Santa María la Asunción,2023,30.1,22.99,35.65,26.7,685.0,568.3,18.0629607,-96.4909715
Santa María la Asunción,2024,30.29,22.89,35.93,26.56,734.2,569.12,18.0629607,-96.4909715
Santa María la Asunción,2025,30.23,21.84,35.16,25.03,995.3,569.35,18.0629607,-96.4909715
Santa María la Asunción,2026,29.54,20.81,34.03,23.6,422.4,275.44,18.0629607,-96.4909715
Santiago Amoltepec,2020,31.7,18.5,34.52,19.76,536.3,651.26,16.382726,-97.294129
Santiago Amoltepec,2021,31.21,18.23,34.09,19.65,739.7,630.61,16.382726,-97.294129
Santiago Amoltepec,2022,31.69,17.67,34.35,18.72,602.2,657.3,16.382726,-97.294129
Santiago Amoltepec,2023,32.59,19.04,35.62,20.69,550.1,667.61,16.382726,-97.294129
Santiago Amoltepec,2024,32.62,19.36,35.6,20.99,667.3,686.45,16.382726,-97.294129
Santiago Amoltepec,2025,31.62,19.08,34.67,20.6,604.9,652.46,16.382726,-97.294129
Santiago Amoltepec,2026,32.24,18.72,34.37,19.91,180.4,355.09,16.382726,-97.294129
Santiago Apoala,2020,24.6,12.88,24.32,12.62,233.8,632.31,17.3854969,-97.0813003
Santiago Apoala,2021,24.09,12.42,23.98,12.09,315.4,611.55,17.3854969,-97.0813003
Santiago Apoala,2022,24.69,12.35,24.3,11.94,234.5,644.82,17.3854969,-97.0813003
Santiago Apoala,2023,25.82,13.1,25.99,13.0,199.9,660.47,17.3854969,-97.0813003
Santiago Apoala,2024,26.74,13.03,26.69,12.88,240.5,685.72,17.3854969,-97.0813003
Santiago Apoala,2025,25.19,12.67,25.38,12.66,263.6,649.05,17.3854969,-97.0813003
Santiago Apoala,2026,25.59,12.05,25.23,11.8,134.3,337.48,17.3854969,-97.0813003
Santiago Apóstol,2020,29.36,14.83,29.56,15.29,200.3,694.31,16.4815347,-96.432069
Santiago Apóstol,2021,29.0,14.65,29.14,15.17,238.1,686.31,16.4815347,-96.432069
Santiago Apóstol,2022,29.39,14.24,29.44,14.53,182.4,714.66,16.4815347,-96.432069
Santiago Apóstol,2023,30.77,15.47,30.94,16.19,113.4,742.23,16.4815347,-96.432069
Santiago Apóstol,2024,30.54,15.29,30.93,15.95,225.4,736.84,16.4815347,-96.432069
Santiago Apóstol,2025,29.52,14.92,29.93,15.69,285.5,708.43,16.4815347,-96.432069
Santiago Apóstol,2026,29.76,13.93,29.62,14.45,154.9,368.58,16.4815347,-96.432069
Santiago Astata,2020,28.65,26.57,31.92,27.02,366.8,794.43,15.5915472,-95.4033116
Santiago Astata,2021,28.44,26.3,31.66,27.01,416.4,749.02,15.5915472,-95.4033116
Santiago Astata,2022,28.5,26.33,31.64,26.67,400.0,789.85,15.5915472,-95.4033116
Santiago Astata,2023,29.47,27.31,33.21,28.66,222.9,815.04,15.5915472,-95.4033116
Santiago Astata,2024,28.86,26.67,32.81,27.91,831.3,736.49,15.5915472,-95.4033116
Santiago Astata,2025,28.92,26.42,32.46,27.37,489.5,763.05,15.5915472,-95.4033116
Santiago Astata,2026,28.74,26.29,31.51,26.63,182.0,400.41,15.5915472,-95.4033116
Santiago Atitlán,2020,25.11,17.91,27.66,19.14,815.2,491.95,17.0614304,-95.5644869
Santiago Atitlán,2021,24.79,17.79,27.58,19.21,912.0,470.05,17.0614304,-95.5644869
Santiago Atitlán,2022,25.1,17.48,27.66,18.62,795.5,498.34,17.0614304,-95.5644869
Santiago Atitlán,2023,26.43,18.52,29.5,20.18,577.7,539.02,17.0614304,-95.5644869
Santiago Atitlán,2024,27.56,18.59,30.29,20.03,634.9,580.41,17.0614304,-95.5644869
Santiago Atitlán,2025,26.68,17.36,29.16,18.74,761.1,542.11,17.0614304,-95.5644869
Santiago Atitlán,2026,25.84,16.46,27.99,17.67,419.5,264.72,17.0614304,-95.5644869
Santiago Ayuquililla,2020,22.23,10.2,21.43,8.63,210.5,601.6,17.5606381,-97.5729744
Santiago Ayuquililla,2021,21.89,9.91,21.26,8.33,449.9,588.49,17.5606381,-97.5729744
Santiago Ayuquililla,2022,22.68,9.77,21.51,8.13,255.2,622.08,17.5606381,-97.5729744
Santiago Ayuquililla,2023,23.86,10.37,23.15,9.13,318.6,633.94,17.5606381,-97.5729744
Santiago Ayuquililla,2024,24.38,10.53,23.52,9.36,386.0,657.89,17.5606381,-97.5729744
Santiago Ayuquililla,2025,22.56,9.8,22.17,8.48,380.0,603.25,17.5606381,-97.5729744
Santiago Ayuquililla,2026,23.16,9.17,22.08,7.58,261.7,315.57,17.5606381,-97.5729744
Santiago Cacaloxtepec,2020,20.48,8.88,20.04,6.98,354.9,566.12,17.4312857,-97.4425751
Santiago Cacaloxtepec,2021,20.16,8.6,19.94,6.77,486.4,558.91,17.4312857,-97.4425751
Santiago Cacaloxtepec,2022,20.46,8.33,19.98,6.39,339.5,574.81,17.4312857,-97.4425751
Santiago Cacaloxtepec,2023,21.32,8.98,21.22,7.34,365.5,587.85,17.4312857,-97.4425751
Santiago Cacaloxtepec,2024,22.29,9.54,21.87,7.83,382.1,621.76,17.4312857,-97.4425751
Santiago Cacaloxtepec,2025,20.39,9.08,20.47,7.52,402.4,567.0,17.4312857,-97.4425751
Santiago Cacaloxtepec,2026,21.03,8.44,20.38,6.67,229.6,296.49,17.4312857,-97.4425751
Santiago Camotlán,2020,20.25,10.81,21.4,10.22,1035.5,467.75,17.2646561,-96.1104762
Santiago Camotlán,2021,19.97,10.5,21.25,9.93,1091.3,455.71,17.2646561,-96.1104762
Santiago Camotlán,2022,20.22,10.3,21.26,9.6,757.0,478.41,17.2646561,-96.1104762
Santiago Camotlán,2023,21.29,11.28,22.76,10.91,740.3,512.27,17.2646561,-96.1104762
Santiago Camotlán,2024,22.48,11.82,23.86,11.49,651.8,537.21,17.2646561,-96.1104762
Santiago Camotlán,2025,21.07,11.29,22.3,10.99,857.2,505.92,17.2646561,-96.1104762
Santiago Camotlán,2026,20.25,10.0,21.34,9.4,445.6,251.22,17.2646561,-96.1104762
Santiago Choápam,2020,26.27,19.57,29.27,21.14,976.0,515.01,17.2138203,-95.5521444
Santiago Choápam,2021,26.11,19.51,29.44,21.36,1060.6,498.47,17.2138203,-95.5521444
Santiago Choápam,2022,26.39,19.22,29.48,20.72,1148.5,525.07,17.2138203,-95.5521444
Santiago Choápam,2023,27.73,20.19,31.39,22.28,923.8,566.15,17.2138203,-95.5521444
Santiago Choápam,2024,28.69,20.28,32.14,22.2,825.5,608.72,17.2138203,-95.5521444
Santiago Choápam,2025,27.92,18.89,30.98,20.82,1085.7,563.0,17.2138203,-95.5521444
Santiago Choápam,2026,27.18,17.74,29.83,19.34,406.8,275.17,17.2138203,-95.5521444
Santiago Comaltepec,2020,18.77,10.29,19.74,9.28,864.8,486.21,17.3350852,-96.3252127
Santiago Comaltepec,2021,18.35,10.2,19.45,9.22,740.2,480.87,17.3350852,-96.3252127
Santiago Comaltepec,2022,18.72,9.93,19.67,8.9,611.2,500.47,17.3350852,-96.3252127
Santiago Comaltepec,2023,20.02,10.83,21.21,10.01,424.2,532.24,17.3350852,-96.3252127
Santiago Comaltepec,2024,21.25,11.24,22.31,10.29,377.6,558.45,17.3350852,-96.3252127
Santiago Comaltepec,2025,20.32,9.87,21.07,8.89,526.7,528.38,17.3350852,-96.3252127
Santiago Comaltepec,2026,19.43,8.44,20.0,7.03,354.6,261.41,17.3350852,-96.3252127
Santiago Huajolotitlán,2020,21.32,9.28,20.46,7.88,289.1,583.8,17.4935939,-97.4354361
Santiago Huajolotitlán,2021,20.83,9.08,20.11,7.7,369.5,567.91,17.4935939,-97.4354361
Santiago Huajolotitlán,2022,21.39,8.76,20.3,7.27,271.1,599.56,17.4935939,-97.4354361
Santiago Huajolotitlán,2023,22.52,9.52,21.91,8.38,271.0,614.92,17.4935939,-97.4354361
Santiago Huajolotitlán,2024,23.39,9.7,22.66,8.5,324.0,641.14,17.4935939,-97.4354361
Santiago Huajolotitlán,2025,21.77,9.25,21.2,8.34,279.5,594.8,17.4935939,-97.4354361
Santiago Huajolotitlán,2026,22.35,8.67,21.13,7.52,230.0,306.28,17.4935939,-97.4354361
Santiago Huauclilla,2020,23.21,10.69,22.72,9.74,251.0,598.26,17.2703027,-97.0417498
Santiago Huauclilla,2021,22.73,10.43,22.29,9.58,469.7,574.95,17.2703027,-97.0417498
Santiago Huauclilla,2022,23.16,10.26,22.68,9.29,263.8,597.26,17.2703027,-97.0417498
Santiago Huauclilla,2023,24.62,11.2,24.39,10.62,233.1,622.15,17.2703027,-97.0417498
Santiago Huauclilla,2024,25.43,11.49,24.98,10.88,296.5,651.48,17.2703027,-97.0417498
Santiago Huauclilla,2025,23.92,10.92,23.47,10.35,272.9,610.98,17.2703027,-97.0417498
Santiago Huauclilla,2026,24.21,10.15,23.36,9.34,222.9,322.99,17.2703027,-97.0417498
Santiago Ihuitlán Plumas,2020,23.1,11.14,22.42,10.18,240.9,617.24,17.5054508,-97.2547075
Santiago Ihuitlán Plumas,2021,22.58,10.71,22.01,9.66,261.9,600.41,17.5054508,-97.2547075
Santiago Ihuitlán Plumas,2022,23.21,10.65,22.35,9.55,172.0,633.54,17.5054508,-97.2547075
Santiago Ihuitlán Plumas,2023,24.25,11.29,23.9,10.55,191.1,649.27,17.5054508,-97.2547075
Santiago Ihuitlán Plumas,2024,25.12,11.37,24.49,10.47,214.5,674.73,17.5054508,-97.2547075
Santiago Ihuitlán Plumas,2025,23.45,10.65,23.22,9.9,219.7,631.75,17.5054508,-97.2547075
Santiago Ihuitlán Plumas,2026,23.98,9.91,23.17,8.93,158.6,326.02,17.5054508,-97.2547075
Santiago Ixcuintepec,2020,28.81,19.0,30.33,20.21,198.9,649.39,16.5605302,-95.372318
Santiago Ixcuintepec,2021,28.34,18.8,30.03,20.19,459.4,620.78,16.5605302,-95.372318
Santiago Ixcuintepec,2022,28.28,18.61,30.04,19.8,490.7,629.99,16.5605302,-95.372318
Santiago Ixcuintepec,2023,29.85,19.51,31.72,21.1,287.7,661.49,16.5605302,-95.372318
Santiago Ixcuintepec,2024,29.46,19.01,31.54,20.71,642.6,640.01,16.5605302,-95.372318
Santiago Ixcuintepec,2025,28.84,18.8,30.72,20.11,510.6,637.17,16.5605302,-95.372318
Santiago Ixcuintepec,2026,28.58,17.71,29.81,18.66,255.9,326.61,16.5605302,-95.372318
Santiago Ixtayutla,2020,26.46,15.46,28.48,15.75,725.2,584.37,16.3354023,-97.3907088
Santiago Ixtayutla,2021,25.87,15.11,27.94,15.48,856.8,562.16,16.3354023,-97.3907088
Santiago Ixtayutla,2022,26.21,14.6,28.21,14.65,711.6,584.51,16.3354023,-97.3907088
Santiago Ixtayutla,2023,26.95,15.89,29.43,16.43,788.7,593.34,16.3354023,-97.3907088
Santiago Ixtayutla,2024,26.95,16.07,29.19,16.64,799.7,605.29,16.3354023,-97.3907088
Santiago Ixtayutla,2025,26.36,16.01,28.67,16.55,802.0,576.42,16.3354023,-97.3907088
Santiago Ixtayutla,2026,26.65,15.4,28.38,15.74,204.0,308.36,16.3354023,-97.3907088
Santiago Jamiltepec,2020,28.66,19.3,32.19,20.86,789.9,605.68,16.164605,-97.4910856
Santiago Jamiltepec,2021,27.55,18.72,31.35,20.53,1097.1,569.01,16.164605,-97.4910856
Santiago Jamiltepec,2022,27.76,18.58,31.31,20.11,923.8,588.9,16.164605,-97.4910856
Santiago Jamiltepec,2023,28.7,19.46,32.56,21.4,758.6,604.76,16.164605,-97.4910856
Santiago Jamiltepec,2024,28.18,19.3,31.88,21.23,967.3,591.04,16.164605,-97.4910856
Santiago Jamiltepec,2025,27.76,18.7,31.57,20.59,1037.1,570.16,16.164605,-97.4910856
Santiago Jamiltepec,2026,28.59,18.06,31.56,19.59,255.4,308.24,16.164605,-97.4910856
Santiago Jocotepec,2020,27.45,20.06,30.75,21.86,1165.7,536.78,17.3208447,-95.5639898
Santiago Jocotepec,2021,27.21,19.95,30.87,22.03,1201.7,516.42,17.3208447,-95.5639898
Santiago Jocotepec,2022,27.57,19.65,30.98,21.28,1450.3,540.53,17.3208447,-95.5639898
Santiago Jocotepec,2023,28.98,20.7,33.09,22.98,1069.4,582.88,17.3208447,-95.5639898
Santiago Jocotepec,2024,29.75,20.59,33.74,22.84,1036.1,608.21,17.3208447,-95.5639898
Santiago Jocotepec,2025,29.17,19.57,32.7,21.72,1440.5,571.33,17.3208447,-95.5639898
Santiago Jocotepec,2026,28.67,18.64,31.65,20.42,365.5,282.59,17.3208447,-95.5639898
Santiago Juxtlahuaca,2020,20.9,10.39,21.87,9.26,895.2,521.21,17.2007045,-98.0044818
Santiago Juxtlahuaca,2021,20.2,9.89,21.18,8.84,1218.1,496.34,17.2007045,-98.0044818
Santiago Juxtlahuaca,2022,20.55,9.53,21.37,8.32,831.9,514.6,17.2007045,-98.0044818
Santiago Juxtlahuaca,2023,20.88,10.08,22.2,9.13,855.0,517.32,17.2007045,-98.0044818
Santiago Juxtlahuaca,2024,21.15,10.14,22.29,9.21,781.1,541.31,17.2007045,-98.0044818
Santiago Juxtlahuaca,2025,20.93,9.85,21.75,8.87,858.8,508.74,17.2007045,-98.0044818
Santiago Juxtlahuaca,2026,21.15,8.92,21.55,7.82,346.5,265.04,17.2007045,-98.0044818
Santiago Lachiguiri,2020,33.16,23.24,35.81,25.78,207.4,766.71,16.4111251,-95.315757
Santiago Lachiguiri,2021,32.62,23.04,35.43,25.76,597.8,727.76,16.4111251,-95.315757
Santiago Lachiguiri,2022,32.56,22.8,35.47,25.27,499.5,737.89,16.4111251,-95.315757
Santiago Lachiguiri,2023,34.24,23.7,37.24,26.82,360.6,775.98,16.4111251,-95.315757
Santiago Lachiguiri,2024,33.3,22.95,36.51,26.22,614.4,732.52,16.4111251,-95.315757
Santiago Lachiguiri,2025,33.36,23.12,36.35,25.97,459.1,758.04,16.4111251,-95.315757
Santiago Lachiguiri,2026,33.39,22.28,35.39,24.43,238.9,396.87,16.4111251,-95.315757
Santiago Lalopa,2020,22.59,11.54,23.86,11.07,1346.0,498.6,17.2504654,-96.1454932
Santiago Lalopa,2021,22.28,11.4,23.72,11.0,1299.8,488.36,17.2504654,-96.1454932
Santiago Lalopa,2022,22.63,11.11,23.87,10.6,1040.0,512.34,17.2504654,-96.1454932
Santiago Lalopa,2023,23.96,11.87,25.69,11.59,885.7,547.99,17.2504654,-96.1454932
Santiago Lalopa,2024,25.31,12.13,26.77,11.83,752.6,575.64,17.2504654,-96.1454932
Santiago Lalopa,2025,23.76,12.05,25.19,11.9,1304.1,541.71,17.2504654,-96.1454932
Santiago Lalopa,2026,23.28,10.62,24.25,10.18,460.3,269.6,17.2504654,-96.1454932
Santiago Laollaga,2020,33.17,24.05,35.26,26.17,220.1,835.78,16.3505592,-95.1216485
Santiago Laollaga,2021,32.43,23.71,34.69,26.04,677.0,784.71,16.3505592,-95.1216485
Santiago Laollaga,2022,32.51,23.52,34.79,25.69,452.7,801.08,16.3505592,-95.1216485
Santiago Laollaga,2023,34.18,24.51,36.58,27.27,271.1,851.5,16.3505592,-95.1216485
Santiago Laollaga,2024,33.07,23.69,35.7,26.53,681.3,784.46,16.3505592,-95.1216485
Santiago Laollaga,2025,33.29,24.22,35.13,26.4,514.3,865.11,16.3505592,-95.1216485
Santiago Laollaga,2026,33.33,23.57,34.06,24.94,255.4,459.81,16.3505592,-95.1216485
Santiago Laxopa,2020,22.71,11.35,23.69,10.76,1391.7,511.6,17.1311127,-96.1848227
Santiago Laxopa,2021,22.44,11.0,23.65,10.42,1531.0,499.59,17.1311127,-96.1848227
Santiago Laxopa,2022,22.82,10.77,23.79,10.06,1278.6,524.71,17.1311127,-96.1848227
Santiago Laxopa,2023,24.13,11.79,25.51,11.39,1097.8,559.24,17.1311127,-96.1848227
Santiago Laxopa,2024,25.48,12.25,26.6,11.79,953.9,590.69,17.1311127,-96.1848227
Santiago Laxopa,2025,23.81,12.53,24.91,12.34,1234.0,551.41,17.1311127,-96.1848227
Santiago Laxopa,2026,23.3,11.27,23.98,10.78,432.2,276.41,17.1311127,-96.1848227
Santiago Llano Grande,2020,31.74,23.23,35.95,26.77,338.0,667.57,16.2921935,-98.1722807
Santiago Llano Grande,2021,31.09,23.0,35.53,26.58,541.9,640.81,16.2921935,-98.1722807
Santiago Llano Grande,2022,31.07,22.6,35.43,25.82,571.8,646.41,16.2921935,-98.1722807
Santiago Llano Grande,2023,32.33,23.56,37.02,27.22,316.9,675.92,16.2921935,-98.1722807
Santiago Llano Grande,2024,31.59,22.72,36.24,26.31,544.7,642.19,16.2921935,-98.1722807
Santiago Llano Grande,2025,31.65,23.01,36.55,26.76,579.1,639.18,16.2921935,-98.1722807
Santiago Llano Grande,2026,32.18,23.13,35.87,26.61,241.7,338.97,16.2921935,-98.1722807
Santiago Matatlán,2020,25.28,13.05,25.28,12.52,277.1,623.38,16.5157958,-96.2300324
Santiago Matatlán,2021,24.85,12.68,24.93,12.16,333.5,613.14,16.5157958,-96.2300324
Santiago Matatlán,2022,25.13,12.42,25.16,11.77,266.4,630.04,16.5157958,-96.2300324
Santiago Matatlán,2023,26.78,13.45,26.79,13.13,176.3,669.46,16.5157958,-96.2300324
Santiago Matatlán,2024,26.8,13.57,26.98,13.02,303.0,674.04,16.5157958,-96.2300324
Santiago Matatlán,2025,25.29,13.7,25.34,13.47,353.3,644.25,16.5157958,-96.2300324
Santiago Matatlán,2026,25.75,12.71,25.32,12.24,152.1,339.67,16.5157958,-96.2300324
Santiago Miltepec,2020,18.79,6.52,17.2,4.55,259.9,553.57,17.590504,-97.4121439
Santiago Miltepec,2021,18.25,6.24,16.86,4.31,382.7,535.59,17.590504,-97.4121439
Santiago Miltepec,2022,18.83,5.95,17.14,3.88,205.0,569.78,17.590504,-97.4121439
Santiago Miltepec,2023,19.94,6.64,18.72,4.9,266.5,583.37,17.590504,-97.4121439
Santiago Miltepec,2024,20.67,6.74,19.3,4.99,276.1,608.33,17.590504,-97.4121439
Santiago Miltepec,2025,19.3,6.4,18.01,4.9,215.1,568.7,17.590504,-97.4121439
Santiago Miltepec,2026,19.7,5.83,17.9,4.09,208.9,290.86,17.590504,-97.4121439
Santiago Minas,2020,25.02,13.41,26.67,13.36,722.2,574.87,16.253426,-97.1341352
Santiago Minas,2021,24.52,13.34,26.15,13.34,716.3,558.19,16.253426,-97.1341352
Santiago Minas,2022,24.87,12.76,26.47,12.52,670.7,581.13,16.253426,-97.1341352
Santiago Minas,2023,25.75,13.93,27.59,14.19,621.0,593.24,16.253426,-97.1341352
Santiago Minas,2024,26.17,13.93,27.96,14.23,628.6,600.72,16.253426,-97.1341352
Santiago Minas,2025,25.58,13.39,27.23,13.66,627.1,578.3,16.253426,-97.1341352
Santiago Minas,2026,26.08,12.6,27.19,12.53,205.6,309.28,16.253426,-97.1341352
Santiago Nacaltepec,2020,22.28,9.65,22.39,8.93,352.3,551.94,17.3019707,-96.5459384
Santiago Nacaltepec,2021,21.88,9.43,21.86,8.75,502.4,540.87,17.3019707,-96.5459384
Santiago Nacaltepec,2022,22.37,9.3,22.16,8.55,254.4,572.08,17.3019707,-96.5459384
Santiago Nacaltepec,2023,23.91,10.11,24.0,9.59,222.1,592.85,17.3019707,-96.5459384
Santiago Nacaltepec,2024,25.11,10.12,25.23,9.53,218.5,620.53,17.3019707,-96.5459384
Santiago Nacaltepec,2025,23.8,10.47,23.91,10.14,342.3,572.03,17.3019707,-96.5459384
Santiago Nacaltepec,2026,24.14,9.19,23.8,8.51,192.8,299.54,17.3019707,-96.5459384
Santiago Nejapilla,2020,22.93,11.16,22.25,10.11,249.0,602.71,17.2513022,-97.2221419
Santiago Nejapilla,2021,22.56,10.94,22.06,9.95,405.0,586.24,17.2513022,-97.2221419
Santiago Nejapilla,2022,22.96,10.58,22.28,9.42,260.9,610.08,17.2513022,-97.2221419
Santiago Nejapilla,2023,24.31,11.52,24.03,10.79,277.3,631.91,17.2513022,-97.2221419
Santiago Nejapilla,2024,25.05,11.68,24.66,10.98,393.0,656.94,17.2513022,-97.2221419
Santiago Nejapilla,2025,23.33,11.29,23.17,10.81,339.5,611.07,17.2513022,-97.2221419
Santiago Nejapilla,2026,23.94,10.56,22.99,9.9,191.1,323.16,17.2513022,-97.2221419
Santiago Niltepec,2020,32.71,22.42,37.04,25.48,415.0,674.52,16.3343536,-94.3646815
Santiago Niltepec,2021,32.3,22.14,36.76,25.32,845.8,648.1,16.3343536,-94.3646815
Santiago Niltepec,2022,32.18,21.97,36.51,24.95,675.6,659.84,16.3343536,-94.3646815
Santiago Niltepec,2023,33.62,23.05,38.13,26.55,492.5,690.19,16.3343536,-94.3646815
Santiago Niltepec,2024,32.81,22.53,37.53,25.89,885.2,664.97,16.3343536,-94.3646815
Santiago Niltepec,2025,32.92,22.83,37.69,26.11,850.6,678.3,16.3343536,-94.3646815
Santiago Niltepec,2026,34.17,22.21,36.8,24.71,277.7,377.19,16.3343536,-94.3646815
Santiago Nundiche,2020,23.78,11.36,23.9,10.6,269.9,608.12,17.1954452,-97.4024594
Santiago Nundiche,2021,23.29,10.97,23.39,10.18,336.9,597.96,17.1954452,-97.4024594
Santiago Nundiche,2022,23.86,10.53,23.81,9.55,268.1,623.17,17.1954452,-97.4024594
Santiago Nundiche,2023,24.84,11.46,25.09,10.9,305.2,637.41,17.1954452,-97.4024594
Santiago Nundiche,2024,25.43,11.68,25.48,10.97,404.5,655.19,17.1954452,-97.4024594
Santiago Nundiche,2025,23.73,11.57,24.07,10.96,366.1,617.55,17.1954452,-97.4024594
Santiago Nundiche,2026,24.51,11.21,23.88,10.41,158.8,327.43,17.1954452,-97.4024594
Santiago Nuyoó,2020,25.38,13.03,25.46,12.71,170.9,620.58,17.0054621,-97.4559541
Santiago Nuyoó,2021,25.04,12.88,25.16,12.51,311.1,607.56,17.0054621,-97.4559541
Santiago Nuyoó,2022,25.51,12.56,25.54,12.0,204.4,636.14,17.0054621,-97.4559541
Santiago Nuyoó,2023,26.49,13.36,26.74,13.21,164.5,644.71,17.0054621,-97.4559541
Santiago Nuyoó,2024,26.94,13.52,27.03,13.26,276.9,665.91,17.0054621,-97.4559541
Santiago Nuyoó,2025,25.54,13.67,25.72,13.74,215.2,639.08,17.0054621,-97.4559541
Santiago Nuyoó,2026,26.26,13.42,25.48,13.24,133.9,334.2,17.0054621,-97.4559541
Santiago Pinotepa Nacional,2020,32.09,23.21,36.15,26.22,366.9,686.4,16.2020433,-98.0301251
Santiago Pinotepa Nacional,2021,31.37,22.86,35.71,26.12,628.3,649.69,16.2020433,-98.0301251
Santiago Pinotepa Nacional,2022,31.38,22.46,35.65,25.27,577.7,658.15,16.2020433,-98.0301251
Santiago Pinotepa Nacional,2023,32.41,23.57,36.98,26.83,419.9,686.96,16.2020433,-98.0301251
Santiago Pinotepa Nacional,2024,31.26,22.9,36.01,26.21,660.6,644.33,16.2020433,-98.0301251
Santiago Pinotepa Nacional,2025,31.17,23.12,36.35,26.57,549.8,638.17,16.2020433,-98.0301251
Santiago Pinotepa Nacional,2026,31.87,23.03,35.66,26.14,184.1,344.48,16.2020433,-98.0301251
Santiago Suchilquitongo,2020,19.19,9.37,18.91,7.7,459.5,544.21,17.1449653,-96.522527
Santiago Suchilquitongo,2021,18.96,9.03,18.72,7.39,638.1,532.76,17.1449653,-96.522527
Santiago Suchilquitongo,2022,19.36,8.82,18.94,7.14,388.9,558.37,17.1449653,-96.522527
Santiago Suchilquitongo,2023,20.27,9.45,20.27,7.97,409.1,571.58,17.1449653,-96.522527
Santiago Suchilquitongo,2024,21.17,9.95,20.86,8.35,394.6,598.95,17.1449653,-96.522527
Santiago Suchilquitongo,2025,19.37,9.19,19.39,7.59,604.3,544.98,17.1449653,-96.522527
Santiago Suchilquitongo,2026,19.62,8.09,19.18,6.1,284.5,286.73,17.1449653,-96.522527
Santiago Tamazola,2020,24.69,12.29,25.06,11.67,317.0,617.01,17.4009512,-98.1314881
Santiago Tamazola,2021,24.25,11.92,24.7,11.34,465.7,593.83,17.4009512,-98.1314881
Santiago Tamazola,2022,24.78,11.79,25.12,11.05,360.7,625.9,17.4009512,-98.1314881
Santiago Tamazola,2023,25.65,12.57,26.51,12.19,329.6,634.14,17.4009512,-98.1314881
Santiago Tamazola,2024,26.24,12.88,26.96,12.33,437.6,657.9,17.4009512,-98.1314881
Santiago Tamazola,2025,24.83,12.83,25.47,12.48,402.6,615.22,17.4009512,-98.1314881
Santiago Tamazola,2026,25.57,12.46,25.63,11.9,207.0,325.66,17.4009512,-98.1314881
Santiago Tapextla,2020,30.94,23.49,35.54,27.81,313.4,649.84,16.2027492,-98.2650907
Santiago Tapextla,2021,30.35,23.24,35.24,27.49,600.2,627.65,16.2027492,-98.2650907
Santiago Tapextla,2022,30.32,22.88,35.15,26.8,578.8,630.45,16.2027492,-98.2650907
Santiago Tapextla,2023,31.87,23.73,36.9,28.08,320.9,665.52,16.2027492,-98.2650907
Santiago Tapextla,2024,31.57,22.87,36.38,26.71,561.0,646.03,16.2027492,-98.2650907
Santiago Tapextla,2025,31.47,23.34,36.63,27.45,584.9,642.52,16.2027492,-98.2650907
Santiago Tapextla,2026,31.95,23.55,36.02,27.51,221.9,340.08,16.2027492,-98.2650907
Santiago Tenango,2020,22.32,9.99,21.95,8.78,265.5,581.47,17.1929714,-97.0014773
Santiago Tenango,2021,21.86,9.77,21.55,8.68,510.3,560.02,17.1929714,-97.0014773
Santiago Tenango,2022,22.22,9.62,21.86,8.41,290.1,580.92,17.1929714,-97.0014773
Santiago Tenango,2023,23.46,10.45,23.43,9.62,265.3,600.83,17.1929714,-97.0014773
Santiago Tenango,2024,24.25,10.89,23.94,10.08,323.4,628.33,17.1929714,-97.0014773
Santiago Tenango,2025,22.56,10.45,22.38,9.7,335.4,584.05,17.1929714,-97.0014773
Santiago Tenango,2026,22.94,9.61,22.22,8.56,235.7,309.92,17.1929714,-97.0014773
Santiago Tepetlapa,2020,23.1,11.14,22.38,10.16,240.9,617.18,17.4657345,-97.240553
Santiago Tepetlapa,2021,22.58,10.71,21.99,9.64,261.9,600.34,17.4657345,-97.240553
Santiago Tepetlapa,2022,23.21,10.65,22.33,9.52,172.0,633.51,17.4657345,-97.240553
Santiago Tepetlapa,2023,24.25,11.29,23.87,10.52,191.1,649.2,17.4657345,-97.240553
Santiago Tepetlapa,2024,25.12,11.37,24.47,10.44,214.5,674.57,17.4657345,-97.240553
Santiago Tepetlapa,2025,23.45,10.65,23.19,9.87,219.7,631.68,17.4657345,-97.240553
Santiago Tepetlapa,2026,23.98,9.91,23.15,8.9,158.6,325.97,17.4657345,-97.240553
Santiago Tetepec,2020,25.15,16.31,27.53,16.74,704.9,565.72,16.1920175,-97.4453714
Santiago Tetepec,2021,24.28,15.81,26.76,16.47,893.1,535.03,16.1920175,-97.4453714
Santiago Tetepec,2022,24.51,15.64,26.84,15.93,712.6,554.75,16.1920175,-97.4453714
Santiago Tetepec,2023,25.21,16.3,27.97,17.03,727.2,566.0,16.1920175,-97.4453714
Santiago Tetepec,2024,24.84,16.22,27.46,16.97,770.3,557.76,16.1920175,-97.4453714
Santiago Tetepec,2025,24.34,15.92,27.01,16.69,998.5,539.01,16.1920175,-97.4453714
Santiago Tetepec,2026,24.54,15.11,26.75,15.57,306.0,284.76,16.1920175,-97.4453714
Santiago Texcalcingo,2020,23.56,17.09,26.92,18.53,1482.0,470.88,18.1229504,-96.5807569
Santiago Texcalcingo,2021,23.27,16.96,26.78,18.4,1722.4,462.49,18.1229504,-96.5807569
Santiago Texcalcingo,2022,23.46,16.56,26.96,17.77,1291.8,483.15,18.1229504,-96.5807569
Santiago Texcalcingo,2023,24.55,17.62,28.62,19.16,1065.4,510.41,18.1229504,-96.5807569
Santiago Texcalcingo,2024,25.24,17.83,29.32,19.34,992.3,524.34,18.1229504,-96.5807569
Santiago Texcalcingo,2025,24.93,16.51,28.21,17.83,1113.3,520.64,18.1229504,-96.5807569
Santiago Texcalcingo,2026,23.78,15.5,26.89,16.51,583.7,245.86,18.1229504,-96.5807569
Santiago Textitlán,2020,25.52,11.96,26.3,11.31,504.1,593.57,16.4133808,-97.1537153
Santiago Textitlán,2021,25.25,11.76,26.05,11.13,567.9,581.31,16.4133808,-97.1537153
Santiago Textitlán,2022,25.75,11.16,26.44,10.33,557.7,606.5,16.4133808,-97.1537153
Santiago Textitlán,2023,26.52,12.45,27.49,11.95,471.8,614.98,16.4133808,-97.1537153
Santiago Textitlán,2024,26.71,12.79,27.48,12.26,549.5,631.82,16.4133808,-97.1537153
Santiago Textitlán,2025,25.63,12.13,26.55,11.45,523.1,593.4,16.4133808,-97.1537153
Santiago Textitlán,2026,25.91,11.3,26.19,10.38,171.7,315.54,16.4133808,-97.1537153
Santiago Tilantongo,2020,23.38,10.95,23.03,9.66,340.5,600.79,17.1659078,-97.2023293
Santiago Tilantongo,2021,23.09,10.87,22.88,9.62,481.2,583.11,17.1659078,-97.2023293
Santiago Tilantongo,2022,23.39,10.6,22.99,9.22,288.9,605.48,17.1659078,-97.2023293
Santiago Tilantongo,2023,24.6,11.39,24.55,10.5,358.6,619.72,17.1659078,-97.2023293
Santiago Tilantongo,2024,25.22,11.62,24.99,10.77,412.2,644.19,17.1659078,-97.2023293
Santiago Tilantongo,2025,23.57,11.37,23.54,10.48,412.9,603.91,17.1659078,-97.2023293
Santiago Tilantongo,2026,24.2,10.57,23.34,9.53,210.8,322.22,17.1659078,-97.2023293
Santiago Tillo,2020,22.93,11.16,22.25,10.11,249.0,602.12,17.2737026,-97.1911004
Santiago Tillo,2021,22.56,10.94,22.06,9.95,405.0,585.61,17.2737026,-97.1911004
Santiago Tillo,2022,22.96,10.58,22.28,9.42,260.9,609.58,17.2737026,-97.1911004
Santiago Tillo,2023,24.31,11.52,24.03,10.79,277.3,631.37,17.2737026,-97.1911004
Santiago Tillo,2024,25.05,11.68,24.66,10.98,393.0,656.35,17.2737026,-97.1911004
Santiago Tillo,2025,23.33,11.29,23.17,10.81,339.5,610.49,17.2737026,-97.1911004
Santiago Tillo,2026,23.94,10.56,22.99,9.9,191.1,322.93,17.2737026,-97.1911004
Santiago Tlazoyaltepec,2020,27.72,13.81,28.24,13.66,188.1,662.06,17.0136847,-96.5943783
Santiago Tlazoyaltepec,2021,27.07,13.46,27.71,13.3,361.9,638.99,17.0136847,-96.5943783
Santiago Tlazoyaltepec,2022,27.81,13.25,28.17,13.01,258.9,677.44,17.0136847,-96.5943783
Santiago Tlazoyaltepec,2023,28.87,14.26,29.52,14.3,274.3,690.29,17.0136847,-96.5943783
Santiago Tlazoyaltepec,2024,28.94,14.49,29.63,14.56,369.7,693.87,17.0136847,-96.5943783
Santiago Tlazoyaltepec,2025,27.24,13.39,28.3,13.4,320.9,647.32,17.0136847,-96.5943783
Santiago Tlazoyaltepec,2026,28.16,12.71,28.05,12.47,165.3,345.49,17.0136847,-96.5943783
Santiago Xanica,2020,20.45,14.56,22.61,14.04,881.8,510.12,16.0034088,-96.1329734
Santiago Xanica,2021,20.14,13.84,22.28,13.19,699.3,502.88,16.0034088,-96.1329734
Santiago Xanica,2022,20.22,13.5,21.93,12.83,760.8,514.13,16.0034088,-96.1329734
Santiago Xanica,2023,20.87,13.48,22.93,12.81,629.5,528.93,16.0034088,-96.1329734
Santiago Xanica,2024,20.97,13.25,22.88,12.42,901.8,532.58,16.0034088,-96.1329734
Santiago Xanica,2025,20.85,12.0,22.17,11.18,799.2,517.24,16.0034088,-96.1329734
Santiago Xanica,2026,20.85,11.33,21.79,10.22,323.3,265.66,16.0034088,-96.1329734
Santiago Xiacuí,2020,22.09,11.6,22.71,10.7,599.2,523.71,17.1735231,-96.2553861
Santiago Xiacuí,2021,21.73,11.28,22.58,10.38,607.4,513.0,17.1735231,-96.2553861
Santiago Xiacuí,2022,22.24,10.9,22.8,9.86,468.0,538.29,17.1735231,-96.2553861
Santiago Xiacuí,2023,23.69,11.97,24.57,11.25,284.2,574.71,17.1735231,-96.2553861
Santiago Xiacuí,2024,25.01,12.43,25.64,11.62,371.8,605.84,17.1735231,-96.2553861
Santiago Xiacuí,2025,23.38,12.61,24.02,12.07,459.4,566.54,17.1735231,-96.2553861
Santiago Xiacuí,2026,22.81,11.53,23.17,10.73,205.0,283.06,17.1735231,-96.2553861
Santiago Yaitepec,2020,28.69,18.62,32.69,19.79,684.6,604.28,16.1332056,-97.1609695
Santiago Yaitepec,2021,27.8,18.27,31.88,19.58,858.8,567.89,16.1332056,-97.1609695
Santiago Yaitepec,2022,28.03,17.6,31.9,18.62,770.8,587.74,16.1332056,-97.1609695
Santiago Yaitepec,2023,29.16,18.7,33.18,20.14,595.4,609.13,16.1332056,-97.1609695
Santiago Yaitepec,2024,28.22,18.24,32.47,19.7,730.4,576.78,16.1332056,-97.1609695
Santiago Yaitepec,2025,28.39,17.89,32.21,19.01,653.1,576.42,16.1332056,-97.1609695
Santiago Yaitepec,2026,29.33,17.5,32.19,18.22,203.7,315.51,16.1332056,-97.1609695
Santiago Yaveo,2020,28.63,21.14,32.25,23.3,1158.9,549.48,17.2008982,-95.420249
Santiago Yaveo,2021,28.45,21.1,32.4,23.54,961.7,533.12,17.2008982,-95.420249
Santiago Yaveo,2022,28.79,20.71,32.53,22.75,1250.3,554.94,17.2008982,-95.420249
Santiago Yaveo,2023,30.23,21.84,34.6,24.62,890.4,602.59,17.2008982,-95.420249
Santiago Yaveo,2024,30.92,21.74,35.11,24.36,847.8,641.07,17.2008982,-95.420249
Santiago Yaveo,2025,29.91,20.87,33.88,23.47,1031.3,585.95,17.2008982,-95.420249
Santiago Yaveo,2026,29.67,19.89,32.96,22.27,367.2,293.01,17.2008982,-95.420249
Santiago Yolomécatl,2020,21.8,10.14,21.98,9.08,365.4,583.5,17.2815358,-97.3411101
Santiago Yolomécatl,2021,21.57,9.94,21.74,8.89,500.2,574.31,17.2815358,-97.3411101
Santiago Yolomécatl,2022,21.82,9.67,21.81,8.53,380.9,594.87,17.2815358,-97.3411101
Santiago Yolomécatl,2023,22.8,10.44,23.19,9.65,375.0,610.49,17.2815358,-97.3411101
Santiago Yolomécatl,2024,23.61,10.87,23.74,10.0,396.1,633.66,17.2815358,-97.3411101
Santiago Yolomécatl,2025,21.89,10.91,22.21,10.24,394.6,593.88,17.2815358,-97.3411101
Santiago Yolomécatl,2026,22.38,10.23,22.12,9.27,213.6,308.73,17.2815358,-97.3411101
Santiago Yosondúa,2020,30.42,16.54,32.62,17.63,459.4,622.97,16.5224158,-97.3435792
Santiago Yosondúa,2021,29.69,16.35,31.97,17.54,534.9,600.57,16.5224158,-97.3435792
Santiago Yosondúa,2022,30.07,15.71,32.15,16.57,466.7,624.63,16.5224158,-97.3435792
Santiago Yosondúa,2023,30.99,16.94,33.41,18.31,407.0,633.24,16.5224158,-97.3435792
Santiago Yosondúa,2024,30.88,17.29,33.28,18.76,580.3,644.84,16.5224158,-97.3435792
Santiago Yosondúa,2025,30.15,17.37,32.64,18.79,551.8,618.5,16.5224158,-97.3435792
Santiago Yosondúa,2026,31.17,17.19,33.01,18.37,128.4,335.92,16.5224158,-97.3435792
Santiago Yucuyachi,2020,21.3,10.9,21.89,9.75,532.1,547.14,17.3629525,-98.1147058
Santiago Yucuyachi,2021,20.84,10.56,21.38,9.58,710.0,524.2,17.3629525,-98.1147058
Santiago Yucuyachi,2022,21.01,10.26,21.48,9.18,596.3,543.03,17.3629525,-98.1147058
Santiago Yucuyachi,2023,21.62,10.9,22.61,10.2,617.6,550.59,17.3629525,-98.1147058
Santiago Yucuyachi,2024,22.2,11.25,22.8,10.35,600.7,575.18,17.3629525,-98.1147058
Santiago Yucuyachi,2025,21.29,11.05,21.96,10.35,547.6,535.2,17.3629525,-98.1147058
Santiago Yucuyachi,2026,21.92,10.58,22.23,9.85,207.3,280.66,17.3629525,-98.1147058
Santiago Zacatepec,2020,23.61,16.41,25.48,17.03,815.2,475.84,17.0933823,-95.5453864
Santiago Zacatepec,2021,23.29,16.29,25.39,17.1,912.0,454.69,17.0933823,-95.5453864
Santiago Zacatepec,2022,23.6,15.98,25.49,16.53,795.5,482.01,17.0933823,-95.5453864
Santiago Zacatepec,2023,24.93,17.02,27.3,18.05,577.7,522.14,17.0933823,-95.5453864
Santiago Zacatepec,2024,26.06,17.09,28.11,17.92,634.9,562.62,17.0933823,-95.5453864
Santiago Zacatepec,2025,25.18,15.86,27.02,16.63,761.1,525.26,17.0933823,-95.5453864
Santiago Zacatepec,2026,24.34,14.96,25.87,15.57,419.5,256.44,17.0933823,-95.5453864
Santiago Zoochila,2020,23.61,12.25,24.93,11.94,1391.7,521.52,17.1314038,-96.1431699
Santiago Zoochila,2021,23.34,11.9,24.89,11.6,1531.0,509.28,17.1314038,-96.1431699
Santiago Zoochila,2022,23.72,11.67,25.01,11.25,1278.6,534.9,17.1314038,-96.1431699
Santiago Zoochila,2023,25.03,12.69,26.74,12.58,1097.8,569.72,17.1314038,-96.1431699
Santiago Zoochila,2024,26.38,13.15,27.83,12.98,953.9,601.34,17.1314038,-96.1431699
Santiago Zoochila,2025,24.71,13.43,26.14,13.54,1234.0,561.89,17.1314038,-96.1431699
Santiago Zoochila,2026,24.2,12.17,25.19,11.96,432.2,281.67,17.1314038,-96.1431699
Santiago del Río,2020,20.7,10.92,21.62,10.04,928.2,528.76,17.2721511,-98.0518745
Santiago del Río,2021,20.09,10.53,21.02,9.76,1118.5,506.05,17.2721511,-98.0518745
Santiago del Río,2022,20.38,10.19,21.15,9.31,916.1,523.66,17.2721511,-98.0518745
Santiago del Río,2023,20.72,10.68,21.99,10.06,925.1,528.04,17.2721511,-98.0518745
Santiago del Río,2024,21.22,11.16,22.25,10.46,833.7,553.5,17.2721511,-98.0518745
Santiago del Río,2025,20.92,10.56,21.79,9.86,915.5,519.62,17.2721511,-98.0518745
Santiago del Río,2026,21.11,9.98,21.5,9.19,278.5,269.31,17.2721511,-98.0518745
Santo Domingo Albarradas,2020,22.01,10.56,22.58,9.5,755.7,541.11,17.0404957,-96.1200338
Santo Domingo Albarradas,2021,21.65,10.18,22.5,9.18,976.7,528.1,17.0404957,-96.1200338
Santo Domingo Albarradas,2022,22.24,10.03,22.7,8.95,679.7,552.02,17.0404957,-96.1200338
Santo Domingo Albarradas,2023,23.3,10.84,24.23,10.07,689.0,574.01,17.0404957,-96.1200338
Santo Domingo Albarradas,2024,24.43,11.27,25.11,10.55,663.1,597.14,17.0404957,-96.1200338
Santo Domingo Albarradas,2025,22.31,11.07,23.15,10.45,830.4,555.17,17.0404957,-96.1200338
Santo Domingo Albarradas,2026,21.96,10.0,22.12,9.08,285.9,281.31,17.0404957,-96.1200338
Santo Domingo Armenta,2020,32.14,23.63,36.58,27.39,338.0,673.36,16.19587,-98.2241348
Santo Domingo Armenta,2021,31.49,23.4,36.15,27.2,541.9,646.51,16.19587,-98.2241348
Santo Domingo Armenta,2022,31.47,23.0,36.06,26.44,571.8,652.28,16.19587,-98.2241348
Santo Domingo Armenta,2023,32.73,23.96,37.65,27.85,316.9,681.73,16.19587,-98.2241348
Santo Domingo Armenta,2024,31.99,23.12,36.87,26.93,544.7,647.83,16.19587,-98.2241348
Santo Domingo Armenta,2025,32.05,23.41,37.17,27.38,579.1,644.74,16.19587,-98.2241348
Santo Domingo Armenta,2026,32.58,23.53,36.49,27.23,241.7,341.89,16.19587,-98.2241348
Santo Domingo Chihuitán,2020,33.17,24.05,35.26,26.17,220.1,835.79,16.353079,-95.094453
Santo Domingo Chihuitán,2021,32.43,23.71,34.69,26.04,677.0,784.71,16.353079,-95.094453
Santo Domingo Chihuitán,2022,32.51,23.52,34.79,25.69,452.7,801.1,16.353079,-95.094453
Santo Domingo Chihuitán,2023,34.18,24.51,36.58,27.27,271.1,851.51,16.353079,-95.094453
Santo Domingo Chihuitán,2024,33.07,23.69,35.7,26.53,681.3,784.46,16.353079,-95.094453
Santo Domingo Chihuitán,2025,33.29,24.22,35.13,26.4,514.3,865.14,16.353079,-95.094453
Santo Domingo Chihuitán,2026,33.33,23.57,34.06,24.94,255.4,459.81,16.353079,-95.094453
Santo Domingo Ingenio,2020,32.43,22.62,36.53,25.5,512.6,691.98,16.3518572,-94.4607068
Santo Domingo Ingenio,2021,32.2,22.35,36.44,25.4,1047.4,669.36,16.3518572,-94.4607068
Santo Domingo Ingenio,2022,31.92,22.15,36.07,24.98,748.1,674.38,16.3518572,-94.4607068
Santo Domingo Ingenio,2023,33.23,23.14,37.65,26.51,708.2,702.21,16.3518572,-94.4607068
Santo Domingo Ingenio,2024,32.53,22.79,37.06,26.04,1100.3,677.6,16.3518572,-94.4607068
Santo Domingo Ingenio,2025,32.63,23.04,37.06,26.04,870.2,701.15,16.3518572,-94.4607068
Santo Domingo Ingenio,2026,33.67,22.33,36.36,24.65,281.7,385.91,16.3518572,-94.4607068
Santo Domingo Ixcatlán,2020,31.06,17.61,33.73,19.21,554.1,630.92,16.5450136,-97.3154961
Santo Domingo Ixcatlán,2021,30.33,17.34,33.07,19.08,714.9,608.05,16.5450136,-97.3154961
Santo Domingo Ixcatlán,2022,30.62,16.91,33.14,18.3,554.6,630.14,16.5450136,-97.3154961
Santo Domingo Ixcatlán,2023,31.46,17.79,34.45,19.54,516.9,638.64,16.5450136,-97.3154961
Santo Domingo Ixcatlán,2024,31.4,18.1,34.2,19.91,651.6,651.93,16.5450136,-97.3154961
Santo Domingo Ixcatlán,2025,30.52,17.98,33.4,19.8,607.5,622.47,16.5450136,-97.3154961
Santo Domingo Ixcatlán,2026,31.7,17.59,33.67,18.97,130.9,339.08,16.5450136,-97.3154961
Santo Domingo Nuxaá,2020,20.79,8.55,20.27,6.79,364.6,561.79,17.131883,-97.0714556
Santo Domingo Nuxaá,2021,20.5,8.4,20.18,6.73,561.9,543.26,17.131883,-97.0714556
Santo Domingo Nuxaá,2022,20.78,8.1,20.22,6.27,366.5,563.69,17.131883,-97.0714556
Santo Domingo Nuxaá,2023,21.69,8.94,21.48,7.53,421.4,572.87,17.131883,-97.0714556
Santo Domingo Nuxaá,2024,22.38,9.52,21.86,8.13,453.8,600.92,17.131883,-97.0714556
Santo Domingo Nuxaá,2025,20.7,8.95,20.47,7.52,419.6,555.97,17.131883,-97.0714556
Santo Domingo Nuxaá,2026,21.13,8.06,20.38,6.43,221.7,297.46,17.131883,-97.0714556
Santo Domingo Ozolotepec,2020,22.0,16.11,24.76,16.04,881.8,526.36,16.0903125,-96.1837438
Santo Domingo Ozolotepec,2021,21.69,15.39,24.41,15.17,699.3,519.09,16.0903125,-96.1837438
Santo Domingo Ozolotepec,2022,21.77,15.05,24.04,14.8,760.8,530.72,16.0903125,-96.1837438
Santo Domingo Ozolotepec,2023,22.41,15.04,25.05,14.78,629.5,545.79,16.0903125,-96.1837438
Santo Domingo Ozolotepec,2024,22.52,14.8,25.0,14.38,901.8,549.6,16.0903125,-96.1837438
Santo Domingo Ozolotepec,2025,22.4,13.55,24.25,13.15,799.2,533.92,16.0903125,-96.1837438
Santo Domingo Ozolotepec,2026,22.4,12.88,23.84,12.16,323.3,274.36,16.0903125,-96.1837438
Santo Domingo Petapa,2020,32.37,23.78,34.53,25.76,219.1,797.91,16.4914409,-95.0825521
Santo Domingo Petapa,2021,31.64,23.44,34.03,25.64,643.9,744.07,16.4914409,-95.0825521
Santo Domingo Petapa,2022,31.65,23.38,34.03,25.36,469.2,764.14,16.4914409,-95.0825521
Santo Domingo Petapa,2023,33.49,24.32,35.98,26.85,322.0,822.26,16.4914409,-95.0825521
Santo Domingo Petapa,2024,32.59,23.78,35.32,26.44,802.4,765.9,16.4914409,-95.0825521
Santo Domingo Petapa,2025,32.71,24.14,34.56,25.78,498.0,847.29,16.4914409,-95.0825521
Santo Domingo Petapa,2026,32.78,23.36,33.51,24.38,246.1,449.01,16.4914409,-95.0825521
Santo Domingo Roayaga,2020,16.27,6.88,16.12,5.09,968.3,439.88,17.201547,-96.0652462
Santo Domingo Roayaga,2021,16.01,6.59,16.02,4.85,1044.3,430.21,17.201547,-96.0652462
Santo Domingo Roayaga,2022,16.23,6.31,16.02,4.43,790.0,449.15,17.201547,-96.0652462
Santo Domingo Roayaga,2023,17.25,7.45,17.4,5.86,747.5,479.81,17.201547,-96.0652462
Santo Domingo Roayaga,2024,18.48,8.11,18.52,6.61,593.1,506.8,17.201547,-96.0652462
Santo Domingo Roayaga,2025,16.91,7.44,16.88,5.96,827.2,470.46,17.201547,-96.0652462
Santo Domingo Roayaga,2026,16.3,6.2,16.13,4.48,395.5,236.71,17.201547,-96.0652462
Santo Domingo Tehuantepec,2020,31.51,24.48,33.41,25.85,254.4,863.44,16.195541,-95.1355377
Santo Domingo Tehuantepec,2021,30.9,24.17,32.84,25.74,552.3,808.86,16.195541,-95.1355377
Santo Domingo Tehuantepec,2022,31.04,24.01,33.15,25.44,403.5,830.57,16.195541,-95.1355377
Santo Domingo Tehuantepec,2023,32.71,25.07,34.91,27.0,263.4,887.14,16.195541,-95.1355377
Santo Domingo Tehuantepec,2024,31.5,24.33,34.16,26.3,638.0,806.36,16.195541,-95.1355377
Santo Domingo Tehuantepec,2025,32.08,24.62,33.92,25.93,445.6,882.63,16.195541,-95.1355377
Santo Domingo Tehuantepec,2026,32.04,23.9,32.82,24.58,230.8,468.2,16.195541,-95.1355377
Santo Domingo Teojomulco,2020,30.55,16.72,32.85,17.52,592.7,645.6,16.352185,-97.1334275
Santo Domingo Teojomulco,2021,30.25,16.5,32.6,17.35,620.4,629.71,16.352185,-97.1334275
Santo Domingo Teojomulco,2022,30.68,15.88,32.85,16.44,476.3,655.31,16.352185,-97.1334275
Santo Domingo Teojomulco,2023,31.52,17.22,34.05,18.26,444.9,666.45,16.352185,-97.1334275
Santo Domingo Teojomulco,2024,31.69,17.66,34.08,18.69,527.0,687.41,16.352185,-97.1334275
Santo Domingo Teojomulco,2025,30.6,17.14,33.18,18.02,554.2,648.27,16.352185,-97.1334275
Santo Domingo Teojomulco,2026,31.17,16.55,32.78,17.1,178.3,349.72,16.352185,-97.1334275
Santo Domingo Tepuxtepec,2020,31.43,17.18,33.03,18.96,215.1,671.15,16.5724794,-96.0319463
Santo Domingo Tepuxtepec,2021,30.85,16.99,32.44,18.78,411.8,657.86,16.5724794,-96.0319463
Santo Domingo Tepuxtepec,2022,30.83,16.78,32.57,18.38,260.4,674.52,16.5724794,-96.0319463
Santo Domingo Tepuxtepec,2023,32.44,17.93,34.19,20.03,166.2,695.76,16.5724794,-96.0319463
Santo Domingo Tepuxtepec,2024,32.33,17.99,34.16,19.95,332.1,698.91,16.5724794,-96.0319463
Santo Domingo Tepuxtepec,2025,31.42,18.19,33.07,20.23,258.0,695.72,16.5724794,-96.0319463
Santo Domingo Tepuxtepec,2026,31.49,17.31,32.27,19.01,156.2,361.48,16.5724794,-96.0319463
Santo Domingo Tlatayápam,2020,22.93,11.16,22.25,10.11,249.0,601.56,17.2426884,-97.2049283
Santo Domingo Tlatayápam,2021,22.56,10.94,22.06,9.95,405.0,585.07,17.2426884,-97.2049283
Santo Domingo Tlatayápam,2022,22.96,10.58,22.28,9.42,260.9,609.0,17.2426884,-97.2049283
Santo Domingo Tlatayápam,2023,24.31,11.52,24.03,10.79,277.3,630.79,17.2426884,-97.2049283
Santo Domingo Tlatayápam,2024,25.05,11.68,24.66,10.98,393.0,655.91,17.2426884,-97.2049283
Santo Domingo Tlatayápam,2025,23.33,11.29,23.17,10.81,339.5,609.86,17.2426884,-97.2049283
Santo Domingo Tlatayápam,2026,23.94,10.56,22.99,9.9,191.1,322.72,17.2426884,-97.2049283
Santo Domingo Tomaltepec,2020,17.62,9.26,17.45,7.32,459.8,521.0,17.0337511,-96.3727687
Santo Domingo Tomaltepec,2021,17.33,8.95,17.15,7.16,605.8,510.94,17.0337511,-96.3727687
Santo Domingo Tomaltepec,2022,17.67,8.75,17.18,6.8,435.5,530.68,17.0337511,-96.3727687
Santo Domingo Tomaltepec,2023,18.5,9.44,18.29,7.78,412.7,546.99,17.0337511,-96.3727687
Santo Domingo Tomaltepec,2024,19.46,9.86,18.89,8.07,406.3,577.88,17.0337511,-96.3727687
Santo Domingo Tomaltepec,2025,17.73,8.8,17.46,7.13,589.2,524.27,17.0337511,-96.3727687
Santo Domingo Tomaltepec,2026,17.82,7.73,17.47,5.61,282.1,275.21,17.0337511,-96.3727687
Santo Domingo Tonaltepec,2020,22.32,10.41,21.43,9.39,236.3,602.32,17.3639086,-97.2136296
Santo Domingo Tonaltepec,2021,21.88,10.25,21.17,9.18,340.1,584.57,17.3639086,-97.2136296
Santo Domingo Tonaltepec,2022,22.35,9.79,21.42,8.6,196.8,611.97,17.3639086,-97.2136296
Santo Domingo Tonaltepec,2023,23.64,10.92,23.28,10.14,226.1,632.86,17.3639086,-97.2136296
Santo Domingo Tonaltepec,2024,24.48,11.02,23.99,10.2,276.0,658.71,17.3639086,-97.2136296
Santo Domingo Tonaltepec,2025,22.78,10.45,22.6,9.86,246.8,612.8,17.3639086,-97.2136296
Santo Domingo Tonaltepec,2026,23.39,9.85,22.52,9.09,176.2,320.51,17.3639086,-97.2136296
Santo Domingo Tonalá,2020,22.15,9.78,21.82,8.35,315.9,586.53,17.4028602,-97.5750156
Santo Domingo Tonalá,2021,22.1,9.44,21.79,8.0,381.5,581.16,17.4028602,-97.5750156
Santo Domingo Tonalá,2022,22.44,9.24,21.96,7.78,293.5,601.51,17.4028602,-97.5750156
Santo Domingo Tonalá,2023,23.34,9.84,23.28,8.65,351.2,611.07,17.4028602,-97.5750156
Santo Domingo Tonalá,2024,24.1,10.19,23.64,8.88,374.2,640.49,17.4028602,-97.5750156
Santo Domingo Tonalá,2025,22.43,9.46,22.55,8.29,372.4,589.89,17.4028602,-97.5750156
Santo Domingo Tonalá,2026,23.11,9.05,22.4,7.63,190.1,307.86,17.4028602,-97.5750156
Santo Domingo Xagacía,2020,25.77,14.47,27.76,14.75,1151.1,563.56,17.0919953,-96.1604661
Santo Domingo Xagacía,2021,25.46,14.03,27.79,14.29,1456.4,549.53,17.0919953,-96.1604661
Santo Domingo Xagacía,2022,25.92,13.98,27.85,14.21,1143.2,575.22,17.0919953,-96.1604661
Santo Domingo Xagacía,2023,27.12,14.86,29.49,15.46,1088.1,604.78,17.0919953,-96.1604661
Santo Domingo Xagacía,2024,28.47,15.38,30.54,15.92,906.1,635.66,17.0919953,-96.1604661
Santo Domingo Xagacía,2025,26.41,15.49,28.72,16.27,1162.4,593.07,17.0919953,-96.1604661
Santo Domingo Xagacía,2026,25.92,14.39,27.62,14.82,375.9,298.35,17.0919953,-96.1604661
Santo Domingo Yanhuitlán,2020,23.32,11.41,22.68,10.65,236.3,616.67,17.3140954,-97.2032314
Santo Domingo Yanhuitlán,2021,22.88,11.25,22.41,10.44,340.1,598.63,17.3140954,-97.2032314
Santo Domingo Yanhuitlán,2022,23.35,10.79,22.65,9.85,196.8,626.44,17.3140954,-97.2032314
Santo Domingo Yanhuitlán,2023,24.64,11.92,24.52,11.41,226.1,646.84,17.3140954,-97.2032314
Santo Domingo Yanhuitlán,2024,25.48,12.02,25.22,11.46,276.0,672.54,17.3140954,-97.2032314
Santo Domingo Yanhuitlán,2025,23.78,11.45,23.85,11.13,246.8,626.66,17.3140954,-97.2032314
Santo Domingo Yanhuitlán,2026,24.39,10.85,23.72,10.34,176.2,327.46,17.3140954,-97.2032314
Santo Domingo Yodohino,2020,18.52,7.47,17.83,5.65,353.4,540.35,17.3700791,-97.405888
Santo Domingo Yodohino,2021,18.09,7.48,17.48,5.71,544.0,531.84,17.3700791,-97.405888
Santo Domingo Yodohino,2022,18.51,7.08,17.59,5.13,409.5,550.27,17.3700791,-97.405888
Santo Domingo Yodohino,2023,19.54,7.87,18.88,6.19,356.1,569.92,17.3700791,-97.405888
Santo Domingo Yodohino,2024,20.63,8.56,19.84,6.84,394.1,601.29,17.3700791,-97.405888
Santo Domingo Yodohino,2025,18.86,7.92,18.3,6.58,396.2,550.35,17.3700791,-97.405888
Santo Domingo Yodohino,2026,19.54,7.37,18.34,5.72,235.7,288.2,17.3700791,-97.405888
Santo Domingo Zanatepec,2020,33.09,23.13,37.26,26.33,308.7,684.63,16.2858093,-94.2114052
Santo Domingo Zanatepec,2021,32.57,22.88,36.81,26.1,747.9,661.6,16.2858093,-94.2114052
Santo Domingo Zanatepec,2022,32.65,22.67,36.88,25.7,589.4,668.79,16.2858093,-94.2114052
Santo Domingo Zanatepec,2023,34.2,23.49,38.81,27.14,548.8,692.51,16.2858093,-94.2114052
Santo Domingo Zanatepec,2024,33.48,22.55,38.23,26.07,806.4,671.4,16.2858093,-94.2114052
Santo Domingo Zanatepec,2025,33.88,23.21,38.21,26.68,632.9,699.44,16.2858093,-94.2114052
Santo Domingo Zanatepec,2026,35.09,22.61,37.48,25.0,350.5,395.5,16.2858093,-94.2114052
Santo Domingo de Morelos,2020,28.91,27.25,33.78,30.37,427.0,690.06,15.4958816,-96.4005075
Santo Domingo de Morelos,2021,28.54,26.81,33.47,30.11,503.9,667.06,15.4958816,-96.4005075
Santo Domingo de Morelos,2022,28.66,26.93,33.46,29.81,492.4,697.71,15.4958816,-96.4005075
Santo Domingo de Morelos,2023,29.58,27.79,34.76,31.25,242.1,731.5,15.4958816,-96.4005075
Santo Domingo de Morelos,2024,28.9,26.93,33.74,30.17,582.0,660.35,15.4958816,-96.4005075
Santo Domingo de Morelos,2025,29.08,27.0,34.2,30.29,456.3,673.02,15.4958816,-96.4005075
Santo Domingo de Morelos,2026,29.11,27.1,33.98,30.27,224.6,360.91,15.4958816,-96.4005075
Santo Tomás Jalieza,2020,29.86,15.33,30.16,15.91,200.3,700.4,16.5039762,-96.4015719
Santo Tomás Jalieza,2021,29.5,15.15,29.75,15.79,238.1,692.3,16.5039762,-96.4015719
Santo Tomás Jalieza,2022,29.89,14.74,30.04,15.15,182.4,721.06,16.5039762,-96.4015719
Santo Tomás Jalieza,2023,31.27,15.97,31.54,16.82,113.4,748.6,16.5039762,-96.4015719
Santo Tomás Jalieza,2024,31.04,15.79,31.53,16.58,225.4,743.17,16.5039762,-96.4015719
Santo Tomás Jalieza,2025,30.02,15.42,30.54,16.32,285.5,714.61,16.5039762,-96.4015719
Santo Tomás Jalieza,2026,30.26,14.43,30.2,15.06,154.9,371.7,16.5039762,-96.4015719
Santo Tomás Mazaltepec,2020,19.19,9.37,18.91,7.7,459.5,544.34,17.1024696,-96.521752
Santo Tomás Mazaltepec,2021,18.96,9.03,18.72,7.39,638.1,532.86,17.1024696,-96.521752
Santo Tomás Mazaltepec,2022,19.36,8.82,18.94,7.14,388.9,558.44,17.1024696,-96.521752
Santo Tomás Mazaltepec,2023,20.27,9.45,20.27,7.97,409.1,571.74,17.1024696,-96.521752
Santo Tomás Mazaltepec,2024,21.17,9.95,20.86,8.35,394.6,599.11,17.1024696,-96.521752
Santo Tomás Mazaltepec,2025,19.37,9.19,19.39,7.59,604.3,545.08,17.1024696,-96.521752
Santo Tomás Mazaltepec,2026,19.62,8.09,19.18,6.1,284.5,286.83,17.1024696,-96.521752
Santo Tomás Ocotepec,2020,25.49,13.23,25.59,12.81,226.3,629.47,17.0842916,-97.4544285
Santo Tomás Ocotepec,2021,25.05,12.98,25.2,12.48,307.7,618.03,17.0842916,-97.4544285
Santo Tomás Ocotepec,2022,25.61,12.66,25.6,12.01,192.7,647.29,17.0842916,-97.4544285
Santo Tomás Ocotepec,2023,26.6,13.42,26.82,13.2,219.8,656.47,17.0842916,-97.4544285
Santo Tomás Ocotepec,2024,27.11,13.5,27.21,13.07,303.6,675.5,17.0842916,-97.4544285
Santo Tomás Ocotepec,2025,25.56,13.75,25.85,13.59,240.1,644.96,17.0842916,-97.4544285
Santo Tomás Ocotepec,2026,26.31,13.48,25.58,13.09,134.1,339.81,17.0842916,-97.4544285
Santo Tomás Tamazulapan,2020,17.65,9.27,18.73,7.75,1137.5,489.64,16.1619324,-96.3508984
Santo Tomás Tamazulapan,2021,17.35,8.69,18.34,7.18,1267.1,481.84,16.1619324,-96.3508984
Santo Tomás Tamazulapan,2022,17.21,8.5,18.04,6.89,1028.1,488.02,16.1619324,-96.3508984
Santo Tomás Tamazulapan,2023,17.89,8.96,18.93,7.45,1032.6,504.9,16.1619324,-96.3508984
Santo Tomás Tamazulapan,2024,18.44,9.31,19.66,7.68,988.7,523.81,16.1619324,-96.3508984
Santo Tomás Tamazulapan,2025,18.24,8.67,18.55,7.11,930.8,504.86,16.1619324,-96.3508984
Santo Tomás Tamazulapan,2026,18.41,7.72,18.59,5.69,415.9,266.88,16.1619324,-96.3508984
Santos Reyes Nopala,2020,25.99,16.12,28.87,16.11,738.3,575.47,16.0624352,-97.0840009
Santos Reyes Nopala,2021,25.24,15.84,28.1,16.09,790.2,543.44,16.0624352,-97.0840009
Santos Reyes Nopala,2022,25.47,15.38,28.15,15.33,700.7,565.6,16.0624352,-97.0840009
Santos Reyes Nopala,2023,26.28,16.32,29.24,16.68,605.1,578.62,16.0624352,-97.0840009
Santos Reyes Nopala,2024,25.68,15.91,28.75,16.3,784.6,558.23,16.0624352,-97.0840009
Santos Reyes Nopala,2025,25.43,15.49,28.29,15.62,807.1,545.56,16.0624352,-97.0840009
Santos Reyes Nopala,2026,25.82,14.7,28.03,14.54,252.9,295.57,16.0624352,-97.0840009
Santos Reyes Pápalo,2020,16.76,6.85,16.99,5.53,702.7,477.56,17.4816764,-96.513916
Santos Reyes Pápalo,2021,16.5,6.75,16.92,5.49,804.4,473.41,17.4816764,-96.513916
Santos Reyes Pápalo,2022,16.8,6.6,16.97,5.19,590.6,494.36,17.4816764,-96.513916
Santos Reyes Pápalo,2023,17.64,7.31,18.21,6.09,512.4,511.55,17.4816764,-96.513916
Santos Reyes Pápalo,2024,18.69,7.52,19.12,6.24,507.2,532.42,17.4816764,-96.513916
Santos Reyes Pápalo,2025,17.62,7.37,17.91,6.07,719.0,503.2,17.4816764,-96.513916
Santos Reyes Pápalo,2026,17.51,6.05,17.72,4.48,332.0,256.68,17.4816764,-96.513916
Santos Reyes Tepejillo,2020,23.49,10.17,23.68,9.09,213.1,603.34,17.2615921,-97.5617961
Santos Reyes Tepejillo,2021,23.13,9.92,23.3,8.88,316.7,593.68,17.2615921,-97.5617961
Santos Reyes Tepejillo,2022,23.6,9.47,23.65,8.28,281.6,616.65,17.2615921,-97.5617961
Santos Reyes Tepejillo,2023,24.74,10.17,24.95,9.34,283.9,632.61,17.2615921,-97.5617961
Santos Reyes Tepejillo,2024,25.39,10.29,25.5,9.33,386.9,649.45,17.2615921,-97.5617961
Santos Reyes Tepejillo,2025,23.81,9.6,24.25,8.91,352.1,609.96,17.2615921,-97.5617961
Santos Reyes Tepejillo,2026,24.67,9.34,24.09,8.49,164.0,320.06,17.2615921,-97.5617961
Santos Reyes Yucuná,2020,25.69,11.91,26.01,11.23,280.5,627.5,17.4639867,-98.0016296
Santos Reyes Yucuná,2021,25.34,11.59,25.7,10.85,384.1,604.18,17.4639867,-98.0016296
Santos Reyes Yucuná,2022,25.83,11.2,26.18,10.27,335.2,636.11,17.4639867,-98.0016296
Santos Reyes Yucuná,2023,26.65,12.05,27.46,11.44,392.5,643.39,17.4639867,-98.0016296
Santos Reyes Yucuná,2024,27.22,12.33,27.89,11.64,444.3,668.52,17.4639867,-98.0016296
Santos Reyes Yucuná,2025,25.89,12.27,26.52,11.58,399.7,628.3,17.4639867,-98.0016296
Santos Reyes Yucuná,2026,26.67,11.8,26.5,10.95,160.0,332.72,17.4639867,-98.0016296
Silacayoápam,2020,21.14,10.59,21.85,9.5,595.8,545.47,17.300521,-98.0833307
Silacayoápam,2021,20.75,10.45,21.42,9.57,792.8,524.94,17.300521,-98.0833307
Silacayoápam,2022,20.93,9.91,21.43,8.75,530.6,544.21,17.300521,-98.0833307
Silacayoápam,2023,21.48,10.88,22.64,10.16,553.0,550.22,17.300521,-98.0833307
Silacayoápam,2024,22.08,11.71,22.83,10.95,502.4,578.19,17.300521,-98.0833307
Silacayoápam,2025,20.95,10.9,21.87,10.43,568.7,537.39,17.300521,-98.0833307
Silacayoápam,2026,21.35,10.33,21.92,9.74,242.1,279.5,17.300521,-98.0833307
Sitio de Xitlapehua,2020,14.56,4.48,14.3,1.99,474.4,480.19,16.210373,-96.3157371
Sitio de Xitlapehua,2021,14.33,3.93,14.08,1.46,629.7,478.34,16.210373,-96.3157371
Sitio de Xitlapehua,2022,14.35,4.05,13.9,1.57,322.2,484.2,16.210373,-96.3157371
Sitio de Xitlapehua,2023,15.2,4.8,14.98,2.48,344.4,503.53,16.210373,-96.3157371
Sitio de Xitlapehua,2024,16.0,5.55,15.73,3.13,449.7,524.2,16.210373,-96.3157371
Sitio de Xitlapehua,2025,15.05,5.26,14.46,3.03,440.3,496.04,16.210373,-96.3157371
Sitio de Xitlapehua,2026,15.41,4.14,14.55,1.58,258.7,262.93,16.210373,-96.3157371
Soledad Etla,2020,19.19,9.37,18.91,7.7,459.5,545.63,17.1018063,-96.4914725
Soledad Etla,2021,18.96,9.03,18.72,7.39,638.1,534.18,17.1018063,-96.4914725
Soledad Etla,2022,19.36,8.82,18.94,7.14,388.9,559.8,17.1018063,-96.4914725
Soledad Etla,2023,20.27,9.45,20.27,7.97,409.1,573.1,17.1018063,-96.4914725
Soledad Etla,2024,21.17,9.95,20.86,8.35,394.6,600.17,17.1018063,-96.4914725
Soledad Etla,2025,19.37,9.19,19.39,7.59,604.3,546.4,17.1018063,-96.4914725
Soledad Etla,2026,19.62,8.09,19.18,6.1,284.5,287.51,17.1018063,-96.4914725
Tamazulápam del Espíritu Santo,2020,17.2,7.12,16.95,5.15,383.4,494.51,17.0315969,-96.0354382
Tamazulápam del Espíritu Santo,2021,16.92,6.75,16.78,4.87,597.9,483.54,17.0315969,-96.0354382
Tamazulápam del Espíritu Santo,2022,17.2,6.72,16.88,4.78,341.7,500.31,17.0315969,-96.0354382
Tamazulápam del Espíritu Santo,2023,18.0,7.59,18.07,5.91,381.7,519.03,17.0315969,-96.0354382
Tamazulápam del Espíritu Santo,2024,18.92,8.03,18.8,6.44,351.7,540.64,17.0315969,-96.0354382
Tamazulápam del Espíritu Santo,2025,17.15,7.54,17.14,5.93,497.2,502.48,17.0315969,-96.0354382
Tamazulápam del Espíritu Santo,2026,16.72,6.45,16.49,4.62,226.6,253.47,17.0315969,-96.0354382
Tanetze de Zaragoza,2020,26.14,15.1,28.78,15.77,1346.0,534.74,17.2236239,-96.180805
Tanetze de Zaragoza,2021,25.83,14.95,28.65,15.7,1299.8,524.35,17.2236239,-96.180805
Tanetze de Zaragoza,2022,26.18,14.65,28.74,15.29,1040.0,549.91,17.2236239,-96.180805
Tanetze de Zaragoza,2023,27.51,15.42,30.63,16.33,885.7,586.54,17.2236239,-96.180805
Tanetze de Zaragoza,2024,28.85,15.68,31.65,16.56,752.6,614.61,17.2236239,-96.180805
Tanetze de Zaragoza,2025,27.3,15.59,30.07,16.62,1304.1,579.88,17.2236239,-96.180805
Tanetze de Zaragoza,2026,26.83,14.17,29.02,14.82,460.3,288.69,17.2236239,-96.180805
Taniche,2020,24.46,13.3,24.15,12.41,407.5,614.75,16.3401072,-96.4512893
Taniche,2021,24.23,12.94,23.8,12.12,518.3,612.31,16.3401072,-96.4512893
Taniche,2022,24.62,12.7,24.0,11.74,386.8,637.49,16.3401072,-96.4512893
Taniche,2023,26.29,13.82,25.72,13.23,341.8,671.22,16.3401072,-96.4512893
Taniche,2024,26.77,14.24,26.36,13.48,452.9,676.94,16.3401072,-96.4512893
Taniche,2025,25.54,13.84,25.17,13.41,457.1,647.16,16.3401072,-96.4512893
Taniche,2026,25.92,13.01,24.76,11.92,262.4,343.2,16.3401072,-96.4512893
Tataltepec de Valdés,2020,25.51,16.66,27.96,17.16,704.9,570.25,16.1823063,-97.324585
Tataltepec de Valdés,2021,24.62,16.16,27.18,16.88,893.1,539.58,16.1823063,-97.324585
Tataltepec de Valdés,2022,24.85,15.98,27.26,16.34,712.6,559.41,16.1823063,-97.324585
Tataltepec de Valdés,2023,25.55,16.64,28.4,17.45,727.2,570.59,16.1823063,-97.324585
Tataltepec de Valdés,2024,25.19,16.56,27.89,17.38,770.3,562.45,16.1823063,-97.324585
Tataltepec de Valdés,2025,24.69,16.27,27.44,17.11,998.5,543.64,16.1823063,-97.324585
Tataltepec de Valdés,2026,24.89,15.45,27.17,15.98,306.0,287.17,16.1823063,-97.324585
Teococuilco de Marcos Pérez,2020,15.88,8.11,15.77,5.96,664.7,486.91,17.2107161,-96.36538
Teococuilco de Marcos Pérez,2021,15.51,7.89,15.51,5.89,697.7,479.27,17.2107161,-96.36538
Teococuilco de Marcos Pérez,2022,15.83,7.61,15.4,5.41,585.8,495.83,17.2107161,-96.36538
Teococuilco de Marcos Pérez,2023,16.61,8.47,16.61,6.71,527.0,515.84,17.2107161,-96.36538
Teococuilco de Marcos Pérez,2024,17.77,9.05,17.45,7.22,474.5,546.46,17.2107161,-96.36538
Teococuilco de Marcos Pérez,2025,16.77,7.5,16.36,5.79,740.2,502.99,17.2107161,-96.36538
Teococuilco de Marcos Pérez,2026,16.67,6.41,16.25,4.32,305.9,262.07,17.2107161,-96.36538
Teotitlán de Flores Magón,2020,28.57,15.55,29.66,16.06,202.2,654.87,18.0756404,-97.0414535
Teotitlán de Flores Magón,2021,28.15,15.29,29.24,15.74,169.4,655.86,18.0756404,-97.0414535
Teotitlán de Flores Magón,2022,28.96,15.39,29.81,15.86,122.2,673.26,18.0756404,-97.0414535
Teotitlán de Flores Magón,2023,30.04,16.47,31.09,17.15,109.2,693.3,18.0756404,-97.0414535
Teotitlán de Flores Magón,2024,30.15,16.38,31.2,16.67,194.9,701.2,18.0756404,-97.0414535
Teotitlán de Flores Magón,2025,29.2,15.94,30.09,16.27,144.6,678.24,18.0756404,-97.0414535
Teotitlán de Flores Magón,2026,28.48,14.88,29.42,15.02,126.9,331.6,18.0756404,-97.0414535
Teotitlán del Valle,2020,22.75,11.02,22.53,9.83,239.9,584.86,17.0146486,-96.3108215
Teotitlán del Valle,2021,22.4,10.78,22.18,9.61,403.1,571.76,17.0146486,-96.3108215
Teotitlán del Valle,2022,23.03,10.7,22.53,9.43,236.3,599.2,17.0146486,-96.3108215
Teotitlán del Valle,2023,24.3,11.58,24.08,10.68,218.2,621.84,17.0146486,-96.3108215
Teotitlán del Valle,2024,24.94,12.03,24.66,11.1,223.2,639.62,17.0146486,-96.3108215
Teotitlán del Valle,2025,23.18,12.02,22.95,11.06,302.1,607.52,17.0146486,-96.3108215
Teotitlán del Valle,2026,23.28,10.93,22.52,9.77,186.5,317.51,17.0146486,-96.3108215
Teotongo,2020,22.41,10.75,21.61,9.75,237.9,601.62,17.4334764,-97.3212165
Teotongo,2021,21.82,10.44,21.13,9.42,283.1,584.96,17.4334764,-97.3212165
Teotongo,2022,22.39,10.21,21.42,9.05,186.8,615.22,17.4334764,-97.3212165
Teotongo,2023,23.6,11.01,22.98,10.24,183.3,636.38,17.4334764,-97.3212165
Teotongo,2024,24.45,11.17,23.69,10.32,236.9,661.21,17.4334764,-97.3212165
Teotongo,2025,22.75,10.24,22.36,9.54,227.3,611.68,17.4334764,-97.3212165
Teotongo,2026,23.41,9.56,22.3,8.62,191.5,317.64,17.4334764,-97.3212165
Tepelmeme Villa de Morelos,2020,22.13,10.88,21.67,9.7,299.9,593.4,17.5229302,-97.2143913
Tepelmeme Villa de Morelos,2021,21.59,10.46,21.35,9.24,359.0,577.34,17.5229302,-97.2143913
Tepelmeme Villa de Morelos,2022,22.01,10.37,21.49,9.1,263.9,604.12,17.5229302,-97.2143913
Tepelmeme Villa de Morelos,2023,23.07,10.89,22.97,9.98,239.1,623.49,17.5229302,-97.2143913
Tepelmeme Villa de Morelos,2024,24.03,11.1,23.55,10.04,255.6,654.39,17.5229302,-97.2143913
Tepelmeme Villa de Morelos,2025,21.99,10.74,21.83,9.84,290.1,607.08,17.5229302,-97.2143913
Tepelmeme Villa de Morelos,2026,22.43,9.91,21.7,8.75,205.8,315.02,17.5229302,-97.2143913
Tlacolula de Matamoros,2020,26.67,12.63,26.43,12.4,230.7,645.43,16.5720246,-96.2845174
Tlacolula de Matamoros,2021,26.05,12.28,25.98,12.03,324.2,626.04,16.5720246,-96.2845174
Tlacolula de Matamoros,2022,26.47,12.05,26.29,11.64,251.2,652.75,16.5720246,-96.2845174
Tlacolula de Matamoros,2023,28.15,13.32,27.82,13.32,152.5,690.26,16.5720246,-96.2845174
Tlacolula de Matamoros,2024,27.81,13.2,27.82,12.94,238.8,683.71,16.5720246,-96.2845174
Tlacolula de Matamoros,2025,26.49,13.06,26.41,13.01,324.2,662.28,16.5720246,-96.2845174
Tlacolula de Matamoros,2026,26.63,12.15,26.07,11.85,172.5,344.45,16.5720246,-96.2845174
Tlacotepec Plumas,2020,23.15,11.19,22.45,10.22,240.9,617.7,17.5102798,-97.2558185
Tlacotepec Plumas,2021,22.63,10.76,22.06,9.71,261.9,600.84,17.5102798,-97.2558185
Tlacotepec Plumas,2022,23.25,10.71,22.38,9.59,172.0,633.99,17.5102798,-97.2558185
Tlacotepec Plumas,2023,24.3,11.34,23.94,10.59,191.1,649.66,17.5102798,-97.2558185
Tlacotepec Plumas,2024,25.17,11.43,24.53,10.51,214.5,675.15,17.5102798,-97.2558185
Tlacotepec Plumas,2025,23.5,10.7,23.26,9.94,219.7,632.12,17.5102798,-97.2558185
Tlacotepec Plumas,2026,24.03,9.98,23.21,8.97,158.6,326.23,17.5102798,-97.2558185
Tlalixtac de Cabrera,2020,18.63,8.88,18.13,7.12,297.5,542.07,17.0428144,-96.3854301
Tlalixtac de Cabrera,2021,18.34,8.55,17.76,6.84,418.3,529.46,17.0428144,-96.3854301
Tlalixtac de Cabrera,2022,18.92,8.36,18.03,6.49,269.0,556.47,17.0428144,-96.3854301
Tlalixtac de Cabrera,2023,20.03,9.28,19.27,7.7,304.3,575.21,17.0428144,-96.3854301
Tlalixtac de Cabrera,2024,20.64,9.76,19.77,8.04,256.7,596.28,17.0428144,-96.3854301
Tlalixtac de Cabrera,2025,18.82,9.03,18.3,7.4,409.1,546.19,17.0428144,-96.3854301
Tlalixtac de Cabrera,2026,19.21,8.08,18.25,6.04,255.7,287.27,17.0428144,-96.3854301
Totontepec Villa de Morelos,2020,15.51,5.89,15.1,3.78,628.1,453.3,17.1531082,-96.0138477
Totontepec Villa de Morelos,2021,15.28,5.56,15.03,3.5,770.4,444.49,17.1531082,-96.0138477
Totontepec Villa de Morelos,2022,15.51,5.32,15.05,3.17,541.5,460.9,17.1531082,-96.0138477
Totontepec Villa de Morelos,2023,16.41,6.26,16.31,4.35,546.3,486.76,17.1531082,-96.0138477
Totontepec Villa de Morelos,2024,17.53,6.81,17.31,4.97,479.7,510.83,17.1531082,-96.0138477
Totontepec Villa de Morelos,2025,15.95,6.43,15.64,4.64,632.8,475.25,17.1531082,-96.0138477
Totontepec Villa de Morelos,2026,15.54,5.31,15.03,3.29,281.3,240.23,17.1531082,-96.0138477
Trinidad Zaachila,2020,28.11,13.74,28.18,13.94,251.4,664.86,16.5516418,-96.4555236
Trinidad Zaachila,2021,27.71,13.56,27.74,13.82,415.1,654.49,16.5516418,-96.4555236
Trinidad Zaachila,2022,28.28,13.27,28.11,13.31,235.3,684.93,16.5516418,-96.4555236
Trinidad Zaachila,2023,29.59,14.41,29.57,14.83,162.3,708.85,16.5516418,-96.4555236
Trinidad Zaachila,2024,29.22,14.23,29.42,14.55,323.9,704.27,16.5516418,-96.4555236
Trinidad Zaachila,2025,27.96,13.93,28.38,14.29,293.6,672.81,16.5516418,-96.4555236
Trinidad Zaachila,2026,28.26,13.14,27.8,13.31,203.7,351.16,16.5516418,-96.4555236
Unión Hidalgo,2020,30.93,24.29,34.36,26.47,468.2,752.11,16.2822166,-94.494418
Unión Hidalgo,2021,31.07,24.04,34.77,26.48,988.3,730.67,16.2822166,-94.494418
Unión Hidalgo,2022,30.69,23.78,34.34,25.94,638.7,724.84,16.2822166,-94.494418
Unión Hidalgo,2023,31.8,24.68,35.88,27.45,445.5,755.31,16.2822166,-94.494418
Unión Hidalgo,2024,31.29,24.5,35.61,27.42,937.8,720.16,16.2822166,-94.494418
Unión Hidalgo,2025,31.41,24.43,35.21,26.65,746.0,752.04,16.2822166,-94.494418
Unión Hidalgo,2026,31.93,23.76,34.32,25.25,315.8,414.51,16.2822166,-94.494418
Valerio Trujano,2020,26.59,16.48,29.43,18.16,557.5,586.58,17.4618172,-96.5848795
Valerio Trujano,2021,26.27,16.19,29.35,17.88,643.1,578.02,17.4618172,-96.5848795
Valerio Trujano,2022,26.83,16.1,29.47,17.65,406.4,608.42,17.4618172,-96.5848795
Valerio Trujano,2023,27.84,16.82,30.97,18.69,294.4,621.04,17.4618172,-96.5848795
Valerio Trujano,2024,28.82,17.15,31.83,18.92,358.0,643.89,17.4618172,-96.5848795
Valerio Trujano,2025,27.32,16.49,30.54,18.24,524.9,602.62,17.4618172,-96.5848795
Valerio Trujano,2026,27.36,15.14,29.93,16.37,289.3,311.44,17.4618172,-96.5848795
Villa Díaz Ordaz,2020,27.07,13.03,26.93,12.92,230.7,650.69,16.5954773,-96.2557133
Villa Díaz Ordaz,2021,26.45,12.68,26.49,12.55,324.2,631.15,16.5954773,-96.2557133
Villa Díaz Ordaz,2022,26.87,12.45,26.8,12.15,251.2,658.01,16.5954773,-96.2557133
Villa Díaz Ordaz,2023,28.55,13.72,28.33,13.85,152.5,695.65,16.5954773,-96.2557133
Villa Díaz Ordaz,2024,28.21,13.6,28.32,13.45,238.8,689.1,16.5954773,-96.2557133
Villa Díaz Ordaz,2025,26.89,13.46,26.92,13.54,324.2,667.77,16.5954773,-96.2557133
Villa Díaz Ordaz,2026,27.03,12.55,26.56,12.36,172.5,347.26,16.5954773,-96.2557133
Villa Hidalgo,2020,22.87,11.57,23.81,10.94,1151.1,530.81,17.1109197,-96.1043804
Villa Hidalgo,2021,22.56,11.13,23.83,10.48,1456.4,517.67,17.1109197,-96.1043804
Villa Hidalgo,2022,23.02,11.08,23.93,10.41,1143.2,542.17,17.1109197,-96.1043804
Villa Hidalgo,2023,24.22,11.96,25.53,11.61,1088.1,571.26,17.1109197,-96.1043804
Villa Hidalgo,2024,25.57,12.48,26.63,12.08,906.1,601.74,17.1109197,-96.1043804
Villa Hidalgo,2025,23.51,12.59,24.74,12.42,1162.4,558.78,17.1109197,-96.1043804
Villa Hidalgo,2026,23.02,11.49,23.74,11.02,375.9,281.04,17.1109197,-96.1043804
Villa Sola de Vega,2020,25.22,13.73,25.07,13.51,293.8,630.34,16.3053129,-96.584085
Villa Sola de Vega,2021,25.14,13.53,24.77,13.39,305.7,631.69,16.3053129,-96.584085
Villa Sola de Vega,2022,25.41,13.15,24.89,12.72,248.5,660.22,16.3053129,-96.584085
Villa Sola de Vega,2023,26.88,14.25,26.58,14.34,191.9,684.97,16.3053129,-96.584085
Villa Sola de Vega,2024,27.09,14.32,27.1,14.27,297.2,675.27,16.3053129,-96.584085
Villa Sola de Vega,2025,26.23,13.87,26.14,14.04,279.4,655.36,16.3053129,-96.584085
Villa Sola de Vega,2026,26.66,12.93,25.93,12.59,160.7,350.22,16.3053129,-96.584085
Villa Talea de Castro,2020,24.39,13.34,26.29,13.4,1346.0,516.89,17.213601,-96.1459716
Villa Talea de Castro,2021,24.08,13.2,26.15,13.33,1299.8,506.53,17.213601,-96.1459716
Villa Talea de Castro,2022,24.43,12.91,26.28,12.92,1040.0,531.28,17.213601,-96.1459716
Villa Talea de Castro,2023,25.76,13.67,28.13,13.93,885.7,567.46,17.213601,-96.1459716
Villa Talea de Castro,2024,27.11,13.93,29.18,14.17,752.6,595.25,17.213601,-96.1459716
Villa Talea de Castro,2025,25.56,13.85,27.6,14.23,1304.1,561.0,17.213601,-96.1459716
Villa Talea de Castro,2026,25.08,12.42,26.6,12.48,460.3,279.22,17.213601,-96.1459716
Villa Tejúpam de la Unión,2020,22.02,10.45,21.36,9.47,264.4,595.91,17.4001515,-97.2824675
Villa Tejúpam de la Unión,2021,21.5,10.15,20.92,9.12,379.6,580.62,17.4001515,-97.2824675
Villa Tejúpam de la Unión,2022,22.01,9.95,21.16,8.84,213.8,609.06,17.4001515,-97.2824675
Villa Tejúpam de la Unión,2023,23.25,11.0,22.68,10.25,226.5,630.45,17.4001515,-97.2824675
Villa Tejúpam de la Unión,2024,24.1,11.55,23.41,10.71,255.7,656.19,17.4001515,-97.2824675
Villa Tejúpam de la Unión,2025,22.4,10.45,22.12,9.73,260.5,606.3,17.4001515,-97.2824675
Villa Tejúpam de la Unión,2026,23.03,9.87,22.06,8.89,206.7,315.63,17.4001515,-97.2824675
Villa de Chilapa de Díaz,2020,20.81,9.45,20.87,8.17,395.1,570.52,17.3517984,-97.3754884
Villa de Chilapa de Díaz,2021,20.47,9.39,20.53,8.15,513.9,562.53,17.3517984,-97.3754884
Villa de Chilapa de Díaz,2022,20.79,8.97,20.6,7.6,406.0,580.8,17.3517984,-97.3754884
Villa de Chilapa de Díaz,2023,21.77,9.94,21.88,8.89,390.3,598.79,17.3517984,-97.3754884
Villa de Chilapa de Díaz,2024,22.72,10.43,22.62,9.25,376.2,625.27,17.3517984,-97.3754884
Villa de Chilapa de Díaz,2025,20.9,10.16,21.06,9.36,410.3,578.84,17.3517984,-97.3754884
Villa de Chilapa de Díaz,2026,21.32,9.52,20.93,8.42,236.6,300.17,17.3517984,-97.3754884
Villa de Etla,2020,16.33,6.52,15.43,4.25,459.5,510.56,17.1227101,-96.4802086
Villa de Etla,2021,16.11,6.18,15.26,3.95,638.1,500.36,17.1227101,-96.4802086
Villa de Etla,2022,16.51,5.97,15.49,3.71,388.9,524.07,17.1227101,-96.4802086
Villa de Etla,2023,17.42,6.6,16.81,4.51,409.1,538.43,17.1227101,-96.4802086
Villa de Etla,2024,18.32,7.1,17.43,4.92,394.6,564.56,17.1227101,-96.4802086
Villa de Etla,2025,16.51,6.34,15.9,4.14,604.3,512.37,17.1227101,-96.4802086
Villa de Etla,2026,16.77,5.24,15.79,2.71,284.5,269.83,17.1227101,-96.4802086
Villa de Santiago Chazumba,2020,27.31,14.65,27.58,14.9,153.0,638.77,18.1119566,-97.4049943
Villa de Santiago Chazumba,2021,26.86,14.34,27.11,14.56,201.1,636.98,18.1119566,-97.4049943
Villa de Santiago Chazumba,2022,27.79,14.42,27.68,14.48,115.9,674.4,18.1119566,-97.4049943
Villa de Santiago Chazumba,2023,29.2,15.4,29.35,15.77,112.9,704.31,18.1119566,-97.4049943
Villa de Santiago Chazumba,2024,29.53,15.95,29.81,16.21,201.4,707.45,18.1119566,-97.4049943
Villa de Santiago Chazumba,2025,28.62,15.52,28.75,15.77,78.5,691.65,18.1119566,-97.4049943
Villa de Santiago Chazumba,2026,27.77,14.39,27.77,14.44,207.1,336.43,18.1119566,-97.4049943
Villa de Tamazulápam del Progreso,2020,21.92,10.35,21.27,9.38,264.4,594.05,17.4023026,-97.3422253
Villa de Tamazulápam del Progreso,2021,21.4,10.05,20.83,9.04,379.6,578.74,17.4023026,-97.3422253
Villa de Tamazulápam del Progreso,2022,21.91,9.85,21.07,8.75,213.8,607.23,17.4023026,-97.3422253
Villa de Tamazulápam del Progreso,2023,23.15,10.9,22.59,10.16,226.5,628.72,17.4023026,-97.3422253
Villa de Tamazulápam del Progreso,2024,24.0,11.45,23.33,10.62,255.7,654.42,17.4023026,-97.3422253
Villa de Tamazulápam del Progreso,2025,22.3,10.35,22.03,9.64,260.5,604.43,17.4023026,-97.3422253
Villa de Tamazulápam del Progreso,2026,22.93,9.77,21.97,8.8,206.7,314.76,17.4023026,-97.3422253
Villa de Tututepec,2020,29.77,20.73,33.96,22.46,620.7,618.41,16.0747621,-97.3630749
Villa de Tututepec,2021,28.74,20.21,33.19,22.18,846.5,582.14,16.0747621,-97.3630749
Villa de Tututepec,2022,29.07,19.84,33.17,21.42,824.2,601.37,16.0747621,-97.3630749
Villa de Tututepec,2023,30.07,20.68,34.36,22.77,636.1,621.28,16.0747621,-97.3630749
Villa de Tututepec,2024,29.15,20.17,33.65,22.24,762.5,587.67,16.0747621,-97.3630749
Villa de Tututepec,2025,29.33,19.53,33.51,21.46,612.7,584.52,16.0747621,-97.3630749
Villa de Tututepec,2026,29.76,19.28,33.17,20.89,186.8,312.79,16.0747621,-97.3630749
Villa de Zaachila,2020,29.61,15.24,30.15,15.98,251.4,684.15,16.5702584,-96.4502118
Villa de Zaachila,2021,29.21,15.06,29.7,15.87,415.1,673.67,16.5702584,-96.4502118
Villa de Zaachila,2022,29.78,14.77,30.07,15.34,235.3,704.83,16.5702584,-96.4502118
Villa de Zaachila,2023,31.09,15.91,31.52,16.9,162.3,728.93,16.5702584,-96.4502118
Villa de Zaachila,2024,30.72,15.73,31.39,16.6,323.9,724.0,16.5702584,-96.4502118
Villa de Zaachila,2025,29.46,15.43,30.37,16.34,293.6,692.53,16.5702584,-96.4502118
Villa de Zaachila,2026,29.76,14.64,29.69,15.33,203.7,361.16,16.5702584,-96.4502118
Yaxe,2020,25.08,13.73,24.95,12.95,275.1,627.02,16.4330456,-96.2820923
Yaxe,2021,24.72,13.39,24.63,12.68,369.2,622.31,16.4330456,-96.2820923
Yaxe,2022,25.07,13.03,24.8,12.23,202.6,642.59,16.4330456,-96.2820923
Yaxe,2023,26.72,14.02,26.52,13.43,149.9,679.9,16.4330456,-96.2820923
Yaxe,2024,27.1,14.06,27.04,13.3,337.2,690.57,16.4330456,-96.2820923
Yaxe,2025,25.89,13.7,25.84,13.26,297.1,658.11,16.4330456,-96.2820923
Yaxe,2026,26.24,12.8,25.53,11.87,160.8,345.42,16.4330456,-96.2820923
Yogana,2020,20.75,10.87,20.35,9.38,670.4,551.82,16.274037,-96.4718796
Yogana,2021,20.67,10.46,20.16,9.06,1151.1,550.94,16.274037,-96.4718796
Yogana,2022,21.0,10.44,20.2,8.92,588.3,572.2,16.274037,-96.4718796
Yogana,2023,22.3,11.41,21.7,10.27,621.4,592.4,16.274037,-96.4718796
Yogana,2024,23.04,12.33,22.46,11.07,757.7,614.09,16.274037,-96.4718796
Yogana,2025,21.47,11.74,20.88,10.72,658.5,574.18,16.274037,-96.4718796
Yogana,2026,21.91,10.81,20.5,9.26,269.7,310.09,16.274037,-96.4718796
Yutanduchi de Guerrero,2020,27.58,12.94,28.1,12.86,254.8,639.24,17.0222039,-97.1750996
Yutanduchi de Guerrero,2021,27.15,12.73,27.79,12.72,360.9,620.96,17.0222039,-97.1750996
Yutanduchi de Guerrero,2022,27.4,12.32,28.14,12.09,363.9,643.39,17.0222039,-97.1750996
Yutanduchi de Guerrero,2023,28.2,12.91,29.27,12.98,363.4,646.54,17.0222039,-97.1750996
Yutanduchi de Guerrero,2024,28.87,13.11,29.76,13.16,390.8,669.24,17.0222039,-97.1750996
Yutanduchi de Guerrero,2025,27.22,13.22,28.2,13.28,430.0,631.72,17.0222039,-97.1750996
Yutanduchi de Guerrero,2026,28.06,12.6,28.03,12.29,149.1,339.29,17.0222039,-97.1750996
Zapotitlán Lagunas,2020,23.5,11.93,23.74,11.21,372.4,592.46,17.4519713,-98.2322469
Zapotitlán Lagunas,2021,22.99,11.6,23.23,10.89,466.6,571.82,17.4519713,-98.2322469
Zapotitlán Lagunas,2022,23.42,11.38,23.61,10.55,385.0,597.99,17.4519713,-98.2322469
Zapotitlán Lagunas,2023,24.59,12.11,25.08,11.64,385.0,613.79,17.4519713,-98.2322469
Zapotitlán Lagunas,2024,25.16,12.28,25.57,11.6,521.8,636.71,17.4519713,-98.2322469
Zapotitlán Lagunas,2025,23.52,12.55,24.08,12.09,543.0,590.07,17.4519713,-98.2322469
Zapotitlán Lagunas,2026,24.42,12.2,24.21,11.62,230.5,311.29,17.4519713,-98.2322469
Zapotitlán Palmas,2020,21.08,9.69,20.17,7.97,249.6,581.73,17.5323506,-97.4905333
Zapotitlán Palmas,2021,20.7,9.38,19.9,7.69,451.8,567.54,17.5323506,-97.4905333
Zapotitlán Palmas,2022,21.11,9.16,19.98,7.33,309.4,594.51,17.5323506,-97.4905333
Zapotitlán Palmas,2023,22.18,9.71,21.54,8.28,300.8,608.44,17.5323506,-97.4905333
Zapotitlán Palmas,2024,23.12,10.09,22.17,8.76,336.8,641.56,17.5323506,-97.4905333
Zapotitlán Palmas,2025,22.0,9.15,21.26,7.85,364.8,599.14,17.5323506,-97.4905333
Zapotitlán Palmas,2026,22.47,8.43,21.16,6.86,246.5,308.36,17.5323506,-97.4905333
Zimatlán de Álvarez,2020,24.57,12.09,24.37,11.63,339.2,620.29,16.520007,-96.4708279
Zimatlán de Álvarez,2021,24.28,11.89,23.95,11.53,549.2,613.65,16.520007,-96.4708279
Zimatlán de Álvarez,2022,24.94,11.75,24.38,11.13,313.4,644.47,16.520007,-96.4708279
Zimatlán de Álvarez,2023,26.11,12.72,25.75,12.57,261.6,665.95,16.520007,-96.4708279
Zimatlán de Álvarez,2024,25.99,12.8,25.73,12.47,352.9,663.98,16.520007,-96.4708279
Zimatlán de Álvarez,2025,24.83,12.11,24.8,11.86,358.5,632.71,16.520007,-96.4708279
Zimatlán de Álvarez,2026,25.21,11.42,24.46,10.98,224.8,332.57,16.520007,-96.4708279
Ánimas Trujano,2020,26.23,12.78,26.24,12.7,273.8,634.43,16.5919976,-96.4247506
Ánimas Trujano,2021,25.73,12.49,25.72,12.47,504.6,622.15,16.5919976,-96.4247506
Ánimas Trujano,2022,26.3,12.28,26.1,12.06,261.0,650.35,16.5919976,-96.4247506
Ánimas Trujano,2023,27.83,13.57,27.65,13.79,172.9,679.5,16.5919976,-96.4247506
Ánimas Trujano,2024,27.49,13.56,27.59,13.75,315.4,674.47,16.5919976,-96.4247506
Ánimas Trujano,2025,26.41,12.77,26.65,12.85,302.4,644.79,16.5919976,-96.4247506
Ánimas Trujano,2026,26.59,12.06,26.1,11.94,214.2,335.8,16.5919976,-96.4247506
