fecha,anio,municipio,latitud,longitud,temp_max,temp_min,temp_app_max,temp_app_min,lluvia_acumulada,evapotranspiracion
2026-01-01,2026,San Juan Mixtepec,17.1820614,-97.4953209,20.6,7.0,19.1,5.0,0.0,3.24
2026-01-01,2026,San Juan Mixtepec,16.1639142,-96.175812,19.2,8.0,18.3,5.6,0.0,3.4
2026-01-02,2026,San Juan Mixtepec,17.1820614,-97.4953209,20.8,7.9,19.4,5.7,0.0,3.57
2026-01-02,2026,San Juan Mixtepec,16.1639142,-96.175812,17.6,8.7,16.9,6.1,1.2,2.54
2026-01-03,2026,San Juan Mixtepec,17.1820614,-97.4953209,22.1,8.0,20.1,6.2,0.0,3.58
2026-01-03,2026,San Juan Mixtepec,16.1639142,-96.175812,18.2,7.8,18.5,5.9,0.5,3.01
2026-01-04,2026,San Juan Mixtepec,17.1820614,-97.4953209,21.5,7.3,19.9,4.7,0.0,3.79
2026-01-04,2026,San Juan Mixtepec,16.1639142,-96.175812,19.3,7.6,18.1,4.2,0.0,3.81
2026-01-05,2026,San Juan Mixtepec,17.1820614,-97.4953209,21.5,6.8,19.2,4.0,0.0,3.85
2026-01-05,2026,San Juan Mixtepec,16.1639142,-96.175812,18.5,6.2,18.1,2.4,0.0,3.24
2026-01-06,2026,San Juan Mixtepec,17.1820614,-97.4953209,22.5,7.2,20.1,4.7,0.0,4.09
2026-01-06,2026,San Juan Mixtepec,16.1639142,-96.175812,18.2,9.9,17.0,6.8,0.0,2.68
2026-01-07,2026,San Juan Mixtepec,17.1820614,-97.4953209,22.2,6.0,19.1,2.4,0.0,4.12
2026-01-07,2026,San Juan Mixtepec,16.1639142,-96.175812,19.3,8.9,17.5,7.0,0.0,3.4
2026-01-08,2026,San Juan Mixtepec,17.1820614,-97.4953209,21.7,5.9,20.3,4.0,0.0,3.78
2026-01-08,2026,San Juan Mixtepec,16.1639142,-96.175812,18.1,7.2,16.8,4.1,0.0,3.71
2026-01-09,2026,San Juan Mixtepec,17.1820614,-97.4953209,20.9,7.2,20.7,5.3,0.1,3.52
2026-01-09,2026,San Juan Mixtepec,16.1639142,-96.175812,18.3,7.0,17.1,4.3,0.0,3.67
2026-01-10,2026,San Juan Mixtepec,17.1820614,-97.4953209,20.8,8.2,17.7,6.5,0.0,4.07
2026-01-10,2026,San Juan Mixtepec,16.1639142,-96.175812,18.5,7.8,18.3,5.9,0.7,3.49
2026-01-11,2026,San Juan Mixtepec,17.1820614,-97.4953209,15.5,6.8,13.4,5.3,0.0,2.92
2026-01-11,2026,San Juan Mixtepec,16.1639142,-96.175812,16.6,9.1,13.4,5.7,0.1,3.12
2026-01-12,2026,San Juan Mixtepec,17.1820614,-97.4953209,16.8,5.3,14.9,3.2,0.0,3.03
2026-01-12,2026,San Juan Mixtepec,16.1639142,-96.175812,16.7,9.2,14.9,5.9,0.4,2.82
2026-01-13,2026,San Juan Mixtepec,17.1820614,-97.4953209,18.4,5.0,17.0,3.1,0.0,3.28
2026-01-13,2026,San Juan Mixtepec,16.1639142,-96.175812,17.6,10.5,16.1,7.6,0.0,2.81
2026-01-14,2026,San Juan Mixtepec,17.1820614,-97.4953209,21.7,7.0,20.4,5.2,0.0,3.41
2026-01-14,2026,San Juan Mixtepec,16.1639142,-96.175812,18.7,7.1,18.6,4.6,0.1,3.06
2026-01-15,2026,San Juan Mixtepec,17.1820614,-97.4953209,16.8,6.6,14.8,5.1,0.0,3.06
2026-01-15,2026,San Juan Mixtepec,16.1639142,-96.175812,16.1,7.5,14.3,4.9,0.0,3.06
2026-01-16,2026,San Juan Mixtepec,17.1820614,-97.4953209,17.0,5.8,15.6,4.0,0.6,2.9
2026-01-16,2026,San Juan Mixtepec,16.1639142,-96.175812,17.7,7.5,16.3,4.6,1.1,2.78
2026-01-17,2026,San Juan Mixtepec,17.1820614,-97.4953209,19.6,5.8,17.5,4.1,0.2,3.42
2026-01-17,2026,San Juan Mixtepec,16.1639142,-96.175812,18.3,7.3,17.3,5.5,0.0,3.24
2026-01-18,2026,San Juan Mixtepec,17.1820614,-97.4953209,17.3,6.2,15.3,4.4,0.0,3.33
2026-01-18,2026,San Juan Mixtepec,16.1639142,-96.175812,17.3,8.0,14.5,4.3,0.0,3.36
2026-01-19,2026,San Juan Mixtepec,17.1820614,-97.4953209,20.5,4.9,18.7,2.8,0.0,3.55
2026-01-19,2026,San Juan Mixtepec,16.1639142,-96.175812,20.0,8.5,20.5,5.3,0.9,3.79
2026-01-20,2026,San Juan Mixtepec,17.1820614,-97.4953209,19.9,7.3,17.7,5.2,0.0,3.74
2026-01-20,2026,San Juan Mixtepec,16.1639142,-96.175812,20.0,7.8,20.5,4.5,0.0,3.73
2026-01-21,2026,San Juan Mixtepec,17.1820614,-97.4953209,18.8,7.5,18.0,5.6,0.5,3.33
2026-01-21,2026,San Juan Mixtepec,16.1639142,-96.175812,19.3,8.0,19.2,4.8,3.2,3.49
2026-01-22,2026,San Juan Mixtepec,17.1820614,-97.4953209,20.3,8.6,18.7,6.8,0.1,3.38
2026-01-22,2026,San Juan Mixtepec,16.1639142,-96.175812,21.0,9.1,19.7,7.1,0.0,3.48
2026-01-23,2026,San Juan Mixtepec,17.1820614,-97.4953209,20.8,8.4,19.6,6.7,0.4,3.51
2026-01-23,2026,San Juan Mixtepec,16.1639142,-96.175812,18.2,8.5,18.5,6.1,2.0,3.22
2026-01-24,2026,San Juan Mixtepec,17.1820614,-97.4953209,20.6,7.6,20.7,6.1,0.4,3.66
2026-01-24,2026,San Juan Mixtepec,16.1639142,-96.175812,19.4,7.9,19.1,6.5,1.9,3.33
2026-01-25,2026,San Juan Mixtepec,17.1820614,-97.4953209,22.6,7.7,22.8,5.6,0.0,4.11
2026-01-25,2026,San Juan Mixtepec,16.1639142,-96.175812,20.0,8.8,20.6,7.1,0.6,3.52
2026-01-26,2026,San Juan Mixtepec,17.1820614,-97.4953209,20.1,8.4,18.9,6.5,0.0,3.55
2026-01-26,2026,San Juan Mixtepec,16.1639142,-96.175812,18.7,9.4,18.2,6.0,0.0,3.26
2026-01-27,2026,San Juan Mixtepec,17.1820614,-97.4953209,20.0,4.0,19.1,1.6,0.0,3.89
2026-01-27,2026,San Juan Mixtepec,16.1639142,-96.175812,20.1,8.4,20.8,4.7,0.0,3.84
2026-01-28,2026,San Juan Mixtepec,17.1820614,-97.4953209,22.1,8.2,20.3,6.0,0.0,4.08
2026-01-28,2026,San Juan Mixtepec,16.1639142,-96.175812,21.0,7.5,20.2,5.0,0.0,4.27
2026-01-29,2026,San Juan Mixtepec,17.1820614,-97.4953209,21.7,6.3,20.1,4.0,0.0,4.01
2026-01-29,2026,San Juan Mixtepec,16.1639142,-96.175812,19.6,7.7,19.4,4.6,0.2,3.61
2026-01-30,2026,San Juan Mixtepec,17.1820614,-97.4953209,21.8,10.0,20.4,8.6,0.0,3.68
2026-01-30,2026,San Juan Mixtepec,16.1639142,-96.175812,18.6,10.6,16.3,7.9,0.0,3.41
2026-01-31,2026,San Juan Mixtepec,17.1820614,-97.4953209,17.6,5.9,17.8,4.4,0.0,2.89
2026-01-31,2026,San Juan Mixtepec,16.1639142,-96.175812,17.7,8.3,15.9,4.8,0.0,3.31
2026-02-01,2026,San Juan Mixtepec,17.1820614,-97.4953209,17.8,4.1,15.1,2.3,0.0,3.02
2026-02-01,2026,San Juan Mixtepec,16.1639142,-96.175812,17.9,6.7,17.6,3.0,0.0,3.38
2026-02-02,2026,San Juan Mixtepec,17.1820614,-97.4953209,19.5,4.1,17.6,2.3,0.0,3.95
2026-02-02,2026,San Juan Mixtepec,16.1639142,-96.175812,18.4,7.3,18.1,3.7,0.0,4.02
2026-02-03,2026,San Juan Mixtepec,17.1820614,-97.4953209,22.4,6.2,21.5,3.7,0.0,4.18
2026-02-03,2026,San Juan Mixtepec,16.1639142,-96.175812,18.5,7.0,17.7,3.7,0.0,3.98
2026-02-04,2026,San Juan Mixtepec,17.1820614,-97.4953209,22.6,8.0,20.7,5.2,0.0,4.36
2026-02-04,2026,San Juan Mixtepec,16.1639142,-96.175812,20.7,9.0,18.8,4.8,0.0,4.52
2026-02-05,2026,San Juan Mixtepec,17.1820614,-97.4953209,18.0,5.0,16.5,3.1,0.0,3.77
2026-02-05,2026,San Juan Mixtepec,16.1639142,-96.175812,17.8,7.7,16.1,3.7,0.0,4.01
2026-02-06,2026,San Juan Mixtepec,17.1820614,-97.4953209,22.5,6.1,20.8,3.9,0.0,4.17
2026-02-06,2026,San Juan Mixtepec,16.1639142,-96.175812,19.1,7.7,18.9,4.4,0.0,3.92
2026-02-07,2026,San Juan Mixtepec,17.1820614,-97.4953209,22.3,7.3,19.4,4.6,0.0,4.39
2026-02-07,2026,San Juan Mixtepec,16.1639142,-96.175812,21.0,6.4,18.8,2.4,0.0,4.63
2026-02-08,2026,San Juan Mixtepec,17.1820614,-97.4953209,23.5,6.8,21.3,3.5,0.0,4.75
2026-02-08,2026,San Juan Mixtepec,16.1639142,-96.175812,19.9,7.3,17.6,3.0,0.0,4.58
2026-02-09,2026,San Juan Mixtepec,17.1820614,-97.4953209,23.5,7.8,20.8,4.6,0.0,4.6
2026-02-09,2026,San Juan Mixtepec,16.1639142,-96.175812,20.5,6.9,18.6,3.0,0.0,4.57
2026-02-10,2026,San Juan Mixtepec,17.1820614,-97.4953209,25.6,7.8,24.0,5.5,0.0,4.64
2026-02-10,2026,San Juan Mixtepec,16.1639142,-96.175812,19.3,8.9,19.3,5.4,0.0,4.23
2026-02-11,2026,San Juan Mixtepec,17.1820614,-97.4953209,25.5,10.4,22.7,8.8,0.0,5.11
2026-02-11,2026,San Juan Mixtepec,16.1639142,-96.175812,20.2,7.9,19.7,4.8,0.0,4.32
2026-02-12,2026,San Juan Mixtepec,17.1820614,-97.4953209,24.7,8.5,21.4,5.8,0.0,4.93
2026-02-12,2026,San Juan Mixtepec,16.1639142,-96.175812,21.1,8.3,20.0,4.5,0.0,4.67
2026-02-13,2026,San Juan Mixtepec,17.1820614,-97.4953209,24.7,9.2,23.7,6.6,0.0,4.65
2026-02-13,2026,San Juan Mixtepec,16.1639142,-96.175812,19.8,7.7,19.4,4.0,0.1,4.27
2026-02-14,2026,San Juan Mixtepec,17.1820614,-97.4953209,24.2,7.9,23.1,6.6,0.0,4.42
2026-02-14,2026,San Juan Mixtepec,16.1639142,-96.175812,20.5,9.0,20.7,7.5,0.0,3.86
2026-02-15,2026,San Juan Mixtepec,17.1820614,-97.4953209,25.8,9.9,23.9,8.3,0.0,4.92
2026-02-15,2026,San Juan Mixtepec,16.1639142,-96.175812,20.5,9.9,21.8,8.1,0.7,3.86
2026-02-16,2026,San Juan Mixtepec,17.1820614,-97.4953209,25.7,9.0,23.3,7.9,0.0,4.82
2026-02-16,2026,San Juan Mixtepec,16.1639142,-96.175812,21.8,8.1,20.7,5.0,0.0,4.69
2026-02-17,2026,San Juan Mixtepec,17.1820614,-97.4953209,25.1,10.9,23.7,9.1,0.0,4.59
2026-02-17,2026,San Juan Mixtepec,16.1639142,-96.175812,20.0,10.4,19.8,7.3,0.2,3.57
2026-02-18,2026,San Juan Mixtepec,17.1820614,-97.4953209,24.4,9.6,23.7,7.7,0.1,4.53
2026-02-18,2026,San Juan Mixtepec,16.1639142,-96.175812,20.5,8.0,21.3,6.0,2.4,3.25
2026-02-19,2026,San Juan Mixtepec,17.1820614,-97.4953209,23.9,8.3,22.9,7.0,0.1,4.46
2026-02-19,2026,San Juan Mixtepec,16.1639142,-96.175812,18.4,6.9,18.9,5.4,1.2,3.06
2026-02-20,2026,San Juan Mixtepec,17.1820614,-97.4953209,24.3,8.4,23.1,7.0,0.0,4.69
2026-02-20,2026,San Juan Mixtepec,16.1639142,-96.175812,17.9,10.0,18.1,8.7,3.3,2.38
2026-02-21,2026,San Juan Mixtepec,17.1820614,-97.4953209,25.1,7.7,23.6,6.2,0.0,4.82
2026-02-21,2026,San Juan Mixtepec,16.1639142,-96.175812,18.1,8.4,19.0,6.9,1.1,2.81
2026-02-22,2026,San Juan Mixtepec,17.1820614,-97.4953209,19.5,6.8,16.5,4.6,0.3,3.9
2026-02-22,2026,San Juan Mixtepec,16.1639142,-96.175812,18.3,7.6,15.8,4.5,0.3,4.11
2026-02-23,2026,San Juan Mixtepec,17.1820614,-97.4953209,17.8,4.5,17.2,2.6,0.0,3.98
2026-02-23,2026,San Juan Mixtepec,16.1639142,-96.175812,17.8,8.0,16.9,3.3,0.0,4.19
2026-02-24,2026,San Juan Mixtepec,17.1820614,-97.4953209,21.0,2.1,18.9,-0.3,0.0,4.72
2026-02-24,2026,San Juan Mixtepec,16.1639142,-96.175812,18.9,6.2,19.5,1.6,0.0,4.32
2026-02-25,2026,San Juan Mixtepec,17.1820614,-97.4953209,22.4,6.5,20.7,3.8,0.0,4.82
2026-02-25,2026,San Juan Mixtepec,16.1639142,-96.175812,17.6,8.1,18.0,5.8,1.5,3.58
2026-02-26,2026,San Juan Mixtepec,17.1820614,-97.4953209,23.5,7.8,22.2,5.6,0.3,4.59
2026-02-26,2026,San Juan Mixtepec,16.1639142,-96.175812,18.4,7.9,19.2,6.0,3.2,3.63
2026-02-27,2026,San Juan Mixtepec,17.1820614,-97.4953209,24.6,9.0,22.7,6.8,0.0,4.79
2026-02-27,2026,San Juan Mixtepec,16.1639142,-96.175812,19.9,9.4,20.5,7.2,1.5,3.91
2026-02-28,2026,San Juan Mixtepec,17.1820614,-97.4953209,24.4,8.5,22.2,5.3,0.0,5.23
2026-02-28,2026,San Juan Mixtepec,16.1639142,-96.175812,21.9,8.0,20.5,4.8,0.0,4.96
2026-03-01,2026,San Juan Mixtepec,17.1820614,-97.4953209,23.7,8.4,20.8,5.0,0.0,5.33
2026-03-01,2026,San Juan Mixtepec,16.1639142,-96.175812,21.2,7.4,20.3,3.4,0.0,5.13
2026-03-02,2026,San Juan Mixtepec,17.1820614,-97.4953209,23.0,7.2,20.6,4.2,0.0,5.08
2026-03-02,2026,San Juan Mixtepec,16.1639142,-96.175812,19.8,7.4,19.7,4.5,0.8,3.93
2026-03-03,2026,San Juan Mixtepec,17.1820614,-97.4953209,22.9,7.5,20.7,5.5,0.0,4.99
2026-03-03,2026,San Juan Mixtepec,16.1639142,-96.175812,21.0,8.6,20.6,5.9,0.0,4.3
2026-03-04,2026,San Juan Mixtepec,17.1820614,-97.4953209,22.8,7.5,20.7,5.6,0.0,5.13
2026-03-04,2026,San Juan Mixtepec,16.1639142,-96.175812,20.3,7.9,20.2,5.3,0.7,4.14
2026-03-05,2026,San Juan Mixtepec,17.1820614,-97.4953209,20.3,7.5,18.6,6.1,0.3,3.78
2026-03-05,2026,San Juan Mixtepec,16.1639142,-96.175812,19.2,6.8,18.4,4.5,1.4,3.91
2026-03-06,2026,San Juan Mixtepec,17.1820614,-97.4953209,21.5,7.8,19.6,6.1,0.0,3.95
2026-03-06,2026,San Juan Mixtepec,16.1639142,-96.175812,19.6,8.2,19.6,6.6,1.1,4.02
2026-03-07,2026,San Juan Mixtepec,17.1820614,-97.4953209,23.5,7.5,21.2,5.8,0.0,5.02
2026-03-07,2026,San Juan Mixtepec,16.1639142,-96.175812,20.8,7.0,21.2,5.1,0.4,4.33
2026-03-08,2026,San Juan Mixtepec,17.1820614,-97.4953209,23.6,9.1,23.1,7.4,0.7,4.58
2026-03-08,2026,San Juan Mixtepec,16.1639142,-96.175812,20.3,8.9,20.6,7.6,0.8,4.04
2026-03-09,2026,San Juan Mixtepec,17.1820614,-97.4953209,24.6,9.1,22.2,7.4,0.0,5.35
2026-03-09,2026,San Juan Mixtepec,16.1639142,-96.175812,21.6,8.5,21.4,5.7,0.9,4.56
2026-03-10,2026,San Juan Mixtepec,17.1820614,-97.4953209,24.8,8.6,24.3,7.2,0.0,5.19
2026-03-10,2026,San Juan Mixtepec,16.1639142,-96.175812,20.3,9.0,21.2,6.9,1.0,3.9
2026-03-11,2026,San Juan Mixtepec,17.1820614,-97.4953209,25.1,8.6,24.9,7.2,0.0,4.91
2026-03-11,2026,San Juan Mixtepec,16.1639142,-96.175812,20.3,8.4,21.9,6.7,2.4,4.09
2026-03-12,2026,San Juan Mixtepec,17.1820614,-97.4953209,22.6,10.1,20.9,9.3,0.0,4.3
2026-03-12,2026,San Juan Mixtepec,16.1639142,-96.175812,21.2,9.6,21.2,7.7,0.1,4.3
2026-03-13,2026,San Juan Mixtepec,17.1820614,-97.4953209,24.3,7.5,23.7,5.6,0.0,4.48
2026-03-13,2026,San Juan Mixtepec,16.1639142,-96.175812,20.4,8.2,19.9,5.3,0.4,4.29
2026-03-14,2026,San Juan Mixtepec,17.1820614,-97.4953209,22.6,9.2,21.2,8.1,0.7,3.79
2026-03-14,2026,San Juan Mixtepec,16.1639142,-96.175812,18.8,9.9,19.2,9.0,6.3,3.5
2026-03-15,2026,San Juan Mixtepec,17.1820614,-97.4953209,23.0,9.9,21.5,8.5,0.1,4.17
2026-03-15,2026,San Juan Mixtepec,16.1639142,-96.175812,19.3,10.2,20.2,9.3,2.8,3.53
2026-03-16,2026,San Juan Mixtepec,17.1820614,-97.4953209,22.4,10.4,19.9,9.0,5.3,4.13
2026-03-16,2026,San Juan Mixtepec,16.1639142,-96.175812,20.8,10.3,21.5,8.9,5.1,4.04
2026-03-17,2026,San Juan Mixtepec,17.1820614,-97.4953209,19.0,7.3,19.4,5.8,8.5,3.83
2026-03-17,2026,San Juan Mixtepec,16.1639142,-96.175812,18.9,8.5,18.7,6.4,0.4,3.79
2026-03-18,2026,San Juan Mixtepec,17.1820614,-97.4953209,19.9,8.2,18.6,6.5,0.6,4.11
2026-03-18,2026,San Juan Mixtepec,16.1639142,-96.175812,19.2,8.8,18.5,6.5,0.3,3.82
2026-03-19,2026,San Juan Mixtepec,17.1820614,-97.4953209,22.2,7.2,21.2,5.5,0.1,4.96
2026-03-19,2026,San Juan Mixtepec,16.1639142,-96.175812,20.5,6.8,20.5,3.9,0.0,4.85
2026-03-20,2026,San Juan Mixtepec,17.1820614,-97.4953209,21.4,6.2,20.0,4.4,0.1,4.41
2026-03-20,2026,San Juan Mixtepec,16.1639142,-96.175812,19.3,7.8,18.9,4.7,0.0,4.36
2026-03-21,2026,San Juan Mixtepec,17.1820614,-97.4953209,19.0,6.4,18.7,4.3,2.9,3.89
2026-03-21,2026,San Juan Mixtepec,16.1639142,-96.175812,18.0,7.6,16.9,4.8,0.0,3.62
2026-03-22,2026,San Juan Mixtepec,17.1820614,-97.4953209,18.4,7.5,19.3,6.3,4.8,3.95
2026-03-22,2026,San Juan Mixtepec,16.1639142,-96.175812,17.8,6.8,17.9,4.8,3.5,3.2
2026-03-23,2026,San Juan Mixtepec,17.1820614,-97.4953209,19.6,7.2,20.3,5.8,2.5,4.15
2026-03-23,2026,San Juan Mixtepec,16.1639142,-96.175812,17.8,7.6,18.2,6.5,7.0,3.53
2026-03-24,2026,San Juan Mixtepec,17.1820614,-97.4953209,19.7,9.1,19.5,8.1,0.5,3.99
2026-03-24,2026,San Juan Mixtepec,16.1639142,-96.175812,19.1,7.8,19.2,6.0,3.0,3.69
2026-03-25,2026,San Juan Mixtepec,17.1820614,-97.4953209,21.3,7.8,19.9,6.3,0.2,4.53
2026-03-25,2026,San Juan Mixtepec,16.1639142,-96.175812,18.1,8.6,17.6,7.3,2.3,3.43
2026-03-26,2026,San Juan Mixtepec,17.1820614,-97.4953209,20.3,6.6,19.6,4.6,0.1,4.44
2026-03-26,2026,San Juan Mixtepec,16.1639142,-96.175812,19.2,7.1,18.3,4.2,0.0,4.37
2026-03-27,2026,San Juan Mixtepec,17.1820614,-97.4953209,21.3,6.7,19.3,5.0,0.0,4.6
2026-03-27,2026,San Juan Mixtepec,16.1639142,-96.175812,19.3,7.6,18.7,5.2,0.1,4.01
2026-03-28,2026,San Juan Mixtepec,17.1820614,-97.4953209,16.7,6.6,14.0,4.9,0.0,3.42
2026-03-28,2026,San Juan Mixtepec,16.1639142,-96.175812,16.0,8.6,12.6,5.1,0.3,3.02
2026-03-29,2026,San Juan Mixtepec,17.1820614,-97.4953209,17.9,6.0,16.5,4.3,0.6,3.71
2026-03-29,2026,San Juan Mixtepec,16.1639142,-96.175812,18.9,8.7,18.5,5.5,0.0,4.3
2026-03-30,2026,San Juan Mixtepec,17.1820614,-97.4953209,18.0,8.2,16.0,7.3,10.9,3.02
2026-03-30,2026,San Juan Mixtepec,16.1639142,-96.175812,18.3,7.8,17.9,5.4,9.3,3.71
2026-03-31,2026,San Juan Mixtepec,17.1820614,-97.4953209,18.8,7.1,19.6,5.2,0.8,4.25
2026-03-31,2026,San Juan Mixtepec,16.1639142,-96.175812,18.1,7.4,18.3,6.0,2.9,3.76
2026-04-01,2026,San Juan Mixtepec,17.1820614,-97.4953209,18.1,6.9,18.8,5.2,1.4,4.23
2026-04-01,2026,San Juan Mixtepec,16.1639142,-96.175812,17.2,8.5,17.1,7.0,13.1,3.47
2026-04-02,2026,San Juan Mixtepec,17.1820614,-97.4953209,22.0,6.5,20.9,4.9,0.4,4.59
2026-04-02,2026,San Juan Mixtepec,16.1639142,-96.175812,17.7,8.2,17.8,6.7,4.4,3.63
2026-04-03,2026,San Juan Mixtepec,17.1820614,-97.4953209,23.8,9.0,22.8,7.8,0.2,4.59
2026-04-03,2026,San Juan Mixtepec,16.1639142,-96.175812,18.7,7.8,19.8,6.7,2.2,4.02
2026-04-04,2026,San Juan Mixtepec,17.1820614,-97.4953209,22.2,9.0,22.2,7.9,0.3,4.47
2026-04-04,2026,San Juan Mixtepec,16.1639142,-96.175812,18.3,9.4,20.0,8.3,2.5,3.75
2026-04-05,2026,San Juan Mixtepec,17.1820614,-97.4953209,22.2,9.8,21.2,9.1,0.1,4.65
2026-04-05,2026,San Juan Mixtepec,16.1639142,-96.175812,21.4,8.6,21.4,7.0,0.9,4.14
2026-04-06,2026,San Juan Mixtepec,17.1820614,-97.4953209,21.6,9.0,21.8,8.1,0.2,4.46
2026-04-06,2026,San Juan Mixtepec,16.1639142,-96.175812,20.8,9.1,21.6,6.8,0.7,4.35
2026-04-07,2026,San Juan Mixtepec,17.1820614,-97.4953209,22.0,8.8,22.5,7.8,0.5,4.02
2026-04-07,2026,San Juan Mixtepec,16.1639142,-96.175812,19.7,9.5,19.6,7.4,1.0,4.02
2026-04-08,2026,San Juan Mixtepec,17.1820614,-97.4953209,20.9,9.5,21.3,8.6,9.2,3.57
2026-04-08,2026,San Juan Mixtepec,16.1639142,-96.175812,19.9,9.7,20.8,9.0,1.6,3.88
2026-04-09,2026,San Juan Mixtepec,17.1820614,-97.4953209,22.1,10.1,21.5,9.3,1.9,4.24
2026-04-09,2026,San Juan Mixtepec,16.1639142,-96.175812,20.7,9.0,21.5,7.8,2.1,4.31
2026-04-10,2026,San Juan Mixtepec,17.1820614,-97.4953209,22.1,10.2,21.5,9.0,1.7,4.28
2026-04-10,2026,San Juan Mixtepec,16.1639142,-96.175812,20.0,10.2,20.9,8.6,6.0,4.07
2026-04-11,2026,San Juan Mixtepec,17.1820614,-97.4953209,22.4,9.4,21.3,8.3,0.0,5.12
2026-04-11,2026,San Juan Mixtepec,16.1639142,-96.175812,22.5,9.6,22.8,7.2,0.3,4.86
2026-04-12,2026,San Juan Mixtepec,17.1820614,-97.4953209,23.9,9.1,22.5,8.0,0.0,5.26
2026-04-12,2026,San Juan Mixtepec,16.1639142,-96.175812,22.5,9.3,22.9,6.9,0.7,4.73
2026-04-13,2026,San Juan Mixtepec,17.1820614,-97.4953209,23.2,9.8,23.3,9.4,0.0,4.47
2026-04-13,2026,San Juan Mixtepec,16.1639142,-96.175812,23.6,9.1,23.3,7.0,0.0,4.97
2026-04-14,2026,San Juan Mixtepec,17.1820614,-97.4953209,24.6,10.2,24.1,9.0,0.1,4.47
2026-04-14,2026,San Juan Mixtepec,16.1639142,-96.175812,22.1,9.7,21.4,7.3,0.0,4.81
2026-04-15,2026,San Juan Mixtepec,17.1820614,-97.4953209,23.4,10.2,23.4,9.5,0.7,4.32
2026-04-15,2026,San Juan Mixtepec,16.1639142,-96.175812,22.2,10.1,23.1,8.3,1.7,3.92
2026-04-16,2026,San Juan Mixtepec,17.1820614,-97.4953209,25.9,10.7,24.6,10.2,0.0,4.84
2026-04-16,2026,San Juan Mixtepec,16.1639142,-96.175812,21.8,10.1,22.5,9.3,0.1,4.23
2026-04-17,2026,San Juan Mixtepec,17.1820614,-97.4953209,26.2,8.6,26.5,7.4,0.0,5.25
2026-04-17,2026,San Juan Mixtepec,16.1639142,-96.175812,20.3,12.1,20.9,10.9,3.1,3.33
2026-04-18,2026,San Juan Mixtepec,17.1820614,-97.4953209,25.6,8.9,26.3,7.7,0.2,5.09
2026-04-18,2026,San Juan Mixtepec,16.1639142,-96.175812,20.5,10.5,22.3,10.2,1.4,4.26
2026-04-19,2026,San Juan Mixtepec,17.1820614,-97.4953209,21.4,12.0,20.7,11.5,0.4,3.83
2026-04-19,2026,San Juan Mixtepec,16.1639142,-96.175812,19.2,12.2,20.0,10.3,3.3,3.45
2026-04-20,2026,San Juan Mixtepec,17.1820614,-97.4953209,22.5,9.2,22.7,8.5,0.1,4.63
2026-04-20,2026,San Juan Mixtepec,16.1639142,-96.175812,20.5,10.9,21.6,8.4,2.8,3.82
2026-04-21,2026,San Juan Mixtepec,17.1820614,-97.4953209,21.6,10.6,22.9,10.0,1.7,4.12
2026-04-21,2026,San Juan Mixtepec,16.1639142,-96.175812,19.8,10.0,20.7,8.5,1.5,4.01
2026-04-22,2026,San Juan Mixtepec,17.1820614,-97.4953209,21.3,11.6,22.1,11.5,7.1,3.15
2026-04-22,2026,San Juan Mixtepec,16.1639142,-96.175812,19.4,9.5,21.2,8.5,3.8,3.84
2026-04-23,2026,San Juan Mixtepec,17.1820614,-97.4953209,22.2,10.3,22.5,9.6,4.3,4.44
2026-04-23,2026,San Juan Mixtepec,16.1639142,-96.175812,18.8,10.2,20.4,9.5,7.9,3.44
2026-04-24,2026,San Juan Mixtepec,17.1820614,-97.4953209,21.9,9.6,23.9,8.9,3.1,4.2
2026-04-24,2026,San Juan Mixtepec,16.1639142,-96.175812,19.8,10.9,20.8,10.0,17.1,3.63
2026-04-25,2026,San Juan Mixtepec,17.1820614,-97.4953209,24.5,10.3,26.0,9.7,2.5,4.56
2026-04-25,2026,San Juan Mixtepec,16.1639142,-96.175812,20.3,12.2,21.3,11.5,7.4,3.86
2026-04-26,2026,San Juan Mixtepec,17.1820614,-97.4953209,25.4,11.5,25.5,10.4,0.2,5.02
2026-04-26,2026,San Juan Mixtepec,16.1639142,-96.175812,21.5,12.2,23.4,11.3,3.5,4.4
2026-04-27,2026,San Juan Mixtepec,17.1820614,-97.4953209,27.0,12.1,25.8,11.3,0.0,5.71
2026-04-27,2026,San Juan Mixtepec,16.1639142,-96.175812,23.1,12.5,24.0,10.2,0.7,4.93
2026-04-28,2026,San Juan Mixtepec,17.1820614,-97.4953209,26.0,10.8,24.6,9.8,0.0,6.06
2026-04-28,2026,San Juan Mixtepec,16.1639142,-96.175812,23.0,11.0,23.8,9.1,0.2,4.96
2026-04-29,2026,San Juan Mixtepec,17.1820614,-97.4953209,28.0,10.1,25.9,8.1,0.0,6.51
2026-04-29,2026,San Juan Mixtepec,16.1639142,-96.175812,23.6,10.5,24.7,8.5,0.0,5.07
2026-04-30,2026,San Juan Mixtepec,17.1820614,-97.4953209,27.8,9.7,26.5,7.6,0.0,5.99
2026-04-30,2026,San Juan Mixtepec,16.1639142,-96.175812,22.6,11.4,23.9,10.0,0.5,4.71
2026-05-01,2026,San Juan Mixtepec,17.1820614,-97.4953209,25.9,9.7,26.4,8.7,0.0,5.37
2026-05-01,2026,San Juan Mixtepec,16.1639142,-96.175812,22.7,11.0,23.5,10.4,0.7,4.82
2026-05-02,2026,San Juan Mixtepec,17.1820614,-97.4953209,26.7,12.4,25.7,12.5,0.3,5.23
2026-05-02,2026,San Juan Mixtepec,16.1639142,-96.175812,21.5,10.9,22.6,9.3,0.8,4.6
2026-05-03,2026,San Juan Mixtepec,17.1820614,-97.4953209,25.5,12.3,24.0,12.3,0.1,5.26
2026-05-03,2026,San Juan Mixtepec,16.1639142,-96.175812,21.5,10.9,22.7,9.8,3.2,4.43
2026-05-04,2026,San Juan Mixtepec,17.1820614,-97.4953209,25.4,12.4,25.8,12.1,1.3,4.69
2026-05-04,2026,San Juan Mixtepec,16.1639142,-96.175812,21.3,10.6,23.1,9.5,3.6,4.37
2026-05-05,2026,San Juan Mixtepec,17.1820614,-97.4953209,24.3,11.1,24.1,10.5,0.9,4.75
2026-05-05,2026,San Juan Mixtepec,16.1639142,-96.175812,21.6,12.1,23.6,11.6,2.0,4.47
2026-05-06,2026,San Juan Mixtepec,17.1820614,-97.4953209,28.4,12.4,28.0,11.9,0.4,5.52
2026-05-06,2026,San Juan Mixtepec,16.1639142,-96.175812,23.0,12.4,24.5,11.5,1.0,4.79
2026-05-07,2026,San Juan Mixtepec,17.1820614,-97.4953209,27.7,12.7,26.8,12.4,0.3,5.29
2026-05-07,2026,San Juan Mixtepec,16.1639142,-96.175812,23.0,11.9,24.3,10.6,0.0,4.84
2026-05-08,2026,San Juan Mixtepec,17.1820614,-97.4953209,26.6,13.4,25.4,13.4,0.8,5.2
2026-05-08,2026,San Juan Mixtepec,16.1639142,-96.175812,23.1,12.4,24.5,11.4,0.4,4.66
2026-05-09,2026,San Juan Mixtepec,17.1820614,-97.4953209,23.7,12.8,24.2,12.6,3.1,4.25
2026-05-09,2026,San Juan Mixtepec,16.1639142,-96.175812,21.6,10.6,22.8,10.1,3.1,4.44
2026-05-10,2026,San Juan Mixtepec,17.1820614,-97.4953209,24.7,12.5,24.7,11.9,0.5,4.42
2026-05-10,2026,San Juan Mixtepec,16.1639142,-96.175812,21.4,11.8,22.3,11.6,3.9,4.27
2026-05-11,2026,San Juan Mixtepec,17.1820614,-97.4953209,23.3,11.8,23.4,11.2,5.5,4.38
2026-05-11,2026,San Juan Mixtepec,16.1639142,-96.175812,21.6,12.4,21.8,11.3,1.0,4.06
2026-05-12,2026,San Juan Mixtepec,17.1820614,-97.4953209,22.1,11.8,21.8,11.7,0.8,4.78
2026-05-12,2026,San Juan Mixtepec,16.1639142,-96.175812,22.4,11.3,22.0,9.8,0.0,4.43
2026-05-13,2026,San Juan Mixtepec,17.1820614,-97.4953209,24.1,10.3,23.5,9.7,0.1,4.91
2026-05-13,2026,San Juan Mixtepec,16.1639142,-96.175812,22.8,11.7,23.4,10.3,0.6,4.9
2026-05-14,2026,San Juan Mixtepec,17.1820614,-97.4953209,24.5,10.0,24.3,9.3,0.4,5.12
2026-05-14,2026,San Juan Mixtepec,16.1639142,-96.175812,22.0,12.6,23.1,11.0,2.0,4.6
2026-05-15,2026,San Juan Mixtepec,17.1820614,-97.4953209,25.6,11.0,26.2,11.0,0.5,5.02
2026-05-15,2026,San Juan Mixtepec,16.1639142,-96.175812,20.4,12.4,22.7,11.3,4.0,4.22
2026-05-16,2026,San Juan Mixtepec,17.1820614,-97.4953209,25.6,13.7,26.0,14.7,0.8,4.8
2026-05-16,2026,San Juan Mixtepec,16.1639142,-96.175812,21.1,10.8,23.5,10.4,3.1,4.28
2026-05-17,2026,San Juan Mixtepec,17.1820614,-97.4953209,25.5,12.7,25.4,13.2,0.9,4.82
2026-05-17,2026,San Juan Mixtepec,16.1639142,-96.175812,22.2,10.9,23.9,10.6,1.5,4.46
2026-05-18,2026,San Juan Mixtepec,17.1820614,-97.4953209,27.3,12.1,25.3,12.5,0.1,5.59
2026-05-18,2026,San Juan Mixtepec,16.1639142,-96.175812,22.1,10.4,24.6,9.7,1.8,4.68
2026-05-19,2026,San Juan Mixtepec,17.1820614,-97.4953209,26.7,10.6,25.6,10.2,0.1,4.97
2026-05-19,2026,San Juan Mixtepec,16.1639142,-96.175812,22.7,12.8,24.7,11.7,1.8,4.81
2026-05-20,2026,San Juan Mixtepec,17.1820614,-97.4953209,26.6,12.4,25.8,12.6,0.1,5.28
2026-05-20,2026,San Juan Mixtepec,16.1639142,-96.175812,23.5,12.3,24.4,12.1,0.4,4.91
2026-05-21,2026,San Juan Mixtepec,17.1820614,-97.4953209,24.9,10.8,26.1,10.4,3.8,4.33
2026-05-21,2026,San Juan Mixtepec,16.1639142,-96.175812,21.0,12.6,22.5,12.0,7.5,4.38
2026-05-22,2026,San Juan Mixtepec,17.1820614,-97.4953209,22.7,12.2,23.5,12.5,4.3,4.36
2026-05-22,2026,San Juan Mixtepec,16.1639142,-96.175812,21.3,12.1,23.9,12.1,6.2,3.98
2026-05-23,2026,San Juan Mixtepec,17.1820614,-97.4953209,24.0,11.5,23.8,11.3,1.5,4.45
2026-05-23,2026,San Juan Mixtepec,16.1639142,-96.175812,21.6,11.7,22.5,11.5,3.2,4.13
2026-05-24,2026,San Juan Mixtepec,17.1820614,-97.4953209,23.2,12.9,23.2,12.9,2.6,4.58
2026-05-24,2026,San Juan Mixtepec,16.1639142,-96.175812,22.4,13.1,22.4,13.4,3.6,4.1
2026-05-25,2026,San Juan Mixtepec,17.1820614,-97.4953209,23.7,12.5,23.6,12.1,6.0,4.51
2026-05-25,2026,San Juan Mixtepec,16.1639142,-96.175812,21.3,12.0,22.7,11.2,7.7,4.19
2026-05-26,2026,San Juan Mixtepec,17.1820614,-97.4953209,24.4,11.5,24.0,10.6,2.8,4.85
2026-05-26,2026,San Juan Mixtepec,16.1639142,-96.175812,20.7,11.6,20.9,10.6,6.8,3.9
2026-05-27,2026,San Juan Mixtepec,17.1820614,-97.4953209,25.2,11.1,24.5,10.6,6.0,4.18
2026-05-27,2026,San Juan Mixtepec,16.1639142,-96.175812,20.2,10.1,21.3,9.4,5.9,4.12
2026-05-28,2026,San Juan Mixtepec,17.1820614,-97.4953209,22.2,12.3,22.9,11.9,6.1,4.17
2026-05-28,2026,San Juan Mixtepec,16.1639142,-96.175812,18.7,11.9,20.4,11.8,10.0,3.43
2026-05-29,2026,San Juan Mixtepec,17.1820614,-97.4953209,24.2,9.9,22.5,9.1,0.0,5.39
2026-05-29,2026,San Juan Mixtepec,16.1639142,-96.175812,17.5,11.1,19.2,11.0,8.6,3.72
2026-05-30,2026,San Juan Mixtepec,17.1820614,-97.4953209,23.7,10.9,23.4,10.5,0.1,5.21
2026-05-30,2026,San Juan Mixtepec,16.1639142,-96.175812,18.4,10.8,20.1,10.3,15.8,3.62
2026-05-31,2026,San Juan Mixtepec,17.1820614,-97.4953209,22.7,12.2,23.0,12.7,5.8,4.36
2026-05-31,2026,San Juan Mixtepec,16.1639142,-96.175812,19.1,11.5,19.3,11.3,7.5,3.96
2026-06-01,2026,San Juan Mixtepec,17.1820614,-97.4953209,22.2,11.3,21.4,11.1,20.7,3.61
2026-06-01,2026,San Juan Mixtepec,16.1639142,-96.175812,21.3,10.5,23.1,10.1,1.8,4.58
2026-06-02,2026,San Juan Mixtepec,17.1820614,-97.4953209,22.6,11.2,24.7,10.8,10.4,3.96
2026-06-02,2026,San Juan Mixtepec,16.1639142,-96.175812,20.2,11.8,20.3,11.4,18.6,3.63
2026-06-03,2026,San Juan Mixtepec,17.1820614,-97.4953209,21.6,11.0,23.9,10.6,14.1,3.99
2026-06-03,2026,San Juan Mixtepec,16.1639142,-96.175812,19.5,13.2,20.1,13.1,26.1,3.2
2026-06-04,2026,San Juan Mixtepec,17.1820614,-97.4953209,20.8,13.3,20.6,14.0,32.8,2.64
2026-06-04,2026,San Juan Mixtepec,16.1639142,-96.175812,17.9,12.8,18.9,13.3,26.4,2.56
2026-06-05,2026,San Juan Mixtepec,17.1820614,-97.4953209,21.9,11.1,24.4,10.7,8.8,4.64
2026-06-05,2026,San Juan Mixtepec,16.1639142,-96.175812,20.2,11.9,20.8,11.9,7.5,3.56
2026-06-06,2026,San Juan Mixtepec,17.1820614,-97.4953209,19.5,13.3,19.4,14.2,16.3,1.74
2026-06-06,2026,San Juan Mixtepec,16.1639142,-96.175812,19.7,13.0,20.5,13.2,8.2,3.05
2026-06-07,2026,San Juan Mixtepec,17.1820614,-97.4953209,19.6,13.0,19.3,13.5,11.1,3.18
2026-06-07,2026,San Juan Mixtepec,16.1639142,-96.175812,17.4,12.7,19.0,12.6,16.3,2.38
2026-06-08,2026,San Juan Mixtepec,17.1820614,-97.4953209,18.5,13.0,17.8,12.7,16.2,1.76
2026-06-08,2026,San Juan Mixtepec,16.1639142,-96.175812,17.0,13.5,18.5,13.9,29.8,1.47
2026-06-09,2026,San Juan Mixtepec,17.1820614,-97.4953209,20.0,12.2,20.1,11.9,20.0,2.36
2026-06-09,2026,San Juan Mixtepec,16.1639142,-96.175812,16.1,12.1,17.6,12.0,13.3,1.23
2026-06-10,2026,San Juan Mixtepec,17.1820614,-97.4953209,20.5,10.5,21.3,10.5,6.6,3.12
2026-06-10,2026,San Juan Mixtepec,16.1639142,-96.175812,18.1,12.0,18.9,12.2,17.3,2.6
2026-06-11,2026,San Juan Mixtepec,17.1820614,-97.4953209,21.1,11.6,21.5,11.9,13.3,3.4
2026-06-11,2026,San Juan Mixtepec,16.1639142,-96.175812,17.2,12.6,18.3,13.1,23.9,2.5
2026-06-12,2026,San Juan Mixtepec,17.1820614,-97.4953209,21.9,11.5,22.4,11.8,18.8,3.19
2026-06-12,2026,San Juan Mixtepec,16.1639142,-96.175812,16.5,12.8,17.4,13.4,46.2,2.36
2026-06-13,2026,San Juan Mixtepec,17.1820614,-97.4953209,21.5,10.8,24.1,10.4,0.5,4.57
2026-06-13,2026,San Juan Mixtepec,16.1639142,-96.175812,18.9,12.6,20.1,13.1,11.9,3.05
2026-06-14,2026,San Juan Mixtepec,17.1820614,-97.4953209,22.1,10.4,24.5,10.1,12.2,3.77
2026-06-14,2026,San Juan Mixtepec,16.1639142,-96.175812,21.5,13.6,22.1,14.0,0.2,3.83
2026-06-15,2026,San Juan Mixtepec,17.1820614,-97.4953209,21.9,12.1,22.9,12.0,2.2,3.86
2026-06-15,2026,San Juan Mixtepec,16.1639142,-96.175812,21.6,12.7,22.6,11.6,1.7,4.14
2026-06-16,2026,San Juan Mixtepec,17.1820614,-97.4953209,22.6,12.2,24.2,12.0,13.4,3.68
2026-06-16,2026,San Juan Mixtepec,16.1639142,-96.175812,18.7,12.2,19.7,12.6,9.7,3.49
2026-06-17,2026,San Juan Mixtepec,17.1820614,-97.4953209,22.0,11.3,21.6,11.3,14.5,3.63
2026-06-17,2026,San Juan Mixtepec,16.1639142,-96.175812,19.7,11.6,21.3,11.4,7.6,3.68
2026-06-18,2026,San Juan Mixtepec,17.1820614,-97.4953209,22.3,11.3,23.9,10.8,6.3,4.41
2026-06-18,2026,San Juan Mixtepec,16.1639142,-96.175812,19.2,11.8,21.4,11.2,12.7,3.54
2026-06-19,2026,San Juan Mixtepec,17.1820614,-97.4953209,21.0,12.3,22.0,12.7,13.0,3.48
2026-06-19,2026,San Juan Mixtepec,16.1639142,-96.175812,19.8,11.9,20.8,12.2,7.3,3.3
2026-06-20,2026,San Juan Mixtepec,17.1820614,-97.4953209,20.9,11.8,20.9,12.3,6.4,4.04
2026-06-20,2026,San Juan Mixtepec,16.1639142,-96.175812,20.8,11.6,22.1,11.2,0.9,4.3
2026-06-21,2026,San Juan Mixtepec,17.1820614,-97.4953209,21.6,9.6,21.7,8.9,2.4,4.74
2026-06-21,2026,San Juan Mixtepec,16.1639142,-96.175812,19.7,10.9,20.5,9.6,5.1,4.15
2026-06-22,2026,San Juan Mixtepec,17.1820614,-97.4953209,21.4,9.8,22.3,9.5,2.5,4.63
2026-06-22,2026,San Juan Mixtepec,16.1639142,-96.175812,19.7,10.5,21.3,10.4,4.7,3.99
2026-06-23,2026,San Juan Mixtepec,17.1820614,-97.4953209,21.0,11.1,21.3,11.0,4.9,4.31
2026-06-23,2026,San Juan Mixtepec,16.1639142,-96.175812,20.6,10.2,21.5,9.3,2.0,4.09
2026-06-24,2026,San Juan Mixtepec,17.1820614,-97.4953209,20.8,11.0,21.8,10.4,4.3,4.08
2026-06-24,2026,San Juan Mixtepec,16.1639142,-96.175812,22.7,11.3,23.3,9.9,3.4,4.56
2026-06-25,2026,San Juan Mixtepec,17.1820614,-97.4953209,21.1,11.0,20.5,10.5,0.0,4.41
2026-06-25,2026,San Juan Mixtepec,16.1639142,-96.175812,22.3,10.5,22.5,9.4,0.1,4.98
2026-06-26,2026,San Juan Mixtepec,17.1820614,-97.4953209,19.8,10.2,18.7,8.9,2.0,3.35
2026-06-26,2026,San Juan Mixtepec,16.1639142,-96.175812,22.5,11.5,22.9,10.0,2.2,4.72
2026-06-27,2026,San Juan Mixtepec,17.1820614,-97.4953209,22.0,10.7,22.1,9.8,2.8,4.65
2026-06-27,2026,San Juan Mixtepec,16.1639142,-96.175812,23.4,10.4,24.2,9.2,1.7,4.41
2026-06-28,2026,San Juan Mixtepec,17.1820614,-97.4953209,21.4,11.6,21.8,11.6,13.3,3.5
2026-06-28,2026,San Juan Mixtepec,16.1639142,-96.175812,20.1,10.9,20.6,10.3,0.8,3.81
2026-06-29,2026,San Juan Mixtepec,17.1820614,-97.4953209,22.1,11.5,22.4,11.1,0.6,4.63
2026-06-29,2026,San Juan Mixtepec,16.1639142,-96.175812,22.6,11.4,23.1,9.9,0.0,4.63
2026-06-30,2026,San Juan Mixtepec,17.1820614,-97.4953209,22.9,10.3,22.8,8.8,0.0,5.33
2026-06-30,2026,San Juan Mixtepec,16.1639142,-96.175812,21.9,10.3,22.5,8.5,0.1,4.3
2025-01-01,2025,San Pedro Mixtepec,15.5857517,-97.0501795,27.9,25.9,33.0,30.0,0.5,3.7
2025-01-01,2025,San Pedro Mixtepec,16.1618475,-96.1658072,21.2,9.3,18.9,6.1,0.0,3.96
2025-01-02,2025,San Pedro Mixtepec,15.5857517,-97.0501795,27.9,26.3,31.8,28.9,0.0,4.06
2025-01-02,2025,San Pedro Mixtepec,16.1618475,-96.1658072,19.2,9.5,18.6,6.6,0.0,3.54
2025-01-03,2025,San Pedro Mixtepec,15.5857517,-97.0501795,27.7,25.7,32.4,28.6,0.0,3.9
2025-01-03,2025,San Pedro Mixtepec,16.1618475,-96.1658072,19.1,9.6,18.1,6.6,0.0,3.39
2025-01-04,2025,San Pedro Mixtepec,15.5857517,-97.0501795,27.5,25.8,31.9,29.0,0.0,3.63
2025-01-04,2025,San Pedro Mixtepec,16.1618475,-96.1658072,19.1,8.9,18.7,5.3,0.0,3.36
2025-01-05,2025,San Pedro Mixtepec,15.5857517,-97.0501795,27.6,26.0,32.5,29.1,0.0,3.77
2025-01-05,2025,San Pedro Mixtepec,16.1618475,-96.1658072,19.0,9.1,18.5,7.7,0.7,2.88
2025-01-06,2025,San Pedro Mixtepec,15.5857517,-97.0501795,27.2,25.4,32.8,27.8,0.0,3.83
2025-01-06,2025,San Pedro Mixtepec,16.1618475,-96.1658072,20.8,10.0,20.0,8.0,0.0,3.41
2025-01-07,2025,San Pedro Mixtepec,15.5857517,-97.0501795,27.8,25.4,32.8,29.2,0.0,3.69
2025-01-07,2025,San Pedro Mixtepec,16.1618475,-96.1658072,20.7,8.8,20.7,6.1,0.1,3.35
2025-01-08,2025,San Pedro Mixtepec,15.5857517,-97.0501795,28.0,25.8,32.9,29.6,0.0,3.81
2025-01-08,2025,San Pedro Mixtepec,16.1618475,-96.1658072,20.8,10.9,21.1,8.6,0.1,3.35
2025-01-09,2025,San Pedro Mixtepec,15.5857517,-97.0501795,27.7,25.8,32.8,30.4,0.0,3.7
2025-01-09,2025,San Pedro Mixtepec,16.1618475,-96.1658072,19.8,8.7,20.1,6.2,0.0,3.55
2025-01-10,2025,San Pedro Mixtepec,15.5857517,-97.0501795,27.6,26.4,32.6,29.9,0.6,3.5
2025-01-10,2025,San Pedro Mixtepec,16.1618475,-96.1658072,19.8,11.7,18.7,10.4,0.6,3.18
2025-01-11,2025,San Pedro Mixtepec,15.5857517,-97.0501795,27.6,24.5,32.7,28.5,12.6,3.34
2025-01-11,2025,San Pedro Mixtepec,16.1618475,-96.1658072,19.1,10.1,17.9,9.3,0.1,3.24
2025-01-12,2025,San Pedro Mixtepec,15.5857517,-97.0501795,27.9,24.7,31.8,26.0,0.7,3.92
2025-01-12,2025,San Pedro Mixtepec,16.1618475,-96.1658072,18.6,10.3,16.9,8.3,0.2,3.04
2025-01-13,2025,San Pedro Mixtepec,15.5857517,-97.0501795,27.9,26.4,32.6,29.8,0.2,3.78
2025-01-13,2025,San Pedro Mixtepec,16.1618475,-96.1658072,19.5,9.5,20.2,8.5,1.2,3.23
2025-01-14,2025,San Pedro Mixtepec,15.5857517,-97.0501795,27.9,26.3,33.3,29.8,0.0,3.94
2025-01-14,2025,San Pedro Mixtepec,16.1618475,-96.1658072,21.3,9.0,21.1,7.2,0.0,3.75
2025-01-15,2025,San Pedro Mixtepec,15.5857517,-97.0501795,28.2,26.2,33.6,30.1,0.0,4.28
2025-01-15,2025,San Pedro Mixtepec,16.1618475,-96.1658072,20.9,10.0,20.2,8.1,0.0,3.84
2025-01-16,2025,San Pedro Mixtepec,15.5857517,-97.0501795,28.0,26.4,33.5,29.7,0.0,4.28
2025-01-16,2025,San Pedro Mixtepec,16.1618475,-96.1658072,20.6,9.9,20.3,7.5,0.0,3.85
2025-01-17,2025,San Pedro Mixtepec,15.5857517,-97.0501795,27.8,26.3,33.0,29.6,0.0,4.33
2025-01-17,2025,San Pedro Mixtepec,16.1618475,-96.1658072,20.0,8.1,20.7,6.1,1.7,3.42
2025-01-18,2025,San Pedro Mixtepec,15.5857517,-97.0501795,27.8,26.5,33.2,30.8,0.0,3.96
2025-01-18,2025,San Pedro Mixtepec,16.1618475,-96.1658072,20.2,10.8,20.6,9.4,0.0,3.56
2025-01-19,2025,San Pedro Mixtepec,15.5857517,-97.0501795,27.7,26.6,32.6,30.2,0.0,4.1
2025-01-19,2025,San Pedro Mixtepec,16.1618475,-96.1658072,19.6,9.9,19.8,8.2,1.1,3.41
2025-01-20,2025,San Pedro Mixtepec,15.5857517,-97.0501795,27.5,25.8,33.0,27.9,0.0,4.36
2025-01-20,2025,San Pedro Mixtepec,16.1618475,-96.1658072,20.2,7.7,19.2,4.6,0.1,3.68
2025-01-21,2025,San Pedro Mixtepec,15.5857517,-97.0501795,27.4,26.4,33.1,29.6,0.0,4.11
2025-01-21,2025,San Pedro Mixtepec,16.1618475,-96.1658072,20.4,9.1,20.7,7.0,0.5,3.79
2025-01-22,2025,San Pedro Mixtepec,15.5857517,-97.0501795,27.4,25.5,31.5,25.1,0.0,5.08
2025-01-22,2025,San Pedro Mixtepec,16.1618475,-96.1658072,20.2,8.6,20.9,4.8,0.0,4.06
2025-01-23,2025,San Pedro Mixtepec,15.5857517,-97.0501795,26.8,24.9,31.4,27.7,0.0,3.89
2025-01-23,2025,San Pedro Mixtepec,16.1618475,-96.1658072,21.4,10.0,19.9,8.2,0.0,4.04
2025-01-24,2025,San Pedro Mixtepec,15.5857517,-97.0501795,27.9,25.7,31.7,27.2,0.0,4.4
2025-01-24,2025,San Pedro Mixtepec,16.1618475,-96.1658072,19.3,8.5,18.3,5.3,0.0,4.07
2025-01-25,2025,San Pedro Mixtepec,15.5857517,-97.0501795,28.8,26.7,32.1,26.5,0.0,5.82
2025-01-25,2025,San Pedro Mixtepec,16.1618475,-96.1658072,20.6,9.6,20.4,6.3,0.0,3.82
2025-01-26,2025,San Pedro Mixtepec,15.5857517,-97.0501795,28.0,26.1,32.0,28.5,0.0,4.38
2025-01-26,2025,San Pedro Mixtepec,16.1618475,-96.1658072,22.2,9.2,21.9,6.7,0.0,4.22
2025-01-27,2025,San Pedro Mixtepec,15.5857517,-97.0501795,27.4,25.9,31.3,28.4,0.0,3.78
2025-01-27,2025,San Pedro Mixtepec,16.1618475,-96.1658072,22.5,8.7,20.7,5.7,0.0,4.46
2025-01-28,2025,San Pedro Mixtepec,15.5857517,-97.0501795,27.6,25.7,33.8,29.7,0.0,4.12
2025-01-28,2025,San Pedro Mixtepec,16.1618475,-96.1658072,21.6,8.8,21.6,5.7,0.0,4.21
2025-01-29,2025,San Pedro Mixtepec,15.5857517,-97.0501795,28.2,26.7,33.6,29.5,0.0,4.44
2025-01-29,2025,San Pedro Mixtepec,16.1618475,-96.1658072,20.2,9.6,20.9,8.0,0.4,3.77
2025-01-30,2025,San Pedro Mixtepec,15.5857517,-97.0501795,28.1,27.1,33.5,29.9,0.0,4.44
2025-01-30,2025,San Pedro Mixtepec,16.1618475,-96.1658072,20.9,10.8,21.1,8.9,1.6,3.85
2025-01-31,2025,San Pedro Mixtepec,15.5857517,-97.0501795,28.0,26.4,33.8,31.4,0.0,4.02
2025-01-31,2025,San Pedro Mixtepec,16.1618475,-96.1658072,21.7,9.0,21.2,6.9,0.8,4.02
2025-02-01,2025,San Pedro Mixtepec,15.5857517,-97.0501795,27.9,26.3,33.6,31.1,0.0,4.13
2025-02-01,2025,San Pedro Mixtepec,16.1618475,-96.1658072,21.8,10.0,21.5,8.1,0.0,3.94
2025-02-02,2025,San Pedro Mixtepec,15.5857517,-97.0501795,28.1,26.1,33.6,30.1,0.0,4.0
2025-02-02,2025,San Pedro Mixtepec,16.1618475,-96.1658072,21.2,10.0,21.0,8.0,0.0,3.78
2025-02-03,2025,San Pedro Mixtepec,15.5857517,-97.0501795,28.3,26.8,33.9,30.5,0.0,4.21
2025-02-03,2025,San Pedro Mixtepec,16.1618475,-96.1658072,19.9,11.3,19.7,9.4,0.1,2.97
2025-02-04,2025,San Pedro Mixtepec,15.5857517,-97.0501795,28.7,27.4,35.3,30.9,0.0,4.56
2025-02-04,2025,San Pedro Mixtepec,16.1618475,-96.1658072,20.3,10.7,20.2,8.8,0.0,3.32
2025-02-05,2025,San Pedro Mixtepec,15.5857517,-97.0501795,28.3,26.6,33.3,30.0,0.0,4.27
2025-02-05,2025,San Pedro Mixtepec,16.1618475,-96.1658072,20.8,9.0,20.8,7.0,0.0,3.82
2025-02-06,2025,San Pedro Mixtepec,15.5857517,-97.0501795,28.4,27.1,34.6,30.6,0.0,4.35
2025-02-06,2025,San Pedro Mixtepec,16.1618475,-96.1658072,20.1,9.1,19.7,7.4,0.6,3.6
2025-02-07,2025,San Pedro Mixtepec,15.5857517,-97.0501795,28.4,27.1,34.6,31.0,0.3,4.7
2025-02-07,2025,San Pedro Mixtepec,16.1618475,-96.1658072,21.7,9.6,21.6,7.5,0.0,4.31
2025-02-08,2025,San Pedro Mixtepec,15.5857517,-97.0501795,28.1,26.9,33.9,30.3,0.0,4.57
2025-02-08,2025,San Pedro Mixtepec,16.1618475,-96.1658072,21.2,8.7,21.0,6.1,1.3,3.79
2025-02-09,2025,San Pedro Mixtepec,15.5857517,-97.0501795,28.4,26.9,34.3,31.7,0.0,4.38
2025-02-09,2025,San Pedro Mixtepec,16.1618475,-96.1658072,20.9,10.1,21.5,8.8,2.4,3.73
2025-02-10,2025,San Pedro Mixtepec,15.5857517,-97.0501795,28.3,27.3,33.7,31.0,0.1,4.55
2025-02-10,2025,San Pedro Mixtepec,16.1618475,-96.1658072,21.9,10.7,21.2,9.2,0.2,4.07
2025-02-11,2025,San Pedro Mixtepec,15.5857517,-97.0501795,28.3,27.2,34.3,29.0,0.0,5.35
2025-02-11,2025,San Pedro Mixtepec,16.1618475,-96.1658072,21.0,9.3,22.0,6.8,1.7,3.98
2025-02-12,2025,San Pedro Mixtepec,15.5857517,-97.0501795,28.2,27.4,33.6,30.0,0.0,4.93
2025-02-12,2025,San Pedro Mixtepec,16.1618475,-96.1658072,20.3,10.0,20.8,8.5,1.6,3.8
2025-02-13,2025,San Pedro Mixtepec,15.5857517,-97.0501795,27.8,26.8,33.2,30.2,0.0,4.55
2025-02-13,2025,San Pedro Mixtepec,16.1618475,-96.1658072,21.1,10.1,21.5,8.6,0.3,4.04
2025-02-14,2025,San Pedro Mixtepec,15.5857517,-97.0501795,28.4,27.2,33.6,30.5,0.0,4.67
2025-02-14,2025,San Pedro Mixtepec,16.1618475,-96.1658072,20.2,10.0,19.4,8.1,0.2,3.41
2025-02-15,2025,San Pedro Mixtepec,15.5857517,-97.0501795,28.2,25.0,33.1,28.3,2.8,4.4
2025-02-15,2025,San Pedro Mixtepec,16.1618475,-96.1658072,19.3,9.7,19.4,7.8,1.3,3.16
2025-02-16,2025,San Pedro Mixtepec,15.5857517,-97.0501795,28.3,27.4,32.4,28.7,0.2,4.86
2025-02-16,2025,San Pedro Mixtepec,16.1618475,-96.1658072,21.2,11.2,21.6,10.1,1.9,3.68
2025-02-17,2025,San Pedro Mixtepec,15.5857517,-97.0501795,28.5,26.7,34.2,30.5,1.1,4.81
2025-02-17,2025,San Pedro Mixtepec,16.1618475,-96.1658072,20.9,11.1,20.9,9.4,1.4,3.66
2025-02-18,2025,San Pedro Mixtepec,15.5857517,-97.0501795,28.3,27.1,33.9,30.0,1.1,5.03
2025-02-18,2025,San Pedro Mixtepec,16.1618475,-96.1658072,20.0,10.5,21.5,8.9,1.9,3.34
2025-02-19,2025,San Pedro Mixtepec,15.5857517,-97.0501795,28.4,27.1,33.6,29.0,0.4,4.81
2025-02-19,2025,San Pedro Mixtepec,16.1618475,-96.1658072,19.3,10.8,20.2,10.0,5.8,2.97
2025-02-20,2025,San Pedro Mixtepec,15.5857517,-97.0501795,28.5,24.9,34.3,27.7,0.6,4.62
2025-02-20,2025,San Pedro Mixtepec,16.1618475,-96.1658072,19.7,10.8,18.8,9.0,0.0,3.13
2025-02-21,2025,San Pedro Mixtepec,15.5857517,-97.0501795,28.7,27.3,34.4,31.1,0.0,4.77
2025-02-21,2025,San Pedro Mixtepec,16.1618475,-96.1658072,21.3,12.1,21.8,10.1,0.2,3.96
2025-02-22,2025,San Pedro Mixtepec,15.5857517,-97.0501795,28.7,27.1,34.9,30.8,0.0,4.6
2025-02-22,2025,San Pedro Mixtepec,16.1618475,-96.1658072,21.1,9.7,21.1,7.4,0.5,3.9
2025-02-23,2025,San Pedro Mixtepec,15.5857517,-97.0501795,28.8,27.7,34.1,30.8,0.0,4.99
2025-02-23,2025,San Pedro Mixtepec,16.1618475,-96.1658072,21.1,10.6,21.8,9.1,2.0,3.71
2025-02-24,2025,San Pedro Mixtepec,15.5857517,-97.0501795,29.0,27.2,33.7,30.3,0.4,5.11
2025-02-24,2025,San Pedro Mixtepec,16.1618475,-96.1658072,21.0,12.6,22.5,12.0,4.2,3.32
2025-02-25,2025,San Pedro Mixtepec,15.5857517,-97.0501795,28.9,27.4,34.0,30.5,0.3,4.82
2025-02-25,2025,San Pedro Mixtepec,16.1618475,-96.1658072,20.8,11.2,20.5,9.5,0.0,4.01
2025-02-26,2025,San Pedro Mixtepec,15.5857517,-97.0501795,28.6,27.6,34.0,30.9,0.0,5.14
2025-02-26,2025,San Pedro Mixtepec,16.1618475,-96.1658072,21.6,8.6,23.0,7.3,1.7,3.77
2025-02-27,2025,San Pedro Mixtepec,15.5857517,-97.0501795,28.2,27.6,33.3,30.4,0.0,4.86
2025-02-27,2025,San Pedro Mixtepec,16.1618475,-96.1658072,21.3,10.2,22.8,9.4,0.3,3.9
2025-02-28,2025,San Pedro Mixtepec,15.5857517,-97.0501795,29.0,27.2,33.9,30.5,0.2,5.06
2025-02-28,2025,San Pedro Mixtepec,16.1618475,-96.1658072,22.0,9.3,22.0,7.5,0.0,4.4
2025-03-01,2025,San Pedro Mixtepec,15.5857517,-97.0501795,29.1,27.9,34.3,30.1,0.0,5.55
2025-03-01,2025,San Pedro Mixtepec,16.1618475,-96.1658072,21.6,10.9,22.9,8.7,0.2,4.15
2025-03-02,2025,San Pedro Mixtepec,15.5857517,-97.0501795,28.7,27.4,34.7,31.5,0.3,4.75
2025-03-02,2025,San Pedro Mixtepec,16.1618475,-96.1658072,22.1,11.4,23.3,9.2,0.1,4.21
2025-03-03,2025,San Pedro Mixtepec,15.5857517,-97.0501795,28.7,27.8,33.4,30.8,0.0,5.0
2025-03-03,2025,San Pedro Mixtepec,16.1618475,-96.1658072,22.2,12.0,23.8,9.7,0.2,4.21
2025-03-04,2025,San Pedro Mixtepec,15.5857517,-97.0501795,28.2,27.2,31.3,29.8,0.0,4.98
2025-03-04,2025,San Pedro Mixtepec,16.1618475,-96.1658072,22.5,11.4,24.8,10.1,1.4,4.38
2025-03-05,2025,San Pedro Mixtepec,15.5857517,-97.0501795,28.0,26.9,34.0,29.4,0.0,5.09
2025-03-05,2025,San Pedro Mixtepec,16.1618475,-96.1658072,21.1,11.8,21.3,9.7,0.0,3.87
2025-03-06,2025,San Pedro Mixtepec,15.5857517,-97.0501795,28.7,26.8,33.6,30.6,0.0,5.17
2025-03-06,2025,San Pedro Mixtepec,16.1618475,-96.1658072,21.9,9.6,22.3,6.8,0.2,4.68
2025-03-07,2025,San Pedro Mixtepec,15.5857517,-97.0501795,29.0,27.2,34.5,30.4,0.0,5.0
2025-03-07,2025,San Pedro Mixtepec,16.1618475,-96.1658072,21.3,10.5,22.2,9.5,2.1,3.99
2025-03-08,2025,San Pedro Mixtepec,15.5857517,-97.0501795,28.4,27.6,33.7,31.0,0.7,4.95
2025-03-08,2025,San Pedro Mixtepec,16.1618475,-96.1658072,22.4,11.0,24.1,9.8,0.3,4.07
2025-03-09,2025,San Pedro Mixtepec,15.5857517,-97.0501795,28.5,27.3,34.2,29.9,0.0,5.22
2025-03-09,2025,San Pedro Mixtepec,16.1618475,-96.1658072,18.9,12.4,19.6,12.0,1.5,2.38
2025-03-10,2025,San Pedro Mixtepec,15.5857517,-97.0501795,28.1,26.2,33.9,30.2,0.1,4.86
2025-03-10,2025,San Pedro Mixtepec,16.1618475,-96.1658072,21.5,9.6,22.5,8.5,1.0,4.19
2025-03-11,2025,San Pedro Mixtepec,15.5857517,-97.0501795,28.3,27.3,33.3,30.1,0.0,5.14
2025-03-11,2025,San Pedro Mixtepec,16.1618475,-96.1658072,20.7,11.1,22.2,10.1,4.3,3.92
2025-03-12,2025,San Pedro Mixtepec,15.5857517,-97.0501795,28.0,27.0,32.2,30.2,0.0,4.64
2025-03-12,2025,San Pedro Mixtepec,16.1618475,-96.1658072,22.3,11.6,23.8,10.2,0.8,4.5
2025-03-13,2025,San Pedro Mixtepec,15.5857517,-97.0501795,28.1,27.2,31.6,29.1,0.0,5.17
2025-03-13,2025,San Pedro Mixtepec,16.1618475,-96.1658072,22.6,11.1,23.1,9.9,0.5,4.61
2025-03-14,2025,San Pedro Mixtepec,15.5857517,-97.0501795,27.7,26.4,31.6,27.9,0.0,5.1
2025-03-14,2025,San Pedro Mixtepec,16.1618475,-96.1658072,23.4,12.0,22.9,9.2,0.0,5.24
2025-03-15,2025,San Pedro Mixtepec,15.5857517,-97.0501795,27.5,25.8,30.4,27.1,0.0,5.08
2025-03-15,2025,San Pedro Mixtepec,16.1618475,-96.1658072,22.5,11.5,23.8,8.5,0.0,5.1
2025-03-16,2025,San Pedro Mixtepec,15.5857517,-97.0501795,27.2,25.8,32.8,28.4,0.0,5.15
2025-03-16,2025,San Pedro Mixtepec,16.1618475,-96.1658072,22.2,10.1,22.1,6.6,0.0,5.01
2025-03-17,2025,San Pedro Mixtepec,15.5857517,-97.0501795,27.6,25.1,32.4,27.2,0.0,5.06
2025-03-17,2025,San Pedro Mixtepec,16.1618475,-96.1658072,23.4,10.1,23.0,6.0,0.0,5.95
2025-03-18,2025,San Pedro Mixtepec,15.5857517,-97.0501795,27.1,24.9,33.0,27.6,0.0,4.52
2025-03-18,2025,San Pedro Mixtepec,16.1618475,-96.1658072,22.5,9.6,22.7,6.1,0.0,5.3
2025-03-19,2025,San Pedro Mixtepec,15.5857517,-97.0501795,27.8,26.2,31.3,28.6,0.0,4.47
2025-03-19,2025,San Pedro Mixtepec,16.1618475,-96.1658072,23.8,10.9,25.4,8.5,0.0,4.94
2025-03-20,2025,San Pedro Mixtepec,15.5857517,-97.0501795,27.5,25.6,32.9,29.0,0.0,4.5
2025-03-20,2025,San Pedro Mixtepec,16.1618475,-96.1658072,22.3,10.2,22.9,7.1,0.0,5.01
2025-03-21,2025,San Pedro Mixtepec,15.5857517,-97.0501795,27.5,25.5,32.4,28.6,0.0,4.6
2025-03-21,2025,San Pedro Mixtepec,16.1618475,-96.1658072,22.7,9.2,22.4,6.3,0.0,5.0
2025-03-22,2025,San Pedro Mixtepec,15.5857517,-97.0501795,28.1,26.5,33.4,30.1,0.0,4.62
2025-03-22,2025,San Pedro Mixtepec,16.1618475,-96.1658072,22.8,10.4,23.1,8.0,0.0,4.42
2025-03-23,2025,San Pedro Mixtepec,15.5857517,-97.0501795,27.8,26.8,32.9,29.6,0.0,5.01
2025-03-23,2025,San Pedro Mixtepec,16.1618475,-96.1658072,22.6,10.4,24.0,8.3,0.4,4.37
2025-03-24,2025,San Pedro Mixtepec,15.5857517,-97.0501795,27.6,26.3,31.6,29.3,0.0,5.02
2025-03-24,2025,San Pedro Mixtepec,16.1618475,-96.1658072,22.5,9.8,23.6,8.9,0.5,4.62
2025-03-25,2025,San Pedro Mixtepec,15.5857517,-97.0501795,27.7,26.0,33.1,29.5,0.0,5.12
2025-03-25,2025,San Pedro Mixtepec,16.1618475,-96.1658072,22.3,10.2,23.1,9.5,2.1,4.01
2025-03-26,2025,San Pedro Mixtepec,15.5857517,-97.0501795,27.9,26.9,34.0,29.9,0.0,5.12
2025-03-26,2025,San Pedro Mixtepec,16.1618475,-96.1658072,23.3,10.8,23.3,8.9,0.2,4.35
2025-03-27,2025,San Pedro Mixtepec,15.5857517,-97.0501795,28.2,27.0,34.5,31.7,0.0,4.83
2025-03-27,2025,San Pedro Mixtepec,16.1618475,-96.1658072,21.0,10.9,22.0,9.3,3.1,4.19
2025-03-28,2025,San Pedro Mixtepec,15.5857517,-97.0501795,28.6,27.6,33.1,30.3,0.0,5.12
2025-03-28,2025,San Pedro Mixtepec,16.1618475,-96.1658072,20.6,10.8,22.3,10.0,3.9,3.97
2025-03-29,2025,San Pedro Mixtepec,15.5857517,-97.0501795,28.3,27.3,33.2,30.6,0.0,5.18
2025-03-29,2025,San Pedro Mixtepec,16.1618475,-96.1658072,21.4,11.3,22.6,11.1,4.2,4.16
2025-03-30,2025,San Pedro Mixtepec,15.5857517,-97.0501795,28.4,27.0,31.3,28.5,0.0,5.6
2025-03-30,2025,San Pedro Mixtepec,16.1618475,-96.1658072,22.2,12.0,23.0,11.6,1.9,4.53
2025-03-31,2025,San Pedro Mixtepec,15.5857517,-97.0501795,27.7,26.6,31.7,28.9,0.0,4.91
2025-03-31,2025,San Pedro Mixtepec,16.1618475,-96.1658072,22.4,12.2,23.8,11.4,0.4,4.47
2025-04-01,2025,San Pedro Mixtepec,15.5857517,-97.0501795,27.9,26.3,32.4,28.9,0.0,5.2
2025-04-01,2025,San Pedro Mixtepec,16.1618475,-96.1658072,22.6,10.5,24.1,8.8,0.5,4.75
2025-04-02,2025,San Pedro Mixtepec,15.5857517,-97.0501795,27.7,26.3,32.0,29.4,0.0,5.31
2025-04-02,2025,San Pedro Mixtepec,16.1618475,-96.1658072,22.3,11.4,23.1,10.0,0.4,5.09
2025-04-03,2025,San Pedro Mixtepec,15.5857517,-97.0501795,27.6,26.1,32.1,28.6,0.0,5.24
2025-04-03,2025,San Pedro Mixtepec,16.1618475,-96.1658072,22.6,11.4,22.6,8.2,0.0,5.44
2025-04-04,2025,San Pedro Mixtepec,15.5857517,-97.0501795,27.8,26.0,32.6,28.9,0.0,5.29
2025-04-04,2025,San Pedro Mixtepec,16.1618475,-96.1658072,22.3,10.2,20.8,7.3,0.0,5.48
2025-04-05,2025,San Pedro Mixtepec,15.5857517,-97.0501795,28.1,26.6,34.0,28.9,0.0,5.47
2025-04-05,2025,San Pedro Mixtepec,16.1618475,-96.1658072,22.2,10.4,21.7,7.8,0.0,5.27
2025-04-06,2025,San Pedro Mixtepec,15.5857517,-97.0501795,28.1,26.9,33.6,30.0,0.0,5.27
2025-04-06,2025,San Pedro Mixtepec,16.1618475,-96.1658072,22.3,11.0,22.9,9.1,0.5,4.81
2025-04-07,2025,San Pedro Mixtepec,15.5857517,-97.0501795,29.1,26.9,33.6,31.3,0.0,5.26
2025-04-07,2025,San Pedro Mixtepec,16.1618475,-96.1658072,20.7,10.2,20.3,9.9,2.5,3.92
2025-04-08,2025,San Pedro Mixtepec,15.5857517,-97.0501795,28.9,27.3,33.6,30.2,0.0,5.71
2025-04-08,2025,San Pedro Mixtepec,16.1618475,-96.1658072,21.0,10.8,21.1,9.7,2.1,4.07
2025-04-09,2025,San Pedro Mixtepec,15.5857517,-97.0501795,28.6,27.4,33.3,31.0,0.0,5.26
2025-04-09,2025,San Pedro Mixtepec,16.1618475,-96.1658072,20.4,11.5,21.4,10.4,6.0,4.04
2025-04-10,2025,San Pedro Mixtepec,15.5857517,-97.0501795,28.7,27.5,33.5,30.8,0.0,5.13
2025-04-10,2025,San Pedro Mixtepec,16.1618475,-96.1658072,22.9,11.5,22.4,7.6,0.0,5.12
2025-04-11,2025,San Pedro Mixtepec,15.5857517,-97.0501795,28.8,26.6,34.0,31.1,0.9,5.12
2025-04-11,2025,San Pedro Mixtepec,16.1618475,-96.1658072,23.1,8.8,21.6,3.2,0.0,6.22
2025-04-12,2025,San Pedro Mixtepec,15.5857517,-97.0501795,28.8,26.8,32.9,26.8,0.0,6.34
2025-04-12,2025,San Pedro Mixtepec,16.1618475,-96.1658072,22.3,5.0,21.1,-0.2,0.0,6.45
2025-04-13,2025,San Pedro Mixtepec,15.5857517,-97.0501795,28.7,26.7,33.1,27.7,0.0,5.89
2025-04-13,2025,San Pedro Mixtepec,16.1618475,-96.1658072,22.3,7.1,20.5,2.5,0.0,6.01
2025-04-14,2025,San Pedro Mixtepec,15.5857517,-97.0501795,29.9,27.5,34.6,28.9,0.0,6.64
2025-04-14,2025,San Pedro Mixtepec,16.1618475,-96.1658072,22.0,8.5,21.2,4.5,0.0,5.48
2025-04-15,2025,San Pedro Mixtepec,15.5857517,-97.0501795,29.0,27.2,33.9,29.2,0.0,5.98
2025-04-15,2025,San Pedro Mixtepec,16.1618475,-96.1658072,23.1,9.7,22.1,6.3,0.0,5.56
2025-04-16,2025,San Pedro Mixtepec,15.5857517,-97.0501795,29.2,26.8,34.2,27.9,0.0,6.13
2025-04-16,2025,San Pedro Mixtepec,16.1618475,-96.1658072,23.3,9.0,23.2,5.9,0.6,5.63
2025-04-17,2025,San Pedro Mixtepec,15.5857517,-97.0501795,29.8,27.5,35.4,30.5,0.0,5.71
2025-04-17,2025,San Pedro Mixtepec,16.1618475,-96.1658072,23.7,10.2,23.8,9.2,0.0,4.73
2025-04-18,2025,San Pedro Mixtepec,15.5857517,-97.0501795,29.9,27.9,34.8,32.8,0.0,5.52
2025-04-18,2025,San Pedro Mixtepec,16.1618475,-96.1658072,23.4,9.0,24.2,7.5,0.0,4.99
2025-04-19,2025,San Pedro Mixtepec,15.5857517,-97.0501795,29.2,28.5,33.1,30.2,0.0,5.62
2025-04-19,2025,San Pedro Mixtepec,16.1618475,-96.1658072,22.4,10.6,24.1,9.5,7.3,4.2
2025-04-20,2025,San Pedro Mixtepec,15.5857517,-97.0501795,28.8,28.1,32.8,30.8,0.0,5.5
2025-04-20,2025,San Pedro Mixtepec,16.1618475,-96.1658072,22.5,12.9,24.2,12.8,0.9,4.49
2025-04-21,2025,San Pedro Mixtepec,15.5857517,-97.0501795,28.6,27.4,33.8,30.2,0.0,5.56
2025-04-21,2025,San Pedro Mixtepec,16.1618475,-96.1658072,20.7,13.4,22.1,13.8,3.8,3.91
2025-04-22,2025,San Pedro Mixtepec,15.5857517,-97.0501795,29.5,27.9,36.2,31.2,4.0,5.45
2025-04-22,2025,San Pedro Mixtepec,16.1618475,-96.1658072,21.2,11.9,21.4,11.1,3.8,3.84
2025-04-23,2025,San Pedro Mixtepec,15.5857517,-97.0501795,29.6,26.8,36.6,31.6,1.1,5.02
2025-04-23,2025,San Pedro Mixtepec,16.1618475,-96.1658072,19.9,10.7,21.2,10.4,3.1,3.36
2025-04-24,2025,San Pedro Mixtepec,15.5857517,-97.0501795,29.4,27.3,35.8,31.6,2.3,4.96
2025-04-24,2025,San Pedro Mixtepec,16.1618475,-96.1658072,20.9,11.4,22.5,11.1,0.9,4.05
2025-04-25,2025,San Pedro Mixtepec,15.5857517,-97.0501795,29.5,28.3,34.8,31.3,1.4,5.2
2025-04-25,2025,San Pedro Mixtepec,16.1618475,-96.1658072,22.0,11.9,22.5,11.0,0.4,4.5
2025-04-26,2025,San Pedro Mixtepec,15.5857517,-97.0501795,29.3,26.5,35.7,31.0,1.6,4.92
2025-04-26,2025,San Pedro Mixtepec,16.1618475,-96.1658072,23.9,11.4,23.0,8.0,0.0,5.68
2025-04-27,2025,San Pedro Mixtepec,15.5857517,-97.0501795,29.4,27.5,35.6,33.0,2.1,4.86
2025-04-27,2025,San Pedro Mixtepec,16.1618475,-96.1658072,23.3,9.8,22.6,6.3,0.0,5.71
2025-04-28,2025,San Pedro Mixtepec,15.5857517,-97.0501795,29.6,28.4,35.9,32.4,1.3,5.22
2025-04-28,2025,San Pedro Mixtepec,16.1618475,-96.1658072,22.7,9.4,22.2,7.3,0.0,4.91
2025-04-29,2025,San Pedro Mixtepec,15.5857517,-97.0501795,29.8,28.4,36.1,32.5,0.8,5.38
2025-04-29,2025,San Pedro Mixtepec,16.1618475,-96.1658072,20.1,9.5,21.1,8.1,8.8,4.04
2025-04-30,2025,San Pedro Mixtepec,15.5857517,-97.0501795,30.0,28.9,34.0,31.4,0.1,5.97
2025-04-30,2025,San Pedro Mixtepec,16.1618475,-96.1658072,20.8,10.1,23.1,9.3,4.7,4.08
2025-05-01,2025,San Pedro Mixtepec,15.5857517,-97.0501795,29.3,28.6,33.9,31.1,0.0,5.46
2025-05-01,2025,San Pedro Mixtepec,16.1618475,-96.1658072,21.3,11.8,22.8,11.5,3.9,4.02
2025-05-02,2025,San Pedro Mixtepec,15.5857517,-97.0501795,29.2,28.4,34.6,31.6,0.0,5.52
2025-05-02,2025,San Pedro Mixtepec,16.1618475,-96.1658072,21.0,10.7,22.5,10.2,8.3,3.52
2025-05-03,2025,San Pedro Mixtepec,15.5857517,-97.0501795,29.2,28.3,33.6,31.1,0.0,5.93
2025-05-03,2025,San Pedro Mixtepec,16.1618475,-96.1658072,21.6,12.5,24.2,11.3,4.7,4.06
2025-05-04,2025,San Pedro Mixtepec,15.5857517,-97.0501795,29.3,28.1,34.1,30.0,0.0,5.92
2025-05-04,2025,San Pedro Mixtepec,16.1618475,-96.1658072,20.5,11.1,22.2,10.8,8.1,3.51
2025-05-05,2025,San Pedro Mixtepec,15.5857517,-97.0501795,29.6,28.2,34.4,29.3,0.0,6.15
2025-05-05,2025,San Pedro Mixtepec,16.1618475,-96.1658072,21.6,13.2,22.9,12.8,3.5,4.21
2025-05-06,2025,San Pedro Mixtepec,15.5857517,-97.0501795,29.5,28.3,35.1,32.1,0.0,5.7
2025-05-06,2025,San Pedro Mixtepec,16.1618475,-96.1658072,22.9,13.1,24.4,12.4,2.4,4.32
2025-05-07,2025,San Pedro Mixtepec,15.5857517,-97.0501795,29.3,27.9,35.2,31.6,0.0,5.5
2025-05-07,2025,San Pedro Mixtepec,16.1618475,-96.1658072,22.8,12.9,24.3,11.8,1.8,4.64
2025-05-08,2025,San Pedro Mixtepec,15.5857517,-97.0501795,29.7,28.2,36.0,32.7,0.1,5.38
2025-05-08,2025,San Pedro Mixtepec,16.1618475,-96.1658072,22.5,13.8,24.0,13.8,0.3,4.42
2025-05-09,2025,San Pedro Mixtepec,15.5857517,-97.0501795,30.0,27.0,36.6,29.8,0.1,5.25
2025-05-09,2025,San Pedro Mixtepec,16.1618475,-96.1658072,21.2,12.3,23.3,12.0,21.9,4.1
2025-05-10,2025,San Pedro Mixtepec,15.5857517,-97.0501795,29.8,27.2,37.0,30.8,0.0,5.3
2025-05-10,2025,San Pedro Mixtepec,16.1618475,-96.1658072,21.5,13.0,22.4,13.0,3.6,3.16
2025-05-11,2025,San Pedro Mixtepec,15.5857517,-97.0501795,29.9,25.7,36.2,29.8,3.4,4.98
2025-05-11,2025,San Pedro Mixtepec,16.1618475,-96.1658072,22.5,10.9,24.0,9.5,0.0,4.42
2025-05-12,2025,San Pedro Mixtepec,15.5857517,-97.0501795,30.0,28.3,36.4,31.5,0.0,4.78
2025-05-12,2025,San Pedro Mixtepec,16.1618475,-96.1658072,24.4,11.7,23.8,9.6,0.0,4.83
2025-05-13,2025,San Pedro Mixtepec,15.5857517,-97.0501795,30.3,29.4,36.1,32.9,0.0,5.24
2025-05-13,2025,San Pedro Mixtepec,16.1618475,-96.1658072,24.3,11.2,25.3,7.9,0.1,5.11
2025-05-14,2025,San Pedro Mixtepec,15.5857517,-97.0501795,30.0,28.9,35.6,32.2,0.0,4.96
2025-05-14,2025,San Pedro Mixtepec,16.1618475,-96.1658072,23.8,12.9,25.9,10.9,1.5,4.53
2025-05-15,2025,San Pedro Mixtepec,15.5857517,-97.0501795,29.9,28.6,36.5,32.8,0.0,5.39
2025-05-15,2025,San Pedro Mixtepec,16.1618475,-96.1658072,20.9,13.2,22.0,12.8,5.0,3.76
2025-05-16,2025,San Pedro Mixtepec,15.5857517,-97.0501795,29.6,28.4,34.4,31.5,0.0,5.91
2025-05-16,2025,San Pedro Mixtepec,16.1618475,-96.1658072,21.8,11.6,23.6,11.3,0.9,4.58
2025-05-17,2025,San Pedro Mixtepec,15.5857517,-97.0501795,29.3,28.2,34.2,29.9,0.0,6.1
2025-05-17,2025,San Pedro Mixtepec,16.1618475,-96.1658072,22.0,12.9,24.0,12.6,0.3,4.77
2025-05-18,2025,San Pedro Mixtepec,15.5857517,-97.0501795,29.5,28.0,34.3,30.2,0.0,5.81
2025-05-18,2025,San Pedro Mixtepec,16.1618475,-96.1658072,22.3,12.6,23.8,11.4,1.2,4.87
2025-05-19,2025,San Pedro Mixtepec,15.5857517,-97.0501795,29.3,28.2,35.9,30.9,0.0,5.47
2025-05-19,2025,San Pedro Mixtepec,16.1618475,-96.1658072,22.2,13.4,23.4,12.3,0.0,4.68
2025-05-20,2025,San Pedro Mixtepec,15.5857517,-97.0501795,29.9,28.2,36.3,33.2,0.0,5.17
2025-05-20,2025,San Pedro Mixtepec,16.1618475,-96.1658072,22.9,12.9,24.7,12.0,1.6,4.54
2025-05-21,2025,San Pedro Mixtepec,15.5857517,-97.0501795,29.5,27.7,34.5,32.4,0.3,4.73
2025-05-21,2025,San Pedro Mixtepec,16.1618475,-96.1658072,22.1,12.0,24.0,11.9,1.8,4.35
2025-05-22,2025,San Pedro Mixtepec,15.5857517,-97.0501795,29.9,27.8,36.5,32.7,2.7,4.85
2025-05-22,2025,San Pedro Mixtepec,16.1618475,-96.1658072,22.6,12.6,24.1,12.0,3.8,4.18
2025-05-23,2025,San Pedro Mixtepec,15.5857517,-97.0501795,30.7,27.0,36.9,31.4,3.3,5.44
2025-05-23,2025,San Pedro Mixtepec,16.1618475,-96.1658072,22.4,11.8,22.7,10.8,1.5,4.27
2025-05-24,2025,San Pedro Mixtepec,15.5857517,-97.0501795,30.4,26.7,37.2,31.2,5.6,4.78
2025-05-24,2025,San Pedro Mixtepec,16.1618475,-96.1658072,21.9,11.7,23.5,11.1,5.4,3.57
2025-05-25,2025,San Pedro Mixtepec,15.5857517,-97.0501795,30.7,29.1,37.9,35.0,0.0,5.14
2025-05-25,2025,San Pedro Mixtepec,16.1618475,-96.1658072,21.9,13.4,21.9,12.9,2.7,4.21
2025-05-26,2025,San Pedro Mixtepec,15.5857517,-97.0501795,30.0,26.2,37.1,30.2,7.1,5.07
2025-05-26,2025,San Pedro Mixtepec,16.1618475,-96.1658072,21.8,12.5,22.8,11.6,0.9,4.14
2025-05-27,2025,San Pedro Mixtepec,15.5857517,-97.0501795,29.1,27.8,34.1,31.4,3.8,3.71
2025-05-27,2025,San Pedro Mixtepec,16.1618475,-96.1658072,20.5,13.4,21.2,12.8,0.3,3.32
2025-05-28,2025,San Pedro Mixtepec,15.5857517,-97.0501795,30.7,28.1,36.4,31.3,0.5,5.38
2025-05-28,2025,San Pedro Mixtepec,16.1618475,-96.1658072,21.7,13.8,22.8,13.8,0.2,4.67
2025-05-29,2025,San Pedro Mixtepec,15.5857517,-97.0501795,30.4,26.2,37.0,29.1,2.2,5.07
2025-05-29,2025,San Pedro Mixtepec,16.1618475,-96.1658072,21.2,11.3,23.1,10.7,6.5,4.09
2025-05-30,2025,San Pedro Mixtepec,15.5857517,-97.0501795,30.2,27.5,37.0,31.9,1.0,4.98
2025-05-30,2025,San Pedro Mixtepec,16.1618475,-96.1658072,21.2,11.6,22.4,11.4,1.9,4.18
2025-05-31,2025,San Pedro Mixtepec,15.5857517,-97.0501795,29.6,26.6,35.6,31.6,2.0,3.96
2025-05-31,2025,San Pedro Mixtepec,16.1618475,-96.1658072,20.5,12.0,20.8,12.0,11.0,2.66
2025-06-01,2025,San Pedro Mixtepec,15.5857517,-97.0501795,30.4,27.0,36.2,31.5,4.2,4.5
2025-06-01,2025,San Pedro Mixtepec,16.1618475,-96.1658072,21.8,12.1,23.7,11.9,10.4,4.14
2025-06-02,2025,San Pedro Mixtepec,15.5857517,-97.0501795,30.6,25.8,36.7,31.2,10.5,5.02
2025-06-02,2025,San Pedro Mixtepec,16.1618475,-96.1658072,21.5,12.1,23.2,12.2,10.1,3.87
2025-06-03,2025,San Pedro Mixtepec,15.5857517,-97.0501795,30.3,26.7,35.2,30.6,12.4,4.6
2025-06-03,2025,San Pedro Mixtepec,16.1618475,-96.1658072,20.8,12.9,22.9,13.2,9.5,3.73
2025-06-04,2025,San Pedro Mixtepec,15.5857517,-97.0501795,29.6,26.5,35.1,31.2,11.5,4.11
2025-06-04,2025,San Pedro Mixtepec,16.1618475,-96.1658072,20.0,14.0,21.8,14.2,13.4,3.47
2025-06-05,2025,San Pedro Mixtepec,15.5857517,-97.0501795,29.0,26.4,35.1,29.6,25.1,3.38
2025-06-05,2025,San Pedro Mixtepec,16.1618475,-96.1658072,21.8,11.6,21.8,10.8,2.4,4.5
2025-06-06,2025,San Pedro Mixtepec,15.5857517,-97.0501795,30.6,27.4,34.4,28.6,10.1,4.55
2025-06-06,2025,San Pedro Mixtepec,16.1618475,-96.1658072,20.9,12.2,21.6,11.3,5.3,2.91
2025-06-07,2025,San Pedro Mixtepec,15.5857517,-97.0501795,28.9,27.8,31.2,28.6,12.0,3.4
2025-06-07,2025,San Pedro Mixtepec,16.1618475,-96.1658072,19.5,13.1,20.5,12.4,5.9,3.06
2025-06-08,2025,San Pedro Mixtepec,15.5857517,-97.0501795,29.3,27.1,34.9,28.6,11.9,4.5
2025-06-08,2025,San Pedro Mixtepec,16.1618475,-96.1658072,21.0,12.9,23.1,13.1,10.0,3.9
2025-06-09,2025,San Pedro Mixtepec,15.5857517,-97.0501795,29.8,26.9,34.6,31.7,2.3,4.87
2025-06-09,2025,San Pedro Mixtepec,16.1618475,-96.1658072,20.4,12.3,22.4,12.1,6.8,3.85
2025-06-10,2025,San Pedro Mixtepec,15.5857517,-97.0501795,28.8,24.5,34.4,26.6,21.5,3.77
2025-06-10,2025,San Pedro Mixtepec,16.1618475,-96.1658072,20.8,11.8,21.1,11.5,1.3,3.92
2025-06-11,2025,San Pedro Mixtepec,15.5857517,-97.0501795,28.4,25.5,31.5,27.4,15.9,3.43
2025-06-11,2025,San Pedro Mixtepec,16.1618475,-96.1658072,17.9,13.0,17.8,13.5,5.6,2.48
2025-06-12,2025,San Pedro Mixtepec,15.5857517,-97.0501795,28.7,26.9,30.6,27.3,12.9,3.94
2025-06-12,2025,San Pedro Mixtepec,16.1618475,-96.1658072,18.6,12.3,20.9,12.3,6.8,3.62
2025-06-13,2025,San Pedro Mixtepec,15.5857517,-97.0501795,28.4,25.9,30.2,26.4,44.0,3.42
2025-06-13,2025,San Pedro Mixtepec,16.1618475,-96.1658072,19.4,12.6,21.2,12.7,8.2,3.18
2025-06-14,2025,San Pedro Mixtepec,15.5857517,-97.0501795,28.7,25.4,33.6,28.4,14.1,2.88
2025-06-14,2025,San Pedro Mixtepec,16.1618475,-96.1658072,20.8,13.4,22.4,13.7,6.8,3.31
2025-06-15,2025,San Pedro Mixtepec,15.5857517,-97.0501795,29.8,27.6,35.7,30.1,0.6,4.65
2025-06-15,2025,San Pedro Mixtepec,16.1618475,-96.1658072,21.9,14.2,22.7,14.8,0.4,3.93
2025-06-16,2025,San Pedro Mixtepec,15.5857517,-97.0501795,29.0,25.5,34.6,29.5,21.4,3.52
2025-06-16,2025,San Pedro Mixtepec,16.1618475,-96.1658072,20.8,12.4,20.7,12.0,0.6,3.64
2025-06-17,2025,San Pedro Mixtepec,15.5857517,-97.0501795,28.1,26.3,34.7,30.7,15.2,4.0
2025-06-17,2025,San Pedro Mixtepec,16.1618475,-96.1658072,19.9,12.1,20.8,11.6,1.8,3.1
2025-06-18,2025,San Pedro Mixtepec,15.5857517,-97.0501795,28.0,25.7,32.6,9.0,176.0,1.86
2025-06-18,2025,San Pedro Mixtepec,16.1618475,-96.1658072,15.0,13.5,15.4,12.0,125.0,0.54
2025-06-19,2025,San Pedro Mixtepec,15.5857517,-97.0501795,27.4,25.3,30.2,24.4,120.7,1.79
2025-06-19,2025,San Pedro Mixtepec,16.1618475,-96.1658072,14.8,13.3,15.2,12.6,210.2,0.86
2025-06-20,2025,San Pedro Mixtepec,15.5857517,-97.0501795,29.4,25.0,34.7,28.5,4.1,3.24
2025-06-20,2025,San Pedro Mixtepec,16.1618475,-96.1658072,18.3,12.5,18.3,12.4,12.8,2.03
2025-06-21,2025,San Pedro Mixtepec,15.5857517,-97.0501795,29.8,28.6,35.9,33.5,0.0,5.2
2025-06-21,2025,San Pedro Mixtepec,16.1618475,-96.1658072,19.3,13.6,19.8,13.5,12.9,3.01
2025-06-22,2025,San Pedro Mixtepec,15.5857517,-97.0501795,29.2,24.9,34.7,28.2,32.3,2.82
2025-06-22,2025,San Pedro Mixtepec,16.1618475,-96.1658072,17.5,13.7,17.4,14.1,11.5,1.85
2025-06-23,2025,San Pedro Mixtepec,15.5857517,-97.0501795,29.2,26.4,34.8,31.4,0.4,4.45
2025-06-23,2025,San Pedro Mixtepec,16.1618475,-96.1658072,19.7,12.8,19.6,11.8,0.5,3.5
2025-06-24,2025,San Pedro Mixtepec,15.5857517,-97.0501795,29.4,28.0,36.5,32.2,0.5,5.12
2025-06-24,2025,San Pedro Mixtepec,16.1618475,-96.1658072,21.2,11.5,20.8,10.2,0.0,3.99
2025-06-25,2025,San Pedro Mixtepec,15.5857517,-97.0501795,29.6,27.7,36.1,32.0,4.4,5.29
2025-06-25,2025,San Pedro Mixtepec,16.1618475,-96.1658072,21.8,12.1,23.0,10.0,0.9,4.1
2025-06-26,2025,San Pedro Mixtepec,15.5857517,-97.0501795,29.5,27.5,37.3,32.0,5.0,4.68
2025-06-26,2025,San Pedro Mixtepec,16.1618475,-96.1658072,21.8,12.6,22.7,11.3,0.7,3.94
2025-06-27,2025,San Pedro Mixtepec,15.5857517,-97.0501795,28.7,25.2,34.5,29.1,27.7,3.28
2025-06-27,2025,San Pedro Mixtepec,16.1618475,-96.1658072,19.8,12.4,19.5,11.3,1.4,2.79
2025-06-28,2025,San Pedro Mixtepec,15.5857517,-97.0501795,29.7,26.4,33.9,27.8,17.2,3.25
2025-06-28,2025,San Pedro Mixtepec,16.1618475,-96.1658072,19.3,13.1,19.9,12.7,2.2,2.77
2025-06-29,2025,San Pedro Mixtepec,15.5857517,-97.0501795,28.0,26.1,30.8,26.8,21.7,4.37
2025-06-29,2025,San Pedro Mixtepec,16.1618475,-96.1658072,18.1,12.1,19.6,12.3,11.5,3.01
2025-06-30,2025,San Pedro Mixtepec,15.5857517,-97.0501795,29.7,26.8,34.4,29.4,4.0,5.47
2025-06-30,2025,San Pedro Mixtepec,16.1618475,-96.1658072,19.9,13.2,20.9,13.4,5.3,3.38
2025-07-01,2025,San Pedro Mixtepec,15.5857517,-97.0501795,29.7,28.6,35.3,32.1,0.0,5.39
2025-07-01,2025,San Pedro Mixtepec,16.1618475,-96.1658072,22.3,13.1,24.0,11.5,0.5,4.71
2025-07-02,2025,San Pedro Mixtepec,15.5857517,-97.0501795,29.7,25.5,36.3,27.4,1.5,4.71
2025-07-02,2025,San Pedro Mixtepec,16.1618475,-96.1658072,21.5,13.2,22.3,12.8,0.7,3.97
2025-07-03,2025,San Pedro Mixtepec,15.5857517,-97.0501795,29.3,25.0,34.5,27.3,15.9,4.74
2025-07-03,2025,San Pedro Mixtepec,16.1618475,-96.1658072,19.8,12.3,21.1,11.7,9.7,3.61
2025-07-04,2025,San Pedro Mixtepec,15.5857517,-97.0501795,29.3,25.3,34.4,28.4,1.9,3.23
2025-07-04,2025,San Pedro Mixtepec,16.1618475,-96.1658072,20.3,12.0,21.5,11.5,2.5,3.89
2025-07-05,2025,San Pedro Mixtepec,15.5857517,-97.0501795,29.5,28.1,35.7,32.8,0.0,5.35
2025-07-05,2025,San Pedro Mixtepec,16.1618475,-96.1658072,21.0,11.1,22.3,9.5,1.1,4.29
2025-07-06,2025,San Pedro Mixtepec,15.5857517,-97.0501795,29.6,26.1,36.1,30.8,1.4,5.54
2025-07-06,2025,San Pedro Mixtepec,16.1618475,-96.1658072,20.8,10.6,22.2,9.5,1.6,4.31
2025-07-07,2025,San Pedro Mixtepec,15.5857517,-97.0501795,28.9,27.3,34.3,31.2,2.3,3.69
2025-07-07,2025,San Pedro Mixtepec,16.1618475,-96.1658072,20.7,11.0,20.6,10.2,0.6,3.36
2025-07-08,2025,San Pedro Mixtepec,15.5857517,-97.0501795,29.9,25.7,35.0,27.6,10.2,2.87
2025-07-08,2025,San Pedro Mixtepec,16.1618475,-96.1658072,15.7,12.8,16.0,11.9,5.7,1.67
2025-07-09,2025,San Pedro Mixtepec,15.5857517,-97.0501795,29.6,28.5,36.0,32.4,0.0,5.68
2025-07-09,2025,San Pedro Mixtepec,16.1618475,-96.1658072,20.7,12.1,21.0,11.0,0.1,4.37
2025-07-10,2025,San Pedro Mixtepec,15.5857517,-97.0501795,29.6,28.0,36.0,31.8,0.0,5.84
2025-07-10,2025,San Pedro Mixtepec,16.1618475,-96.1658072,21.3,10.7,22.3,8.9,0.9,4.26
2025-07-11,2025,San Pedro Mixtepec,15.5857517,-97.0501795,29.4,28.2,34.9,31.8,0.8,5.48
2025-07-11,2025,San Pedro Mixtepec,16.1618475,-96.1658072,20.9,10.7,22.4,9.7,2.6,4.11
2025-07-12,2025,San Pedro Mixtepec,15.5857517,-97.0501795,29.6,27.6,37.6,30.4,0.9,5.46
2025-07-12,2025,San Pedro Mixtepec,16.1618475,-96.1658072,20.0,11.1,20.7,10.4,4.7,3.47
2025-07-13,2025,San Pedro Mixtepec,15.5857517,-97.0501795,30.1,27.3,36.2,31.1,1.2,5.24
2025-07-13,2025,San Pedro Mixtepec,16.1618475,-96.1658072,21.2,11.4,23.5,10.2,0.8,4.35
2025-07-14,2025,San Pedro Mixtepec,15.5857517,-97.0501795,29.6,25.7,35.8,29.7,12.8,4.99
2025-07-14,2025,San Pedro Mixtepec,16.1618475,-96.1658072,21.3,11.6,22.0,10.4,1.5,3.8
2025-07-15,2025,San Pedro Mixtepec,15.5857517,-97.0501795,30.1,25.6,36.3,27.9,0.0,5.14
2025-07-15,2025,San Pedro Mixtepec,16.1618475,-96.1658072,21.1,11.4,22.4,10.5,1.6,3.98
2025-07-16,2025,San Pedro Mixtepec,15.5857517,-97.0501795,30.2,29.0,37.5,32.6,0.0,6.12
2025-07-16,2025,San Pedro Mixtepec,16.1618475,-96.1658072,22.8,10.5,24.1,8.0,0.4,4.78
2025-07-17,2025,San Pedro Mixtepec,15.5857517,-97.0501795,30.3,28.8,36.9,33.8,0.0,5.59
2025-07-17,2025,San Pedro Mixtepec,16.1618475,-96.1658072,22.7,10.8,23.5,8.9,0.0,4.82
2025-07-18,2025,San Pedro Mixtepec,15.5857517,-97.0501795,30.3,28.9,39.3,33.9,0.0,5.43
2025-07-18,2025,San Pedro Mixtepec,16.1618475,-96.1658072,22.4,11.5,23.7,9.8,0.5,4.98
2025-07-19,2025,San Pedro Mixtepec,15.5857517,-97.0501795,30.9,28.6,39.0,34.5,0.0,5.37
2025-07-19,2025,San Pedro Mixtepec,16.1618475,-96.1658072,22.3,12.7,23.3,11.0,2.0,4.73
2025-07-20,2025,San Pedro Mixtepec,15.5857517,-97.0501795,31.2,29.2,37.9,33.7,0.0,5.78
2025-07-20,2025,San Pedro Mixtepec,16.1618475,-96.1658072,23.0,11.8,23.5,10.0,0.6,4.71
2025-07-21,2025,San Pedro Mixtepec,15.5857517,-97.0501795,30.2,28.8,38.4,33.5,0.0,5.86
2025-07-21,2025,San Pedro Mixtepec,16.1618475,-96.1658072,23.0,11.8,24.1,10.5,0.1,5.03
2025-07-22,2025,San Pedro Mixtepec,15.5857517,-97.0501795,30.7,28.8,38.7,34.4,1.0,5.45
2025-07-22,2025,San Pedro Mixtepec,16.1618475,-96.1658072,22.1,11.2,23.1,9.5,1.0,4.73
2025-07-23,2025,San Pedro Mixtepec,15.5857517,-97.0501795,30.7,27.2,36.9,32.1,13.7,5.0
2025-07-23,2025,San Pedro Mixtepec,16.1618475,-96.1658072,21.6,12.1,23.3,11.1,6.0,4.23
2025-07-24,2025,San Pedro Mixtepec,15.5857517,-97.0501795,30.2,28.1,36.3,33.0,2.3,5.23
2025-07-24,2025,San Pedro Mixtepec,16.1618475,-96.1658072,22.2,11.1,22.8,9.5,1.0,4.72
2025-07-25,2025,San Pedro Mixtepec,15.5857517,-97.0501795,30.3,26.7,37.7,30.3,3.1,5.76
2025-07-25,2025,San Pedro Mixtepec,16.1618475,-96.1658072,22.1,11.3,22.5,9.9,1.9,4.35
2025-07-26,2025,San Pedro Mixtepec,15.5857517,-97.0501795,29.4,26.4,37.2,30.7,9.2,4.84
2025-07-26,2025,San Pedro Mixtepec,16.1618475,-96.1658072,20.8,11.7,21.1,10.5,2.4,3.95
2025-07-27,2025,San Pedro Mixtepec,15.5857517,-97.0501795,29.8,27.6,36.0,31.4,0.0,5.31
2025-07-27,2025,San Pedro Mixtepec,16.1618475,-96.1658072,19.0,13.1,20.0,12.8,5.7,3.01
2025-07-28,2025,San Pedro Mixtepec,15.5857517,-97.0501795,30.9,28.5,38.4,31.6,0.0,5.97
2025-07-28,2025,San Pedro Mixtepec,16.1618475,-96.1658072,21.7,13.6,21.9,11.5,0.1,4.6
2025-07-29,2025,San Pedro Mixtepec,15.5857517,-97.0501795,29.9,28.5,35.5,33.0,1.4,5.12
2025-07-29,2025,San Pedro Mixtepec,16.1618475,-96.1658072,21.3,13.4,22.5,11.4,2.2,4.46
2025-07-30,2025,San Pedro Mixtepec,15.5857517,-97.0501795,29.6,25.8,35.0,29.0,8.0,3.87
2025-07-30,2025,San Pedro Mixtepec,16.1618475,-96.1658072,19.9,12.3,20.0,11.1,2.5,3.4
2025-07-31,2025,San Pedro Mixtepec,15.5857517,-97.0501795,30.0,27.6,35.8,31.2,2.1,3.83
2025-07-31,2025,San Pedro Mixtepec,16.1618475,-96.1658072,21.7,13.0,22.4,12.0,1.2,4.51
2025-08-01,2025,San Pedro Mixtepec,15.5857517,-97.0501795,30.9,29.1,37.6,33.9,0.0,5.26
2025-08-01,2025,San Pedro Mixtepec,16.1618475,-96.1658072,22.0,12.6,22.1,11.1,1.9,4.27
2025-08-02,2025,San Pedro Mixtepec,15.5857517,-97.0501795,30.4,28.9,38.1,33.0,0.5,6.03
2025-08-02,2025,San Pedro Mixtepec,16.1618475,-96.1658072,21.1,12.2,21.7,10.6,1.2,4.58
2025-08-03,2025,San Pedro Mixtepec,15.5857517,-97.0501795,30.2,25.7,35.6,28.6,1.0,4.99
2025-08-03,2025,San Pedro Mixtepec,16.1618475,-96.1658072,21.3,11.1,22.9,9.6,1.0,4.44
2025-08-04,2025,San Pedro Mixtepec,15.5857517,-97.0501795,30.2,29.0,37.1,33.4,1.0,5.39
2025-08-04,2025,San Pedro Mixtepec,16.1618475,-96.1658072,21.3,11.3,21.6,9.6,3.2,4.34
2025-08-05,2025,San Pedro Mixtepec,15.5857517,-97.0501795,29.2,27.5,36.8,32.5,2.8,4.05
2025-08-05,2025,San Pedro Mixtepec,16.1618475,-96.1658072,20.5,11.1,20.0,9.4,0.6,3.55
2025-08-06,2025,San Pedro Mixtepec,15.5857517,-97.0501795,30.3,26.6,32.9,26.8,9.0,3.47
2025-08-06,2025,San Pedro Mixtepec,16.1618475,-96.1658072,17.4,12.8,16.6,12.9,8.2,1.97
2025-08-07,2025,San Pedro Mixtepec,15.5857517,-97.0501795,30.2,28.3,37.0,30.9,3.4,5.38
2025-08-07,2025,San Pedro Mixtepec,16.1618475,-96.1658072,22.2,11.1,22.8,10.3,0.3,4.44
2025-08-08,2025,San Pedro Mixtepec,15.5857517,-97.0501795,29.9,26.2,34.6,29.8,6.5,5.15
2025-08-08,2025,San Pedro Mixtepec,16.1618475,-96.1658072,19.8,10.5,21.1,9.0,1.2,4.18
2025-08-09,2025,San Pedro Mixtepec,15.5857517,-97.0501795,29.6,28.5,37.5,32.7,0.3,5.68
2025-08-09,2025,San Pedro Mixtepec,16.1618475,-96.1658072,19.7,11.4,20.9,10.1,2.6,3.91
2025-08-10,2025,San Pedro Mixtepec,15.5857517,-97.0501795,30.2,28.4,37.2,33.4,0.0,5.6
2025-08-10,2025,San Pedro Mixtepec,16.1618475,-96.1658072,21.7,10.4,22.5,9.6,2.2,4.28
2025-08-11,2025,San Pedro Mixtepec,15.5857517,-97.0501795,30.3,27.9,37.1,33.5,1.5,4.89
2025-08-11,2025,San Pedro Mixtepec,16.1618475,-96.1658072,21.6,12.1,22.5,10.9,1.3,4.35
2025-08-12,2025,San Pedro Mixtepec,15.5857517,-97.0501795,30.2,26.7,34.2,29.6,13.7,4.66
2025-08-12,2025,San Pedro Mixtepec,16.1618475,-96.1658072,21.6,12.6,23.1,12.1,1.4,4.26
2025-08-13,2025,San Pedro Mixtepec,15.5857517,-97.0501795,29.5,26.3,35.4,30.4,6.2,5.12
2025-08-13,2025,San Pedro Mixtepec,16.1618475,-96.1658072,20.3,11.8,21.8,11.4,10.6,3.05
2025-08-14,2025,San Pedro Mixtepec,15.5857517,-97.0501795,29.4,27.9,35.3,30.9,0.3,4.81
2025-08-14,2025,San Pedro Mixtepec,16.1618475,-96.1658072,20.6,10.8,20.9,10.1,2.2,3.88
2025-08-15,2025,San Pedro Mixtepec,15.5857517,-97.0501795,29.8,28.2,36.6,32.6,0.0,5.41
2025-08-15,2025,San Pedro Mixtepec,16.1618475,-96.1658072,21.2,11.2,22.5,9.1,1.2,4.79
2025-08-16,2025,San Pedro Mixtepec,15.5857517,-97.0501795,30.0,27.7,35.8,31.6,3.2,4.98
2025-08-16,2025,San Pedro Mixtepec,16.1618475,-96.1658072,22.1,11.0,22.1,9.7,0.7,4.42
2025-08-17,2025,San Pedro Mixtepec,15.5857517,-97.0501795,28.8,25.5,35.4,29.3,17.5,4.46
2025-08-17,2025,San Pedro Mixtepec,16.1618475,-96.1658072,20.2,10.4,19.7,9.1,1.8,3.41
2025-08-18,2025,San Pedro Mixtepec,15.5857517,-97.0501795,29.7,27.3,37.1,32.0,0.0,5.53
2025-08-18,2025,San Pedro Mixtepec,16.1618475,-96.1658072,21.4,11.0,22.4,9.9,1.0,4.33
2025-08-19,2025,San Pedro Mixtepec,15.5857517,-97.0501795,29.8,25.6,37.4,29.7,11.5,5.16
2025-08-19,2025,San Pedro Mixtepec,16.1618475,-96.1658072,22.0,12.3,22.9,10.9,2.0,4.18
2025-08-20,2025,San Pedro Mixtepec,15.5857517,-97.0501795,29.4,27.5,36.3,30.6,3.4,5.16
2025-08-20,2025,San Pedro Mixtepec,16.1618475,-96.1658072,20.2,11.5,21.5,10.8,1.6,3.69
2025-08-21,2025,San Pedro Mixtepec,15.5857517,-97.0501795,29.6,26.8,36.1,30.6,2.6,4.7
2025-08-21,2025,San Pedro Mixtepec,16.1618475,-96.1658072,20.6,11.7,23.0,11.4,7.7,3.75
2025-08-22,2025,San Pedro Mixtepec,15.5857517,-97.0501795,29.6,28.8,36.5,33.5,0.0,5.33
2025-08-22,2025,San Pedro Mixtepec,16.1618475,-96.1658072,20.4,11.2,21.9,10.5,3.6,3.72
2025-08-23,2025,San Pedro Mixtepec,15.5857517,-97.0501795,30.2,28.5,36.3,33.8,0.2,4.92
2025-08-23,2025,San Pedro Mixtepec,16.1618475,-96.1658072,20.2,12.7,20.7,12.4,4.9,3.55
2025-08-24,2025,San Pedro Mixtepec,15.5857517,-97.0501795,30.1,26.4,35.5,30.9,3.0,3.95
2025-08-24,2025,San Pedro Mixtepec,16.1618475,-96.1658072,20.2,11.0,21.6,10.4,2.9,3.92
2025-08-25,2025,San Pedro Mixtepec,15.5857517,-97.0501795,29.4,26.0,35.2,29.4,4.6,4.87
2025-08-25,2025,San Pedro Mixtepec,16.1618475,-96.1658072,21.5,11.8,22.6,11.0,0.4,4.4
2025-08-26,2025,San Pedro Mixtepec,15.5857517,-97.0501795,30.5,28.1,37.4,33.0,0.8,5.6
2025-08-26,2025,San Pedro Mixtepec,16.1618475,-96.1658072,22.4,11.8,22.8,10.6,2.3,4.19
2025-08-27,2025,San Pedro Mixtepec,15.5857517,-97.0501795,31.0,29.2,39.2,33.3,1.0,5.84
2025-08-27,2025,San Pedro Mixtepec,16.1618475,-96.1658072,23.1,12.0,23.4,10.7,1.8,4.4
2025-08-28,2025,San Pedro Mixtepec,15.5857517,-97.0501795,30.7,27.2,37.6,31.1,0.1,5.47
2025-08-28,2025,San Pedro Mixtepec,16.1618475,-96.1658072,22.5,13.2,24.0,11.7,1.9,4.63
2025-08-29,2025,San Pedro Mixtepec,15.5857517,-97.0501795,28.5,25.7,34.4,29.4,12.8,2.37
2025-08-29,2025,San Pedro Mixtepec,16.1618475,-96.1658072,19.0,11.4,19.5,10.4,1.3,2.97
2025-08-30,2025,San Pedro Mixtepec,15.5857517,-97.0501795,28.9,26.1,35.3,29.6,13.4,4.44
2025-08-30,2025,San Pedro Mixtepec,16.1618475,-96.1658072,18.8,11.1,18.6,10.2,5.5,3.13
2025-08-31,2025,San Pedro Mixtepec,15.5857517,-97.0501795,29.8,27.4,32.8,28.1,12.5,4.08
2025-08-31,2025,San Pedro Mixtepec,16.1618475,-96.1658072,19.3,12.4,20.3,12.1,6.3,2.66
2025-09-01,2025,San Pedro Mixtepec,15.5857517,-97.0501795,30.6,26.7,36.2,29.2,13.1,5.46
2025-09-01,2025,San Pedro Mixtepec,16.1618475,-96.1658072,21.1,12.9,22.2,12.5,0.0,4.39
2025-09-02,2025,San Pedro Mixtepec,15.5857517,-97.0501795,29.9,28.1,37.1,33.0,1.3,5.15
2025-09-02,2025,San Pedro Mixtepec,16.1618475,-96.1658072,22.0,12.4,22.4,11.9,1.1,4.39
2025-09-03,2025,San Pedro Mixtepec,15.5857517,-97.0501795,29.9,25.7,36.1,31.2,16.3,4.04
2025-09-03,2025,San Pedro Mixtepec,16.1618475,-96.1658072,21.0,11.3,21.8,10.3,2.4,3.64
2025-09-04,2025,San Pedro Mixtepec,15.5857517,-97.0501795,28.7,26.0,33.8,30.2,9.3,3.71
2025-09-04,2025,San Pedro Mixtepec,16.1618475,-96.1658072,21.2,12.1,23.4,11.7,4.6,3.88
2025-09-05,2025,San Pedro Mixtepec,15.5857517,-97.0501795,30.6,27.0,36.5,32.1,1.4,5.11
2025-09-05,2025,San Pedro Mixtepec,16.1618475,-96.1658072,21.6,11.0,23.1,10.6,1.1,4.51
2025-09-06,2025,San Pedro Mixtepec,15.5857517,-97.0501795,29.6,28.2,35.7,32.5,1.6,4.98
2025-09-06,2025,San Pedro Mixtepec,16.1618475,-96.1658072,20.9,9.8,22.6,8.5,2.4,4.32
2025-09-07,2025,San Pedro Mixtepec,15.5857517,-97.0501795,29.6,25.7,36.0,30.7,17.1,4.51
2025-09-07,2025,San Pedro Mixtepec,16.1618475,-96.1658072,21.3,12.5,22.6,11.9,0.5,4.5
2025-09-08,2025,San Pedro Mixtepec,15.5857517,-97.0501795,29.5,26.8,35.3,31.4,3.0,4.33
2025-09-08,2025,San Pedro Mixtepec,16.1618475,-96.1658072,22.3,12.5,22.6,10.9,1.5,4.39
2025-09-09,2025,San Pedro Mixtepec,15.5857517,-97.0501795,28.0,25.3,34.6,27.9,17.1,4.39
2025-09-09,2025,San Pedro Mixtepec,16.1618475,-96.1658072,20.8,11.4,22.1,10.1,4.1,3.93
2025-09-10,2025,San Pedro Mixtepec,15.5857517,-97.0501795,29.2,26.9,32.2,28.0,14.7,3.49
2025-09-10,2025,San Pedro Mixtepec,16.1618475,-96.1658072,18.1,12.3,18.6,11.8,13.7,1.75
2025-09-11,2025,San Pedro Mixtepec,15.5857517,-97.0501795,30.3,26.8,34.1,28.2,17.5,4.5
2025-09-11,2025,San Pedro Mixtepec,16.1618475,-96.1658072,19.4,12.6,20.9,12.6,3.0,3.73
2025-09-12,2025,San Pedro Mixtepec,15.5857517,-97.0501795,29.9,28.2,35.7,32.8,0.1,5.05
2025-09-12,2025,San Pedro Mixtepec,16.1618475,-96.1658072,20.6,11.6,21.5,11.1,4.1,3.64
2025-09-13,2025,San Pedro Mixtepec,15.5857517,-97.0501795,29.0,27.0,34.8,30.1,7.1,4.48
2025-09-13,2025,San Pedro Mixtepec,16.1618475,-96.1658072,20.8,11.8,22.7,11.5,5.8,3.55
2025-09-14,2025,San Pedro Mixtepec,15.5857517,-97.0501795,28.5,26.2,34.0,30.7,4.0,4.59
2025-09-14,2025,San Pedro Mixtepec,16.1618475,-96.1658072,20.5,10.9,21.6,9.7,1.3,4.23
2025-09-15,2025,San Pedro Mixtepec,15.5857517,-97.0501795,29.2,25.7,33.2,29.9,17.7,4.24
2025-09-15,2025,San Pedro Mixtepec,16.1618475,-96.1658072,19.6,11.3,21.4,10.4,10.0,3.74
2025-09-16,2025,San Pedro Mixtepec,15.5857517,-97.0501795,27.7,24.4,32.1,27.7,27.6,3.86
2025-09-16,2025,San Pedro Mixtepec,16.1618475,-96.1658072,20.0,11.7,20.6,10.6,2.2,3.57
2025-09-17,2025,San Pedro Mixtepec,15.5857517,-97.0501795,28.5,25.6,33.1,30.5,18.6,3.45
2025-09-17,2025,San Pedro Mixtepec,16.1618475,-96.1658072,19.5,12.9,19.9,12.5,4.9,3.2
2025-09-18,2025,San Pedro Mixtepec,15.5857517,-97.0501795,28.7,25.1,33.4,29.0,58.6,2.93
2025-09-18,2025,San Pedro Mixtepec,16.1618475,-96.1658072,20.1,13.2,19.9,13.1,2.6,2.87
2025-09-19,2025,San Pedro Mixtepec,15.5857517,-97.0501795,28.2,25.6,35.0,28.8,13.8,4.03
2025-09-19,2025,San Pedro Mixtepec,16.1618475,-96.1658072,20.5,13.3,21.1,13.1,10.6,2.8
2025-09-20,2025,San Pedro Mixtepec,15.5857517,-97.0501795,28.0,25.9,32.3,26.2,25.9,3.18
2025-09-20,2025,San Pedro Mixtepec,16.1618475,-96.1658072,17.5,12.8,18.5,12.4,17.0,1.56
2025-09-21,2025,San Pedro Mixtepec,15.5857517,-97.0501795,28.5,26.4,29.9,26.7,39.3,3.82
2025-09-21,2025,San Pedro Mixtepec,16.1618475,-96.1658072,18.5,12.0,20.2,11.4,10.5,2.96
2025-09-22,2025,San Pedro Mixtepec,15.5857517,-97.0501795,27.1,25.9,30.6,27.8,33.2,3.22
2025-09-22,2025,San Pedro Mixtepec,16.1618475,-96.1658072,16.5,12.4,17.3,12.6,21.1,2.21
2025-09-23,2025,San Pedro Mixtepec,15.5857517,-97.0501795,27.7,25.9,31.7,28.1,18.5,3.66
2025-09-23,2025,San Pedro Mixtepec,16.1618475,-96.1658072,18.8,12.0,19.8,11.4,12.2,2.67
2025-09-24,2025,San Pedro Mixtepec,15.5857517,-97.0501795,29.5,27.0,34.6,31.7,1.4,4.26
2025-09-24,2025,San Pedro Mixtepec,16.1618475,-96.1658072,18.0,11.0,18.5,10.7,6.4,2.93
2025-09-25,2025,San Pedro Mixtepec,15.5857517,-97.0501795,30.3,28.5,36.6,33.1,0.0,5.12
2025-09-25,2025,San Pedro Mixtepec,16.1618475,-96.1658072,20.4,11.5,22.3,10.4,4.4,3.87
2025-09-26,2025,San Pedro Mixtepec,15.5857517,-97.0501795,30.2,29.2,37.0,33.7,0.0,5.39
2025-09-26,2025,San Pedro Mixtepec,16.1618475,-96.1658072,21.0,10.6,22.9,10.1,5.1,3.85
2025-09-27,2025,San Pedro Mixtepec,15.5857517,-97.0501795,29.5,25.3,35.9,29.8,8.3,4.61
2025-09-27,2025,San Pedro Mixtepec,16.1618475,-96.1658072,19.0,12.2,20.8,11.9,22.5,2.33
2025-09-28,2025,San Pedro Mixtepec,15.5857517,-97.0501795,29.6,27.8,35.8,32.3,1.1,4.6
2025-09-28,2025,San Pedro Mixtepec,16.1618475,-96.1658072,19.6,11.2,21.5,10.7,10.0,3.29
2025-09-29,2025,San Pedro Mixtepec,15.5857517,-97.0501795,28.9,26.5,34.3,30.3,3.1,3.85
2025-09-29,2025,San Pedro Mixtepec,16.1618475,-96.1658072,19.1,11.8,19.9,11.1,3.6,2.95
2025-09-30,2025,San Pedro Mixtepec,15.5857517,-97.0501795,29.5,25.2,34.3,29.9,4.9,4.29
2025-09-30,2025,San Pedro Mixtepec,16.1618475,-96.1658072,20.8,11.6,22.0,10.9,14.0,3.66
2025-10-01,2025,San Pedro Mixtepec,15.5857517,-97.0501795,29.7,26.3,34.4,29.2,4.5,3.88
2025-10-01,2025,San Pedro Mixtepec,16.1618475,-96.1658072,20.1,11.0,20.3,10.3,1.4,3.5
2025-10-02,2025,San Pedro Mixtepec,15.5857517,-97.0501795,29.7,26.4,36.6,29.2,16.6,4.65
2025-10-02,2025,San Pedro Mixtepec,16.1618475,-96.1658072,20.9,11.8,21.0,10.5,13.4,3.2
2025-10-03,2025,San Pedro Mixtepec,15.5857517,-97.0501795,29.8,25.5,35.5,29.8,19.6,4.84
2025-10-03,2025,San Pedro Mixtepec,16.1618475,-96.1658072,20.7,11.9,20.9,11.0,1.7,3.27
2025-10-04,2025,San Pedro Mixtepec,15.5857517,-97.0501795,28.2,25.1,33.4,28.1,11.5,4.01
2025-10-04,2025,San Pedro Mixtepec,16.1618475,-96.1658072,19.3,11.8,20.0,10.9,9.3,3.22
2025-10-05,2025,San Pedro Mixtepec,15.5857517,-97.0501795,28.6,25.5,33.7,28.8,2.4,4.68
2025-10-05,2025,San Pedro Mixtepec,16.1618475,-96.1658072,19.4,10.7,20.1,10.5,17.6,2.99
2025-10-06,2025,San Pedro Mixtepec,15.5857517,-97.0501795,28.7,26.5,32.1,29.2,15.7,4.59
2025-10-06,2025,San Pedro Mixtepec,16.1618475,-96.1658072,19.6,11.5,21.0,11.4,14.6,3.01
2025-10-07,2025,San Pedro Mixtepec,15.5857517,-97.0501795,29.0,26.3,34.2,29.3,14.5,4.12
2025-10-07,2025,San Pedro Mixtepec,16.1618475,-96.1658072,18.9,12.2,19.0,11.9,1.9,2.62
2025-10-08,2025,San Pedro Mixtepec,15.5857517,-97.0501795,26.9,25.7,31.3,26.8,47.4,1.83
2025-10-08,2025,San Pedro Mixtepec,16.1618475,-96.1658072,16.2,13.7,16.6,14.0,74.8,1.13
2025-10-09,2025,San Pedro Mixtepec,15.5857517,-97.0501795,27.3,25.5,32.3,24.9,44.4,3.01
2025-10-09,2025,San Pedro Mixtepec,16.1618475,-96.1658072,17.9,12.5,17.8,12.5,12.7,2.64
2025-10-10,2025,San Pedro Mixtepec,15.5857517,-97.0501795,28.9,27.0,33.2,30.0,1.7,4.36
2025-10-10,2025,San Pedro Mixtepec,16.1618475,-96.1658072,20.2,11.2,21.7,10.3,8.4,3.59
2025-10-11,2025,San Pedro Mixtepec,15.5857517,-97.0501795,28.8,26.7,35.1,29.4,0.1,4.81
2025-10-11,2025,San Pedro Mixtepec,16.1618475,-96.1658072,18.5,12.7,19.3,12.6,2.7,2.85
2025-10-12,2025,San Pedro Mixtepec,15.5857517,-97.0501795,28.2,25.0,34.2,28.2,1.8,4.49
2025-10-12,2025,San Pedro Mixtepec,16.1618475,-96.1658072,17.9,10.9,18.3,10.2,6.8,2.73
2025-10-13,2025,San Pedro Mixtepec,15.5857517,-97.0501795,28.8,24.6,34.5,28.7,6.0,4.43
2025-10-13,2025,San Pedro Mixtepec,16.1618475,-96.1658072,20.2,9.3,20.8,8.5,0.2,3.2
2025-10-14,2025,San Pedro Mixtepec,15.5857517,-97.0501795,29.1,27.6,36.7,31.3,0.0,4.93
2025-10-14,2025,San Pedro Mixtepec,16.1618475,-96.1658072,21.3,11.9,22.2,9.6,0.0,4.36
2025-10-15,2025,San Pedro Mixtepec,15.5857517,-97.0501795,29.3,25.7,36.3,29.7,0.6,4.9
2025-10-15,2025,San Pedro Mixtepec,16.1618475,-96.1658072,20.3,9.6,20.5,7.1,0.9,3.71
2025-10-16,2025,San Pedro Mixtepec,15.5857517,-97.0501795,28.3,26.1,34.6,30.1,5.5,3.47
2025-10-16,2025,San Pedro Mixtepec,16.1618475,-96.1658072,18.9,10.9,18.4,9.4,0.6,2.48
2025-10-17,2025,San Pedro Mixtepec,15.5857517,-97.0501795,28.4,25.8,31.3,29.2,9.3,3.4
2025-10-17,2025,San Pedro Mixtepec,16.1618475,-96.1658072,18.7,11.3,19.5,11.3,1.6,2.99
2025-10-18,2025,San Pedro Mixtepec,15.5857517,-97.0501795,29.1,26.2,31.8,28.9,18.0,3.58
2025-10-18,2025,San Pedro Mixtepec,16.1618475,-96.1658072,19.2,11.4,19.5,11.1,2.3,2.97
2025-10-19,2025,San Pedro Mixtepec,15.5857517,-97.0501795,28.8,26.8,33.5,30.1,6.7,4.6
2025-10-19,2025,San Pedro Mixtepec,16.1618475,-96.1658072,20.5,12.0,21.4,11.0,1.9,3.56
2025-10-20,2025,San Pedro Mixtepec,15.5857517,-97.0501795,29.2,26.6,36.9,31.0,9.0,4.41
2025-10-20,2025,San Pedro Mixtepec,16.1618475,-96.1658072,20.7,12.7,21.2,11.2,1.1,3.64
2025-10-21,2025,San Pedro Mixtepec,15.5857517,-97.0501795,29.4,27.5,36.0,30.9,0.8,4.74
2025-10-21,2025,San Pedro Mixtepec,16.1618475,-96.1658072,19.9,11.8,21.1,10.7,2.2,3.23
2025-10-22,2025,San Pedro Mixtepec,15.5857517,-97.0501795,29.2,26.2,36.2,30.1,5.1,4.49
2025-10-22,2025,San Pedro Mixtepec,16.1618475,-96.1658072,20.9,12.3,20.9,10.0,0.9,3.83
2025-10-23,2025,San Pedro Mixtepec,15.5857517,-97.0501795,29.3,27.4,34.8,31.8,0.1,4.76
2025-10-23,2025,San Pedro Mixtepec,16.1618475,-96.1658072,21.9,11.0,22.5,8.7,0.2,4.21
2025-10-24,2025,San Pedro Mixtepec,15.5857517,-97.0501795,29.3,28.0,36.8,32.6,0.0,4.52
2025-10-24,2025,San Pedro Mixtepec,16.1618475,-96.1658072,22.1,10.9,22.3,9.0,0.0,4.13
2025-10-25,2025,San Pedro Mixtepec,15.5857517,-97.0501795,29.0,28.3,36.7,33.0,0.2,4.62
2025-10-25,2025,San Pedro Mixtepec,16.1618475,-96.1658072,20.5,12.0,21.6,10.7,1.8,3.64
2025-10-26,2025,San Pedro Mixtepec,15.5857517,-97.0501795,29.4,28.1,36.5,32.2,1.1,4.99
2025-10-26,2025,San Pedro Mixtepec,16.1618475,-96.1658072,22.2,9.9,23.0,7.7,0.0,4.18
2025-10-27,2025,San Pedro Mixtepec,15.5857517,-97.0501795,29.4,27.7,35.9,32.2,0.0,4.8
2025-10-27,2025,San Pedro Mixtepec,16.1618475,-96.1658072,23.2,9.7,20.7,6.3,0.0,4.59
2025-10-28,2025,San Pedro Mixtepec,15.5857517,-97.0501795,29.1,26.2,34.3,29.8,1.9,4.22
2025-10-28,2025,San Pedro Mixtepec,16.1618475,-96.1658072,21.9,10.2,22.1,7.1,0.0,4.37
2025-10-29,2025,San Pedro Mixtepec,15.5857517,-97.0501795,29.6,28.0,36.5,32.5,0.1,5.09
2025-10-29,2025,San Pedro Mixtepec,16.1618475,-96.1658072,21.3,10.6,19.9,7.6,0.0,4.71
2025-10-30,2025,San Pedro Mixtepec,15.5857517,-97.0501795,28.9,27.8,33.7,31.5,1.1,4.63
2025-10-30,2025,San Pedro Mixtepec,16.1618475,-96.1658072,20.7,11.4,21.4,10.2,0.0,3.57
2025-10-31,2025,San Pedro Mixtepec,15.5857517,-97.0501795,28.5,26.8,34.1,30.5,1.8,4.1
2025-10-31,2025,San Pedro Mixtepec,16.1618475,-96.1658072,19.3,11.1,19.6,10.1,4.2,3.23
2025-11-01,2025,San Pedro Mixtepec,15.5857517,-97.0501795,28.7,27.0,34.1,30.7,0.1,4.29
2025-11-01,2025,San Pedro Mixtepec,16.1618475,-96.1658072,19.1,10.2,19.8,9.3,2.2,3.12
2025-11-02,2025,San Pedro Mixtepec,15.5857517,-97.0501795,28.5,25.9,34.1,30.8,3.2,3.68
2025-11-02,2025,San Pedro Mixtepec,16.1618475,-96.1658072,21.3,11.3,19.1,9.0,0.0,4.06
2025-11-03,2025,San Pedro Mixtepec,15.5857517,-97.0501795,29.1,26.9,35.1,31.7,0.1,4.47
2025-11-03,2025,San Pedro Mixtepec,16.1618475,-96.1658072,18.4,11.6,17.6,8.9,0.0,3.2
2025-11-04,2025,San Pedro Mixtepec,15.5857517,-97.0501795,29.2,25.9,35.4,30.3,0.4,4.34
2025-11-04,2025,San Pedro Mixtepec,16.1618475,-96.1658072,21.3,10.3,21.3,7.1,0.0,4.29
2025-11-05,2025,San Pedro Mixtepec,15.5857517,-97.0501795,28.9,27.3,35.9,31.1,0.0,4.21
2025-11-05,2025,San Pedro Mixtepec,16.1618475,-96.1658072,21.1,10.2,21.9,8.5,0.0,3.53
2025-11-06,2025,San Pedro Mixtepec,15.5857517,-97.0501795,29.0,27.8,35.7,32.1,0.0,4.38
2025-11-06,2025,San Pedro Mixtepec,16.1618475,-96.1658072,21.0,11.0,21.1,9.4,0.4,3.52
2025-11-07,2025,San Pedro Mixtepec,15.5857517,-97.0501795,29.4,28.0,35.9,33.1,0.0,4.13
2025-11-07,2025,San Pedro Mixtepec,16.1618475,-96.1658072,19.1,10.5,20.1,9.5,6.0,2.97
2025-11-08,2025,San Pedro Mixtepec,15.5857517,-97.0501795,29.1,28.1,34.7,31.7,0.0,4.66
2025-11-08,2025,San Pedro Mixtepec,16.1618475,-96.1658072,19.7,10.7,20.7,10.2,2.3,3.13
2025-11-09,2025,San Pedro Mixtepec,15.5857517,-97.0501795,29.4,25.8,34.7,28.2,0.5,4.44
2025-11-09,2025,San Pedro Mixtepec,16.1618475,-96.1658072,21.3,11.7,21.5,10.0,0.1,3.75
2025-11-10,2025,San Pedro Mixtepec,15.5857517,-97.0501795,30.9,28.1,35.3,29.1,0.0,4.53
2025-11-10,2025,San Pedro Mixtepec,16.1618475,-96.1658072,18.1,12.0,15.0,8.0,2.4,2.38
2025-11-11,2025,San Pedro Mixtepec,15.5857517,-97.0501795,30.5,28.4,34.6,28.2,0.0,5.28
2025-11-11,2025,San Pedro Mixtepec,16.1618475,-96.1658072,18.4,11.1,17.3,8.0,0.0,3.18
2025-11-12,2025,San Pedro Mixtepec,15.5857517,-97.0501795,29.6,27.3,33.3,29.5,0.0,4.64
2025-11-12,2025,San Pedro Mixtepec,16.1618475,-96.1658072,21.8,10.4,22.5,7.7,0.0,4.01
2025-11-13,2025,San Pedro Mixtepec,15.5857517,-97.0501795,28.8,27.2,34.7,30.0,0.0,4.1
2025-11-13,2025,San Pedro Mixtepec,16.1618475,-96.1658072,21.8,10.2,20.4,7.6,0.0,4.36
2025-11-14,2025,San Pedro Mixtepec,15.5857517,-97.0501795,28.9,27.0,34.5,31.0,0.0,4.24
2025-11-14,2025,San Pedro Mixtepec,16.1618475,-96.1658072,21.3,10.5,22.2,8.8,0.0,3.62
2025-11-15,2025,San Pedro Mixtepec,15.5857517,-97.0501795,29.1,27.6,34.7,32.2,0.1,4.05
2025-11-15,2025,San Pedro Mixtepec,16.1618475,-96.1658072,20.4,11.0,20.6,9.3,0.6,3.3
2025-11-16,2025,San Pedro Mixtepec,15.5857517,-97.0501795,28.6,25.8,34.2,30.1,4.8,3.95
2025-11-16,2025,San Pedro Mixtepec,16.1618475,-96.1658072,18.6,10.4,19.0,10.0,2.8,2.52
2025-11-17,2025,San Pedro Mixtepec,15.5857517,-97.0501795,28.0,25.9,33.8,29.4,1.3,3.41
2025-11-17,2025,San Pedro Mixtepec,16.1618475,-96.1658072,19.9,11.1,20.4,10.9,1.3,2.66
2025-11-18,2025,San Pedro Mixtepec,15.5857517,-97.0501795,28.3,26.8,33.8,31.4,0.7,3.6
2025-11-18,2025,San Pedro Mixtepec,16.1618475,-96.1658072,20.9,9.7,22.3,8.0,0.1,3.35
2025-11-19,2025,San Pedro Mixtepec,15.5857517,-97.0501795,29.2,27.8,34.7,31.7,1.0,3.99
2025-11-19,2025,San Pedro Mixtepec,16.1618475,-96.1658072,21.3,10.7,19.7,9.2,0.0,3.61
2025-11-20,2025,San Pedro Mixtepec,15.5857517,-97.0501795,29.1,27.3,34.3,31.4,1.3,4.19
2025-11-20,2025,San Pedro Mixtepec,16.1618475,-96.1658072,20.0,10.3,19.5,9.0,0.7,3.0
2025-11-21,2025,San Pedro Mixtepec,15.5857517,-97.0501795,28.6,27.8,34.6,31.4,0.0,4.22
2025-11-21,2025,San Pedro Mixtepec,16.1618475,-96.1658072,20.4,10.0,21.3,8.7,0.3,3.33
2025-11-22,2025,San Pedro Mixtepec,15.5857517,-97.0501795,29.1,27.6,35.3,32.0,0.3,4.01
2025-11-22,2025,San Pedro Mixtepec,16.1618475,-96.1658072,21.6,9.2,20.4,6.8,0.0,4.09
2025-11-23,2025,San Pedro Mixtepec,15.5857517,-97.0501795,29.0,27.0,34.6,31.5,0.0,4.46
2025-11-23,2025,San Pedro Mixtepec,16.1618475,-96.1658072,21.8,9.3,21.8,6.3,0.0,4.05
2025-11-24,2025,San Pedro Mixtepec,15.5857517,-97.0501795,29.5,27.8,35.4,31.1,0.0,4.3
2025-11-24,2025,San Pedro Mixtepec,16.1618475,-96.1658072,20.8,8.5,21.3,6.0,0.4,3.74
2025-11-25,2025,San Pedro Mixtepec,15.5857517,-97.0501795,28.4,27.2,34.4,32.7,0.0,3.56
2025-11-25,2025,San Pedro Mixtepec,16.1618475,-96.1658072,20.9,10.8,21.8,9.7,0.2,3.54
2025-11-26,2025,San Pedro Mixtepec,15.5857517,-97.0501795,29.7,27.5,34.7,32.4,0.0,4.21
2025-11-26,2025,San Pedro Mixtepec,16.1618475,-96.1658072,21.1,10.0,21.1,7.6,0.7,3.3
2025-11-27,2025,San Pedro Mixtepec,15.5857517,-97.0501795,29.4,28.2,35.3,31.8,0.0,4.44
2025-11-27,2025,San Pedro Mixtepec,16.1618475,-96.1658072,19.8,11.3,18.8,8.8,0.0,3.26
2025-11-28,2025,San Pedro Mixtepec,15.5857517,-97.0501795,29.1,27.3,35.0,30.7,0.0,3.95
2025-11-28,2025,San Pedro Mixtepec,16.1618475,-96.1658072,20.0,11.3,19.5,8.8,0.0,3.56
2025-11-29,2025,San Pedro Mixtepec,15.5857517,-97.0501795,28.4,25.8,34.3,30.4,2.2,3.73
2025-11-29,2025,San Pedro Mixtepec,16.1618475,-96.1658072,19.9,11.2,19.6,9.3,0.0,3.24
2025-11-30,2025,San Pedro Mixtepec,15.5857517,-97.0501795,28.2,26.6,34.1,31.6,0.1,3.7
2025-11-30,2025,San Pedro Mixtepec,16.1618475,-96.1658072,20.2,10.5,20.1,8.8,0.1,3.49
2025-12-01,2025,San Pedro Mixtepec,15.5857517,-97.0501795,28.3,26.3,33.3,29.9,0.0,3.72
2025-12-01,2025,San Pedro Mixtepec,16.1618475,-96.1658072,20.5,9.4,20.8,7.1,0.0,3.47
2025-12-02,2025,San Pedro Mixtepec,15.5857517,-97.0501795,28.1,26.6,33.6,30.0,0.0,3.89
2025-12-02,2025,San Pedro Mixtepec,16.1618475,-96.1658072,19.8,9.2,20.4,7.4,1.1,3.32
2025-12-03,2025,San Pedro Mixtepec,15.5857517,-97.0501795,28.1,26.6,34.1,29.7,0.0,3.94
2025-12-03,2025,San Pedro Mixtepec,16.1618475,-96.1658072,20.1,8.5,20.5,6.0,0.7,3.43
2025-12-04,2025,San Pedro Mixtepec,15.5857517,-97.0501795,28.5,26.8,34.2,31.4,0.0,3.82
2025-12-04,2025,San Pedro Mixtepec,16.1618475,-96.1658072,19.8,10.7,20.3,9.5,1.7,3.19
2025-12-05,2025,San Pedro Mixtepec,15.5857517,-97.0501795,28.5,26.8,33.3,31.2,0.5,3.62
2025-12-05,2025,San Pedro Mixtepec,16.1618475,-96.1658072,18.9,9.2,19.1,7.5,1.6,2.87
2025-12-06,2025,San Pedro Mixtepec,15.5857517,-97.0501795,28.2,27.1,34.4,31.3,0.0,3.95
2025-12-06,2025,San Pedro Mixtepec,16.1618475,-96.1658072,17.8,9.7,19.4,9.0,6.4,2.53
2025-12-07,2025,San Pedro Mixtepec,15.5857517,-97.0501795,28.6,27.1,34.1,31.3,0.0,3.91
2025-12-07,2025,San Pedro Mixtepec,16.1618475,-96.1658072,20.0,9.5,20.5,8.8,2.0,2.95
2025-12-08,2025,San Pedro Mixtepec,15.5857517,-97.0501795,28.5,26.9,33.8,31.1,0.0,3.76
2025-12-08,2025,San Pedro Mixtepec,16.1618475,-96.1658072,20.9,9.7,20.1,8.3,0.0,3.58
2025-12-09,2025,San Pedro Mixtepec,15.5857517,-97.0501795,28.1,26.7,33.1,30.7,0.2,3.81
2025-12-09,2025,San Pedro Mixtepec,16.1618475,-96.1658072,19.8,10.5,19.7,9.2,0.5,3.0
2025-12-10,2025,San Pedro Mixtepec,15.5857517,-97.0501795,27.9,25.9,33.7,30.1,0.0,3.5
2025-12-10,2025,San Pedro Mixtepec,16.1618475,-96.1658072,20.1,10.2,20.8,8.7,1.6,2.93
2025-12-11,2025,San Pedro Mixtepec,15.5857517,-97.0501795,28.4,26.8,34.3,31.8,0.2,3.67
2025-12-11,2025,San Pedro Mixtepec,16.1618475,-96.1658072,21.0,10.7,20.4,8.6,0.0,3.68
2025-12-12,2025,San Pedro Mixtepec,15.5857517,-97.0501795,28.2,26.9,34.2,30.8,0.0,3.82
2025-12-12,2025,San Pedro Mixtepec,16.1618475,-96.1658072,20.4,10.1,21.0,8.3,1.6,3.18
2025-12-13,2025,San Pedro Mixtepec,15.5857517,-97.0501795,28.2,26.8,35.0,31.8,0.7,3.55
2025-12-13,2025,San Pedro Mixtepec,16.1618475,-96.1658072,21.4,10.0,20.3,7.8,0.0,3.59
2025-12-14,2025,San Pedro Mixtepec,15.5857517,-97.0501795,28.4,27.1,35.6,31.4,0.0,3.93
2025-12-14,2025,San Pedro Mixtepec,16.1618475,-96.1658072,21.4,9.8,20.8,7.6,0.0,3.61
2025-12-15,2025,San Pedro Mixtepec,15.5857517,-97.0501795,28.9,26.3,33.1,30.7,2.0,4.15
2025-12-15,2025,San Pedro Mixtepec,16.1618475,-96.1658072,18.7,11.0,17.2,8.0,0.7,3.32
2025-12-16,2025,San Pedro Mixtepec,15.5857517,-97.0501795,28.8,26.7,32.4,30.5,0.0,4.02
2025-12-16,2025,San Pedro Mixtepec,16.1618475,-96.1658072,21.0,9.6,20.8,6.1,0.0,3.65
2025-12-17,2025,San Pedro Mixtepec,15.5857517,-97.0501795,28.7,27.2,33.4,30.4,0.6,4.03
2025-12-17,2025,San Pedro Mixtepec,16.1618475,-96.1658072,18.8,9.6,18.9,7.9,2.3,2.96
2025-12-18,2025,San Pedro Mixtepec,15.5857517,-97.0501795,27.8,25.1,33.2,29.3,4.6,3.32
2025-12-18,2025,San Pedro Mixtepec,16.1618475,-96.1658072,17.7,10.6,18.2,9.8,5.6,2.81
2025-12-19,2025,San Pedro Mixtepec,15.5857517,-97.0501795,28.0,26.1,32.7,29.9,2.1,3.8
2025-12-19,2025,San Pedro Mixtepec,16.1618475,-96.1658072,19.6,10.6,18.3,8.4,2.3,2.84
2025-12-20,2025,San Pedro Mixtepec,15.5857517,-97.0501795,28.2,26.5,33.7,30.3,0.0,3.98
2025-12-20,2025,San Pedro Mixtepec,16.1618475,-96.1658072,20.1,9.9,19.8,7.8,1.0,2.88
2025-12-21,2025,San Pedro Mixtepec,15.5857517,-97.0501795,28.9,27.2,34.7,31.0,0.0,3.94
2025-12-21,2025,San Pedro Mixtepec,16.1618475,-96.1658072,20.4,10.0,20.3,8.4,0.1,3.28
2025-12-22,2025,San Pedro Mixtepec,15.5857517,-97.0501795,29.0,27.7,34.1,31.3,0.0,4.11
2025-12-22,2025,San Pedro Mixtepec,16.1618475,-96.1658072,20.6,11.1,20.2,8.7,0.0,3.41
2025-12-23,2025,San Pedro Mixtepec,15.5857517,-97.0501795,29.1,27.7,34.3,30.2,0.0,4.59
2025-12-23,2025,San Pedro Mixtepec,16.1618475,-96.1658072,19.5,12.1,18.8,9.7,0.0,2.9
2025-12-24,2025,San Pedro Mixtepec,15.5857517,-97.0501795,28.9,27.6,33.8,30.5,0.0,4.46
2025-12-24,2025,San Pedro Mixtepec,16.1618475,-96.1658072,20.6,11.0,19.9,8.1,0.0,3.44
2025-12-25,2025,San Pedro Mixtepec,15.5857517,-97.0501795,28.4,27.3,34.4,31.2,0.0,3.86
2025-12-25,2025,San Pedro Mixtepec,16.1618475,-96.1658072,21.0,11.1,20.6,8.7,0.0,3.41
2025-12-26,2025,San Pedro Mixtepec,15.5857517,-97.0501795,27.7,26.9,33.2,30.2,0.0,3.73
2025-12-26,2025,San Pedro Mixtepec,16.1618475,-96.1658072,18.5,8.8,17.4,6.3,0.0,3.12
2025-12-27,2025,San Pedro Mixtepec,15.5857517,-97.0501795,27.4,26.2,32.6,28.9,0.0,3.83
2025-12-27,2025,San Pedro Mixtepec,16.1618475,-96.1658072,17.8,8.4,17.6,6.0,5.9,2.93
2025-12-28,2025,San Pedro Mixtepec,15.5857517,-97.0501795,28.2,26.6,33.1,31.0,0.0,3.8
2025-12-28,2025,San Pedro Mixtepec,16.1618475,-96.1658072,17.1,8.4,16.9,7.2,4.1,2.74
2025-12-29,2025,San Pedro Mixtepec,15.5857517,-97.0501795,27.7,26.2,32.0,28.8,0.0,3.64
2025-12-29,2025,San Pedro Mixtepec,16.1618475,-96.1658072,19.6,8.0,17.9,6.3,0.0,3.37
2025-12-30,2025,San Pedro Mixtepec,15.5857517,-97.0501795,28.8,26.5,32.0,29.1,0.0,4.34
2025-12-30,2025,San Pedro Mixtepec,16.1618475,-96.1658072,17.3,10.6,14.5,7.7,0.1,2.88
2025-12-31,2025,San Pedro Mixtepec,15.5857517,-97.0501795,28.7,26.3,31.1,27.1,0.0,4.63
2025-12-31,2025,San Pedro Mixtepec,16.1618475,-96.1658072,17.5,9.7,15.7,7.3,0.0,2.92
2026-01-01,2026,San Pedro Mixtepec,15.5857517,-97.0501795,27.2,25.6,31.1,27.7,0.0,3.77
2026-01-01,2026,San Pedro Mixtepec,16.1618475,-96.1658072,19.9,8.8,19.2,6.4,0.0,3.46
2026-01-02,2026,San Pedro Mixtepec,15.5857517,-97.0501795,26.2,25.5,31.2,29.2,1.7,3.27
2026-01-02,2026,San Pedro Mixtepec,16.1618475,-96.1658072,18.3,9.5,17.8,6.9,1.2,2.59
2026-01-03,2026,San Pedro Mixtepec,15.5857517,-97.0501795,26.7,25.7,31.7,29.9,0.7,3.35
2026-01-03,2026,San Pedro Mixtepec,16.1618475,-96.1658072,18.9,8.6,19.5,6.8,0.5,3.07
2026-01-04,2026,San Pedro Mixtepec,15.5857517,-97.0501795,26.8,25.4,31.9,29.2,1.0,3.51
2026-01-04,2026,San Pedro Mixtepec,16.1618475,-96.1658072,20.1,8.3,18.9,5.0,0.0,3.88
2026-01-05,2026,San Pedro Mixtepec,15.5857517,-97.0501795,26.7,25.1,31.6,28.8,1.4,3.43
2026-01-05,2026,San Pedro Mixtepec,16.1618475,-96.1658072,19.3,7.0,19.1,3.2,0.0,3.3
2026-01-06,2026,San Pedro Mixtepec,15.5857517,-97.0501795,27.3,25.6,32.7,29.2,1.2,3.66
2026-01-06,2026,San Pedro Mixtepec,16.1618475,-96.1658072,18.9,10.7,18.0,7.6,0.0,2.73
2026-01-07,2026,San Pedro Mixtepec,15.5857517,-97.0501795,26.8,25.0,30.7,29.0,1.8,3.53
2026-01-07,2026,San Pedro Mixtepec,16.1618475,-96.1658072,20.0,9.6,18.3,7.8,0.0,3.46
2026-01-08,2026,San Pedro Mixtepec,15.5857517,-97.0501795,27.5,26.4,31.9,28.6,0.0,4.23
2026-01-08,2026,San Pedro Mixtepec,16.1618475,-96.1658072,18.9,8.0,17.6,4.9,0.0,3.78
2026-01-09,2026,San Pedro Mixtepec,15.5857517,-97.0501795,27.9,26.5,31.3,29.6,0.0,4.31
2026-01-09,2026,San Pedro Mixtepec,16.1618475,-96.1658072,19.1,7.7,18.0,5.1,0.0,3.74
2026-01-10,2026,San Pedro Mixtepec,15.5857517,-97.0501795,27.9,26.6,31.6,27.3,0.0,4.84
2026-01-10,2026,San Pedro Mixtepec,16.1618475,-96.1658072,19.3,8.5,19.2,6.7,0.7,3.56
2026-01-11,2026,San Pedro Mixtepec,15.5857517,-97.0501795,28.4,26.9,31.3,29.1,0.0,4.94
2026-01-11,2026,San Pedro Mixtepec,16.1618475,-96.1658072,17.3,9.9,14.3,6.6,0.1,3.19
2026-01-12,2026,San Pedro Mixtepec,15.5857517,-97.0501795,28.8,27.6,31.2,26.4,0.0,5.96
2026-01-12,2026,San Pedro Mixtepec,16.1618475,-96.1658072,17.4,9.9,15.8,6.8,0.4,2.88
2026-01-13,2026,San Pedro Mixtepec,15.5857517,-97.0501795,28.4,26.2,32.4,29.5,0.0,4.72
2026-01-13,2026,San Pedro Mixtepec,16.1618475,-96.1658072,18.4,11.2,17.0,8.5,0.0,2.86
2026-01-14,2026,San Pedro Mixtepec,15.5857517,-97.0501795,28.3,24.6,33.3,27.7,2.5,4.38
2026-01-14,2026,San Pedro Mixtepec,16.1618475,-96.1658072,19.4,7.8,19.5,5.5,0.1,3.12
2026-01-15,2026,San Pedro Mixtepec,15.5857517,-97.0501795,27.6,25.6,31.5,28.5,0.0,4.09
2026-01-15,2026,San Pedro Mixtepec,16.1618475,-96.1658072,16.8,8.3,15.2,5.8,0.0,3.12
2026-01-16,2026,San Pedro Mixtepec,15.5857517,-97.0501795,27.3,25.9,31.9,27.7,0.0,4.36
2026-01-16,2026,San Pedro Mixtepec,16.1618475,-96.1658072,18.4,8.2,17.2,5.5,1.1,2.84
2026-01-17,2026,San Pedro Mixtepec,15.5857517,-97.0501795,28.2,26.5,33.5,29.7,0.0,4.29
2026-01-17,2026,San Pedro Mixtepec,16.1618475,-96.1658072,19.1,8.0,18.2,6.4,0.0,3.3
2026-01-18,2026,San Pedro Mixtepec,15.5857517,-97.0501795,28.2,25.9,32.3,29.4,0.0,4.08
2026-01-18,2026,San Pedro Mixtepec,16.1618475,-96.1658072,18.0,8.7,15.4,5.2,0.0,3.44
2026-01-19,2026,San Pedro Mixtepec,15.5857517,-97.0501795,28.0,26.6,31.9,27.4,0.0,4.65
2026-01-19,2026,San Pedro Mixtepec,16.1618475,-96.1658072,20.8,9.3,21.4,6.2,0.9,3.85
2026-01-20,2026,San Pedro Mixtepec,15.5857517,-97.0501795,27.3,26.4,32.0,28.9,0.0,4.1
2026-01-20,2026,San Pedro Mixtepec,16.1618475,-96.1658072,20.7,8.5,21.4,5.4,0.0,3.79
2026-01-21,2026,San Pedro Mixtepec,15.5857517,-97.0501795,27.9,26.2,32.8,28.0,0.0,4.07
2026-01-21,2026,San Pedro Mixtepec,16.1618475,-96.1658072,20.0,8.8,20.1,5.6,3.2,3.56
2026-01-22,2026,San Pedro Mixtepec,15.5857517,-97.0501795,27.9,26.2,34.2,30.6,0.9,3.86
2026-01-22,2026,San Pedro Mixtepec,16.1618475,-96.1658072,21.7,9.9,20.6,7.9,0.0,3.54
2026-01-23,2026,San Pedro Mixtepec,15.5857517,-97.0501795,28.1,26.4,33.3,30.4,0.2,4.13
2026-01-23,2026,San Pedro Mixtepec,16.1618475,-96.1658072,18.9,9.3,19.5,6.9,2.0,3.28
2026-01-24,2026,San Pedro Mixtepec,15.5857517,-97.0501795,28.3,27.3,32.4,30.2,0.0,4.41
2026-01-24,2026,San Pedro Mixtepec,16.1618475,-96.1658072,20.1,8.6,20.1,7.4,1.9,3.39
2026-01-25,2026,San Pedro Mixtepec,15.5857517,-97.0501795,28.2,27.3,33.1,29.4,0.0,4.43
2026-01-25,2026,San Pedro Mixtepec,16.1618475,-96.1658072,20.7,9.5,21.5,8.0,0.6,3.58
2026-01-26,2026,San Pedro Mixtepec,15.5857517,-97.0501795,28.5,27.1,32.7,29.4,0.4,4.68
2026-01-26,2026,San Pedro Mixtepec,16.1618475,-96.1658072,19.5,10.1,19.2,6.8,0.0,3.32
2026-01-27,2026,San Pedro Mixtepec,15.5857517,-97.0501795,28.8,26.9,31.9,25.0,0.0,6.24
2026-01-27,2026,San Pedro Mixtepec,16.1618475,-96.1658072,20.9,9.1,21.7,5.6,0.0,3.91
2026-01-28,2026,San Pedro Mixtepec,15.5857517,-97.0501795,27.5,25.9,31.3,28.6,0.0,4.53
2026-01-28,2026,San Pedro Mixtepec,16.1618475,-96.1658072,21.8,8.3,21.1,5.8,0.0,4.34
2026-01-29,2026,San Pedro Mixtepec,15.5857517,-97.0501795,27.8,26.6,32.9,28.4,0.1,4.3
2026-01-29,2026,San Pedro Mixtepec,16.1618475,-96.1658072,20.4,8.4,20.3,5.4,0.2,3.68
2026-01-30,2026,San Pedro Mixtepec,15.5857517,-97.0501795,26.6,25.5,31.7,29.9,3.0,3.39
2026-01-30,2026,San Pedro Mixtepec,16.1618475,-96.1658072,19.4,11.3,17.2,8.7,0.0,3.46
2026-01-31,2026,San Pedro Mixtepec,15.5857517,-97.0501795,28.6,25.6,32.1,29.0,0.8,4.19
2026-01-31,2026,San Pedro Mixtepec,16.1618475,-96.1658072,18.4,9.1,16.7,5.6,0.0,3.37
2026-02-01,2026,San Pedro Mixtepec,15.5857517,-97.0501795,28.0,25.5,29.4,24.1,0.0,6.03
2026-02-01,2026,San Pedro Mixtepec,16.1618475,-96.1658072,18.7,7.4,18.4,3.8,0.0,3.44
2026-02-02,2026,San Pedro Mixtepec,15.5857517,-97.0501795,27.8,25.7,29.4,24.4,0.0,5.74
2026-02-02,2026,San Pedro Mixtepec,16.1618475,-96.1658072,19.2,8.1,18.9,4.5,0.0,4.09
2026-02-03,2026,San Pedro Mixtepec,15.5857517,-97.0501795,27.0,25.2,31.2,27.3,2.0,4.6
2026-02-03,2026,San Pedro Mixtepec,16.1618475,-96.1658072,19.2,7.8,18.5,4.5,0.0,4.05
2026-02-04,2026,San Pedro Mixtepec,15.5857517,-97.0501795,27.0,25.4,30.1,26.8,0.9,4.37
2026-02-04,2026,San Pedro Mixtepec,16.1618475,-96.1658072,21.4,9.7,19.6,5.7,0.0,4.6
2026-02-05,2026,San Pedro Mixtepec,15.5857517,-97.0501795,27.0,25.0,30.3,28.4,0.4,4.25
2026-02-05,2026,San Pedro Mixtepec,16.1618475,-96.1658072,18.6,8.5,17.0,4.5,0.0,4.1
2026-02-06,2026,San Pedro Mixtepec,15.5857517,-97.0501795,27.5,25.4,31.1,26.7,0.3,4.55
2026-02-06,2026,San Pedro Mixtepec,16.1618475,-96.1658072,19.9,8.4,19.7,5.2,0.0,3.99
2026-02-07,2026,San Pedro Mixtepec,15.5857517,-97.0501795,26.7,25.7,31.3,27.9,1.6,4.18
2026-02-07,2026,San Pedro Mixtepec,16.1618475,-96.1658072,21.7,7.1,19.6,3.2,0.0,4.7
2026-02-08,2026,San Pedro Mixtepec,15.5857517,-97.0501795,27.2,26.3,31.7,28.3,0.2,4.46
2026-02-08,2026,San Pedro Mixtepec,16.1618475,-96.1658072,20.7,8.0,18.3,3.8,0.0,4.65
2026-02-09,2026,San Pedro Mixtepec,15.5857517,-97.0501795,27.3,24.6,30.0,28.0,1.7,3.97
2026-02-09,2026,San Pedro Mixtepec,16.1618475,-96.1658072,21.3,7.7,19.4,3.8,0.0,4.65
2026-02-10,2026,San Pedro Mixtepec,15.5857517,-97.0501795,27.1,25.8,31.9,27.8,0.1,4.51
2026-02-10,2026,San Pedro Mixtepec,16.1618475,-96.1658072,20.0,9.6,20.2,6.2,0.0,4.31
2026-02-11,2026,San Pedro Mixtepec,15.5857517,-97.0501795,27.9,26.3,32.3,29.4,0.0,4.59
2026-02-11,2026,San Pedro Mixtepec,16.1618475,-96.1658072,21.0,8.7,20.5,5.6,0.0,4.4
2026-02-12,2026,San Pedro Mixtepec,15.5857517,-97.0501795,27.6,26.5,32.9,28.9,0.0,4.92
2026-02-12,2026,San Pedro Mixtepec,16.1618475,-96.1658072,21.8,9.0,20.8,5.3,0.0,4.75
2026-02-13,2026,San Pedro Mixtepec,15.5857517,-97.0501795,28.0,26.7,32.6,28.8,0.0,5.08
2026-02-13,2026,San Pedro Mixtepec,16.1618475,-96.1658072,20.5,8.5,20.3,4.8,0.1,4.35
2026-02-14,2026,San Pedro Mixtepec,15.5857517,-97.0501795,28.1,27.0,31.8,28.9,0.0,5.01
2026-02-14,2026,San Pedro Mixtepec,16.1618475,-96.1658072,21.3,9.8,21.7,8.4,0.0,3.93
2026-02-15,2026,San Pedro Mixtepec,15.5857517,-97.0501795,27.9,26.9,32.3,28.5,0.0,4.91
2026-02-15,2026,San Pedro Mixtepec,16.1618475,-96.1658072,21.3,10.6,22.7,9.0,0.7,3.93
2026-02-16,2026,San Pedro Mixtepec,15.5857517,-97.0501795,28.0,27.0,33.4,30.2,0.0,4.79
2026-02-16,2026,San Pedro Mixtepec,16.1618475,-96.1658072,22.6,8.8,21.5,5.9,0.0,4.77
2026-02-17,2026,San Pedro Mixtepec,15.5857517,-97.0501795,28.2,27.3,33.5,29.3,0.0,5.1
2026-02-17,2026,San Pedro Mixtepec,16.1618475,-96.1658072,20.7,11.1,20.7,8.1,0.2,3.64
2026-02-18,2026,San Pedro Mixtepec,15.5857517,-97.0501795,27.8,26.8,32.8,29.8,0.0,4.9
2026-02-18,2026,San Pedro Mixtepec,16.1618475,-96.1658072,21.3,8.8,22.2,6.8,2.4,3.31
2026-02-19,2026,San Pedro Mixtepec,15.5857517,-97.0501795,27.5,26.8,30.1,27.9,0.6,5.14
2026-02-19,2026,San Pedro Mixtepec,16.1618475,-96.1658072,19.2,7.6,19.9,6.3,1.2,3.13
2026-02-20,2026,San Pedro Mixtepec,15.5857517,-97.0501795,27.5,26.0,30.8,27.1,0.1,5.14
2026-02-20,2026,San Pedro Mixtepec,16.1618475,-96.1658072,18.6,10.7,19.0,9.6,3.3,2.43
2026-02-21,2026,San Pedro Mixtepec,15.5857517,-97.0501795,27.8,26.1,32.0,28.1,0.4,4.96
2026-02-21,2026,San Pedro Mixtepec,16.1618475,-96.1658072,18.8,9.1,20.0,7.8,1.1,2.87
2026-02-22,2026,San Pedro Mixtepec,15.5857517,-97.0501795,27.9,26.5,31.9,28.7,0.0,4.79
2026-02-22,2026,San Pedro Mixtepec,16.1618475,-96.1658072,19.0,8.3,16.7,5.3,0.3,4.21
2026-02-23,2026,San Pedro Mixtepec,15.5857517,-97.0501795,28.5,27.3,31.7,27.8,0.0,5.54
2026-02-23,2026,San Pedro Mixtepec,16.1618475,-96.1658072,18.5,8.8,17.8,4.1,0.0,4.27
2026-02-24,2026,San Pedro Mixtepec,15.5857517,-97.0501795,26.9,25.1,28.7,22.1,0.0,6.17
2026-02-24,2026,San Pedro Mixtepec,16.1618475,-96.1658072,19.6,7.0,20.3,2.4,0.0,4.4
2026-02-25,2026,San Pedro Mixtepec,15.5857517,-97.0501795,27.3,25.7,32.4,27.2,0.0,5.25
2026-02-25,2026,San Pedro Mixtepec,16.1618475,-96.1658072,18.4,8.9,19.0,6.7,1.5,3.65
2026-02-26,2026,San Pedro Mixtepec,15.5857517,-97.0501795,27.6,26.2,32.2,28.7,0.1,5.05
2026-02-26,2026,San Pedro Mixtepec,16.1618475,-96.1658072,19.1,8.6,20.1,6.8,3.2,3.7
2026-02-27,2026,San Pedro Mixtepec,15.5857517,-97.0501795,28.1,26.1,33.1,28.5,0.0,5.06
2026-02-27,2026,San Pedro Mixtepec,16.1618475,-96.1658072,20.7,10.1,21.4,8.1,1.5,3.98
2026-02-28,2026,San Pedro Mixtepec,15.5857517,-97.0501795,27.7,26.6,33.1,29.0,0.0,5.01
2026-02-28,2026,San Pedro Mixtepec,16.1618475,-96.1658072,22.7,8.8,21.3,5.6,0.0,5.04
2026-03-01,2026,San Pedro Mixtepec,15.5857517,-97.0501795,27.5,26.3,34.1,30.0,0.0,4.84
2026-03-01,2026,San Pedro Mixtepec,16.1618475,-96.1658072,21.9,8.1,21.1,4.2,0.0,5.22
2026-03-02,2026,San Pedro Mixtepec,15.5857517,-97.0501795,27.9,26.4,34.0,28.8,0.0,5.21
2026-03-02,2026,San Pedro Mixtepec,16.1618475,-96.1658072,20.5,8.1,20.6,5.4,0.8,4.0
2026-03-03,2026,San Pedro Mixtepec,15.5857517,-97.0501795,27.8,26.6,34.2,29.1,0.0,5.24
2026-03-03,2026,San Pedro Mixtepec,16.1618475,-96.1658072,21.7,9.3,21.4,6.8,0.0,4.37
2026-03-04,2026,San Pedro Mixtepec,15.5857517,-97.0501795,28.1,26.8,34.6,30.4,0.0,4.91
2026-03-04,2026,San Pedro Mixtepec,16.1618475,-96.1658072,21.1,8.7,21.1,6.2,0.7,4.22
2026-03-05,2026,San Pedro Mixtepec,15.5857517,-97.0501795,28.2,26.9,33.8,31.0,0.0,4.93
2026-03-05,2026,San Pedro Mixtepec,16.1618475,-96.1658072,20.0,7.6,19.3,5.4,1.4,3.99
2026-03-06,2026,San Pedro Mixtepec,15.5857517,-97.0501795,28.2,26.6,34.6,30.5,0.0,4.92
2026-03-06,2026,San Pedro Mixtepec,16.1618475,-96.1658072,20.4,9.0,20.5,7.4,1.1,4.1
2026-03-07,2026,San Pedro Mixtepec,15.5857517,-97.0501795,28.6,26.9,34.2,30.2,0.0,5.05
2026-03-07,2026,San Pedro Mixtepec,16.1618475,-96.1658072,21.5,7.8,22.1,6.0,0.4,4.41
2026-03-08,2026,San Pedro Mixtepec,15.5857517,-97.0501795,28.2,27.5,33.9,30.4,0.0,5.04
2026-03-08,2026,San Pedro Mixtepec,16.1618475,-96.1658072,21.1,9.7,21.5,8.5,0.8,4.12
2026-03-09,2026,San Pedro Mixtepec,15.5857517,-97.0501795,28.7,27.3,34.1,30.4,0.0,5.13
2026-03-09,2026,San Pedro Mixtepec,16.1618475,-96.1658072,22.3,9.3,22.2,6.5,0.9,4.64
2026-03-10,2026,San Pedro Mixtepec,15.5857517,-97.0501795,28.7,27.7,34.3,31.4,0.0,5.34
2026-03-10,2026,San Pedro Mixtepec,16.1618475,-96.1658072,21.1,9.8,22.1,7.8,1.0,3.98
2026-03-11,2026,San Pedro Mixtepec,15.5857517,-97.0501795,28.8,27.8,33.2,30.0,0.0,5.3
2026-03-11,2026,San Pedro Mixtepec,16.1618475,-96.1658072,21.0,9.1,22.9,7.6,2.4,4.17
2026-03-12,2026,San Pedro Mixtepec,15.5857517,-97.0501795,28.6,27.5,35.0,31.2,0.0,5.2
2026-03-12,2026,San Pedro Mixtepec,16.1618475,-96.1658072,21.9,10.4,22.1,8.6,0.1,4.37
2026-03-13,2026,San Pedro Mixtepec,15.5857517,-97.0501795,28.4,27.0,33.4,30.1,0.0,5.0
2026-03-13,2026,San Pedro Mixtepec,16.1618475,-96.1658072,21.2,8.9,20.8,6.1,0.4,4.36
2026-03-14,2026,San Pedro Mixtepec,15.5857517,-97.0501795,28.4,27.3,34.5,31.1,0.0,5.13
2026-03-14,2026,San Pedro Mixtepec,16.1618475,-96.1658072,19.6,10.6,20.2,9.9,6.3,3.56
2026-03-15,2026,San Pedro Mixtepec,15.5857517,-97.0501795,28.3,27.5,32.4,30.1,0.0,5.12
2026-03-15,2026,San Pedro Mixtepec,16.1618475,-96.1658072,20.1,10.9,21.2,10.2,2.8,3.59
2026-03-16,2026,San Pedro Mixtepec,15.5857517,-97.0501795,28.6,25.7,33.0,28.6,2.2,5.15
2026-03-16,2026,San Pedro Mixtepec,16.1618475,-96.1658072,21.6,11.1,22.5,9.8,5.1,4.11
2026-03-17,2026,San Pedro Mixtepec,15.5857517,-97.0501795,27.9,25.7,32.5,29.1,0.2,4.73
2026-03-17,2026,San Pedro Mixtepec,16.1618475,-96.1658072,19.6,9.3,19.6,7.3,0.4,3.86
2026-03-18,2026,San Pedro Mixtepec,15.5857517,-97.0501795,27.7,25.7,32.5,28.2,0.0,4.94
2026-03-18,2026,San Pedro Mixtepec,16.1618475,-96.1658072,20.0,9.5,19.4,7.3,0.3,3.89
2026-03-19,2026,San Pedro Mixtepec,15.5857517,-97.0501795,28.1,26.6,33.4,29.3,0.0,5.04
2026-03-19,2026,San Pedro Mixtepec,16.1618475,-96.1658072,21.2,7.6,21.4,4.7,0.0,4.94
2026-03-20,2026,San Pedro Mixtepec,15.5857517,-97.0501795,27.6,26.0,32.0,29.7,1.0,4.8
2026-03-20,2026,San Pedro Mixtepec,16.1618475,-96.1658072,20.0,8.6,19.8,5.5,0.0,4.43
2026-03-21,2026,San Pedro Mixtepec,15.5857517,-97.0501795,27.4,23.9,31.4,28.2,5.0,4.63
2026-03-21,2026,San Pedro Mixtepec,16.1618475,-96.1658072,18.8,8.3,17.8,5.6,0.0,3.69
2026-03-22,2026,San Pedro Mixtepec,15.5857517,-97.0501795,28.1,26.9,32.5,29.4,0.2,5.17
2026-03-22,2026,San Pedro Mixtepec,16.1618475,-96.1658072,18.5,7.5,18.8,5.7,3.5,3.26
2026-03-23,2026,San Pedro Mixtepec,15.5857517,-97.0501795,28.8,27.5,32.9,30.8,0.0,5.25
2026-03-23,2026,San Pedro Mixtepec,16.1618475,-96.1658072,18.6,8.4,19.1,7.4,7.0,3.6
2026-03-24,2026,San Pedro Mixtepec,15.5857517,-97.0501795,28.6,27.7,34.0,30.7,0.3,5.72
2026-03-24,2026,San Pedro Mixtepec,16.1618475,-96.1658072,19.8,8.5,20.1,6.9,3.0,3.76
2026-03-25,2026,San Pedro Mixtepec,15.5857517,-97.0501795,28.3,27.1,33.5,30.5,0.4,5.22
2026-03-25,2026,San Pedro Mixtepec,16.1618475,-96.1658072,18.9,9.3,18.5,8.2,2.3,3.49
2026-03-26,2026,San Pedro Mixtepec,15.5857517,-97.0501795,28.8,27.3,35.5,30.2,0.0,5.46
2026-03-26,2026,San Pedro Mixtepec,16.1618475,-96.1658072,19.9,7.9,19.1,5.1,0.0,4.45
2026-03-27,2026,San Pedro Mixtepec,15.5857517,-97.0501795,29.1,27.5,34.8,31.1,0.0,5.45
2026-03-27,2026,San Pedro Mixtepec,16.1618475,-96.1658072,20.0,8.4,19.6,6.0,0.1,4.08
2026-03-28,2026,San Pedro Mixtepec,15.5857517,-97.0501795,29.1,27.5,35.1,30.8,0.0,5.49
2026-03-28,2026,San Pedro Mixtepec,16.1618475,-96.1658072,16.7,9.3,13.5,6.0,0.3,3.08
2026-03-29,2026,San Pedro Mixtepec,15.5857517,-97.0501795,29.4,27.4,33.6,28.8,0.0,5.96
2026-03-29,2026,San Pedro Mixtepec,16.1618475,-96.1658072,19.7,9.4,19.4,6.3,0.0,4.38
2026-03-30,2026,San Pedro Mixtepec,15.5857517,-97.0501795,29.2,27.5,34.3,29.8,0.0,5.49
2026-03-30,2026,San Pedro Mixtepec,16.1618475,-96.1658072,19.1,8.5,18.8,6.3,9.3,3.78
2026-03-31,2026,San Pedro Mixtepec,15.5857517,-97.0501795,29.4,27.8,35.9,32.3,0.0,5.39
2026-03-31,2026,San Pedro Mixtepec,16.1618475,-96.1658072,18.8,8.2,19.2,6.9,2.9,3.83
2026-04-01,2026,San Pedro Mixtepec,15.5857517,-97.0501795,28.9,27.0,35.5,31.2,0.9,5.34
2026-04-01,2026,San Pedro Mixtepec,16.1618475,-96.1658072,18.0,9.3,18.0,7.9,13.1,3.53
2026-04-02,2026,San Pedro Mixtepec,15.5857517,-97.0501795,28.8,27.8,35.1,31.9,0.3,5.32
2026-04-02,2026,San Pedro Mixtepec,16.1618475,-96.1658072,18.5,8.9,18.7,7.6,4.4,3.7
2026-04-03,2026,San Pedro Mixtepec,15.5857517,-97.0501795,29.2,28.0,34.8,31.4,0.0,5.64
2026-04-03,2026,San Pedro Mixtepec,16.1618475,-96.1658072,19.5,8.6,20.8,7.6,2.2,4.1
2026-04-04,2026,San Pedro Mixtepec,15.5857517,-97.0501795,29.1,27.6,34.7,30.9,0.0,5.69
2026-04-04,2026,San Pedro Mixtepec,16.1618475,-96.1658072,19.0,10.1,21.0,9.2,2.5,3.83
2026-04-05,2026,San Pedro Mixtepec,15.5857517,-97.0501795,29.2,28.1,34.5,31.9,0.0,5.67
2026-04-05,2026,San Pedro Mixtepec,16.1618475,-96.1658072,22.2,9.4,22.3,7.9,0.9,4.21
2026-04-06,2026,San Pedro Mixtepec,15.5857517,-97.0501795,29.9,27.9,35.3,31.5,0.0,5.72
2026-04-06,2026,San Pedro Mixtepec,16.1618475,-96.1658072,21.6,9.9,22.5,7.7,0.7,4.43
2026-04-07,2026,San Pedro Mixtepec,15.5857517,-97.0501795,29.4,27.6,35.0,31.5,1.7,5.09
2026-04-07,2026,San Pedro Mixtepec,16.1618475,-96.1658072,20.5,10.3,20.5,8.3,1.0,4.1
2026-04-08,2026,San Pedro Mixtepec,15.5857517,-97.0501795,29.1,27.8,35.8,32.5,0.0,5.0
2026-04-08,2026,San Pedro Mixtepec,16.1618475,-96.1658072,20.7,10.5,21.8,9.9,1.6,3.96
2026-04-09,2026,San Pedro Mixtepec,15.5857517,-97.0501795,29.7,27.6,36.1,32.3,0.0,5.21
2026-04-09,2026,San Pedro Mixtepec,16.1618475,-96.1658072,21.4,9.8,22.5,8.7,2.1,4.38
2026-04-10,2026,San Pedro Mixtepec,15.5857517,-97.0501795,29.4,27.5,35.9,32.6,0.0,5.18
2026-04-10,2026,San Pedro Mixtepec,16.1618475,-96.1658072,20.8,10.9,21.9,9.4,6.0,4.14
2026-04-11,2026,San Pedro Mixtepec,15.5857517,-97.0501795,30.0,28.3,36.9,32.5,0.0,5.43
2026-04-11,2026,San Pedro Mixtepec,16.1618475,-96.1658072,23.3,10.3,23.7,8.1,0.3,4.95
2026-04-12,2026,San Pedro Mixtepec,15.5857517,-97.0501795,30.3,27.9,36.9,32.1,0.0,5.65
2026-04-12,2026,San Pedro Mixtepec,16.1618475,-96.1658072,23.3,10.0,23.8,7.8,0.7,4.81
2026-04-13,2026,San Pedro Mixtepec,15.5857517,-97.0501795,30.0,28.4,38.4,32.9,0.0,5.19
2026-04-13,2026,San Pedro Mixtepec,16.1618475,-96.1658072,24.4,9.8,24.2,7.9,0.0,5.06
2026-04-14,2026,San Pedro Mixtepec,15.5857517,-97.0501795,29.7,28.3,36.0,32.5,0.0,5.23
2026-04-14,2026,San Pedro Mixtepec,16.1618475,-96.1658072,22.8,10.4,22.3,8.1,0.0,4.89
2026-04-15,2026,San Pedro Mixtepec,15.5857517,-97.0501795,29.6,28.7,35.6,32.8,0.0,5.14
2026-04-15,2026,San Pedro Mixtepec,16.1618475,-96.1658072,22.9,10.8,24.0,9.2,1.7,3.99
2026-04-16,2026,San Pedro Mixtepec,15.5857517,-97.0501795,29.4,28.3,35.5,32.5,0.0,5.27
2026-04-16,2026,San Pedro Mixtepec,16.1618475,-96.1658072,22.5,10.8,23.5,10.2,0.1,4.31
2026-04-17,2026,San Pedro Mixtepec,15.5857517,-97.0501795,29.8,28.4,34.7,29.9,0.1,6.01
2026-04-17,2026,San Pedro Mixtepec,16.1618475,-96.1658072,21.0,12.8,21.9,11.8,3.1,3.39
2026-04-18,2026,San Pedro Mixtepec,15.5857517,-97.0501795,29.2,27.4,35.1,30.9,0.5,5.65
2026-04-18,2026,San Pedro Mixtepec,16.1618475,-96.1658072,21.3,11.3,23.3,11.1,1.4,4.34
2026-04-19,2026,San Pedro Mixtepec,15.5857517,-97.0501795,29.0,27.9,34.1,31.8,1.3,4.93
2026-04-19,2026,San Pedro Mixtepec,16.1618475,-96.1658072,19.9,12.9,20.9,11.2,3.3,3.52
2026-04-20,2026,San Pedro Mixtepec,15.5857517,-97.0501795,29.8,27.8,36.6,32.4,0.0,5.32
2026-04-20,2026,San Pedro Mixtepec,16.1618475,-96.1658072,21.2,11.6,22.5,9.3,2.8,3.89
2026-04-21,2026,San Pedro Mixtepec,15.5857517,-97.0501795,29.5,28.2,37.3,31.1,0.0,5.47
2026-04-21,2026,San Pedro Mixtepec,16.1618475,-96.1658072,20.5,10.8,21.7,9.4,1.5,4.08
2026-04-22,2026,San Pedro Mixtepec,15.5857517,-97.0501795,29.5,28.5,35.4,31.8,0.3,5.19
2026-04-22,2026,San Pedro Mixtepec,16.1618475,-96.1658072,20.2,10.2,22.2,9.4,3.8,3.91
2026-04-23,2026,San Pedro Mixtepec,15.5857517,-97.0501795,29.1,27.6,33.8,31.4,2.6,4.99
2026-04-23,2026,San Pedro Mixtepec,16.1618475,-96.1658072,19.5,10.9,21.4,10.4,7.9,3.5
2026-04-24,2026,San Pedro Mixtepec,15.5857517,-97.0501795,29.7,27.4,33.1,30.0,0.1,5.5
2026-04-24,2026,San Pedro Mixtepec,16.1618475,-96.1658072,20.5,11.6,21.8,10.9,17.1,3.7
2026-04-25,2026,San Pedro Mixtepec,15.5857517,-97.0501795,29.3,28.0,32.5,29.8,0.0,5.7
2026-04-25,2026,San Pedro Mixtepec,16.1618475,-96.1658072,21.0,13.0,22.3,12.4,7.4,3.93
2026-04-26,2026,San Pedro Mixtepec,15.5857517,-97.0501795,29.1,27.5,34.3,30.4,0.1,5.68
2026-04-26,2026,San Pedro Mixtepec,16.1618475,-96.1658072,22.3,13.0,24.3,12.2,3.5,4.48
2026-04-27,2026,San Pedro Mixtepec,15.5857517,-97.0501795,28.8,27.6,35.3,31.2,0.2,5.27
2026-04-27,2026,San Pedro Mixtepec,16.1618475,-96.1658072,23.8,13.2,24.9,11.0,0.7,5.02
2026-04-28,2026,San Pedro Mixtepec,15.5857517,-97.0501795,28.8,27.2,35.0,31.7,0.0,4.91
2026-04-28,2026,San Pedro Mixtepec,16.1618475,-96.1658072,23.8,11.8,24.7,9.9,0.2,5.05
2026-04-29,2026,San Pedro Mixtepec,15.5857517,-97.0501795,28.7,28.0,34.5,32.1,0.0,5.29
2026-04-29,2026,San Pedro Mixtepec,16.1618475,-96.1658072,24.4,11.2,25.7,9.4,0.0,5.16
2026-04-30,2026,San Pedro Mixtepec,15.5857517,-97.0501795,29.1,27.9,33.5,31.3,0.0,5.29
2026-04-30,2026,San Pedro Mixtepec,16.1618475,-96.1658072,23.3,12.2,24.9,10.9,0.5,4.79
2026-05-01,2026,San Pedro Mixtepec,15.5857517,-97.0501795,29.1,28.0,32.1,29.6,0.0,5.6
2026-05-01,2026,San Pedro Mixtepec,16.1618475,-96.1658072,23.5,11.7,24.4,11.4,0.7,4.91
2026-05-02,2026,San Pedro Mixtepec,15.5857517,-97.0501795,28.9,28.2,34.9,30.1,0.0,5.67
2026-05-02,2026,San Pedro Mixtepec,16.1618475,-96.1658072,22.2,11.6,23.5,10.2,0.8,4.68
2026-05-03,2026,San Pedro Mixtepec,15.5857517,-97.0501795,29.5,27.8,35.9,32.2,0.0,5.14
2026-05-03,2026,San Pedro Mixtepec,16.1618475,-96.1658072,22.3,11.7,23.6,10.8,3.2,4.51
2026-05-04,2026,San Pedro Mixtepec,15.5857517,-97.0501795,29.4,28.2,36.6,32.7,0.0,5.1
2026-05-04,2026,San Pedro Mixtepec,16.1618475,-96.1658072,22.0,11.3,24.1,10.4,3.6,4.45
2026-05-05,2026,San Pedro Mixtepec,15.5857517,-97.0501795,29.4,28.4,35.7,32.0,0.0,4.81
2026-05-05,2026,San Pedro Mixtepec,16.1618475,-96.1658072,22.4,12.8,24.6,12.5,2.0,4.55
2026-05-06,2026,San Pedro Mixtepec,15.5857517,-97.0501795,29.5,28.5,35.5,33.0,0.0,5.1
2026-05-06,2026,San Pedro Mixtepec,16.1618475,-96.1658072,23.7,13.1,25.4,12.4,1.0,4.87
2026-05-07,2026,San Pedro Mixtepec,15.5857517,-97.0501795,29.5,28.3,36.3,32.8,0.0,5.15
2026-05-07,2026,San Pedro Mixtepec,16.1618475,-96.1658072,23.8,12.7,25.3,11.5,0.0,4.92
2026-05-08,2026,San Pedro Mixtepec,15.5857517,-97.0501795,29.4,28.5,37.0,32.5,0.0,5.28
2026-05-08,2026,San Pedro Mixtepec,16.1618475,-96.1658072,23.8,13.1,25.5,12.3,0.4,4.74
2026-05-09,2026,San Pedro Mixtepec,15.5857517,-97.0501795,29.7,28.9,36.4,33.2,0.0,5.19
2026-05-09,2026,San Pedro Mixtepec,16.1618475,-96.1658072,22.3,11.3,23.8,11.0,3.1,4.52
2026-05-10,2026,San Pedro Mixtepec,15.5857517,-97.0501795,30.0,28.8,37.3,32.1,0.0,5.36
2026-05-10,2026,San Pedro Mixtepec,16.1618475,-96.1658072,22.1,12.5,23.3,12.5,3.9,4.35
2026-05-11,2026,San Pedro Mixtepec,15.5857517,-97.0501795,29.9,28.1,36.6,32.9,4.1,4.57
2026-05-11,2026,San Pedro Mixtepec,16.1618475,-96.1658072,22.3,13.2,22.7,12.2,1.0,4.13
2026-05-12,2026,San Pedro Mixtepec,15.5857517,-97.0501795,30.6,29.0,37.7,32.4,0.0,5.37
2026-05-12,2026,San Pedro Mixtepec,16.1618475,-96.1658072,23.2,12.0,22.8,10.7,0.0,4.5
2026-05-13,2026,San Pedro Mixtepec,15.5857517,-97.0501795,31.0,29.1,39.3,33.1,0.0,6.17
2026-05-13,2026,San Pedro Mixtepec,16.1618475,-96.1658072,23.5,12.5,24.3,11.3,0.6,4.98
2026-05-14,2026,San Pedro Mixtepec,15.5857517,-97.0501795,30.8,29.3,37.7,33.0,0.0,5.84
2026-05-14,2026,San Pedro Mixtepec,16.1618475,-96.1658072,22.7,13.4,24.1,11.9,2.0,4.68
2026-05-15,2026,San Pedro Mixtepec,15.5857517,-97.0501795,31.0,29.2,39.6,34.4,0.5,5.47
2026-05-15,2026,San Pedro Mixtepec,16.1618475,-96.1658072,21.2,13.1,23.7,12.2,4.0,4.3
2026-05-16,2026,San Pedro Mixtepec,15.5857517,-97.0501795,30.9,29.5,38.1,34.3,0.0,5.81
2026-05-16,2026,San Pedro Mixtepec,16.1618475,-96.1658072,21.9,11.6,24.5,11.4,3.1,4.36
2026-05-17,2026,San Pedro Mixtepec,15.5857517,-97.0501795,30.8,29.5,36.4,33.2,0.0,6.02
2026-05-17,2026,San Pedro Mixtepec,16.1618475,-96.1658072,23.0,11.6,24.8,11.6,1.5,4.54
2026-05-18,2026,San Pedro Mixtepec,15.5857517,-97.0501795,30.6,29.0,38.7,33.6,0.0,5.68
2026-05-18,2026,San Pedro Mixtepec,16.1618475,-96.1658072,22.9,11.2,25.6,10.6,1.8,4.76
2026-05-19,2026,San Pedro Mixtepec,15.5857517,-97.0501795,30.8,28.8,37.8,34.6,0.0,5.47
2026-05-19,2026,San Pedro Mixtepec,16.1618475,-96.1658072,23.5,13.5,25.7,12.6,1.8,4.89
2026-05-20,2026,San Pedro Mixtepec,15.5857517,-97.0501795,31.1,29.4,38.0,33.7,0.0,5.92
2026-05-20,2026,San Pedro Mixtepec,16.1618475,-96.1658072,24.3,13.0,25.3,13.0,0.4,4.99
2026-05-21,2026,San Pedro Mixtepec,15.5857517,-97.0501795,30.8,28.2,37.1,32.5,0.4,5.41
2026-05-21,2026,San Pedro Mixtepec,16.1618475,-96.1658072,21.7,13.4,23.5,12.9,7.5,4.46
2026-05-22,2026,San Pedro Mixtepec,15.5857517,-97.0501795,30.9,28.4,38.4,31.0,0.1,5.57
2026-05-22,2026,San Pedro Mixtepec,16.1618475,-96.1658072,22.0,12.8,24.9,13.1,6.2,4.05
2026-05-23,2026,San Pedro Mixtepec,15.5857517,-97.0501795,30.7,28.1,38.1,33.4,0.3,5.32
2026-05-23,2026,San Pedro Mixtepec,16.1618475,-96.1658072,22.4,12.4,23.5,12.5,3.2,4.21
2026-05-24,2026,San Pedro Mixtepec,15.5857517,-97.0501795,31.2,28.7,38.5,32.5,0.3,5.56
2026-05-24,2026,San Pedro Mixtepec,16.1618475,-96.1658072,23.2,13.8,23.4,14.4,3.6,4.17
2026-05-25,2026,San Pedro Mixtepec,15.5857517,-97.0501795,31.7,28.6,36.9,31.5,3.3,5.54
2026-05-25,2026,San Pedro Mixtepec,16.1618475,-96.1658072,22.0,12.8,23.6,12.1,7.7,4.26
2026-05-26,2026,San Pedro Mixtepec,15.5857517,-97.0501795,31.0,29.7,37.3,34.2,0.8,5.2
2026-05-26,2026,San Pedro Mixtepec,16.1618475,-96.1658072,21.4,12.4,21.9,11.5,6.8,3.98
2026-05-27,2026,San Pedro Mixtepec,15.5857517,-97.0501795,31.4,28.9,37.3,33.8,0.6,5.3
2026-05-27,2026,San Pedro Mixtepec,16.1618475,-96.1658072,20.9,10.8,22.3,10.3,5.9,4.2
2026-05-28,2026,San Pedro Mixtepec,15.5857517,-97.0501795,30.4,26.1,36.3,30.0,17.7,4.89
2026-05-28,2026,San Pedro Mixtepec,16.1618475,-96.1658072,19.4,12.7,21.4,12.7,10.0,3.5
2026-05-29,2026,San Pedro Mixtepec,15.5857517,-97.0501795,30.9,26.7,36.2,29.3,7.7,5.63
2026-05-29,2026,San Pedro Mixtepec,16.1618475,-96.1658072,18.3,11.8,20.1,11.9,8.6,3.79
2026-05-30,2026,San Pedro Mixtepec,15.5857517,-97.0501795,31.1,29.0,37.0,32.0,0.8,5.81
2026-05-30,2026,San Pedro Mixtepec,16.1618475,-96.1658072,19.2,11.5,21.1,11.3,15.8,3.69
2026-05-31,2026,San Pedro Mixtepec,15.5857517,-97.0501795,30.9,28.6,36.6,32.3,0.7,5.87
2026-05-31,2026,San Pedro Mixtepec,16.1618475,-96.1658072,19.8,12.3,20.3,12.2,7.5,4.04
2026-06-01,2026,San Pedro Mixtepec,15.5857517,-97.0501795,31.2,29.6,37.4,34.1,0.1,5.38
2026-06-01,2026,San Pedro Mixtepec,16.1618475,-96.1658072,22.0,11.2,24.0,11.0,1.8,4.66
2026-06-02,2026,San Pedro Mixtepec,15.5857517,-97.0501795,32.0,30.3,38.9,33.9,0.7,6.31
2026-06-02,2026,San Pedro Mixtepec,16.1618475,-96.1658072,21.0,12.5,21.3,12.3,18.6,3.7
2026-06-03,2026,San Pedro Mixtepec,15.5857517,-97.0501795,31.4,28.1,37.7,31.8,5.7,5.18
2026-06-03,2026,San Pedro Mixtepec,16.1618475,-96.1658072,20.3,14.0,21.1,14.1,26.1,3.26
2026-06-04,2026,San Pedro Mixtepec,15.5857517,-97.0501795,32.1,29.1,37.4,33.9,2.4,5.32
2026-06-04,2026,San Pedro Mixtepec,16.1618475,-96.1658072,18.6,13.5,19.9,14.3,26.4,2.61
2026-06-05,2026,San Pedro Mixtepec,15.5857517,-97.0501795,31.3,26.4,37.8,29.9,9.7,4.82
2026-06-05,2026,San Pedro Mixtepec,16.1618475,-96.1658072,20.9,12.6,21.8,12.9,7.5,3.63
2026-06-06,2026,San Pedro Mixtepec,15.5857517,-97.0501795,29.9,27.7,34.2,32.3,5.5,3.62
2026-06-06,2026,San Pedro Mixtepec,16.1618475,-96.1658072,20.4,13.7,21.4,14.1,8.2,3.11
2026-06-07,2026,San Pedro Mixtepec,15.5857517,-97.0501795,29.2,27.1,32.5,27.4,45.6,3.5
2026-06-07,2026,San Pedro Mixtepec,16.1618475,-96.1658072,18.2,13.5,20.0,13.6,16.3,2.42
2026-06-08,2026,San Pedro Mixtepec,15.5857517,-97.0501795,29.8,27.1,30.1,26.0,68.2,2.89
2026-06-08,2026,San Pedro Mixtepec,16.1618475,-96.1658072,17.8,14.2,19.5,14.9,29.8,1.49
2026-06-09,2026,San Pedro Mixtepec,15.5857517,-97.0501795,30.2,26.5,35.8,28.8,33.2,4.28
2026-06-09,2026,San Pedro Mixtepec,16.1618475,-96.1658072,16.8,12.9,18.7,13.0,13.3,1.25
2026-06-10,2026,San Pedro Mixtepec,15.5857517,-97.0501795,31.1,29.2,35.6,31.7,0.0,6.26
2026-06-10,2026,San Pedro Mixtepec,16.1618475,-96.1658072,18.9,12.7,19.9,13.2,17.3,2.65
2026-06-11,2026,San Pedro Mixtepec,15.5857517,-97.0501795,30.8,29.5,34.6,31.7,0.0,6.17
2026-06-11,2026,San Pedro Mixtepec,16.1618475,-96.1658072,17.9,13.4,19.3,14.1,23.9,2.55
2026-06-12,2026,San Pedro Mixtepec,15.5857517,-97.0501795,31.2,26.7,35.0,30.9,8.5,5.92
2026-06-12,2026,San Pedro Mixtepec,16.1618475,-96.1658072,17.3,13.6,18.4,14.3,46.2,2.41
2026-06-13,2026,San Pedro Mixtepec,15.5857517,-97.0501795,31.2,27.9,35.7,30.1,0.9,5.84
2026-06-13,2026,San Pedro Mixtepec,16.1618475,-96.1658072,19.6,13.3,21.1,14.0,11.9,3.11
2026-06-14,2026,San Pedro Mixtepec,15.5857517,-97.0501795,31.3,29.9,37.2,33.6,0.0,6.14
2026-06-14,2026,San Pedro Mixtepec,16.1618475,-96.1658072,22.3,14.4,23.1,14.9,0.2,3.9
2026-06-15,2026,San Pedro Mixtepec,15.5857517,-97.0501795,31.2,29.9,36.8,34.9,0.0,5.87
2026-06-15,2026,San Pedro Mixtepec,16.1618475,-96.1658072,22.4,13.5,23.5,12.5,1.7,4.21
2026-06-16,2026,San Pedro Mixtepec,15.5857517,-97.0501795,30.6,27.0,38.0,30.7,4.8,5.21
2026-06-16,2026,San Pedro Mixtepec,16.1618475,-96.1658072,19.4,13.0,20.7,13.6,9.7,3.56
2026-06-17,2026,San Pedro Mixtepec,15.5857517,-97.0501795,31.4,27.3,35.7,30.6,8.1,5.02
2026-06-17,2026,San Pedro Mixtepec,16.1618475,-96.1658072,20.4,12.3,22.3,12.3,7.6,3.75
2026-06-18,2026,San Pedro Mixtepec,15.5857517,-97.0501795,29.4,26.5,33.5,29.3,20.5,4.28
2026-06-18,2026,San Pedro Mixtepec,16.1618475,-96.1658072,20.0,12.5,22.4,12.2,12.7,3.62
2026-06-19,2026,San Pedro Mixtepec,15.5857517,-97.0501795,29.9,25.9,36.0,31.2,14.8,4.52
2026-06-19,2026,San Pedro Mixtepec,16.1618475,-96.1658072,20.5,12.7,21.7,13.1,7.3,3.37
2026-06-20,2026,San Pedro Mixtepec,15.5857517,-97.0501795,31.0,28.5,36.7,32.9,0.3,5.31
2026-06-20,2026,San Pedro Mixtepec,16.1618475,-96.1658072,21.5,12.4,23.1,12.1,0.9,4.39
2026-06-21,2026,San Pedro Mixtepec,15.5857517,-97.0501795,31.5,29.3,37.6,33.5,0.2,6.02
2026-06-21,2026,San Pedro Mixtepec,16.1618475,-96.1658072,20.5,11.7,21.4,10.5,5.1,4.23
2026-06-22,2026,San Pedro Mixtepec,15.5857517,-97.0501795,31.5,29.2,36.9,33.0,0.5,5.98
2026-06-22,2026,San Pedro Mixtepec,16.1618475,-96.1658072,20.5,11.3,22.3,11.3,4.7,4.06
2026-06-23,2026,San Pedro Mixtepec,15.5857517,-97.0501795,31.0,28.1,37.3,30.7,5.2,5.29
2026-06-23,2026,San Pedro Mixtepec,16.1618475,-96.1658072,21.4,11.0,22.4,10.2,2.0,4.16
2026-06-24,2026,San Pedro Mixtepec,15.5857517,-97.0501795,31.3,29.7,38.0,34.2,1.6,6.1
2026-06-24,2026,San Pedro Mixtepec,16.1618475,-96.1658072,23.5,12.1,24.2,10.9,3.4,4.64
2026-06-25,2026,San Pedro Mixtepec,15.5857517,-97.0501795,31.3,29.1,37.6,32.4,0.0,6.1
2026-06-25,2026,San Pedro Mixtepec,16.1618475,-96.1658072,23.0,11.2,23.4,10.3,0.1,5.07
2026-06-26,2026,San Pedro Mixtepec,15.5857517,-97.0501795,31.5,29.3,38.6,34.5,0.0,5.53
2026-06-26,2026,San Pedro Mixtepec,16.1618475,-96.1658072,23.2,12.3,23.8,11.0,2.2,4.81
2026-06-27,2026,San Pedro Mixtepec,15.5857517,-97.0501795,31.9,29.0,38.2,33.4,0.1,6.24
2026-06-27,2026,San Pedro Mixtepec,16.1618475,-96.1658072,24.1,11.1,25.1,10.1,1.7,4.48
2026-06-28,2026,San Pedro Mixtepec,15.5857517,-97.0501795,31.6,29.3,37.9,33.8,0.0,5.68
2026-06-28,2026,San Pedro Mixtepec,16.1618475,-96.1658072,20.9,11.7,21.6,11.2,0.8,3.87
2026-06-29,2026,San Pedro Mixtepec,15.5857517,-97.0501795,31.2,29.6,39.0,35.4,0.0,5.59
2026-06-29,2026,San Pedro Mixtepec,16.1618475,-96.1658072,23.4,12.1,24.0,10.8,0.0,4.71
2026-06-30,2026,San Pedro Mixtepec,15.5857517,-97.0501795,30.8,29.2,37.3,32.4,0.0,6.18
2026-06-30,2026,San Pedro Mixtepec,16.1618475,-96.1658072,22.7,11.1,23.4,9.4,0.1,4.37
