id_tiempo,fecha,dia,mes,anio,semana_epi
1,2019-01-01,1,1,2019,1
2,2019-01-02,2,1,2019,1
3,2019-01-03,3,1,2019,1
4,2019-01-04,4,1,2019,1
5,2019-01-05,5,1,2019,1
6,2019-01-06,6,1,2019,1
7,2019-01-07,7,1,2019,2
8,2019-01-08,8,1,2019,2
9,2019-01-09,9,1,2019,2
10,2019-01-10,10,1,2019,2
11,2019-01-11,11,1,2019,2
12,2019-01-12,12,1,2019,2
13,2019-01-13,13,1,2019,2
14,2019-01-14,14,1,2019,3
15,2019-01-15,15,1,2019,3
16,2019-01-16,16,1,2019,3
17,2019-01-17,17,1,2019,3
18,2019-01-18,18,1,2019,3
19,2019-01-19,19,1,2019,3
20,2019-01-20,20,1,2019,3
21,2019-01-21,21,1,2019,4
22,2019-01-22,22,1,2019,4
23,2019-01-23,23,1,2019,4
24,2019-01-24,24,1,2019,4
25,2019-01-25,25,1,2019,4
26,2019-01-26,26,1,2019,4
27,2019-01-27,27,1,2019,4
28,2019-01-28,28,1,2019,5
29,2019-01-29,29,1,2019,5
30,2019-01-30,30,1,2019,5
31,2019-01-31,31,1,2019,5
32,2019-02-01,1,2,2019,5
33,2019-02-02,2,2,2019,5
34,2019-02-03,3,2,2019,5
35,2019-02-04,4,2,2019,6
36,2019-02-05,5,2,2019,6
37,2019-02-06,6,2,2019,6
38,2019-02-07,7,2,2019,6
39,2019-02-08,8,2,2019,6
40,2019-02-09,9,2,2019,6
41,2019-02-10,10,2,2019,6
42,2019-02-11,11,2,2019,7
43,2019-02-12,12,2,2019,7
44,2019-02-13,13,2,2019,7
45,2019-02-14,14,2,2019,7
46,2019-02-15,15,2,2019,7
47,2019-02-16,16,2,2019,7
48,2019-02-17,17,2,2019,7
49,2019-02-18,18,2,2019,8
50,2019-02-19,19,2,2019,8
51,2019-02-20,20,2,2019,8
52,2019-02-21,21,2,2019,8
53,2019-02-22,22,2,2019,8
54,2019-02-23,23,2,2019,8
55,2019-02-24,24,2,2019,8
56,2019-02-25,25,2,2019,9
57,2019-02-26,26,2,2019,9
58,2019-02-27,27,2,2019,9
59,2019-02-28,28,2,2019,9
60,2019-03-01,1,3,2019,9
61,2019-03-02,2,3,2019,9
62,2019-03-03,3,3,2019,9
63,2019-03-04,4,3,2019,10
64,2019-03-05,5,3,2019,10
65,2019-03-06,6,3,2019,10
66,2019-03-07,7,3,2019,10
67,2019-03-08,8,3,2019,10
68,2019-03-09,9,3,2019,10
69,2019-03-10,10,3,2019,10
70,2019-03-11,11,3,2019,11
71,2019-03-12,12,3,2019,11
72,2019-03-13,13,3,2019,11
73,2019-03-14,14,3,2019,11
74,2019-03-15,15,3,2019,11
75,2019-03-16,16,3,2019,11
76,2019-03-17,17,3,2019,11
77,2019-03-18,18,3,2019,12
78,2019-03-19,19,3,2019,12
79,2019-03-20,20,3,2019,12
80,2019-03-21,21,3,2019,12
81,2019-03-22,22,3,2019,12
82,2019-03-23,23,3,2019,12
83,2019-03-24,24,3,2019,12
84,2019-03-25,25,3,2019,13
85,2019-03-26,26,3,2019,13
86,2019-03-27,27,3,2019,13
87,2019-03-28,28,3,2019,13
88,2019-03-29,29,3,2019,13
89,2019-03-30,30,3,2019,13
90,2019-03-31,31,3,2019,13
91,2019-04-01,1,4,2019,14
92,2019-04-02,2,4,2019,14
93,2019-04-03,3,4,2019,14
94,2019-04-04,4,4,2019,14
95,2019-04-05,5,4,2019,14
96,2019-04-06,6,4,2019,14
97,2019-04-07,7,4,2019,14
98,2019-04-08,8,4,2019,15
99,2019-04-09,9,4,2019,15
100,2019-04-10,10,4,2019,15
101,2019-04-11,11,4,2019,15
102,2019-04-12,12,4,2019,15
103,2019-04-13,13,4,2019,15
104,2019-04-14,14,4,2019,15
105,2019-04-15,15,4,2019,16
106,2019-04-16,16,4,2019,16
107,2019-04-17,17,4,2019,16
108,2019-04-18,18,4,2019,16
109,2019-04-19,19,4,2019,16
110,2019-04-20,20,4,2019,16
111,2019-04-21,21,4,2019,16
112,2019-04-22,22,4,2019,17
113,2019-04-23,23,4,2019,17
114,2019-04-24,24,4,2019,17
115,2019-04-25,25,4,2019,17
116,2019-04-26,26,4,2019,17
117,2019-04-27,27,4,2019,17
118,2019-04-28,28,4,2019,17
119,2019-04-29,29,4,2019,18
120,2019-04-30,30,4,2019,18
121,2019-05-01,1,5,2019,18
122,2019-05-02,2,5,2019,18
123,2019-05-03,3,5,2019,18
124,2019-05-04,4,5,2019,18
125,2019-05-05,5,5,2019,18
126,2019-05-06,6,5,2019,19
127,2019-05-07,7,5,2019,19
128,2019-05-08,8,5,2019,19
129,2019-05-09,9,5,2019,19
130,2019-05-10,10,5,2019,19
131,2019-05-11,11,5,2019,19
132,2019-05-12,12,5,2019,19
133,2019-05-13,13,5,2019,20
134,2019-05-14,14,5,2019,20
135,2019-05-15,15,5,2019,20
136,2019-05-16,16,5,2019,20
137,2019-05-17,17,5,2019,20
138,2019-05-18,18,5,2019,20
139,2019-05-19,19,5,2019,20
140,2019-05-20,20,5,2019,21
141,2019-05-21,21,5,2019,21
142,2019-05-22,22,5,2019,21
143,2019-05-23,23,5,2019,21
144,2019-05-24,24,5,2019,21
145,2019-05-25,25,5,2019,21
146,2019-05-26,26,5,2019,21
147,2019-05-27,27,5,2019,22
148,2019-05-28,28,5,2019,22
149,2019-05-29,29,5,2019,22
150,2019-05-30,30,5,2019,22
151,2019-05-31,31,5,2019,22
152,2019-06-01,1,6,2019,22
153,2019-06-02,2,6,2019,22
154,2019-06-03,3,6,2019,23
155,2019-06-04,4,6,2019,23
156,2019-06-05,5,6,2019,23
157,2019-06-06,6,6,2019,23
158,2019-06-07,7,6,2019,23
159,2019-06-08,8,6,2019,23
160,2019-06-09,9,6,2019,23
161,2019-06-10,10,6,2019,24
162,2019-06-11,11,6,2019,24
163,2019-06-12,12,6,2019,24
164,2019-06-13,13,6,2019,24
165,2019-06-14,14,6,2019,24
166,2019-06-15,15,6,2019,24
167,2019-06-16,16,6,2019,24
168,2019-06-17,17,6,2019,25
169,2019-06-18,18,6,2019,25
170,2019-06-19,19,6,2019,25
171,2019-06-20,20,6,2019,25
172,2019-06-21,21,6,2019,25
173,2019-06-22,22,6,2019,25
174,2019-06-23,23,6,2019,25
175,2019-06-24,24,6,2019,26
176,2019-06-25,25,6,2019,26
177,2019-06-26,26,6,2019,26
178,2019-06-27,27,6,2019,26
179,2019-06-28,28,6,2019,26
180,2019-06-29,29,6,2019,26
181,2019-06-30,30,6,2019,26
182,2019-07-01,1,7,2019,27
183,2019-07-02,2,7,2019,27
184,2019-07-03,3,7,2019,27
185,2019-07-04,4,7,2019,27
186,2019-07-05,5,7,2019,27
187,2019-07-06,6,7,2019,27
188,2019-07-07,7,7,2019,27
189,2019-07-08,8,7,2019,28
190,2019-07-09,9,7,2019,28
191,2019-07-10,10,7,2019,28
192,2019-07-11,11,7,2019,28
193,2019-07-12,12,7,2019,28
194,2019-07-13,13,7,2019,28
195,2019-07-14,14,7,2019,28
196,2019-07-15,15,7,2019,29
197,2019-07-16,16,7,2019,29
198,2019-07-17,17,7,2019,29
199,2019-07-18,18,7,2019,29
200,2019-07-19,19,7,2019,29
201,2019-07-20,20,7,2019,29
202,2019-07-21,21,7,2019,29
203,2019-07-22,22,7,2019,30
204,2019-07-23,23,7,2019,30
205,2019-07-24,24,7,2019,30
206,2019-07-25,25,7,2019,30
207,2019-07-26,26,7,2019,30
208,2019-07-27,27,7,2019,30
209,2019-07-28,28,7,2019,30
210,2019-07-29,29,7,2019,31
211,2019-07-30,30,7,2019,31
212,2019-07-31,31,7,2019,31
213,2019-08-01,1,8,2019,31
214,2019-08-02,2,8,2019,31
215,2019-08-03,3,8,2019,31
216,2019-08-04,4,8,2019,31
217,2019-08-05,5,8,2019,32
218,2019-08-06,6,8,2019,32
219,2019-08-07,7,8,2019,32
220,2019-08-08,8,8,2019,32
221,2019-08-09,9,8,2019,32
222,2019-08-10,10,8,2019,32
223,2019-08-11,11,8,2019,32
224,2019-08-12,12,8,2019,33
225,2019-08-13,13,8,2019,33
226,2019-08-14,14,8,2019,33
227,2019-08-15,15,8,2019,33
228,2019-08-16,16,8,2019,33
229,2019-08-17,17,8,2019,33
230,2019-08-18,18,8,2019,33
231,2019-08-19,19,8,2019,34
232,2019-08-20,20,8,2019,34
233,2019-08-21,21,8,2019,34
234,2019-08-22,22,8,2019,34
235,2019-08-23,23,8,2019,34
236,2019-08-24,24,8,2019,34
237,2019-08-25,25,8,2019,34
238,2019-08-26,26,8,2019,35
239,2019-08-27,27,8,2019,35
240,2019-08-28,28,8,2019,35
241,2019-08-29,29,8,2019,35
242,2019-08-30,30,8,2019,35
243,2019-08-31,31,8,2019,35
244,2019-09-01,1,9,2019,35
245,2019-09-02,2,9,2019,36
246,2019-09-03,3,9,2019,36
247,2019-09-04,4,9,2019,36
248,2019-09-05,5,9,2019,36
249,2019-09-06,6,9,2019,36
250,2019-09-07,7,9,2019,36
251,2019-09-08,8,9,2019,36
252,2019-09-09,9,9,2019,37
253,2019-09-10,10,9,2019,37
254,2019-09-11,11,9,2019,37
255,2019-09-12,12,9,2019,37
256,2019-09-13,13,9,2019,37
257,2019-09-14,14,9,2019,37
258,2019-09-15,15,9,2019,37
259,2019-09-16,16,9,2019,38
260,2019-09-17,17,9,2019,38
261,2019-09-18,18,9,2019,38
262,2019-09-19,19,9,2019,38
263,2019-09-20,20,9,2019,38
264,2019-09-21,21,9,2019,38
265,2019-09-22,22,9,2019,38
266,2019-09-23,23,9,2019,39
267,2019-09-24,24,9,2019,39
268,2019-09-25,25,9,2019,39
269,2019-09-26,26,9,2019,39
270,2019-09-27,27,9,2019,39
271,2019-09-28,28,9,2019,39
272,2019-09-29,29,9,2019,39
273,2019-09-30,30,9,2019,40
274,2019-10-01,1,10,2019,40
275,2019-10-02,2,10,2019,40
276,2019-10-03,3,10,2019,40
277,2019-10-04,4,10,2019,40
278,2019-10-05,5,10,2019,40
279,2019-10-06,6,10,2019,40
280,2019-10-07,7,10,2019,41
281,2019-10-08,8,10,2019,41
282,2019-10-09,9,10,2019,41
283,2019-10-10,10,10,2019,41
284,2019-10-11,11,10,2019,41
285,2019-10-12,12,10,2019,41
286,2019-10-13,13,10,2019,41
287,2019-10-14,14,10,2019,42
288,2019-10-15,15,10,2019,42
289,2019-10-16,16,10,2019,42
290,2019-10-17,17,10,2019,42
291,2019-10-18,18,10,2019,42
292,2019-10-19,19,10,2019,42
293,2019-10-20,20,10,2019,42
294,2019-10-21,21,10,2019,43
295,2019-10-22,22,10,2019,43
296,2019-10-23,23,10,2019,43
297,2019-10-24,24,10,2019,43
298,2019-10-25,25,10,2019,43
299,2019-10-26,26,10,2019,43
300,2019-10-27,27,10,2019,43
301,2019-10-28,28,10,2019,44
302,2019-10-29,29,10,2019,44
303,2019-10-30,30,10,2019,44
304,2019-10-31,31,10,2019,44
305,2019-11-01,1,11,2019,44
306,2019-11-02,2,11,2019,44
307,2019-11-03,3,11,2019,44
308,2019-11-04,4,11,2019,45
309,2019-11-05,5,11,2019,45
310,2019-11-06,6,11,2019,45
311,2019-11-07,7,11,2019,45
312,2019-11-08,8,11,2019,45
313,2019-11-09,9,11,2019,45
314,2019-11-10,10,11,2019,45
315,2019-11-11,11,11,2019,46
316,2019-11-12,12,11,2019,46
317,2019-11-13,13,11,2019,46
318,2019-11-14,14,11,2019,46
319,2019-11-15,15,11,2019,46
320,2019-11-16,16,11,2019,46
321,2019-11-17,17,11,2019,46
322,2019-11-18,18,11,2019,47
323,2019-11-19,19,11,2019,47
324,2019-11-20,20,11,2019,47
325,2019-11-21,21,11,2019,47
326,2019-11-22,22,11,2019,47
327,2019-11-23,23,11,2019,47
328,2019-11-24,24,11,2019,47
329,2019-11-25,25,11,2019,48
330,2019-11-26,26,11,2019,48
331,2019-11-27,27,11,2019,48
332,2019-11-28,28,11,2019,48
333,2019-11-29,29,11,2019,48
334,2019-11-30,30,11,2019,48
335,2019-12-01,1,12,2019,48
336,2019-12-02,2,12,2019,49
337,2019-12-03,3,12,2019,49
338,2019-12-04,4,12,2019,49
339,2019-12-05,5,12,2019,49
340,2019-12-06,6,12,2019,49
341,2019-12-07,7,12,2019,49
342,2019-12-08,8,12,2019,49
343,2019-12-09,9,12,2019,50
344,2019-12-10,10,12,2019,50
345,2019-12-11,11,12,2019,50
346,2019-12-12,12,12,2019,50
347,2019-12-13,13,12,2019,50
348,2019-12-14,14,12,2019,50
349,2019-12-15,15,12,2019,50
350,2019-12-16,16,12,2019,51
351,2019-12-17,17,12,2019,51
352,2019-12-18,18,12,2019,51
353,2019-12-19,19,12,2019,51
354,2019-12-20,20,12,2019,51
355,2019-12-21,21,12,2019,51
356,2019-12-22,22,12,2019,51
357,2019-12-23,23,12,2019,52
358,2019-12-24,24,12,2019,52
359,2019-12-25,25,12,2019,52
360,2019-12-26,26,12,2019,52
361,2019-12-27,27,12,2019,52
362,2019-12-28,28,12,2019,52
363,2019-12-29,29,12,2019,52
364,2019-12-30,30,12,2019,1
365,2019-12-31,31,12,2019,1
366,2020-01-01,1,1,2020,1
367,2020-01-02,2,1,2020,1
368,2020-01-03,3,1,2020,1
369,2020-01-04,4,1,2020,1
370,2020-01-05,5,1,2020,1
371,2020-01-06,6,1,2020,2
372,2020-01-07,7,1,2020,2
373,2020-01-08,8,1,2020,2
374,2020-01-09,9,1,2020,2
375,2020-01-10,10,1,2020,2
376,2020-01-11,11,1,2020,2
377,2020-01-12,12,1,2020,2
378,2020-01-13,13,1,2020,3
379,2020-01-14,14,1,2020,3
380,2020-01-15,15,1,2020,3
381,2020-01-16,16,1,2020,3
382,2020-01-17,17,1,2020,3
383,2020-01-18,18,1,2020,3
384,2020-01-19,19,1,2020,3
385,2020-01-20,20,1,2020,4
386,2020-01-21,21,1,2020,4
387,2020-01-22,22,1,2020,4
388,2020-01-23,23,1,2020,4
389,2020-01-24,24,1,2020,4
390,2020-01-25,25,1,2020,4
391,2020-01-26,26,1,2020,4
392,2020-01-27,27,1,2020,5
393,2020-01-28,28,1,2020,5
394,2020-01-29,29,1,2020,5
395,2020-01-30,30,1,2020,5
396,2020-01-31,31,1,2020,5
397,2020-02-01,1,2,2020,5
398,2020-02-02,2,2,2020,5
399,2020-02-03,3,2,2020,6
400,2020-02-04,4,2,2020,6
401,2020-02-05,5,2,2020,6
402,2020-02-06,6,2,2020,6
403,2020-02-07,7,2,2020,6
404,2020-02-08,8,2,2020,6
405,2020-02-09,9,2,2020,6
406,2020-02-10,10,2,2020,7
407,2020-02-11,11,2,2020,7
408,2020-02-12,12,2,2020,7
409,2020-02-13,13,2,2020,7
410,2020-02-14,14,2,2020,7
411,2020-02-15,15,2,2020,7
412,2020-02-16,16,2,2020,7
413,2020-02-17,17,2,2020,8
414,2020-02-18,18,2,2020,8
415,2020-02-19,19,2,2020,8
416,2020-02-20,20,2,2020,8
417,2020-02-21,21,2,2020,8
418,2020-02-22,22,2,2020,8
419,2020-02-23,23,2,2020,8
420,2020-02-24,24,2,2020,9
421,2020-02-25,25,2,2020,9
422,2020-02-26,26,2,2020,9
423,2020-02-27,27,2,2020,9
424,2020-02-28,28,2,2020,9
425,2020-02-29,29,2,2020,9
426,2020-03-01,1,3,2020,9
427,2020-03-02,2,3,2020,10
428,2020-03-03,3,3,2020,10
429,2020-03-04,4,3,2020,10
430,2020-03-05,5,3,2020,10
431,2020-03-06,6,3,2020,10
432,2020-03-07,7,3,2020,10
433,2020-03-08,8,3,2020,10
434,2020-03-09,9,3,2020,11
435,2020-03-10,10,3,2020,11
436,2020-03-11,11,3,2020,11
437,2020-03-12,12,3,2020,11
438,2020-03-13,13,3,2020,11
439,2020-03-14,14,3,2020,11
440,2020-03-15,15,3,2020,11
441,2020-03-16,16,3,2020,12
442,2020-03-17,17,3,2020,12
443,2020-03-18,18,3,2020,12
444,2020-03-19,19,3,2020,12
445,2020-03-20,20,3,2020,12
446,2020-03-21,21,3,2020,12
447,2020-03-22,22,3,2020,12
448,2020-03-23,23,3,2020,13
449,2020-03-24,24,3,2020,13
450,2020-03-25,25,3,2020,13
451,2020-03-26,26,3,2020,13
452,2020-03-27,27,3,2020,13
453,2020-03-28,28,3,2020,13
454,2020-03-29,29,3,2020,13
455,2020-03-30,30,3,2020,14
456,2020-03-31,31,3,2020,14
457,2020-04-01,1,4,2020,14
458,2020-04-02,2,4,2020,14
459,2020-04-03,3,4,2020,14
460,2020-04-04,4,4,2020,14
461,2020-04-05,5,4,2020,14
462,2020-04-06,6,4,2020,15
463,2020-04-07,7,4,2020,15
464,2020-04-08,8,4,2020,15
465,2020-04-09,9,4,2020,15
466,2020-04-10,10,4,2020,15
467,2020-04-11,11,4,2020,15
468,2020-04-12,12,4,2020,15
469,2020-04-13,13,4,2020,16
470,2020-04-14,14,4,2020,16
471,2020-04-15,15,4,2020,16
472,2020-04-16,16,4,2020,16
473,2020-04-17,17,4,2020,16
474,2020-04-18,18,4,2020,16
475,2020-04-19,19,4,2020,16
476,2020-04-20,20,4,2020,17
477,2020-04-21,21,4,2020,17
478,2020-04-22,22,4,2020,17
479,2020-04-23,23,4,2020,17
480,2020-04-24,24,4,2020,17
481,2020-04-25,25,4,2020,17
482,2020-04-26,26,4,2020,17
483,2020-04-27,27,4,2020,18
484,2020-04-28,28,4,2020,18
485,2020-04-29,29,4,2020,18
486,2020-04-30,30,4,2020,18
487,2020-05-01,1,5,2020,18
488,2020-05-02,2,5,2020,18
489,2020-05-03,3,5,2020,18
490,2020-05-04,4,5,2020,19
491,2020-05-05,5,5,2020,19
492,2020-05-06,6,5,2020,19
493,2020-05-07,7,5,2020,19
494,2020-05-08,8,5,2020,19
495,2020-05-09,9,5,2020,19
496,2020-05-10,10,5,2020,19
497,2020-05-11,11,5,2020,20
498,2020-05-12,12,5,2020,20
499,2020-05-13,13,5,2020,20
500,2020-05-14,14,5,2020,20
501,2020-05-15,15,5,2020,20
502,2020-05-16,16,5,2020,20
503,2020-05-17,17,5,2020,20
504,2020-05-18,18,5,2020,21
505,2020-05-19,19,5,2020,21
506,2020-05-20,20,5,2020,21
507,2020-05-21,21,5,2020,21
508,2020-05-22,22,5,2020,21
509,2020-05-23,23,5,2020,21
510,2020-05-24,24,5,2020,21
511,2020-05-25,25,5,2020,22
512,2020-05-26,26,5,2020,22
513,2020-05-27,27,5,2020,22
514,2020-05-28,28,5,2020,22
515,2020-05-29,29,5,2020,22
516,2020-05-30,30,5,2020,22
517,2020-05-31,31,5,2020,22
518,2020-06-01,1,6,2020,23
519,2020-06-02,2,6,2020,23
520,2020-06-03,3,6,2020,23
521,2020-06-04,4,6,2020,23
522,2020-06-05,5,6,2020,23
523,2020-06-06,6,6,2020,23
524,2020-06-07,7,6,2020,23
525,2020-06-08,8,6,2020,24
526,2020-06-09,9,6,2020,24
527,2020-06-10,10,6,2020,24
528,2020-06-11,11,6,2020,24
529,2020-06-12,12,6,2020,24
530,2020-06-13,13,6,2020,24
531,2020-06-14,14,6,2020,24
532,2020-06-15,15,6,2020,25
533,2020-06-16,16,6,2020,25
534,2020-06-17,17,6,2020,25
535,2020-06-18,18,6,2020,25
536,2020-06-19,19,6,2020,25
537,2020-06-20,20,6,2020,25
538,2020-06-21,21,6,2020,25
539,2020-06-22,22,6,2020,26
540,2020-06-23,23,6,2020,26
541,2020-06-24,24,6,2020,26
542,2020-06-25,25,6,2020,26
543,2020-06-26,26,6,2020,26
544,2020-06-27,27,6,2020,26
545,2020-06-28,28,6,2020,26
546,2020-06-29,29,6,2020,27
547,2020-06-30,30,6,2020,27
548,2020-07-01,1,7,2020,27
549,2020-07-02,2,7,2020,27
550,2020-07-03,3,7,2020,27
551,2020-07-04,4,7,2020,27
552,2020-07-05,5,7,2020,27
553,2020-07-06,6,7,2020,28
554,2020-07-07,7,7,2020,28
555,2020-07-08,8,7,2020,28
556,2020-07-09,9,7,2020,28
557,2020-07-10,10,7,2020,28
558,2020-07-11,11,7,2020,28
559,2020-07-12,12,7,2020,28
560,2020-07-13,13,7,2020,29
561,2020-07-14,14,7,2020,29
562,2020-07-15,15,7,2020,29
563,2020-07-16,16,7,2020,29
564,2020-07-17,17,7,2020,29
565,2020-07-18,18,7,2020,29
566,2020-07-19,19,7,2020,29
567,2020-07-20,20,7,2020,30
568,2020-07-21,21,7,2020,30
569,2020-07-22,22,7,2020,30
570,2020-07-23,23,7,2020,30
571,2020-07-24,24,7,2020,30
572,2020-07-25,25,7,2020,30
573,2020-07-26,26,7,2020,30
574,2020-07-27,27,7,2020,31
575,2020-07-28,28,7,2020,31
576,2020-07-29,29,7,2020,31
577,2020-07-30,30,7,2020,31
578,2020-07-31,31,7,2020,31
579,2020-08-01,1,8,2020,31
580,2020-08-02,2,8,2020,31
581,2020-08-03,3,8,2020,32
582,2020-08-04,4,8,2020,32
583,2020-08-05,5,8,2020,32
584,2020-08-06,6,8,2020,32
585,2020-08-07,7,8,2020,32
586,2020-08-08,8,8,2020,32
587,2020-08-09,9,8,2020,32
588,2020-08-10,10,8,2020,33
589,2020-08-11,11,8,2020,33
590,2020-08-12,12,8,2020,33
591,2020-08-13,13,8,2020,33
592,2020-08-14,14,8,2020,33
593,2020-08-15,15,8,2020,33
594,2020-08-16,16,8,2020,33
595,2020-08-17,17,8,2020,34
596,2020-08-18,18,8,2020,34
597,2020-08-19,19,8,2020,34
598,2020-08-20,20,8,2020,34
599,2020-08-21,21,8,2020,34
600,2020-08-22,22,8,2020,34
601,2020-08-23,23,8,2020,34
602,2020-08-24,24,8,2020,35
603,2020-08-25,25,8,2020,35
604,2020-08-26,26,8,2020,35
605,2020-08-27,27,8,2020,35
606,2020-08-28,28,8,2020,35
607,2020-08-29,29,8,2020,35
608,2020-08-30,30,8,2020,35
609,2020-08-31,31,8,2020,36
610,2020-09-01,1,9,2020,36
611,2020-09-02,2,9,2020,36
612,2020-09-03,3,9,2020,36
613,2020-09-04,4,9,2020,36
614,2020-09-05,5,9,2020,36
615,2020-09-06,6,9,2020,36
616,2020-09-07,7,9,2020,37
617,2020-09-08,8,9,2020,37
618,2020-09-09,9,9,2020,37
619,2020-09-10,10,9,2020,37
620,2020-09-11,11,9,2020,37
621,2020-09-12,12,9,2020,37
622,2020-09-13,13,9,2020,37
623,2020-09-14,14,9,2020,38
624,2020-09-15,15,9,2020,38
625,2020-09-16,16,9,2020,38
626,2020-09-17,17,9,2020,38
627,2020-09-18,18,9,2020,38
628,2020-09-19,19,9,2020,38
629,2020-09-20,20,9,2020,38
630,2020-09-21,21,9,2020,39
631,2020-09-22,22,9,2020,39
632,2020-09-23,23,9,2020,39
633,2020-09-24,24,9,2020,39
634,2020-09-25,25,9,2020,39
635,2020-09-26,26,9,2020,39
636,2020-09-27,27,9,2020,39
637,2020-09-28,28,9,2020,40
638,2020-09-29,29,9,2020,40
639,2020-09-30,30,9,2020,40
640,2020-10-01,1,10,2020,40
641,2020-10-02,2,10,2020,40
642,2020-10-03,3,10,2020,40
643,2020-10-04,4,10,2020,40
644,2020-10-05,5,10,2020,41
645,2020-10-06,6,10,2020,41
646,2020-10-07,7,10,2020,41
647,2020-10-08,8,10,2020,41
648,2020-10-09,9,10,2020,41
649,2020-10-10,10,10,2020,41
650,2020-10-11,11,10,2020,41
651,2020-10-12,12,10,2020,42
652,2020-10-13,13,10,2020,42
653,2020-10-14,14,10,2020,42
654,2020-10-15,15,10,2020,42
655,2020-10-16,16,10,2020,42
656,2020-10-17,17,10,2020,42
657,2020-10-18,18,10,2020,42
658,2020-10-19,19,10,2020,43
659,2020-10-20,20,10,2020,43
660,2020-10-21,21,10,2020,43
661,2020-10-22,22,10,2020,43
662,2020-10-23,23,10,2020,43
663,2020-10-24,24,10,2020,43
664,2020-10-25,25,10,2020,43
665,2020-10-26,26,10,2020,44
666,2020-10-27,27,10,2020,44
667,2020-10-28,28,10,2020,44
668,2020-10-29,29,10,2020,44
669,2020-10-30,30,10,2020,44
670,2020-10-31,31,10,2020,44
671,2020-11-01,1,11,2020,44
672,2020-11-02,2,11,2020,45
673,2020-11-03,3,11,2020,45
674,2020-11-04,4,11,2020,45
675,2020-11-05,5,11,2020,45
676,2020-11-06,6,11,2020,45
677,2020-11-07,7,11,2020,45
678,2020-11-08,8,11,2020,45
679,2020-11-09,9,11,2020,46
680,2020-11-10,10,11,2020,46
681,2020-11-11,11,11,2020,46
682,2020-11-12,12,11,2020,46
683,2020-11-13,13,11,2020,46
684,2020-11-14,14,11,2020,46
685,2020-11-15,15,11,2020,46
686,2020-11-16,16,11,2020,47
687,2020-11-17,17,11,2020,47
688,2020-11-18,18,11,2020,47
689,2020-11-19,19,11,2020,47
690,2020-11-20,20,11,2020,47
691,2020-11-21,21,11,2020,47
692,2020-11-22,22,11,2020,47
693,2020-11-23,23,11,2020,48
694,2020-11-24,24,11,2020,48
695,2020-11-25,25,11,2020,48
696,2020-11-26,26,11,2020,48
697,2020-11-27,27,11,2020,48
698,2020-11-28,28,11,2020,48
699,2020-11-29,29,11,2020,48
700,2020-11-30,30,11,2020,49
701,2020-12-01,1,12,2020,49
702,2020-12-02,2,12,2020,49
703,2020-12-03,3,12,2020,49
704,2020-12-04,4,12,2020,49
705,2020-12-05,5,12,2020,49
706,2020-12-06,6,12,2020,49
707,2020-12-07,7,12,2020,50
708,2020-12-08,8,12,2020,50
709,2020-12-09,9,12,2020,50
710,2020-12-10,10,12,2020,50
711,2020-12-11,11,12,2020,50
712,2020-12-12,12,12,2020,50
713,2020-12-13,13,12,2020,50
714,2020-12-14,14,12,2020,51
715,2020-12-15,15,12,2020,51
716,2020-12-16,16,12,2020,51
717,2020-12-17,17,12,2020,51
718,2020-12-18,18,12,2020,51
719,2020-12-19,19,12,2020,51
720,2020-12-20,20,12,2020,51
721,2020-12-21,21,12,2020,52
722,2020-12-22,22,12,2020,52
723,2020-12-23,23,12,2020,52
724,2020-12-24,24,12,2020,52
725,2020-12-25,25,12,2020,52
726,2020-12-26,26,12,2020,52
727,2020-12-27,27,12,2020,52
728,2020-12-28,28,12,2020,53
729,2020-12-29,29,12,2020,53
730,2020-12-30,30,12,2020,53
731,2020-12-31,31,12,2020,53
732,2021-01-01,1,1,2021,53
733,2021-01-02,2,1,2021,53
734,2021-01-03,3,1,2021,53
735,2021-01-04,4,1,2021,1
736,2021-01-05,5,1,2021,1
737,2021-01-06,6,1,2021,1
738,2021-01-07,7,1,2021,1
739,2021-01-08,8,1,2021,1
740,2021-01-09,9,1,2021,1
741,2021-01-10,10,1,2021,1
742,2021-01-11,11,1,2021,2
743,2021-01-12,12,1,2021,2
744,2021-01-13,13,1,2021,2
745,2021-01-14,14,1,2021,2
746,2021-01-15,15,1,2021,2
747,2021-01-16,16,1,2021,2
748,2021-01-17,17,1,2021,2
749,2021-01-18,18,1,2021,3
750,2021-01-19,19,1,2021,3
751,2021-01-20,20,1,2021,3
752,2021-01-21,21,1,2021,3
753,2021-01-22,22,1,2021,3
754,2021-01-23,23,1,2021,3
755,2021-01-24,24,1,2021,3
756,2021-01-25,25,1,2021,4
757,2021-01-26,26,1,2021,4
758,2021-01-27,27,1,2021,4
759,2021-01-28,28,1,2021,4
760,2021-01-29,29,1,2021,4
761,2021-01-30,30,1,2021,4
762,2021-01-31,31,1,2021,4
763,2021-02-01,1,2,2021,5
764,2021-02-02,2,2,2021,5
765,2021-02-03,3,2,2021,5
766,2021-02-04,4,2,2021,5
767,2021-02-05,5,2,2021,5
768,2021-02-06,6,2,2021,5
769,2021-02-07,7,2,2021,5
770,2021-02-08,8,2,2021,6
771,2021-02-09,9,2,2021,6
772,2021-02-10,10,2,2021,6
773,2021-02-11,11,2,2021,6
774,2021-02-12,12,2,2021,6
775,2021-02-13,13,2,2021,6
776,2021-02-14,14,2,2021,6
777,2021-02-15,15,2,2021,7
778,2021-02-16,16,2,2021,7
779,2021-02-17,17,2,2021,7
780,2021-02-18,18,2,2021,7
781,2021-02-19,19,2,2021,7
782,2021-02-20,20,2,2021,7
783,2021-02-21,21,2,2021,7
784,2021-02-22,22,2,2021,8
785,2021-02-23,23,2,2021,8
786,2021-02-24,24,2,2021,8
787,2021-02-25,25,2,2021,8
788,2021-02-26,26,2,2021,8
789,2021-02-27,27,2,2021,8
790,2021-02-28,28,2,2021,8
791,2021-03-01,1,3,2021,9
792,2021-03-02,2,3,2021,9
793,2021-03-03,3,3,2021,9
794,2021-03-04,4,3,2021,9
795,2021-03-05,5,3,2021,9
796,2021-03-06,6,3,2021,9
797,2021-03-07,7,3,2021,9
798,2021-03-08,8,3,2021,10
799,2021-03-09,9,3,2021,10
800,2021-03-10,10,3,2021,10
801,2021-03-11,11,3,2021,10
802,2021-03-12,12,3,2021,10
803,2021-03-13,13,3,2021,10
804,2021-03-14,14,3,2021,10
805,2021-03-15,15,3,2021,11
806,2021-03-16,16,3,2021,11
807,2021-03-17,17,3,2021,11
808,2021-03-18,18,3,2021,11
809,2021-03-19,19,3,2021,11
810,2021-03-20,20,3,2021,11
811,2021-03-21,21,3,2021,11
812,2021-03-22,22,3,2021,12
813,2021-03-23,23,3,2021,12
814,2021-03-24,24,3,2021,12
815,2021-03-25,25,3,2021,12
816,2021-03-26,26,3,2021,12
817,2021-03-27,27,3,2021,12
818,2021-03-28,28,3,2021,12
819,2021-03-29,29,3,2021,13
820,2021-03-30,30,3,2021,13
821,2021-03-31,31,3,2021,13
822,2021-04-01,1,4,2021,13
823,2021-04-02,2,4,2021,13
824,2021-04-03,3,4,2021,13
825,2021-04-04,4,4,2021,13
826,2021-04-05,5,4,2021,14
827,2021-04-06,6,4,2021,14
828,2021-04-07,7,4,2021,14
829,2021-04-08,8,4,2021,14
830,2021-04-09,9,4,2021,14
831,2021-04-10,10,4,2021,14
832,2021-04-11,11,4,2021,14
833,2021-04-12,12,4,2021,15
834,2021-04-13,13,4,2021,15
835,2021-04-14,14,4,2021,15
836,2021-04-15,15,4,2021,15
837,2021-04-16,16,4,2021,15
838,2021-04-17,17,4,2021,15
839,2021-04-18,18,4,2021,15
840,2021-04-19,19,4,2021,16
841,2021-04-20,20,4,2021,16
842,2021-04-21,21,4,2021,16
843,2021-04-22,22,4,2021,16
844,2021-04-23,23,4,2021,16
845,2021-04-24,24,4,2021,16
846,2021-04-25,25,4,2021,16
847,2021-04-26,26,4,2021,17
848,2021-04-27,27,4,2021,17
849,2021-04-28,28,4,2021,17
850,2021-04-29,29,4,2021,17
851,2021-04-30,30,4,2021,17
852,2021-05-01,1,5,2021,17
853,2021-05-02,2,5,2021,17
854,2021-05-03,3,5,2021,18
855,2021-05-04,4,5,2021,18
856,2021-05-05,5,5,2021,18
857,2021-05-06,6,5,2021,18
858,2021-05-07,7,5,2021,18
859,2021-05-08,8,5,2021,18
860,2021-05-09,9,5,2021,18
861,2021-05-10,10,5,2021,19
862,2021-05-11,11,5,2021,19
863,2021-05-12,12,5,2021,19
864,2021-05-13,13,5,2021,19
865,2021-05-14,14,5,2021,19
866,2021-05-15,15,5,2021,19
867,2021-05-16,16,5,2021,19
868,2021-05-17,17,5,2021,20
869,2021-05-18,18,5,2021,20
870,2021-05-19,19,5,2021,20
871,2021-05-20,20,5,2021,20
872,2021-05-21,21,5,2021,20
873,2021-05-22,22,5,2021,20
874,2021-05-23,23,5,2021,20
875,2021-05-24,24,5,2021,21
876,2021-05-25,25,5,2021,21
877,2021-05-26,26,5,2021,21
878,2021-05-27,27,5,2021,21
879,2021-05-28,28,5,2021,21
880,2021-05-29,29,5,2021,21
881,2021-05-30,30,5,2021,21
882,2021-05-31,31,5,2021,22
883,2021-06-01,1,6,2021,22
884,2021-06-02,2,6,2021,22
885,2021-06-03,3,6,2021,22
886,2021-06-04,4,6,2021,22
887,2021-06-05,5,6,2021,22
888,2021-06-06,6,6,2021,22
889,2021-06-07,7,6,2021,23
890,2021-06-08,8,6,2021,23
891,2021-06-09,9,6,2021,23
892,2021-06-10,10,6,2021,23
893,2021-06-11,11,6,2021,23
894,2021-06-12,12,6,2021,23
895,2021-06-13,13,6,2021,23
896,2021-06-14,14,6,2021,24
897,2021-06-15,15,6,2021,24
898,2021-06-16,16,6,2021,24
899,2021-06-17,17,6,2021,24
900,2021-06-18,18,6,2021,24
901,2021-06-19,19,6,2021,24
902,2021-06-20,20,6,2021,24
903,2021-06-21,21,6,2021,25
904,2021-06-22,22,6,2021,25
905,2021-06-23,23,6,2021,25
906,2021-06-24,24,6,2021,25
907,2021-06-25,25,6,2021,25
908,2021-06-26,26,6,2021,25
909,2021-06-27,27,6,2021,25
910,2021-06-28,28,6,2021,26
911,2021-06-29,29,6,2021,26
912,2021-06-30,30,6,2021,26
913,2021-07-01,1,7,2021,26
914,2021-07-02,2,7,2021,26
915,2021-07-03,3,7,2021,26
916,2021-07-04,4,7,2021,26
917,2021-07-05,5,7,2021,27
918,2021-07-06,6,7,2021,27
919,2021-07-07,7,7,2021,27
920,2021-07-08,8,7,2021,27
921,2021-07-09,9,7,2021,27
922,2021-07-10,10,7,2021,27
923,2021-07-11,11,7,2021,27
924,2021-07-12,12,7,2021,28
925,2021-07-13,13,7,2021,28
926,2021-07-14,14,7,2021,28
927,2021-07-15,15,7,2021,28
928,2021-07-16,16,7,2021,28
929,2021-07-17,17,7,2021,28
930,2021-07-18,18,7,2021,28
931,2021-07-19,19,7,2021,29
932,2021-07-20,20,7,2021,29
933,2021-07-21,21,7,2021,29
934,2021-07-22,22,7,2021,29
935,2021-07-23,23,7,2021,29
936,2021-07-24,24,7,2021,29
937,2021-07-25,25,7,2021,29
938,2021-07-26,26,7,2021,30
939,2021-07-27,27,7,2021,30
940,2021-07-28,28,7,2021,30
941,2021-07-29,29,7,2021,30
942,2021-07-30,30,7,2021,30
943,2021-07-31,31,7,2021,30
944,2021-08-01,1,8,2021,30
945,2021-08-02,2,8,2021,31
946,2021-08-03,3,8,2021,31
947,2021-08-04,4,8,2021,31
948,2021-08-05,5,8,2021,31
949,2021-08-06,6,8,2021,31
950,2021-08-07,7,8,2021,31
951,2021-08-08,8,8,2021,31
952,2021-08-09,9,8,2021,32
953,2021-08-10,10,8,2021,32
954,2021-08-11,11,8,2021,32
955,2021-08-12,12,8,2021,32
956,2021-08-13,13,8,2021,32
957,2021-08-14,14,8,2021,32
958,2021-08-15,15,8,2021,32
959,2021-08-16,16,8,2021,33
960,2021-08-17,17,8,2021,33
961,2021-08-18,18,8,2021,33
962,2021-08-19,19,8,2021,33
963,2021-08-20,20,8,2021,33
964,2021-08-21,21,8,2021,33
965,2021-08-22,22,8,2021,33
966,2021-08-23,23,8,2021,34
967,2021-08-24,24,8,2021,34
968,2021-08-25,25,8,2021,34
969,2021-08-26,26,8,2021,34
970,2021-08-27,27,8,2021,34
971,2021-08-28,28,8,2021,34
972,2021-08-29,29,8,2021,34
973,2021-08-30,30,8,2021,35
974,2021-08-31,31,8,2021,35
975,2021-09-01,1,9,2021,35
976,2021-09-02,2,9,2021,35
977,2021-09-03,3,9,2021,35
978,2021-09-04,4,9,2021,35
979,2021-09-05,5,9,2021,35
980,2021-09-06,6,9,2021,36
981,2021-09-07,7,9,2021,36
982,2021-09-08,8,9,2021,36
983,2021-09-09,9,9,2021,36
984,2021-09-10,10,9,2021,36
985,2021-09-11,11,9,2021,36
986,2021-09-12,12,9,2021,36
987,2021-09-13,13,9,2021,37
988,2021-09-14,14,9,2021,37
989,2021-09-15,15,9,2021,37
990,2021-09-16,16,9,2021,37
991,2021-09-17,17,9,2021,37
992,2021-09-18,18,9,2021,37
993,2021-09-19,19,9,2021,37
994,2021-09-20,20,9,2021,38
995,2021-09-21,21,9,2021,38
996,2021-09-22,22,9,2021,38
997,2021-09-23,23,9,2021,38
998,2021-09-24,24,9,2021,38
999,2021-09-25,25,9,2021,38
1000,2021-09-26,26,9,2021,38
1001,2021-09-27,27,9,2021,39
1002,2021-09-28,28,9,2021,39
1003,2021-09-29,29,9,2021,39
1004,2021-09-30,30,9,2021,39
1005,2021-10-01,1,10,2021,39
1006,2021-10-02,2,10,2021,39
1007,2021-10-03,3,10,2021,39
1008,2021-10-04,4,10,2021,40
1009,2021-10-05,5,10,2021,40
1010,2021-10-06,6,10,2021,40
1011,2021-10-07,7,10,2021,40
1012,2021-10-08,8,10,2021,40
1013,2021-10-09,9,10,2021,40
1014,2021-10-10,10,10,2021,40
1015,2021-10-11,11,10,2021,41
1016,2021-10-12,12,10,2021,41
1017,2021-10-13,13,10,2021,41
1018,2021-10-14,14,10,2021,41
1019,2021-10-15,15,10,2021,41
1020,2021-10-16,16,10,2021,41
1021,2021-10-17,17,10,2021,41
1022,2021-10-18,18,10,2021,42
1023,2021-10-19,19,10,2021,42
1024,2021-10-20,20,10,2021,42
1025,2021-10-21,21,10,2021,42
1026,2021-10-22,22,10,2021,42
1027,2021-10-23,23,10,2021,42
1028,2021-10-24,24,10,2021,42
1029,2021-10-25,25,10,2021,43
1030,2021-10-26,26,10,2021,43
1031,2021-10-27,27,10,2021,43
1032,2021-10-28,28,10,2021,43
1033,2021-10-29,29,10,2021,43
1034,2021-10-30,30,10,2021,43
1035,2021-10-31,31,10,2021,43
1036,2021-11-01,1,11,2021,44
1037,2021-11-02,2,11,2021,44
1038,2021-11-03,3,11,2021,44
1039,2021-11-04,4,11,2021,44
1040,2021-11-05,5,11,2021,44
1041,2021-11-06,6,11,2021,44
1042,2021-11-07,7,11,2021,44
1043,2021-11-08,8,11,2021,45
1044,2021-11-09,9,11,2021,45
1045,2021-11-10,10,11,2021,45
1046,2021-11-11,11,11,2021,45
1047,2021-11-12,12,11,2021,45
1048,2021-11-13,13,11,2021,45
1049,2021-11-14,14,11,2021,45
1050,2021-11-15,15,11,2021,46
1051,2021-11-16,16,11,2021,46
1052,2021-11-17,17,11,2021,46
1053,2021-11-18,18,11,2021,46
1054,2021-11-19,19,11,2021,46
1055,2021-11-20,20,11,2021,46
1056,2021-11-21,21,11,2021,46
1057,2021-11-22,22,11,2021,47
1058,2021-11-23,23,11,2021,47
1059,2021-11-24,24,11,2021,47
1060,2021-11-25,25,11,2021,47
1061,2021-11-26,26,11,2021,47
1062,2021-11-27,27,11,2021,47
1063,2021-11-28,28,11,2021,47
1064,2021-11-29,29,11,2021,48
1065,2021-11-30,30,11,2021,48
1066,2021-12-01,1,12,2021,48
1067,2021-12-02,2,12,2021,48
1068,2021-12-03,3,12,2021,48
1069,2021-12-04,4,12,2021,48
1070,2021-12-05,5,12,2021,48
1071,2021-12-06,6,12,2021,49
1072,2021-12-07,7,12,2021,49
1073,2021-12-08,8,12,2021,49
1074,2021-12-09,9,12,2021,49
1075,2021-12-10,10,12,2021,49
1076,2021-12-11,11,12,2021,49
1077,2021-12-12,12,12,2021,49
1078,2021-12-13,13,12,2021,50
1079,2021-12-14,14,12,2021,50
1080,2021-12-15,15,12,2021,50
1081,2021-12-16,16,12,2021,50
1082,2021-12-17,17,12,2021,50
1083,2021-12-18,18,12,2021,50
1084,2021-12-19,19,12,2021,50
1085,2021-12-20,20,12,2021,51
1086,2021-12-21,21,12,2021,51
1087,2021-12-22,22,12,2021,51
1088,2021-12-23,23,12,2021,51
1089,2021-12-24,24,12,2021,51
1090,2021-12-25,25,12,2021,51
1091,2021-12-26,26,12,2021,51
1092,2021-12-27,27,12,2021,52
1093,2021-12-28,28,12,2021,52
1094,2021-12-29,29,12,2021,52
1095,2021-12-30,30,12,2021,52
1096,2021-12-31,31,12,2021,52
1097,2022-01-01,1,1,2022,52
1098,2022-01-02,2,1,2022,52
1099,2022-01-03,3,1,2022,1
1100,2022-01-04,4,1,2022,1
1101,2022-01-05,5,1,2022,1
1102,2022-01-06,6,1,2022,1
1103,2022-01-07,7,1,2022,1
1104,2022-01-08,8,1,2022,1
1105,2022-01-09,9,1,2022,1
1106,2022-01-10,10,1,2022,2
1107,2022-01-11,11,1,2022,2
1108,2022-01-12,12,1,2022,2
1109,2022-01-13,13,1,2022,2
1110,2022-01-14,14,1,2022,2
1111,2022-01-15,15,1,2022,2
1112,2022-01-16,16,1,2022,2
1113,2022-01-17,17,1,2022,3
1114,2022-01-18,18,1,2022,3
1115,2022-01-19,19,1,2022,3
1116,2022-01-20,20,1,2022,3
1117,2022-01-21,21,1,2022,3
1118,2022-01-22,22,1,2022,3
1119,2022-01-23,23,1,2022,3
1120,2022-01-24,24,1,2022,4
1121,2022-01-25,25,1,2022,4
1122,2022-01-26,26,1,2022,4
1123,2022-01-27,27,1,2022,4
1124,2022-01-28,28,1,2022,4
1125,2022-01-29,29,1,2022,4
1126,2022-01-30,30,1,2022,4
1127,2022-01-31,31,1,2022,5
1128,2022-02-01,1,2,2022,5
1129,2022-02-02,2,2,2022,5
1130,2022-02-03,3,2,2022,5
1131,2022-02-04,4,2,2022,5
1132,2022-02-05,5,2,2022,5
1133,2022-02-06,6,2,2022,5
1134,2022-02-07,7,2,2022,6
1135,2022-02-08,8,2,2022,6
1136,2022-02-09,9,2,2022,6
1137,2022-02-10,10,2,2022,6
1138,2022-02-11,11,2,2022,6
1139,2022-02-12,12,2,2022,6
1140,2022-02-13,13,2,2022,6
1141,2022-02-14,14,2,2022,7
1142,2022-02-15,15,2,2022,7
1143,2022-02-16,16,2,2022,7
1144,2022-02-17,17,2,2022,7
1145,2022-02-18,18,2,2022,7
1146,2022-02-19,19,2,2022,7
1147,2022-02-20,20,2,2022,7
1148,2022-02-21,21,2,2022,8
1149,2022-02-22,22,2,2022,8
1150,2022-02-23,23,2,2022,8
1151,2022-02-24,24,2,2022,8
1152,2022-02-25,25,2,2022,8
1153,2022-02-26,26,2,2022,8
1154,2022-02-27,27,2,2022,8
1155,2022-02-28,28,2,2022,9
1156,2022-03-01,1,3,2022,9
1157,2022-03-02,2,3,2022,9
1158,2022-03-03,3,3,2022,9
1159,2022-03-04,4,3,2022,9
1160,2022-03-05,5,3,2022,9
1161,2022-03-06,6,3,2022,9
1162,2022-03-07,7,3,2022,10
1163,2022-03-08,8,3,2022,10
1164,2022-03-09,9,3,2022,10
1165,2022-03-10,10,3,2022,10
1166,2022-03-11,11,3,2022,10
1167,2022-03-12,12,3,2022,10
1168,2022-03-13,13,3,2022,10
1169,2022-03-14,14,3,2022,11
1170,2022-03-15,15,3,2022,11
1171,2022-03-16,16,3,2022,11
1172,2022-03-17,17,3,2022,11
1173,2022-03-18,18,3,2022,11
1174,2022-03-19,19,3,2022,11
1175,2022-03-20,20,3,2022,11
1176,2022-03-21,21,3,2022,12
1177,2022-03-22,22,3,2022,12
1178,2022-03-23,23,3,2022,12
1179,2022-03-24,24,3,2022,12
1180,2022-03-25,25,3,2022,12
1181,2022-03-26,26,3,2022,12
1182,2022-03-27,27,3,2022,12
1183,2022-03-28,28,3,2022,13
1184,2022-03-29,29,3,2022,13
1185,2022-03-30,30,3,2022,13
1186,2022-03-31,31,3,2022,13
1187,2022-04-01,1,4,2022,13
1188,2022-04-02,2,4,2022,13
1189,2022-04-03,3,4,2022,13
1190,2022-04-04,4,4,2022,14
1191,2022-04-05,5,4,2022,14
1192,2022-04-06,6,4,2022,14
1193,2022-04-07,7,4,2022,14
1194,2022-04-08,8,4,2022,14
1195,2022-04-09,9,4,2022,14
1196,2022-04-10,10,4,2022,14
1197,2022-04-11,11,4,2022,15
1198,2022-04-12,12,4,2022,15
1199,2022-04-13,13,4,2022,15
1200,2022-04-14,14,4,2022,15
1201,2022-04-15,15,4,2022,15
1202,2022-04-16,16,4,2022,15
1203,2022-04-17,17,4,2022,15
1204,2022-04-18,18,4,2022,16
1205,2022-04-19,19,4,2022,16
1206,2022-04-20,20,4,2022,16
1207,2022-04-21,21,4,2022,16
1208,2022-04-22,22,4,2022,16
1209,2022-04-23,23,4,2022,16
1210,2022-04-24,24,4,2022,16
1211,2022-04-25,25,4,2022,17
1212,2022-04-26,26,4,2022,17
1213,2022-04-27,27,4,2022,17
1214,2022-04-28,28,4,2022,17
1215,2022-04-29,29,4,2022,17
1216,2022-04-30,30,4,2022,17
1217,2022-05-01,1,5,2022,17
1218,2022-05-02,2,5,2022,18
1219,2022-05-03,3,5,2022,18
1220,2022-05-04,4,5,2022,18
1221,2022-05-05,5,5,2022,18
1222,2022-05-06,6,5,2022,18
1223,2022-05-07,7,5,2022,18
1224,2022-05-08,8,5,2022,18
1225,2022-05-09,9,5,2022,19
1226,2022-05-10,10,5,2022,19
1227,2022-05-11,11,5,2022,19
1228,2022-05-12,12,5,2022,19
1229,2022-05-13,13,5,2022,19
1230,2022-05-14,14,5,2022,19
1231,2022-05-15,15,5,2022,19
1232,2022-05-16,16,5,2022,20
1233,2022-05-17,17,5,2022,20
1234,2022-05-18,18,5,2022,20
1235,2022-05-19,19,5,2022,20
1236,2022-05-20,20,5,2022,20
1237,2022-05-21,21,5,2022,20
1238,2022-05-22,22,5,2022,20
1239,2022-05-23,23,5,2022,21
1240,2022-05-24,24,5,2022,21
1241,2022-05-25,25,5,2022,21
1242,2022-05-26,26,5,2022,21
1243,2022-05-27,27,5,2022,21
1244,2022-05-28,28,5,2022,21
1245,2022-05-29,29,5,2022,21
1246,2022-05-30,30,5,2022,22
1247,2022-05-31,31,5,2022,22
1248,2022-06-01,1,6,2022,22
1249,2022-06-02,2,6,2022,22
1250,2022-06-03,3,6,2022,22
1251,2022-06-04,4,6,2022,22
1252,2022-06-05,5,6,2022,22
1253,2022-06-06,6,6,2022,23
1254,2022-06-07,7,6,2022,23
1255,2022-06-08,8,6,2022,23
1256,2022-06-09,9,6,2022,23
1257,2022-06-10,10,6,2022,23
1258,2022-06-11,11,6,2022,23
1259,2022-06-12,12,6,2022,23
1260,2022-06-13,13,6,2022,24
1261,2022-06-14,14,6,2022,24
1262,2022-06-15,15,6,2022,24
1263,2022-06-16,16,6,2022,24
1264,2022-06-17,17,6,2022,24
1265,2022-06-18,18,6,2022,24
1266,2022-06-19,19,6,2022,24
1267,2022-06-20,20,6,2022,25
1268,2022-06-21,21,6,2022,25
1269,2022-06-22,22,6,2022,25
1270,2022-06-23,23,6,2022,25
1271,2022-06-24,24,6,2022,25
1272,2022-06-25,25,6,2022,25
1273,2022-06-26,26,6,2022,25
1274,2022-06-27,27,6,2022,26
1275,2022-06-28,28,6,2022,26
1276,2022-06-29,29,6,2022,26
1277,2022-06-30,30,6,2022,26
1278,2022-07-01,1,7,2022,26
1279,2022-07-02,2,7,2022,26
1280,2022-07-03,3,7,2022,26
1281,2022-07-04,4,7,2022,27
1282,2022-07-05,5,7,2022,27
1283,2022-07-06,6,7,2022,27
1284,2022-07-07,7,7,2022,27
1285,2022-07-08,8,7,2022,27
1286,2022-07-09,9,7,2022,27
1287,2022-07-10,10,7,2022,27
1288,2022-07-11,11,7,2022,28
1289,2022-07-12,12,7,2022,28
1290,2022-07-13,13,7,2022,28
1291,2022-07-14,14,7,2022,28
1292,2022-07-15,15,7,2022,28
1293,2022-07-16,16,7,2022,28
1294,2022-07-17,17,7,2022,28
1295,2022-07-18,18,7,2022,29
1296,2022-07-19,19,7,2022,29
1297,2022-07-20,20,7,2022,29
1298,2022-07-21,21,7,2022,29
1299,2022-07-22,22,7,2022,29
1300,2022-07-23,23,7,2022,29
1301,2022-07-24,24,7,2022,29
1302,2022-07-25,25,7,2022,30
1303,2022-07-26,26,7,2022,30
1304,2022-07-27,27,7,2022,30
1305,2022-07-28,28,7,2022,30
1306,2022-07-29,29,7,2022,30
1307,2022-07-30,30,7,2022,30
1308,2022-07-31,31,7,2022,30
1309,2022-08-01,1,8,2022,31
1310,2022-08-02,2,8,2022,31
1311,2022-08-03,3,8,2022,31
1312,2022-08-04,4,8,2022,31
1313,2022-08-05,5,8,2022,31
1314,2022-08-06,6,8,2022,31
1315,2022-08-07,7,8,2022,31
1316,2022-08-08,8,8,2022,32
1317,2022-08-09,9,8,2022,32
1318,2022-08-10,10,8,2022,32
1319,2022-08-11,11,8,2022,32
1320,2022-08-12,12,8,2022,32
1321,2022-08-13,13,8,2022,32
1322,2022-08-14,14,8,2022,32
1323,2022-08-15,15,8,2022,33
1324,2022-08-16,16,8,2022,33
1325,2022-08-17,17,8,2022,33
1326,2022-08-18,18,8,2022,33
1327,2022-08-19,19,8,2022,33
1328,2022-08-20,20,8,2022,33
1329,2022-08-21,21,8,2022,33
1330,2022-08-22,22,8,2022,34
1331,2022-08-23,23,8,2022,34
1332,2022-08-24,24,8,2022,34
1333,2022-08-25,25,8,2022,34
1334,2022-08-26,26,8,2022,34
1335,2022-08-27,27,8,2022,34
1336,2022-08-28,28,8,2022,34
1337,2022-08-29,29,8,2022,35
1338,2022-08-30,30,8,2022,35
1339,2022-08-31,31,8,2022,35
1340,2022-09-01,1,9,2022,35
1341,2022-09-02,2,9,2022,35
1342,2022-09-03,3,9,2022,35
1343,2022-09-04,4,9,2022,35
1344,2022-09-05,5,9,2022,36
1345,2022-09-06,6,9,2022,36
1346,2022-09-07,7,9,2022,36
1347,2022-09-08,8,9,2022,36
1348,2022-09-09,9,9,2022,36
1349,2022-09-10,10,9,2022,36
1350,2022-09-11,11,9,2022,36
1351,2022-09-12,12,9,2022,37
1352,2022-09-13,13,9,2022,37
1353,2022-09-14,14,9,2022,37
1354,2022-09-15,15,9,2022,37
1355,2022-09-16,16,9,2022,37
1356,2022-09-17,17,9,2022,37
1357,2022-09-18,18,9,2022,37
1358,2022-09-19,19,9,2022,38
1359,2022-09-20,20,9,2022,38
1360,2022-09-21,21,9,2022,38
1361,2022-09-22,22,9,2022,38
1362,2022-09-23,23,9,2022,38
1363,2022-09-24,24,9,2022,38
1364,2022-09-25,25,9,2022,38
1365,2022-09-26,26,9,2022,39
1366,2022-09-27,27,9,2022,39
1367,2022-09-28,28,9,2022,39
1368,2022-09-29,29,9,2022,39
1369,2022-09-30,30,9,2022,39
1370,2022-10-01,1,10,2022,39
1371,2022-10-02,2,10,2022,39
1372,2022-10-03,3,10,2022,40
1373,2022-10-04,4,10,2022,40
1374,2022-10-05,5,10,2022,40
1375,2022-10-06,6,10,2022,40
1376,2022-10-07,7,10,2022,40
1377,2022-10-08,8,10,2022,40
1378,2022-10-09,9,10,2022,40
1379,2022-10-10,10,10,2022,41
1380,2022-10-11,11,10,2022,41
1381,2022-10-12,12,10,2022,41
1382,2022-10-13,13,10,2022,41
1383,2022-10-14,14,10,2022,41
1384,2022-10-15,15,10,2022,41
1385,2022-10-16,16,10,2022,41
1386,2022-10-17,17,10,2022,42
1387,2022-10-18,18,10,2022,42
1388,2022-10-19,19,10,2022,42
1389,2022-10-20,20,10,2022,42
1390,2022-10-21,21,10,2022,42
1391,2022-10-22,22,10,2022,42
1392,2022-10-23,23,10,2022,42
1393,2022-10-24,24,10,2022,43
1394,2022-10-25,25,10,2022,43
1395,2022-10-26,26,10,2022,43
1396,2022-10-27,27,10,2022,43
1397,2022-10-28,28,10,2022,43
1398,2022-10-29,29,10,2022,43
1399,2022-10-30,30,10,2022,43
1400,2022-10-31,31,10,2022,44
1401,2022-11-01,1,11,2022,44
1402,2022-11-02,2,11,2022,44
1403,2022-11-03,3,11,2022,44
1404,2022-11-04,4,11,2022,44
1405,2022-11-05,5,11,2022,44
1406,2022-11-06,6,11,2022,44
1407,2022-11-07,7,11,2022,45
1408,2022-11-08,8,11,2022,45
1409,2022-11-09,9,11,2022,45
1410,2022-11-10,10,11,2022,45
1411,2022-11-11,11,11,2022,45
1412,2022-11-12,12,11,2022,45
1413,2022-11-13,13,11,2022,45
1414,2022-11-14,14,11,2022,46
1415,2022-11-15,15,11,2022,46
1416,2022-11-16,16,11,2022,46
1417,2022-11-17,17,11,2022,46
1418,2022-11-18,18,11,2022,46
1419,2022-11-19,19,11,2022,46
1420,2022-11-20,20,11,2022,46
1421,2022-11-21,21,11,2022,47
1422,2022-11-22,22,11,2022,47
1423,2022-11-23,23,11,2022,47
1424,2022-11-24,24,11,2022,47
1425,2022-11-25,25,11,2022,47
1426,2022-11-26,26,11,2022,47
1427,2022-11-27,27,11,2022,47
1428,2022-11-28,28,11,2022,48
1429,2022-11-29,29,11,2022,48
1430,2022-11-30,30,11,2022,48
1431,2022-12-01,1,12,2022,48
1432,2022-12-02,2,12,2022,48
1433,2022-12-03,3,12,2022,48
1434,2022-12-04,4,12,2022,48
1435,2022-12-05,5,12,2022,49
1436,2022-12-06,6,12,2022,49
1437,2022-12-07,7,12,2022,49
1438,2022-12-08,8,12,2022,49
1439,2022-12-09,9,12,2022,49
1440,2022-12-10,10,12,2022,49
1441,2022-12-11,11,12,2022,49
1442,2022-12-12,12,12,2022,50
1443,2022-12-13,13,12,2022,50
1444,2022-12-14,14,12,2022,50
1445,2022-12-15,15,12,2022,50
1446,2022-12-16,16,12,2022,50
1447,2022-12-17,17,12,2022,50
1448,2022-12-18,18,12,2022,50
1449,2022-12-19,19,12,2022,51
1450,2022-12-20,20,12,2022,51
1451,2022-12-21,21,12,2022,51
1452,2022-12-22,22,12,2022,51
1453,2022-12-23,23,12,2022,51
1454,2022-12-24,24,12,2022,51
1455,2022-12-25,25,12,2022,51
1456,2022-12-26,26,12,2022,52
1457,2022-12-27,27,12,2022,52
1458,2022-12-28,28,12,2022,52
1459,2022-12-29,29,12,2022,52
1460,2022-12-30,30,12,2022,52
1461,2022-12-31,31,12,2022,52
1462,2023-01-01,1,1,2023,52
1463,2023-01-02,2,1,2023,1
1464,2023-01-03,3,1,2023,1
1465,2023-01-04,4,1,2023,1
1466,2023-01-05,5,1,2023,1
1467,2023-01-06,6,1,2023,1
1468,2023-01-07,7,1,2023,1
1469,2023-01-08,8,1,2023,1
1470,2023-01-09,9,1,2023,2
1471,2023-01-10,10,1,2023,2
1472,2023-01-11,11,1,2023,2
1473,2023-01-12,12,1,2023,2
1474,2023-01-13,13,1,2023,2
1475,2023-01-14,14,1,2023,2
1476,2023-01-15,15,1,2023,2
1477,2023-01-16,16,1,2023,3
1478,2023-01-17,17,1,2023,3
1479,2023-01-18,18,1,2023,3
1480,2023-01-19,19,1,2023,3
1481,2023-01-20,20,1,2023,3
1482,2023-01-21,21,1,2023,3
1483,2023-01-22,22,1,2023,3
1484,2023-01-23,23,1,2023,4
1485,2023-01-24,24,1,2023,4
1486,2023-01-25,25,1,2023,4
1487,2023-01-26,26,1,2023,4
1488,2023-01-27,27,1,2023,4
1489,2023-01-28,28,1,2023,4
1490,2023-01-29,29,1,2023,4
1491,2023-01-30,30,1,2023,5
1492,2023-01-31,31,1,2023,5
1493,2023-02-01,1,2,2023,5
1494,2023-02-02,2,2,2023,5
1495,2023-02-03,3,2,2023,5
1496,2023-02-04,4,2,2023,5
1497,2023-02-05,5,2,2023,5
1498,2023-02-06,6,2,2023,6
1499,2023-02-07,7,2,2023,6
1500,2023-02-08,8,2,2023,6
1501,2023-02-09,9,2,2023,6
1502,2023-02-10,10,2,2023,6
1503,2023-02-11,11,2,2023,6
1504,2023-02-12,12,2,2023,6
1505,2023-02-13,13,2,2023,7
1506,2023-02-14,14,2,2023,7
1507,2023-02-15,15,2,2023,7
1508,2023-02-16,16,2,2023,7
1509,2023-02-17,17,2,2023,7
1510,2023-02-18,18,2,2023,7
1511,2023-02-19,19,2,2023,7
1512,2023-02-20,20,2,2023,8
1513,2023-02-21,21,2,2023,8
1514,2023-02-22,22,2,2023,8
1515,2023-02-23,23,2,2023,8
1516,2023-02-24,24,2,2023,8
1517,2023-02-25,25,2,2023,8
1518,2023-02-26,26,2,2023,8
1519,2023-02-27,27,2,2023,9
1520,2023-02-28,28,2,2023,9
1521,2023-03-01,1,3,2023,9
1522,2023-03-02,2,3,2023,9
1523,2023-03-03,3,3,2023,9
1524,2023-03-04,4,3,2023,9
1525,2023-03-05,5,3,2023,9
1526,2023-03-06,6,3,2023,10
1527,2023-03-07,7,3,2023,10
1528,2023-03-08,8,3,2023,10
1529,2023-03-09,9,3,2023,10
1530,2023-03-10,10,3,2023,10
1531,2023-03-11,11,3,2023,10
1532,2023-03-12,12,3,2023,10
1533,2023-03-13,13,3,2023,11
1534,2023-03-14,14,3,2023,11
1535,2023-03-15,15,3,2023,11
1536,2023-03-16,16,3,2023,11
1537,2023-03-17,17,3,2023,11
1538,2023-03-18,18,3,2023,11
1539,2023-03-19,19,3,2023,11
1540,2023-03-20,20,3,2023,12
1541,2023-03-21,21,3,2023,12
1542,2023-03-22,22,3,2023,12
1543,2023-03-23,23,3,2023,12
1544,2023-03-24,24,3,2023,12
1545,2023-03-25,25,3,2023,12
1546,2023-03-26,26,3,2023,12
1547,2023-03-27,27,3,2023,13
1548,2023-03-28,28,3,2023,13
1549,2023-03-29,29,3,2023,13
1550,2023-03-30,30,3,2023,13
1551,2023-03-31,31,3,2023,13
1552,2023-04-01,1,4,2023,13
1553,2023-04-02,2,4,2023,13
1554,2023-04-03,3,4,2023,14
1555,2023-04-04,4,4,2023,14
1556,2023-04-05,5,4,2023,14
1557,2023-04-06,6,4,2023,14
1558,2023-04-07,7,4,2023,14
1559,2023-04-08,8,4,2023,14
1560,2023-04-09,9,4,2023,14
1561,2023-04-10,10,4,2023,15
1562,2023-04-11,11,4,2023,15
1563,2023-04-12,12,4,2023,15
1564,2023-04-13,13,4,2023,15
1565,2023-04-14,14,4,2023,15
1566,2023-04-15,15,4,2023,15
1567,2023-04-16,16,4,2023,15
1568,2023-04-17,17,4,2023,16
1569,2023-04-18,18,4,2023,16
1570,2023-04-19,19,4,2023,16
1571,2023-04-20,20,4,2023,16
1572,2023-04-21,21,4,2023,16
1573,2023-04-22,22,4,2023,16
1574,2023-04-23,23,4,2023,16
1575,2023-04-24,24,4,2023,17
1576,2023-04-25,25,4,2023,17
1577,2023-04-26,26,4,2023,17
1578,2023-04-27,27,4,2023,17
1579,2023-04-28,28,4,2023,17
1580,2023-04-29,29,4,2023,17
1581,2023-04-30,30,4,2023,17
1582,2023-05-01,1,5,2023,18
1583,2023-05-02,2,5,2023,18
1584,2023-05-03,3,5,2023,18
1585,2023-05-04,4,5,2023,18
1586,2023-05-05,5,5,2023,18
1587,2023-05-06,6,5,2023,18
1588,2023-05-07,7,5,2023,18
1589,2023-05-08,8,5,2023,19
1590,2023-05-09,9,5,2023,19
1591,2023-05-10,10,5,2023,19
1592,2023-05-11,11,5,2023,19
1593,2023-05-12,12,5,2023,19
1594,2023-05-13,13,5,2023,19
1595,2023-05-14,14,5,2023,19
1596,2023-05-15,15,5,2023,20
1597,2023-05-16,16,5,2023,20
1598,2023-05-17,17,5,2023,20
1599,2023-05-18,18,5,2023,20
1600,2023-05-19,19,5,2023,20
1601,2023-05-20,20,5,2023,20
1602,2023-05-21,21,5,2023,20
1603,2023-05-22,22,5,2023,21
1604,2023-05-23,23,5,2023,21
1605,2023-05-24,24,5,2023,21
1606,2023-05-25,25,5,2023,21
1607,2023-05-26,26,5,2023,21
1608,2023-05-27,27,5,2023,21
1609,2023-05-28,28,5,2023,21
1610,2023-05-29,29,5,2023,22
1611,2023-05-30,30,5,2023,22
1612,2023-05-31,31,5,2023,22
1613,2023-06-01,1,6,2023,22
1614,2023-06-02,2,6,2023,22
1615,2023-06-03,3,6,2023,22
1616,2023-06-04,4,6,2023,22
1617,2023-06-05,5,6,2023,23
1618,2023-06-06,6,6,2023,23
1619,2023-06-07,7,6,2023,23
1620,2023-06-08,8,6,2023,23
1621,2023-06-09,9,6,2023,23
1622,2023-06-10,10,6,2023,23
1623,2023-06-11,11,6,2023,23
1624,2023-06-12,12,6,2023,24
1625,2023-06-13,13,6,2023,24
1626,2023-06-14,14,6,2023,24
1627,2023-06-15,15,6,2023,24
1628,2023-06-16,16,6,2023,24
1629,2023-06-17,17,6,2023,24
1630,2023-06-18,18,6,2023,24
1631,2023-06-19,19,6,2023,25
1632,2023-06-20,20,6,2023,25
1633,2023-06-21,21,6,2023,25
1634,2023-06-22,22,6,2023,25
1635,2023-06-23,23,6,2023,25
1636,2023-06-24,24,6,2023,25
1637,2023-06-25,25,6,2023,25
1638,2023-06-26,26,6,2023,26
1639,2023-06-27,27,6,2023,26
1640,2023-06-28,28,6,2023,26
1641,2023-06-29,29,6,2023,26
1642,2023-06-30,30,6,2023,26
1643,2023-07-01,1,7,2023,26
1644,2023-07-02,2,7,2023,26
1645,2023-07-03,3,7,2023,27
1646,2023-07-04,4,7,2023,27
1647,2023-07-05,5,7,2023,27
1648,2023-07-06,6,7,2023,27
1649,2023-07-07,7,7,2023,27
1650,2023-07-08,8,7,2023,27
1651,2023-07-09,9,7,2023,27
1652,2023-07-10,10,7,2023,28
1653,2023-07-11,11,7,2023,28
1654,2023-07-12,12,7,2023,28
1655,2023-07-13,13,7,2023,28
1656,2023-07-14,14,7,2023,28
1657,2023-07-15,15,7,2023,28
1658,2023-07-16,16,7,2023,28
1659,2023-07-17,17,7,2023,29
1660,2023-07-18,18,7,2023,29
1661,2023-07-19,19,7,2023,29
1662,2023-07-20,20,7,2023,29
1663,2023-07-21,21,7,2023,29
1664,2023-07-22,22,7,2023,29
1665,2023-07-23,23,7,2023,29
1666,2023-07-24,24,7,2023,30
1667,2023-07-25,25,7,2023,30
1668,2023-07-26,26,7,2023,30
1669,2023-07-27,27,7,2023,30
1670,2023-07-28,28,7,2023,30
1671,2023-07-29,29,7,2023,30
1672,2023-07-30,30,7,2023,30
1673,2023-07-31,31,7,2023,31
1674,2023-08-01,1,8,2023,31
1675,2023-08-02,2,8,2023,31
1676,2023-08-03,3,8,2023,31
1677,2023-08-04,4,8,2023,31
1678,2023-08-05,5,8,2023,31
1679,2023-08-06,6,8,2023,31
1680,2023-08-07,7,8,2023,32
1681,2023-08-08,8,8,2023,32
1682,2023-08-09,9,8,2023,32
1683,2023-08-10,10,8,2023,32
1684,2023-08-11,11,8,2023,32
1685,2023-08-12,12,8,2023,32
1686,2023-08-13,13,8,2023,32
1687,2023-08-14,14,8,2023,33
1688,2023-08-15,15,8,2023,33
1689,2023-08-16,16,8,2023,33
1690,2023-08-17,17,8,2023,33
1691,2023-08-18,18,8,2023,33
1692,2023-08-19,19,8,2023,33
1693,2023-08-20,20,8,2023,33
1694,2023-08-21,21,8,2023,34
1695,2023-08-22,22,8,2023,34
1696,2023-08-23,23,8,2023,34
1697,2023-08-24,24,8,2023,34
1698,2023-08-25,25,8,2023,34
1699,2023-08-26,26,8,2023,34
1700,2023-08-27,27,8,2023,34
1701,2023-08-28,28,8,2023,35
1702,2023-08-29,29,8,2023,35
1703,2023-08-30,30,8,2023,35
1704,2023-08-31,31,8,2023,35
1705,2023-09-01,1,9,2023,35
1706,2023-09-02,2,9,2023,35
1707,2023-09-03,3,9,2023,35
1708,2023-09-04,4,9,2023,36
1709,2023-09-05,5,9,2023,36
1710,2023-09-06,6,9,2023,36
1711,2023-09-07,7,9,2023,36
1712,2023-09-08,8,9,2023,36
1713,2023-09-09,9,9,2023,36
1714,2023-09-10,10,9,2023,36
1715,2023-09-11,11,9,2023,37
1716,2023-09-12,12,9,2023,37
1717,2023-09-13,13,9,2023,37
1718,2023-09-14,14,9,2023,37
1719,2023-09-15,15,9,2023,37
1720,2023-09-16,16,9,2023,37
1721,2023-09-17,17,9,2023,37
1722,2023-09-18,18,9,2023,38
1723,2023-09-19,19,9,2023,38
1724,2023-09-20,20,9,2023,38
1725,2023-09-21,21,9,2023,38
1726,2023-09-22,22,9,2023,38
1727,2023-09-23,23,9,2023,38
1728,2023-09-24,24,9,2023,38
1729,2023-09-25,25,9,2023,39
1730,2023-09-26,26,9,2023,39
1731,2023-09-27,27,9,2023,39
1732,2023-09-28,28,9,2023,39
1733,2023-09-29,29,9,2023,39
1734,2023-09-30,30,9,2023,39
1735,2023-10-01,1,10,2023,39
1736,2023-10-02,2,10,2023,40
1737,2023-10-03,3,10,2023,40
1738,2023-10-04,4,10,2023,40
1739,2023-10-05,5,10,2023,40
1740,2023-10-06,6,10,2023,40
1741,2023-10-07,7,10,2023,40
1742,2023-10-08,8,10,2023,40
1743,2023-10-09,9,10,2023,41
1744,2023-10-10,10,10,2023,41
1745,2023-10-11,11,10,2023,41
1746,2023-10-12,12,10,2023,41
1747,2023-10-13,13,10,2023,41
1748,2023-10-14,14,10,2023,41
1749,2023-10-15,15,10,2023,41
1750,2023-10-16,16,10,2023,42
1751,2023-10-17,17,10,2023,42
1752,2023-10-18,18,10,2023,42
1753,2023-10-19,19,10,2023,42
1754,2023-10-20,20,10,2023,42
1755,2023-10-21,21,10,2023,42
1756,2023-10-22,22,10,2023,42
1757,2023-10-23,23,10,2023,43
1758,2023-10-24,24,10,2023,43
1759,2023-10-25,25,10,2023,43
1760,2023-10-26,26,10,2023,43
1761,2023-10-27,27,10,2023,43
1762,2023-10-28,28,10,2023,43
1763,2023-10-29,29,10,2023,43
1764,2023-10-30,30,10,2023,44
1765,2023-10-31,31,10,2023,44
1766,2023-11-01,1,11,2023,44
1767,2023-11-02,2,11,2023,44
1768,2023-11-03,3,11,2023,44
1769,2023-11-04,4,11,2023,44
1770,2023-11-05,5,11,2023,44
1771,2023-11-06,6,11,2023,45
1772,2023-11-07,7,11,2023,45
1773,2023-11-08,8,11,2023,45
1774,2023-11-09,9,11,2023,45
1775,2023-11-10,10,11,2023,45
1776,2023-11-11,11,11,2023,45
1777,2023-11-12,12,11,2023,45
1778,2023-11-13,13,11,2023,46
1779,2023-11-14,14,11,2023,46
1780,2023-11-15,15,11,2023,46
1781,2023-11-16,16,11,2023,46
1782,2023-11-17,17,11,2023,46
1783,2023-11-18,18,11,2023,46
1784,2023-11-19,19,11,2023,46
1785,2023-11-20,20,11,2023,47
1786,2023-11-21,21,11,2023,47
1787,2023-11-22,22,11,2023,47
1788,2023-11-23,23,11,2023,47
1789,2023-11-24,24,11,2023,47
1790,2023-11-25,25,11,2023,47
1791,2023-11-26,26,11,2023,47
1792,2023-11-27,27,11,2023,48
1793,2023-11-28,28,11,2023,48
1794,2023-11-29,29,11,2023,48
1795,2023-11-30,30,11,2023,48
1796,2023-12-01,1,12,2023,48
1797,2023-12-02,2,12,2023,48
1798,2023-12-03,3,12,2023,48
1799,2023-12-04,4,12,2023,49
1800,2023-12-05,5,12,2023,49
1801,2023-12-06,6,12,2023,49
1802,2023-12-07,7,12,2023,49
1803,2023-12-08,8,12,2023,49
1804,2023-12-09,9,12,2023,49
1805,2023-12-10,10,12,2023,49
1806,2023-12-11,11,12,2023,50
1807,2023-12-12,12,12,2023,50
1808,2023-12-13,13,12,2023,50
1809,2023-12-14,14,12,2023,50
1810,2023-12-15,15,12,2023,50
1811,2023-12-16,16,12,2023,50
1812,2023-12-17,17,12,2023,50
1813,2023-12-18,18,12,2023,51
1814,2023-12-19,19,12,2023,51
1815,2023-12-20,20,12,2023,51
1816,2023-12-21,21,12,2023,51
1817,2023-12-22,22,12,2023,51
1818,2023-12-23,23,12,2023,51
1819,2023-12-24,24,12,2023,51
1820,2023-12-25,25,12,2023,52
1821,2023-12-26,26,12,2023,52
1822,2023-12-27,27,12,2023,52
1823,2023-12-28,28,12,2023,52
1824,2023-12-29,29,12,2023,52
1825,2023-12-30,30,12,2023,52
1826,2023-12-31,31,12,2023,52
1827,2024-01-01,1,1,2024,1
1828,2024-01-02,2,1,2024,1
1829,2024-01-03,3,1,2024,1
1830,2024-01-04,4,1,2024,1
1831,2024-01-05,5,1,2024,1
1832,2024-01-06,6,1,2024,1
1833,2024-01-07,7,1,2024,1
1834,2024-01-08,8,1,2024,2
1835,2024-01-09,9,1,2024,2
1836,2024-01-10,10,1,2024,2
1837,2024-01-11,11,1,2024,2
1838,2024-01-12,12,1,2024,2
1839,2024-01-13,13,1,2024,2
1840,2024-01-14,14,1,2024,2
1841,2024-01-15,15,1,2024,3
1842,2024-01-16,16,1,2024,3
1843,2024-01-17,17,1,2024,3
1844,2024-01-18,18,1,2024,3
1845,2024-01-19,19,1,2024,3
1846,2024-01-20,20,1,2024,3
1847,2024-01-21,21,1,2024,3
1848,2024-01-22,22,1,2024,4
1849,2024-01-23,23,1,2024,4
1850,2024-01-24,24,1,2024,4
1851,2024-01-25,25,1,2024,4
1852,2024-01-26,26,1,2024,4
1853,2024-01-27,27,1,2024,4
1854,2024-01-28,28,1,2024,4
1855,2024-01-29,29,1,2024,5
1856,2024-01-30,30,1,2024,5
1857,2024-01-31,31,1,2024,5
1858,2024-02-01,1,2,2024,5
1859,2024-02-02,2,2,2024,5
1860,2024-02-03,3,2,2024,5
1861,2024-02-04,4,2,2024,5
1862,2024-02-05,5,2,2024,6
1863,2024-02-06,6,2,2024,6
1864,2024-02-07,7,2,2024,6
1865,2024-02-08,8,2,2024,6
1866,2024-02-09,9,2,2024,6
1867,2024-02-10,10,2,2024,6
1868,2024-02-11,11,2,2024,6
1869,2024-02-12,12,2,2024,7
1870,2024-02-13,13,2,2024,7
1871,2024-02-14,14,2,2024,7
1872,2024-02-15,15,2,2024,7
1873,2024-02-16,16,2,2024,7
1874,2024-02-17,17,2,2024,7
1875,2024-02-18,18,2,2024,7
1876,2024-02-19,19,2,2024,8
1877,2024-02-20,20,2,2024,8
1878,2024-02-21,21,2,2024,8
1879,2024-02-22,22,2,2024,8
1880,2024-02-23,23,2,2024,8
1881,2024-02-24,24,2,2024,8
1882,2024-02-25,25,2,2024,8
1883,2024-02-26,26,2,2024,9
1884,2024-02-27,27,2,2024,9
1885,2024-02-28,28,2,2024,9
1886,2024-02-29,29,2,2024,9
1887,2024-03-01,1,3,2024,9
1888,2024-03-02,2,3,2024,9
1889,2024-03-03,3,3,2024,9
1890,2024-03-04,4,3,2024,10
1891,2024-03-05,5,3,2024,10
1892,2024-03-06,6,3,2024,10
1893,2024-03-07,7,3,2024,10
1894,2024-03-08,8,3,2024,10
1895,2024-03-09,9,3,2024,10
1896,2024-03-10,10,3,2024,10
1897,2024-03-11,11,3,2024,11
1898,2024-03-12,12,3,2024,11
1899,2024-03-13,13,3,2024,11
1900,2024-03-14,14,3,2024,11
1901,2024-03-15,15,3,2024,11
1902,2024-03-16,16,3,2024,11
1903,2024-03-17,17,3,2024,11
1904,2024-03-18,18,3,2024,12
1905,2024-03-19,19,3,2024,12
1906,2024-03-20,20,3,2024,12
1907,2024-03-21,21,3,2024,12
1908,2024-03-22,22,3,2024,12
1909,2024-03-23,23,3,2024,12
1910,2024-03-24,24,3,2024,12
1911,2024-03-25,25,3,2024,13
1912,2024-03-26,26,3,2024,13
1913,2024-03-27,27,3,2024,13
1914,2024-03-28,28,3,2024,13
1915,2024-03-29,29,3,2024,13
1916,2024-03-30,30,3,2024,13
1917,2024-03-31,31,3,2024,13
1918,2024-04-01,1,4,2024,14
1919,2024-04-02,2,4,2024,14
1920,2024-04-03,3,4,2024,14
1921,2024-04-04,4,4,2024,14
1922,2024-04-05,5,4,2024,14
1923,2024-04-06,6,4,2024,14
1924,2024-04-07,7,4,2024,14
1925,2024-04-08,8,4,2024,15
1926,2024-04-09,9,4,2024,15
1927,2024-04-10,10,4,2024,15
1928,2024-04-11,11,4,2024,15
1929,2024-04-12,12,4,2024,15
1930,2024-04-13,13,4,2024,15
1931,2024-04-14,14,4,2024,15
1932,2024-04-15,15,4,2024,16
1933,2024-04-16,16,4,2024,16
1934,2024-04-17,17,4,2024,16
1935,2024-04-18,18,4,2024,16
1936,2024-04-19,19,4,2024,16
1937,2024-04-20,20,4,2024,16
1938,2024-04-21,21,4,2024,16
1939,2024-04-22,22,4,2024,17
1940,2024-04-23,23,4,2024,17
1941,2024-04-24,24,4,2024,17
1942,2024-04-25,25,4,2024,17
1943,2024-04-26,26,4,2024,17
1944,2024-04-27,27,4,2024,17
1945,2024-04-28,28,4,2024,17
1946,2024-04-29,29,4,2024,18
1947,2024-04-30,30,4,2024,18
1948,2024-05-01,1,5,2024,18
1949,2024-05-02,2,5,2024,18
1950,2024-05-03,3,5,2024,18
1951,2024-05-04,4,5,2024,18
1952,2024-05-05,5,5,2024,18
1953,2024-05-06,6,5,2024,19
1954,2024-05-07,7,5,2024,19
1955,2024-05-08,8,5,2024,19
1956,2024-05-09,9,5,2024,19
1957,2024-05-10,10,5,2024,19
1958,2024-05-11,11,5,2024,19
1959,2024-05-12,12,5,2024,19
1960,2024-05-13,13,5,2024,20
1961,2024-05-14,14,5,2024,20
1962,2024-05-15,15,5,2024,20
1963,2024-05-16,16,5,2024,20
1964,2024-05-17,17,5,2024,20
1965,2024-05-18,18,5,2024,20
1966,2024-05-19,19,5,2024,20
1967,2024-05-20,20,5,2024,21
1968,2024-05-21,21,5,2024,21
1969,2024-05-22,22,5,2024,21
1970,2024-05-23,23,5,2024,21
1971,2024-05-24,24,5,2024,21
1972,2024-05-25,25,5,2024,21
1973,2024-05-26,26,5,2024,21
1974,2024-05-27,27,5,2024,22
1975,2024-05-28,28,5,2024,22
1976,2024-05-29,29,5,2024,22
1977,2024-05-30,30,5,2024,22
1978,2024-05-31,31,5,2024,22
1979,2024-06-01,1,6,2024,22
1980,2024-06-02,2,6,2024,22
1981,2024-06-03,3,6,2024,23
1982,2024-06-04,4,6,2024,23
1983,2024-06-05,5,6,2024,23
1984,2024-06-06,6,6,2024,23
1985,2024-06-07,7,6,2024,23
1986,2024-06-08,8,6,2024,23
1987,2024-06-09,9,6,2024,23
1988,2024-06-10,10,6,2024,24
1989,2024-06-11,11,6,2024,24
1990,2024-06-12,12,6,2024,24
1991,2024-06-13,13,6,2024,24
1992,2024-06-14,14,6,2024,24
1993,2024-06-15,15,6,2024,24
1994,2024-06-16,16,6,2024,24
1995,2024-06-17,17,6,2024,25
1996,2024-06-18,18,6,2024,25
1997,2024-06-19,19,6,2024,25
1998,2024-06-20,20,6,2024,25
1999,2024-06-21,21,6,2024,25
2000,2024-06-22,22,6,2024,25
2001,2024-06-23,23,6,2024,25
2002,2024-06-24,24,6,2024,26
2003,2024-06-25,25,6,2024,26
2004,2024-06-26,26,6,2024,26
2005,2024-06-27,27,6,2024,26
2006,2024-06-28,28,6,2024,26
2007,2024-06-29,29,6,2024,26
2008,2024-06-30,30,6,2024,26
2009,2024-07-01,1,7,2024,27
2010,2024-07-02,2,7,2024,27
2011,2024-07-03,3,7,2024,27
2012,2024-07-04,4,7,2024,27
2013,2024-07-05,5,7,2024,27
2014,2024-07-06,6,7,2024,27
2015,2024-07-07,7,7,2024,27
2016,2024-07-08,8,7,2024,28
2017,2024-07-09,9,7,2024,28
2018,2024-07-10,10,7,2024,28
2019,2024-07-11,11,7,2024,28
2020,2024-07-12,12,7,2024,28
2021,2024-07-13,13,7,2024,28
2022,2024-07-14,14,7,2024,28
2023,2024-07-15,15,7,2024,29
2024,2024-07-16,16,7,2024,29
2025,2024-07-17,17,7,2024,29
2026,2024-07-18,18,7,2024,29
2027,2024-07-19,19,7,2024,29
2028,2024-07-20,20,7,2024,29
2029,2024-07-21,21,7,2024,29
2030,2024-07-22,22,7,2024,30
2031,2024-07-23,23,7,2024,30
2032,2024-07-24,24,7,2024,30
2033,2024-07-25,25,7,2024,30
2034,2024-07-26,26,7,2024,30
2035,2024-07-27,27,7,2024,30
2036,2024-07-28,28,7,2024,30
2037,2024-07-29,29,7,2024,31
2038,2024-07-30,30,7,2024,31
2039,2024-07-31,31,7,2024,31
2040,2024-08-01,1,8,2024,31
2041,2024-08-02,2,8,2024,31
2042,2024-08-03,3,8,2024,31
2043,2024-08-04,4,8,2024,31
2044,2024-08-05,5,8,2024,32
2045,2024-08-06,6,8,2024,32
2046,2024-08-07,7,8,2024,32
2047,2024-08-08,8,8,2024,32
2048,2024-08-09,9,8,2024,32
2049,2024-08-10,10,8,2024,32
2050,2024-08-11,11,8,2024,32
2051,2024-08-12,12,8,2024,33
2052,2024-08-13,13,8,2024,33
2053,2024-08-14,14,8,2024,33
2054,2024-08-15,15,8,2024,33
2055,2024-08-16,16,8,2024,33
2056,2024-08-17,17,8,2024,33
2057,2024-08-18,18,8,2024,33
2058,2024-08-19,19,8,2024,34
2059,2024-08-20,20,8,2024,34
2060,2024-08-21,21,8,2024,34
2061,2024-08-22,22,8,2024,34
2062,2024-08-23,23,8,2024,34
2063,2024-08-24,24,8,2024,34
2064,2024-08-25,25,8,2024,34
2065,2024-08-26,26,8,2024,35
2066,2024-08-27,27,8,2024,35
2067,2024-08-28,28,8,2024,35
2068,2024-08-29,29,8,2024,35
2069,2024-08-30,30,8,2024,35
2070,2024-08-31,31,8,2024,35
2071,2024-09-01,1,9,2024,35
2072,2024-09-02,2,9,2024,36
2073,2024-09-03,3,9,2024,36
2074,2024-09-04,4,9,2024,36
2075,2024-09-05,5,9,2024,36
2076,2024-09-06,6,9,2024,36
2077,2024-09-07,7,9,2024,36
2078,2024-09-08,8,9,2024,36
2079,2024-09-09,9,9,2024,37
2080,2024-09-10,10,9,2024,37
2081,2024-09-11,11,9,2024,37
2082,2024-09-12,12,9,2024,37
2083,2024-09-13,13,9,2024,37
2084,2024-09-14,14,9,2024,37
2085,2024-09-15,15,9,2024,37
2086,2024-09-16,16,9,2024,38
2087,2024-09-17,17,9,2024,38
2088,2024-09-18,18,9,2024,38
2089,2024-09-19,19,9,2024,38
2090,2024-09-20,20,9,2024,38
2091,2024-09-21,21,9,2024,38
2092,2024-09-22,22,9,2024,38
2093,2024-09-23,23,9,2024,39
2094,2024-09-24,24,9,2024,39
2095,2024-09-25,25,9,2024,39
2096,2024-09-26,26,9,2024,39
2097,2024-09-27,27,9,2024,39
2098,2024-09-28,28,9,2024,39
2099,2024-09-29,29,9,2024,39
2100,2024-09-30,30,9,2024,40
2101,2024-10-01,1,10,2024,40
2102,2024-10-02,2,10,2024,40
2103,2024-10-03,3,10,2024,40
2104,2024-10-04,4,10,2024,40
2105,2024-10-05,5,10,2024,40
2106,2024-10-06,6,10,2024,40
2107,2024-10-07,7,10,2024,41
2108,2024-10-08,8,10,2024,41
2109,2024-10-09,9,10,2024,41
2110,2024-10-10,10,10,2024,41
2111,2024-10-11,11,10,2024,41
2112,2024-10-12,12,10,2024,41
2113,2024-10-13,13,10,2024,41
2114,2024-10-14,14,10,2024,42
2115,2024-10-15,15,10,2024,42
2116,2024-10-16,16,10,2024,42
2117,2024-10-17,17,10,2024,42
2118,2024-10-18,18,10,2024,42
2119,2024-10-19,19,10,2024,42
2120,2024-10-20,20,10,2024,42
2121,2024-10-21,21,10,2024,43
2122,2024-10-22,22,10,2024,43
2123,2024-10-23,23,10,2024,43
2124,2024-10-24,24,10,2024,43
2125,2024-10-25,25,10,2024,43
2126,2024-10-26,26,10,2024,43
2127,2024-10-27,27,10,2024,43
2128,2024-10-28,28,10,2024,44
2129,2024-10-29,29,10,2024,44
2130,2024-10-30,30,10,2024,44
2131,2024-10-31,31,10,2024,44
2132,2024-11-01,1,11,2024,44
2133,2024-11-02,2,11,2024,44
2134,2024-11-03,3,11,2024,44
2135,2024-11-04,4,11,2024,45
2136,2024-11-05,5,11,2024,45
2137,2024-11-06,6,11,2024,45
2138,2024-11-07,7,11,2024,45
2139,2024-11-08,8,11,2024,45
2140,2024-11-09,9,11,2024,45
2141,2024-11-10,10,11,2024,45
2142,2024-11-11,11,11,2024,46
2143,2024-11-12,12,11,2024,46
2144,2024-11-13,13,11,2024,46
2145,2024-11-14,14,11,2024,46
2146,2024-11-15,15,11,2024,46
2147,2024-11-16,16,11,2024,46
2148,2024-11-17,17,11,2024,46
2149,2024-11-18,18,11,2024,47
2150,2024-11-19,19,11,2024,47
2151,2024-11-20,20,11,2024,47
2152,2024-11-21,21,11,2024,47
2153,2024-11-22,22,11,2024,47
2154,2024-11-23,23,11,2024,47
2155,2024-11-24,24,11,2024,47
2156,2024-11-25,25,11,2024,48
2157,2024-11-26,26,11,2024,48
2158,2024-11-27,27,11,2024,48
2159,2024-11-28,28,11,2024,48
2160,2024-11-29,29,11,2024,48
2161,2024-11-30,30,11,2024,48
2162,2024-12-01,1,12,2024,48
2163,2024-12-02,2,12,2024,49
2164,2024-12-03,3,12,2024,49
2165,2024-12-04,4,12,2024,49
2166,2024-12-05,5,12,2024,49
2167,2024-12-06,6,12,2024,49
2168,2024-12-07,7,12,2024,49
2169,2024-12-08,8,12,2024,49
2170,2024-12-09,9,12,2024,50
2171,2024-12-10,10,12,2024,50
2172,2024-12-11,11,12,2024,50
2173,2024-12-12,12,12,2024,50
2174,2024-12-13,13,12,2024,50
2175,2024-12-14,14,12,2024,50
2176,2024-12-15,15,12,2024,50
2177,2024-12-16,16,12,2024,51
2178,2024-12-17,17,12,2024,51
2179,2024-12-18,18,12,2024,51
2180,2024-12-19,19,12,2024,51
2181,2024-12-20,20,12,2024,51
2182,2024-12-21,21,12,2024,51
2183,2024-12-22,22,12,2024,51
2184,2024-12-23,23,12,2024,52
2185,2024-12-24,24,12,2024,52
2186,2024-12-25,25,12,2024,52
2187,2024-12-26,26,12,2024,52
2188,2024-12-27,27,12,2024,52
2189,2024-12-28,28,12,2024,52
2190,2024-12-29,29,12,2024,52
2191,2024-12-30,30,12,2024,1
2192,2024-12-31,31,12,2024,1
2193,2025-01-01,1,1,2025,1
2194,2025-01-02,2,1,2025,1
2195,2025-01-03,3,1,2025,1
2196,2025-01-04,4,1,2025,1
2197,2025-01-05,5,1,2025,1
2198,2025-01-06,6,1,2025,2
2199,2025-01-07,7,1,2025,2
2200,2025-01-08,8,1,2025,2
2201,2025-01-09,9,1,2025,2
2202,2025-01-10,10,1,2025,2
2203,2025-01-11,11,1,2025,2
2204,2025-01-12,12,1,2025,2
2205,2025-01-13,13,1,2025,3
2206,2025-01-14,14,1,2025,3
2207,2025-01-15,15,1,2025,3
2208,2025-01-16,16,1,2025,3
2209,2025-01-17,17,1,2025,3
2210,2025-01-18,18,1,2025,3
2211,2025-01-19,19,1,2025,3
2212,2025-01-20,20,1,2025,4
2213,2025-01-21,21,1,2025,4
2214,2025-01-22,22,1,2025,4
2215,2025-01-23,23,1,2025,4
2216,2025-01-24,24,1,2025,4
2217,2025-01-25,25,1,2025,4
2218,2025-01-26,26,1,2025,4
2219,2025-01-27,27,1,2025,5
2220,2025-01-28,28,1,2025,5
2221,2025-01-29,29,1,2025,5
2222,2025-01-30,30,1,2025,5
2223,2025-01-31,31,1,2025,5
2224,2025-02-01,1,2,2025,5
2225,2025-02-02,2,2,2025,5
2226,2025-02-03,3,2,2025,6
2227,2025-02-04,4,2,2025,6
2228,2025-02-05,5,2,2025,6
2229,2025-02-06,6,2,2025,6
2230,2025-02-07,7,2,2025,6
2231,2025-02-08,8,2,2025,6
2232,2025-02-09,9,2,2025,6
2233,2025-02-10,10,2,2025,7
2234,2025-02-11,11,2,2025,7
2235,2025-02-12,12,2,2025,7
2236,2025-02-13,13,2,2025,7
2237,2025-02-14,14,2,2025,7
2238,2025-02-15,15,2,2025,7
2239,2025-02-16,16,2,2025,7
2240,2025-02-17,17,2,2025,8
2241,2025-02-18,18,2,2025,8
2242,2025-02-19,19,2,2025,8
2243,2025-02-20,20,2,2025,8
2244,2025-02-21,21,2,2025,8
2245,2025-02-22,22,2,2025,8
2246,2025-02-23,23,2,2025,8
2247,2025-02-24,24,2,2025,9
2248,2025-02-25,25,2,2025,9
2249,2025-02-26,26,2,2025,9
2250,2025-02-27,27,2,2025,9
2251,2025-02-28,28,2,2025,9
2252,2025-03-01,1,3,2025,9
2253,2025-03-02,2,3,2025,9
2254,2025-03-03,3,3,2025,10
2255,2025-03-04,4,3,2025,10
2256,2025-03-05,5,3,2025,10
2257,2025-03-06,6,3,2025,10
2258,2025-03-07,7,3,2025,10
2259,2025-03-08,8,3,2025,10
2260,2025-03-09,9,3,2025,10
2261,2025-03-10,10,3,2025,11
2262,2025-03-11,11,3,2025,11
2263,2025-03-12,12,3,2025,11
2264,2025-03-13,13,3,2025,11
2265,2025-03-14,14,3,2025,11
2266,2025-03-15,15,3,2025,11
2267,2025-03-16,16,3,2025,11
2268,2025-03-17,17,3,2025,12
2269,2025-03-18,18,3,2025,12
2270,2025-03-19,19,3,2025,12
2271,2025-03-20,20,3,2025,12
2272,2025-03-21,21,3,2025,12
2273,2025-03-22,22,3,2025,12
2274,2025-03-23,23,3,2025,12
2275,2025-03-24,24,3,2025,13
2276,2025-03-25,25,3,2025,13
2277,2025-03-26,26,3,2025,13
2278,2025-03-27,27,3,2025,13
2279,2025-03-28,28,3,2025,13
2280,2025-03-29,29,3,2025,13
2281,2025-03-30,30,3,2025,13
2282,2025-03-31,31,3,2025,14
2283,2025-04-01,1,4,2025,14
2284,2025-04-02,2,4,2025,14
2285,2025-04-03,3,4,2025,14
2286,2025-04-04,4,4,2025,14
2287,2025-04-05,5,4,2025,14
2288,2025-04-06,6,4,2025,14
2289,2025-04-07,7,4,2025,15
2290,2025-04-08,8,4,2025,15
2291,2025-04-09,9,4,2025,15
2292,2025-04-10,10,4,2025,15
2293,2025-04-11,11,4,2025,15
2294,2025-04-12,12,4,2025,15
2295,2025-04-13,13,4,2025,15
2296,2025-04-14,14,4,2025,16
2297,2025-04-15,15,4,2025,16
2298,2025-04-16,16,4,2025,16
2299,2025-04-17,17,4,2025,16
2300,2025-04-18,18,4,2025,16
2301,2025-04-19,19,4,2025,16
2302,2025-04-20,20,4,2025,16
2303,2025-04-21,21,4,2025,17
2304,2025-04-22,22,4,2025,17
2305,2025-04-23,23,4,2025,17
2306,2025-04-24,24,4,2025,17
2307,2025-04-25,25,4,2025,17
2308,2025-04-26,26,4,2025,17
2309,2025-04-27,27,4,2025,17
2310,2025-04-28,28,4,2025,18
2311,2025-04-29,29,4,2025,18
2312,2025-04-30,30,4,2025,18
2313,2025-05-01,1,5,2025,18
2314,2025-05-02,2,5,2025,18
2315,2025-05-03,3,5,2025,18
2316,2025-05-04,4,5,2025,18
2317,2025-05-05,5,5,2025,19
2318,2025-05-06,6,5,2025,19
2319,2025-05-07,7,5,2025,19
2320,2025-05-08,8,5,2025,19
2321,2025-05-09,9,5,2025,19
2322,2025-05-10,10,5,2025,19
2323,2025-05-11,11,5,2025,19
2324,2025-05-12,12,5,2025,20
2325,2025-05-13,13,5,2025,20
2326,2025-05-14,14,5,2025,20
2327,2025-05-15,15,5,2025,20
2328,2025-05-16,16,5,2025,20
2329,2025-05-17,17,5,2025,20
2330,2025-05-18,18,5,2025,20
2331,2025-05-19,19,5,2025,21
2332,2025-05-20,20,5,2025,21
2333,2025-05-21,21,5,2025,21
2334,2025-05-22,22,5,2025,21
2335,2025-05-23,23,5,2025,21
2336,2025-05-24,24,5,2025,21
2337,2025-05-25,25,5,2025,21
2338,2025-05-26,26,5,2025,22
2339,2025-05-27,27,5,2025,22
2340,2025-05-28,28,5,2025,22
2341,2025-05-29,29,5,2025,22
2342,2025-05-30,30,5,2025,22
2343,2025-05-31,31,5,2025,22
2344,2025-06-01,1,6,2025,22
2345,2025-06-02,2,6,2025,23
2346,2025-06-03,3,6,2025,23
2347,2025-06-04,4,6,2025,23
2348,2025-06-05,5,6,2025,23
2349,2025-06-06,6,6,2025,23
2350,2025-06-07,7,6,2025,23
2351,2025-06-08,8,6,2025,23
2352,2025-06-09,9,6,2025,24
2353,2025-06-10,10,6,2025,24
2354,2025-06-11,11,6,2025,24
2355,2025-06-12,12,6,2025,24
2356,2025-06-13,13,6,2025,24
2357,2025-06-14,14,6,2025,24
2358,2025-06-15,15,6,2025,24
2359,2025-06-16,16,6,2025,25
2360,2025-06-17,17,6,2025,25
2361,2025-06-18,18,6,2025,25
2362,2025-06-19,19,6,2025,25
2363,2025-06-20,20,6,2025,25
2364,2025-06-21,21,6,2025,25
2365,2025-06-22,22,6,2025,25
2366,2025-06-23,23,6,2025,26
2367,2025-06-24,24,6,2025,26
2368,2025-06-25,25,6,2025,26
2369,2025-06-26,26,6,2025,26
2370,2025-06-27,27,6,2025,26
2371,2025-06-28,28,6,2025,26
2372,2025-06-29,29,6,2025,26
2373,2025-06-30,30,6,2025,27
2374,2025-07-01,1,7,2025,27
2375,2025-07-02,2,7,2025,27
2376,2025-07-03,3,7,2025,27
2377,2025-07-04,4,7,2025,27
2378,2025-07-05,5,7,2025,27
2379,2025-07-06,6,7,2025,27
2380,2025-07-07,7,7,2025,28
2381,2025-07-08,8,7,2025,28
2382,2025-07-09,9,7,2025,28
2383,2025-07-10,10,7,2025,28
2384,2025-07-11,11,7,2025,28
2385,2025-07-12,12,7,2025,28
2386,2025-07-13,13,7,2025,28
2387,2025-07-14,14,7,2025,29
2388,2025-07-15,15,7,2025,29
2389,2025-07-16,16,7,2025,29
2390,2025-07-17,17,7,2025,29
2391,2025-07-18,18,7,2025,29
2392,2025-07-19,19,7,2025,29
2393,2025-07-20,20,7,2025,29
2394,2025-07-21,21,7,2025,30
2395,2025-07-22,22,7,2025,30
2396,2025-07-23,23,7,2025,30
2397,2025-07-24,24,7,2025,30
2398,2025-07-25,25,7,2025,30
2399,2025-07-26,26,7,2025,30
2400,2025-07-27,27,7,2025,30
2401,2025-07-28,28,7,2025,31
2402,2025-07-29,29,7,2025,31
2403,2025-07-30,30,7,2025,31
2404,2025-07-31,31,7,2025,31
2405,2025-08-01,1,8,2025,31
2406,2025-08-02,2,8,2025,31
2407,2025-08-03,3,8,2025,31
2408,2025-08-04,4,8,2025,32
2409,2025-08-05,5,8,2025,32
2410,2025-08-06,6,8,2025,32
2411,2025-08-07,7,8,2025,32
2412,2025-08-08,8,8,2025,32
2413,2025-08-09,9,8,2025,32
2414,2025-08-10,10,8,2025,32
2415,2025-08-11,11,8,2025,33
2416,2025-08-12,12,8,2025,33
2417,2025-08-13,13,8,2025,33
2418,2025-08-14,14,8,2025,33
2419,2025-08-15,15,8,2025,33
2420,2025-08-16,16,8,2025,33
2421,2025-08-17,17,8,2025,33
2422,2025-08-18,18,8,2025,34
2423,2025-08-19,19,8,2025,34
2424,2025-08-20,20,8,2025,34
2425,2025-08-21,21,8,2025,34
2426,2025-08-22,22,8,2025,34
2427,2025-08-23,23,8,2025,34
2428,2025-08-24,24,8,2025,34
2429,2025-08-25,25,8,2025,35
2430,2025-08-26,26,8,2025,35
2431,2025-08-27,27,8,2025,35
2432,2025-08-28,28,8,2025,35
2433,2025-08-29,29,8,2025,35
2434,2025-08-30,30,8,2025,35
2435,2025-08-31,31,8,2025,35
2436,2025-09-01,1,9,2025,36
2437,2025-09-02,2,9,2025,36
2438,2025-09-03,3,9,2025,36
2439,2025-09-04,4,9,2025,36
2440,2025-09-05,5,9,2025,36
2441,2025-09-06,6,9,2025,36
2442,2025-09-07,7,9,2025,36
2443,2025-09-08,8,9,2025,37
2444,2025-09-09,9,9,2025,37
2445,2025-09-10,10,9,2025,37
2446,2025-09-11,11,9,2025,37
2447,2025-09-12,12,9,2025,37
2448,2025-09-13,13,9,2025,37
2449,2025-09-14,14,9,2025,37
2450,2025-09-15,15,9,2025,38
2451,2025-09-16,16,9,2025,38
2452,2025-09-17,17,9,2025,38
2453,2025-09-18,18,9,2025,38
2454,2025-09-19,19,9,2025,38
2455,2025-09-20,20,9,2025,38
2456,2025-09-21,21,9,2025,38
2457,2025-09-22,22,9,2025,39
2458,2025-09-23,23,9,2025,39
2459,2025-09-24,24,9,2025,39
2460,2025-09-25,25,9,2025,39
2461,2025-09-26,26,9,2025,39
2462,2025-09-27,27,9,2025,39
2463,2025-09-28,28,9,2025,39
2464,2025-09-29,29,9,2025,40
2465,2025-09-30,30,9,2025,40
2466,2025-10-01,1,10,2025,40
2467,2025-10-02,2,10,2025,40
2468,2025-10-03,3,10,2025,40
2469,2025-10-04,4,10,2025,40
2470,2025-10-05,5,10,2025,40
2471,2025-10-06,6,10,2025,41
2472,2025-10-07,7,10,2025,41
2473,2025-10-08,8,10,2025,41
2474,2025-10-09,9,10,2025,41
2475,2025-10-10,10,10,2025,41
2476,2025-10-11,11,10,2025,41
2477,2025-10-12,12,10,2025,41
2478,2025-10-13,13,10,2025,42
2479,2025-10-14,14,10,2025,42
2480,2025-10-15,15,10,2025,42
2481,2025-10-16,16,10,2025,42
2482,2025-10-17,17,10,2025,42
2483,2025-10-18,18,10,2025,42
2484,2025-10-19,19,10,2025,42
2485,2025-10-20,20,10,2025,43
2486,2025-10-21,21,10,2025,43
2487,2025-10-22,22,10,2025,43
2488,2025-10-23,23,10,2025,43
2489,2025-10-24,24,10,2025,43
2490,2025-10-25,25,10,2025,43
2491,2025-10-26,26,10,2025,43
2492,2025-10-27,27,10,2025,44
2493,2025-10-28,28,10,2025,44
2494,2025-10-29,29,10,2025,44
2495,2025-10-30,30,10,2025,44
2496,2025-10-31,31,10,2025,44
2497,2025-11-01,1,11,2025,44
2498,2025-11-02,2,11,2025,44
2499,2025-11-03,3,11,2025,45
2500,2025-11-04,4,11,2025,45
2501,2025-11-05,5,11,2025,45
2502,2025-11-06,6,11,2025,45
2503,2025-11-07,7,11,2025,45
2504,2025-11-08,8,11,2025,45
2505,2025-11-09,9,11,2025,45
2506,2025-11-10,10,11,2025,46
2507,2025-11-11,11,11,2025,46
2508,2025-11-12,12,11,2025,46
2509,2025-11-13,13,11,2025,46
2510,2025-11-14,14,11,2025,46
2511,2025-11-15,15,11,2025,46
2512,2025-11-16,16,11,2025,46
2513,2025-11-17,17,11,2025,47
2514,2025-11-18,18,11,2025,47
2515,2025-11-19,19,11,2025,47
2516,2025-11-20,20,11,2025,47
2517,2025-11-21,21,11,2025,47
2518,2025-11-22,22,11,2025,47
2519,2025-11-23,23,11,2025,47
2520,2025-11-24,24,11,2025,48
2521,2025-11-25,25,11,2025,48
2522,2025-11-26,26,11,2025,48
2523,2025-11-27,27,11,2025,48
2524,2025-11-28,28,11,2025,48
2525,2025-11-29,29,11,2025,48
2526,2025-11-30,30,11,2025,48
2527,2025-12-01,1,12,2025,49
2528,2025-12-02,2,12,2025,49
2529,2025-12-03,3,12,2025,49
2530,2025-12-04,4,12,2025,49
2531,2025-12-05,5,12,2025,49
2532,2025-12-06,6,12,2025,49
2533,2025-12-07,7,12,2025,49
2534,2025-12-08,8,12,2025,50
2535,2025-12-09,9,12,2025,50
2536,2025-12-10,10,12,2025,50
2537,2025-12-11,11,12,2025,50
2538,2025-12-12,12,12,2025,50
2539,2025-12-13,13,12,2025,50
2540,2025-12-14,14,12,2025,50
2541,2025-12-15,15,12,2025,51
2542,2025-12-16,16,12,2025,51
2543,2025-12-17,17,12,2025,51
2544,2025-12-18,18,12,2025,51
2545,2025-12-19,19,12,2025,51
2546,2025-12-20,20,12,2025,51
2547,2025-12-21,21,12,2025,51
2548,2025-12-22,22,12,2025,52
2549,2025-12-23,23,12,2025,52
2550,2025-12-24,24,12,2025,52
2551,2025-12-25,25,12,2025,52
2552,2025-12-26,26,12,2025,52
2553,2025-12-27,27,12,2025,52
2554,2025-12-28,28,12,2025,52
2555,2025-12-29,29,12,2025,1
2556,2025-12-30,30,12,2025,1
2557,2025-12-31,31,12,2025,1
2558,2026-01-01,1,1,2026,1
2559,2026-01-02,2,1,2026,1
2560,2026-01-03,3,1,2026,1
2561,2026-01-04,4,1,2026,1
2562,2026-01-05,5,1,2026,2
2563,2026-01-06,6,1,2026,2
2564,2026-01-07,7,1,2026,2
2565,2026-01-08,8,1,2026,2
2566,2026-01-09,9,1,2026,2
2567,2026-01-10,10,1,2026,2
2568,2026-01-11,11,1,2026,2
2569,2026-01-12,12,1,2026,3
2570,2026-01-13,13,1,2026,3
2571,2026-01-14,14,1,2026,3
2572,2026-01-15,15,1,2026,3
2573,2026-01-16,16,1,2026,3
2574,2026-01-17,17,1,2026,3
2575,2026-01-18,18,1,2026,3
2576,2026-01-19,19,1,2026,4
2577,2026-01-20,20,1,2026,4
2578,2026-01-21,21,1,2026,4
2579,2026-01-22,22,1,2026,4
2580,2026-01-23,23,1,2026,4
2581,2026-01-24,24,1,2026,4
2582,2026-01-25,25,1,2026,4
2583,2026-01-26,26,1,2026,5
2584,2026-01-27,27,1,2026,5
2585,2026-01-28,28,1,2026,5
2586,2026-01-29,29,1,2026,5
2587,2026-01-30,30,1,2026,5
2588,2026-01-31,31,1,2026,5
2589,2026-02-01,1,2,2026,5
2590,2026-02-02,2,2,2026,6
2591,2026-02-03,3,2,2026,6
2592,2026-02-04,4,2,2026,6
2593,2026-02-05,5,2,2026,6
2594,2026-02-06,6,2,2026,6
2595,2026-02-07,7,2,2026,6
2596,2026-02-08,8,2,2026,6
2597,2026-02-09,9,2,2026,7
2598,2026-02-10,10,2,2026,7
2599,2026-02-11,11,2,2026,7
2600,2026-02-12,12,2,2026,7
2601,2026-02-13,13,2,2026,7
2602,2026-02-14,14,2,2026,7
2603,2026-02-15,15,2,2026,7
2604,2026-02-16,16,2,2026,8
2605,2026-02-17,17,2,2026,8
2606,2026-02-18,18,2,2026,8
2607,2026-02-19,19,2,2026,8
2608,2026-02-20,20,2,2026,8
2609,2026-02-21,21,2,2026,8
2610,2026-02-22,22,2,2026,8
2611,2026-02-23,23,2,2026,9
2612,2026-02-24,24,2,2026,9
2613,2026-02-25,25,2,2026,9
2614,2026-02-26,26,2,2026,9
2615,2026-02-27,27,2,2026,9
2616,2026-02-28,28,2,2026,9
2617,2026-03-01,1,3,2026,9
2618,2026-03-02,2,3,2026,10
2619,2026-03-03,3,3,2026,10
2620,2026-03-04,4,3,2026,10
2621,2026-03-05,5,3,2026,10
2622,2026-03-06,6,3,2026,10
2623,2026-03-07,7,3,2026,10
2624,2026-03-08,8,3,2026,10
2625,2026-03-09,9,3,2026,11
2626,2026-03-10,10,3,2026,11
2627,2026-03-11,11,3,2026,11
2628,2026-03-12,12,3,2026,11
2629,2026-03-13,13,3,2026,11
2630,2026-03-14,14,3,2026,11
2631,2026-03-15,15,3,2026,11
2632,2026-03-16,16,3,2026,12
2633,2026-03-17,17,3,2026,12
2634,2026-03-18,18,3,2026,12
2635,2026-03-19,19,3,2026,12
2636,2026-03-20,20,3,2026,12
2637,2026-03-21,21,3,2026,12
2638,2026-03-22,22,3,2026,12
2639,2026-03-23,23,3,2026,13
2640,2026-03-24,24,3,2026,13
2641,2026-03-25,25,3,2026,13
2642,2026-03-26,26,3,2026,13
2643,2026-03-27,27,3,2026,13
2644,2026-03-28,28,3,2026,13
2645,2026-03-29,29,3,2026,13
2646,2026-03-30,30,3,2026,14
2647,2026-03-31,31,3,2026,14
2648,2026-04-01,1,4,2026,14
2649,2026-04-02,2,4,2026,14
2650,2026-04-03,3,4,2026,14
2651,2026-04-04,4,4,2026,14
2652,2026-04-05,5,4,2026,14
2653,2026-04-06,6,4,2026,15
2654,2026-04-07,7,4,2026,15
2655,2026-04-08,8,4,2026,15
2656,2026-04-09,9,4,2026,15
2657,2026-04-10,10,4,2026,15
2658,2026-04-11,11,4,2026,15
2659,2026-04-12,12,4,2026,15
2660,2026-04-13,13,4,2026,16
2661,2026-04-14,14,4,2026,16
2662,2026-04-15,15,4,2026,16
2663,2026-04-16,16,4,2026,16
2664,2026-04-17,17,4,2026,16
2665,2026-04-18,18,4,2026,16
2666,2026-04-19,19,4,2026,16
2667,2026-04-20,20,4,2026,17
2668,2026-04-21,21,4,2026,17
2669,2026-04-22,22,4,2026,17
2670,2026-04-23,23,4,2026,17
2671,2026-04-24,24,4,2026,17
2672,2026-04-25,25,4,2026,17
2673,2026-04-26,26,4,2026,17
2674,2026-04-27,27,4,2026,18
2675,2026-04-28,28,4,2026,18
2676,2026-04-29,29,4,2026,18
2677,2026-04-30,30,4,2026,18
2678,2026-05-01,1,5,2026,18
2679,2026-05-02,2,5,2026,18
2680,2026-05-03,3,5,2026,18
2681,2026-05-04,4,5,2026,19
2682,2026-05-05,5,5,2026,19
2683,2026-05-06,6,5,2026,19
2684,2026-05-07,7,5,2026,19
2685,2026-05-08,8,5,2026,19
2686,2026-05-09,9,5,2026,19
2687,2026-05-10,10,5,2026,19
2688,2026-05-11,11,5,2026,20
2689,2026-05-12,12,5,2026,20
2690,2026-05-13,13,5,2026,20
2691,2026-05-14,14,5,2026,20
2692,2026-05-15,15,5,2026,20
2693,2026-05-16,16,5,2026,20
2694,2026-05-17,17,5,2026,20
2695,2026-05-18,18,5,2026,21
2696,2026-05-19,19,5,2026,21
2697,2026-05-20,20,5,2026,21
2698,2026-05-21,21,5,2026,21
2699,2026-05-22,22,5,2026,21
2700,2026-05-23,23,5,2026,21
2701,2026-05-24,24,5,2026,21
2702,2026-05-25,25,5,2026,22
2703,2026-05-26,26,5,2026,22
2704,2026-05-27,27,5,2026,22
2705,2026-05-28,28,5,2026,22
2706,2026-05-29,29,5,2026,22
2707,2026-05-30,30,5,2026,22
2708,2026-05-31,31,5,2026,22
2709,2026-06-01,1,6,2026,23
2710,2026-06-02,2,6,2026,23
2711,2026-06-03,3,6,2026,23
2712,2026-06-04,4,6,2026,23
2713,2026-06-05,5,6,2026,23
2714,2026-06-06,6,6,2026,23
2715,2026-06-07,7,6,2026,23
2716,2026-06-08,8,6,2026,24
2717,2026-06-09,9,6,2026,24
2718,2026-06-10,10,6,2026,24
2719,2026-06-11,11,6,2026,24
2720,2026-06-12,12,6,2026,24
2721,2026-06-13,13,6,2026,24
2722,2026-06-14,14,6,2026,24
2723,2026-06-15,15,6,2026,25
2724,2026-06-16,16,6,2026,25
2725,2026-06-17,17,6,2026,25
2726,2026-06-18,18,6,2026,25
2727,2026-06-19,19,6,2026,25
2728,2026-06-20,20,6,2026,25
2729,2026-06-21,21,6,2026,25
2730,2026-06-22,22,6,2026,26
2731,2026-06-23,23,6,2026,26
2732,2026-06-24,24,6,2026,26
2733,2026-06-25,25,6,2026,26
2734,2026-06-26,26,6,2026,26
2735,2026-06-27,27,6,2026,26
2736,2026-06-28,28,6,2026,26
2737,2026-06-29,29,6,2026,27
2738,2026-06-30,30,6,2026,27
2739,2026-07-01,1,7,2026,27
2740,2026-07-02,2,7,2026,27
2741,2026-07-03,3,7,2026,27
2742,2026-07-04,4,7,2026,27
2743,2026-07-05,5,7,2026,27
2744,2026-07-06,6,7,2026,28
2745,2026-07-07,7,7,2026,28
2746,2026-07-08,8,7,2026,28
2747,2026-07-09,9,7,2026,28
2748,2026-07-10,10,7,2026,28
2749,2026-07-11,11,7,2026,28
2750,2026-07-12,12,7,2026,28
2751,2026-07-13,13,7,2026,29
2752,2026-07-14,14,7,2026,29
2753,2026-07-15,15,7,2026,29
2754,2026-07-16,16,7,2026,29
2755,2026-07-17,17,7,2026,29
2756,2026-07-18,18,7,2026,29
2757,2026-07-19,19,7,2026,29
2758,2026-07-20,20,7,2026,30
2759,2026-07-21,21,7,2026,30
2760,2026-07-22,22,7,2026,30
2761,2026-07-23,23,7,2026,30
2762,2026-07-24,24,7,2026,30
2763,2026-07-25,25,7,2026,30
2764,2026-07-26,26,7,2026,30
2765,2026-07-27,27,7,2026,31
2766,2026-07-28,28,7,2026,31
2767,2026-07-29,29,7,2026,31
2768,2026-07-30,30,7,2026,31
2769,2026-07-31,31,7,2026,31
2770,2026-08-01,1,8,2026,31
2771,2026-08-02,2,8,2026,31
2772,2026-08-03,3,8,2026,32
2773,2026-08-04,4,8,2026,32
2774,2026-08-05,5,8,2026,32
2775,2026-08-06,6,8,2026,32
2776,2026-08-07,7,8,2026,32
2777,2026-08-08,8,8,2026,32
2778,2026-08-09,9,8,2026,32
2779,2026-08-10,10,8,2026,33
2780,2026-08-11,11,8,2026,33
2781,2026-08-12,12,8,2026,33
2782,2026-08-13,13,8,2026,33
2783,2026-08-14,14,8,2026,33
2784,2026-08-15,15,8,2026,33
2785,2026-08-16,16,8,2026,33
2786,2026-08-17,17,8,2026,34
2787,2026-08-18,18,8,2026,34
2788,2026-08-19,19,8,2026,34
2789,2026-08-20,20,8,2026,34
2790,2026-08-21,21,8,2026,34
2791,2026-08-22,22,8,2026,34
2792,2026-08-23,23,8,2026,34
2793,2026-08-24,24,8,2026,35
2794,2026-08-25,25,8,2026,35
2795,2026-08-26,26,8,2026,35
2796,2026-08-27,27,8,2026,35
2797,2026-08-28,28,8,2026,35
2798,2026-08-29,29,8,2026,35
2799,2026-08-30,30,8,2026,35
2800,2026-08-31,31,8,2026,36
2801,2026-09-01,1,9,2026,36
2802,2026-09-02,2,9,2026,36
2803,2026-09-03,3,9,2026,36
2804,2026-09-04,4,9,2026,36
2805,2026-09-05,5,9,2026,36
2806,2026-09-06,6,9,2026,36
2807,2026-09-07,7,9,2026,37
2808,2026-09-08,8,9,2026,37
2809,2026-09-09,9,9,2026,37
2810,2026-09-10,10,9,2026,37
2811,2026-09-11,11,9,2026,37
2812,2026-09-12,12,9,2026,37
2813,2026-09-13,13,9,2026,37
2814,2026-09-14,14,9,2026,38
2815,2026-09-15,15,9,2026,38
2816,2026-09-16,16,9,2026,38
2817,2026-09-17,17,9,2026,38
2818,2026-09-18,18,9,2026,38
2819,2026-09-19,19,9,2026,38
2820,2026-09-20,20,9,2026,38
2821,2026-09-21,21,9,2026,39
2822,2026-09-22,22,9,2026,39
2823,2026-09-23,23,9,2026,39
2824,2026-09-24,24,9,2026,39
2825,2026-09-25,25,9,2026,39
2826,2026-09-26,26,9,2026,39
2827,2026-09-27,27,9,2026,39
2828,2026-09-28,28,9,2026,40
2829,2026-09-29,29,9,2026,40
2830,2026-09-30,30,9,2026,40
2831,2026-10-01,1,10,2026,40
2832,2026-10-02,2,10,2026,40
2833,2026-10-03,3,10,2026,40
2834,2026-10-04,4,10,2026,40
2835,2026-10-05,5,10,2026,41
2836,2026-10-06,6,10,2026,41
2837,2026-10-07,7,10,2026,41
2838,2026-10-08,8,10,2026,41
2839,2026-10-09,9,10,2026,41
2840,2026-10-10,10,10,2026,41
2841,2026-10-11,11,10,2026,41
2842,2026-10-12,12,10,2026,42
2843,2026-10-13,13,10,2026,42
2844,2026-10-14,14,10,2026,42
2845,2026-10-15,15,10,2026,42
2846,2026-10-16,16,10,2026,42
2847,2026-10-17,17,10,2026,42
2848,2026-10-18,18,10,2026,42
2849,2026-10-19,19,10,2026,43
2850,2026-10-20,20,10,2026,43
2851,2026-10-21,21,10,2026,43
2852,2026-10-22,22,10,2026,43
2853,2026-10-23,23,10,2026,43
2854,2026-10-24,24,10,2026,43
2855,2026-10-25,25,10,2026,43
2856,2026-10-26,26,10,2026,44
2857,2026-10-27,27,10,2026,44
2858,2026-10-28,28,10,2026,44
2859,2026-10-29,29,10,2026,44
2860,2026-10-30,30,10,2026,44
2861,2026-10-31,31,10,2026,44
2862,2026-11-01,1,11,2026,44
2863,2026-11-02,2,11,2026,45
2864,2026-11-03,3,11,2026,45
2865,2026-11-04,4,11,2026,45
2866,2026-11-05,5,11,2026,45
2867,2026-11-06,6,11,2026,45
2868,2026-11-07,7,11,2026,45
2869,2026-11-08,8,11,2026,45
2870,2026-11-09,9,11,2026,46
2871,2026-11-10,10,11,2026,46
2872,2026-11-11,11,11,2026,46
2873,2026-11-12,12,11,2026,46
2874,2026-11-13,13,11,2026,46
2875,2026-11-14,14,11,2026,46
2876,2026-11-15,15,11,2026,46
2877,2026-11-16,16,11,2026,47
2878,2026-11-17,17,11,2026,47
2879,2026-11-18,18,11,2026,47
2880,2026-11-19,19,11,2026,47
2881,2026-11-20,20,11,2026,47
2882,2026-11-21,21,11,2026,47
2883,2026-11-22,22,11,2026,47
2884,2026-11-23,23,11,2026,48
2885,2026-11-24,24,11,2026,48
2886,2026-11-25,25,11,2026,48
2887,2026-11-26,26,11,2026,48
2888,2026-11-27,27,11,2026,48
2889,2026-11-28,28,11,2026,48
2890,2026-11-29,29,11,2026,48
2891,2026-11-30,30,11,2026,49
2892,2026-12-01,1,12,2026,49
2893,2026-12-02,2,12,2026,49
2894,2026-12-03,3,12,2026,49
2895,2026-12-04,4,12,2026,49
2896,2026-12-05,5,12,2026,49
2897,2026-12-06,6,12,2026,49
2898,2026-12-07,7,12,2026,50
2899,2026-12-08,8,12,2026,50
2900,2026-12-09,9,12,2026,50
2901,2026-12-10,10,12,2026,50
2902,2026-12-11,11,12,2026,50
2903,2026-12-12,12,12,2026,50
2904,2026-12-13,13,12,2026,50
2905,2026-12-14,14,12,2026,51
2906,2026-12-15,15,12,2026,51
2907,2026-12-16,16,12,2026,51
2908,2026-12-17,17,12,2026,51
2909,2026-12-18,18,12,2026,51
2910,2026-12-19,19,12,2026,51
2911,2026-12-20,20,12,2026,51
2912,2026-12-21,21,12,2026,52
2913,2026-12-22,22,12,2026,52
2914,2026-12-23,23,12,2026,52
2915,2026-12-24,24,12,2026,52
2916,2026-12-25,25,12,2026,52
2917,2026-12-26,26,12,2026,52
2918,2026-12-27,27,12,2026,52
2919,2026-12-28,28,12,2026,53
2920,2026-12-29,29,12,2026,53
2921,2026-12-30,30,12,2026,53
2922,2026-12-31,31,12,2026,53
2923,2027-01-01,1,1,2027,53
2924,2027-01-02,2,1,2027,53
2925,2027-01-03,3,1,2027,53
2926,2027-01-04,4,1,2027,1
2927,2027-01-05,5,1,2027,1
2928,2027-01-06,6,1,2027,1
2929,2027-01-07,7,1,2027,1
2930,2027-01-08,8,1,2027,1
2931,2027-01-09,9,1,2027,1
2932,2027-01-10,10,1,2027,1
2933,2027-01-11,11,1,2027,2
2934,2027-01-12,12,1,2027,2
2935,2027-01-13,13,1,2027,2
2936,2027-01-14,14,1,2027,2
2937,2027-01-15,15,1,2027,2
2938,2027-01-16,16,1,2027,2
2939,2027-01-17,17,1,2027,2
2940,2027-01-18,18,1,2027,3
2941,2027-01-19,19,1,2027,3
2942,2027-01-20,20,1,2027,3
2943,2027-01-21,21,1,2027,3
2944,2027-01-22,22,1,2027,3
2945,2027-01-23,23,1,2027,3
2946,2027-01-24,24,1,2027,3
2947,2027-01-25,25,1,2027,4
2948,2027-01-26,26,1,2027,4
2949,2027-01-27,27,1,2027,4
2950,2027-01-28,28,1,2027,4
2951,2027-01-29,29,1,2027,4
2952,2027-01-30,30,1,2027,4
2953,2027-01-31,31,1,2027,4
2954,2027-02-01,1,2,2027,5
2955,2027-02-02,2,2,2027,5
2956,2027-02-03,3,2,2027,5
2957,2027-02-04,4,2,2027,5
2958,2027-02-05,5,2,2027,5
2959,2027-02-06,6,2,2027,5
2960,2027-02-07,7,2,2027,5
2961,2027-02-08,8,2,2027,6
2962,2027-02-09,9,2,2027,6
2963,2027-02-10,10,2,2027,6
2964,2027-02-11,11,2,2027,6
2965,2027-02-12,12,2,2027,6
2966,2027-02-13,13,2,2027,6
2967,2027-02-14,14,2,2027,6
2968,2027-02-15,15,2,2027,7
2969,2027-02-16,16,2,2027,7
2970,2027-02-17,17,2,2027,7
2971,2027-02-18,18,2,2027,7
2972,2027-02-19,19,2,2027,7
2973,2027-02-20,20,2,2027,7
2974,2027-02-21,21,2,2027,7
2975,2027-02-22,22,2,2027,8
2976,2027-02-23,23,2,2027,8
2977,2027-02-24,24,2,2027,8
2978,2027-02-25,25,2,2027,8
2979,2027-02-26,26,2,2027,8
2980,2027-02-27,27,2,2027,8
2981,2027-02-28,28,2,2027,8
2982,2027-03-01,1,3,2027,9
2983,2027-03-02,2,3,2027,9
2984,2027-03-03,3,3,2027,9
2985,2027-03-04,4,3,2027,9
2986,2027-03-05,5,3,2027,9
2987,2027-03-06,6,3,2027,9
2988,2027-03-07,7,3,2027,9
2989,2027-03-08,8,3,2027,10
2990,2027-03-09,9,3,2027,10
2991,2027-03-10,10,3,2027,10
2992,2027-03-11,11,3,2027,10
2993,2027-03-12,12,3,2027,10
2994,2027-03-13,13,3,2027,10
2995,2027-03-14,14,3,2027,10
2996,2027-03-15,15,3,2027,11
2997,2027-03-16,16,3,2027,11
2998,2027-03-17,17,3,2027,11
2999,2027-03-18,18,3,2027,11
3000,2027-03-19,19,3,2027,11
3001,2027-03-20,20,3,2027,11
3002,2027-03-21,21,3,2027,11
3003,2027-03-22,22,3,2027,12
3004,2027-03-23,23,3,2027,12
3005,2027-03-24,24,3,2027,12
3006,2027-03-25,25,3,2027,12
3007,2027-03-26,26,3,2027,12
3008,2027-03-27,27,3,2027,12
3009,2027-03-28,28,3,2027,12
3010,2027-03-29,29,3,2027,13
3011,2027-03-30,30,3,2027,13
3012,2027-03-31,31,3,2027,13
3013,2027-04-01,1,4,2027,13
3014,2027-04-02,2,4,2027,13
3015,2027-04-03,3,4,2027,13
3016,2027-04-04,4,4,2027,13
3017,2027-04-05,5,4,2027,14
3018,2027-04-06,6,4,2027,14
3019,2027-04-07,7,4,2027,14
3020,2027-04-08,8,4,2027,14
3021,2027-04-09,9,4,2027,14
3022,2027-04-10,10,4,2027,14
3023,2027-04-11,11,4,2027,14
3024,2027-04-12,12,4,2027,15
3025,2027-04-13,13,4,2027,15
3026,2027-04-14,14,4,2027,15
3027,2027-04-15,15,4,2027,15
3028,2027-04-16,16,4,2027,15
3029,2027-04-17,17,4,2027,15
3030,2027-04-18,18,4,2027,15
3031,2027-04-19,19,4,2027,16
3032,2027-04-20,20,4,2027,16
3033,2027-04-21,21,4,2027,16
3034,2027-04-22,22,4,2027,16
3035,2027-04-23,23,4,2027,16
3036,2027-04-24,24,4,2027,16
3037,2027-04-25,25,4,2027,16
3038,2027-04-26,26,4,2027,17
3039,2027-04-27,27,4,2027,17
3040,2027-04-28,28,4,2027,17
3041,2027-04-29,29,4,2027,17
3042,2027-04-30,30,4,2027,17
3043,2027-05-01,1,5,2027,17
3044,2027-05-02,2,5,2027,17
3045,2027-05-03,3,5,2027,18
3046,2027-05-04,4,5,2027,18
3047,2027-05-05,5,5,2027,18
3048,2027-05-06,6,5,2027,18
3049,2027-05-07,7,5,2027,18
3050,2027-05-08,8,5,2027,18
3051,2027-05-09,9,5,2027,18
3052,2027-05-10,10,5,2027,19
3053,2027-05-11,11,5,2027,19
3054,2027-05-12,12,5,2027,19
3055,2027-05-13,13,5,2027,19
3056,2027-05-14,14,5,2027,19
3057,2027-05-15,15,5,2027,19
3058,2027-05-16,16,5,2027,19
3059,2027-05-17,17,5,2027,20
3060,2027-05-18,18,5,2027,20
3061,2027-05-19,19,5,2027,20
3062,2027-05-20,20,5,2027,20
3063,2027-05-21,21,5,2027,20
3064,2027-05-22,22,5,2027,20
3065,2027-05-23,23,5,2027,20
3066,2027-05-24,24,5,2027,21
3067,2027-05-25,25,5,2027,21
3068,2027-05-26,26,5,2027,21
3069,2027-05-27,27,5,2027,21
3070,2027-05-28,28,5,2027,21
3071,2027-05-29,29,5,2027,21
3072,2027-05-30,30,5,2027,21
3073,2027-05-31,31,5,2027,22
3074,2027-06-01,1,6,2027,22
3075,2027-06-02,2,6,2027,22
3076,2027-06-03,3,6,2027,22
3077,2027-06-04,4,6,2027,22
3078,2027-06-05,5,6,2027,22
3079,2027-06-06,6,6,2027,22
3080,2027-06-07,7,6,2027,23
3081,2027-06-08,8,6,2027,23
3082,2027-06-09,9,6,2027,23
3083,2027-06-10,10,6,2027,23
3084,2027-06-11,11,6,2027,23
3085,2027-06-12,12,6,2027,23
3086,2027-06-13,13,6,2027,23
3087,2027-06-14,14,6,2027,24
3088,2027-06-15,15,6,2027,24
3089,2027-06-16,16,6,2027,24
3090,2027-06-17,17,6,2027,24
3091,2027-06-18,18,6,2027,24
3092,2027-06-19,19,6,2027,24
3093,2027-06-20,20,6,2027,24
3094,2027-06-21,21,6,2027,25
3095,2027-06-22,22,6,2027,25
3096,2027-06-23,23,6,2027,25
3097,2027-06-24,24,6,2027,25
3098,2027-06-25,25,6,2027,25
3099,2027-06-26,26,6,2027,25
3100,2027-06-27,27,6,2027,25
3101,2027-06-28,28,6,2027,26
3102,2027-06-29,29,6,2027,26
3103,2027-06-30,30,6,2027,26
3104,2027-07-01,1,7,2027,26
3105,2027-07-02,2,7,2027,26
3106,2027-07-03,3,7,2027,26
3107,2027-07-04,4,7,2027,26
3108,2027-07-05,5,7,2027,27
3109,2027-07-06,6,7,2027,27
3110,2027-07-07,7,7,2027,27
3111,2027-07-08,8,7,2027,27
3112,2027-07-09,9,7,2027,27
3113,2027-07-10,10,7,2027,27
3114,2027-07-11,11,7,2027,27
3115,2027-07-12,12,7,2027,28
3116,2027-07-13,13,7,2027,28
3117,2027-07-14,14,7,2027,28
3118,2027-07-15,15,7,2027,28
3119,2027-07-16,16,7,2027,28
3120,2027-07-17,17,7,2027,28
3121,2027-07-18,18,7,2027,28
3122,2027-07-19,19,7,2027,29
3123,2027-07-20,20,7,2027,29
3124,2027-07-21,21,7,2027,29
3125,2027-07-22,22,7,2027,29
3126,2027-07-23,23,7,2027,29
3127,2027-07-24,24,7,2027,29
3128,2027-07-25,25,7,2027,29
3129,2027-07-26,26,7,2027,30
3130,2027-07-27,27,7,2027,30
3131,2027-07-28,28,7,2027,30
3132,2027-07-29,29,7,2027,30
3133,2027-07-30,30,7,2027,30
3134,2027-07-31,31,7,2027,30
3135,2027-08-01,1,8,2027,30
3136,2027-08-02,2,8,2027,31
3137,2027-08-03,3,8,2027,31
3138,2027-08-04,4,8,2027,31
3139,2027-08-05,5,8,2027,31
3140,2027-08-06,6,8,2027,31
3141,2027-08-07,7,8,2027,31
3142,2027-08-08,8,8,2027,31
3143,2027-08-09,9,8,2027,32
3144,2027-08-10,10,8,2027,32
3145,2027-08-11,11,8,2027,32
3146,2027-08-12,12,8,2027,32
3147,2027-08-13,13,8,2027,32
3148,2027-08-14,14,8,2027,32
3149,2027-08-15,15,8,2027,32
3150,2027-08-16,16,8,2027,33
3151,2027-08-17,17,8,2027,33
3152,2027-08-18,18,8,2027,33
3153,2027-08-19,19,8,2027,33
3154,2027-08-20,20,8,2027,33
3155,2027-08-21,21,8,2027,33
3156,2027-08-22,22,8,2027,33
3157,2027-08-23,23,8,2027,34
3158,2027-08-24,24,8,2027,34
3159,2027-08-25,25,8,2027,34
3160,2027-08-26,26,8,2027,34
3161,2027-08-27,27,8,2027,34
3162,2027-08-28,28,8,2027,34
3163,2027-08-29,29,8,2027,34
3164,2027-08-30,30,8,2027,35
3165,2027-08-31,31,8,2027,35
3166,2027-09-01,1,9,2027,35
3167,2027-09-02,2,9,2027,35
3168,2027-09-03,3,9,2027,35
3169,2027-09-04,4,9,2027,35
3170,2027-09-05,5,9,2027,35
3171,2027-09-06,6,9,2027,36
3172,2027-09-07,7,9,2027,36
3173,2027-09-08,8,9,2027,36
3174,2027-09-09,9,9,2027,36
3175,2027-09-10,10,9,2027,36
3176,2027-09-11,11,9,2027,36
3177,2027-09-12,12,9,2027,36
3178,2027-09-13,13,9,2027,37
3179,2027-09-14,14,9,2027,37
3180,2027-09-15,15,9,2027,37
3181,2027-09-16,16,9,2027,37
3182,2027-09-17,17,9,2027,37
3183,2027-09-18,18,9,2027,37
3184,2027-09-19,19,9,2027,37
3185,2027-09-20,20,9,2027,38
3186,2027-09-21,21,9,2027,38
3187,2027-09-22,22,9,2027,38
3188,2027-09-23,23,9,2027,38
3189,2027-09-24,24,9,2027,38
3190,2027-09-25,25,9,2027,38
3191,2027-09-26,26,9,2027,38
3192,2027-09-27,27,9,2027,39
3193,2027-09-28,28,9,2027,39
3194,2027-09-29,29,9,2027,39
3195,2027-09-30,30,9,2027,39
3196,2027-10-01,1,10,2027,39
3197,2027-10-02,2,10,2027,39
3198,2027-10-03,3,10,2027,39
3199,2027-10-04,4,10,2027,40
3200,2027-10-05,5,10,2027,40
3201,2027-10-06,6,10,2027,40
3202,2027-10-07,7,10,2027,40
3203,2027-10-08,8,10,2027,40
3204,2027-10-09,9,10,2027,40
3205,2027-10-10,10,10,2027,40
3206,2027-10-11,11,10,2027,41
3207,2027-10-12,12,10,2027,41
3208,2027-10-13,13,10,2027,41
3209,2027-10-14,14,10,2027,41
3210,2027-10-15,15,10,2027,41
3211,2027-10-16,16,10,2027,41
3212,2027-10-17,17,10,2027,41
3213,2027-10-18,18,10,2027,42
3214,2027-10-19,19,10,2027,42
3215,2027-10-20,20,10,2027,42
3216,2027-10-21,21,10,2027,42
3217,2027-10-22,22,10,2027,42
3218,2027-10-23,23,10,2027,42
3219,2027-10-24,24,10,2027,42
3220,2027-10-25,25,10,2027,43
3221,2027-10-26,26,10,2027,43
3222,2027-10-27,27,10,2027,43
3223,2027-10-28,28,10,2027,43
3224,2027-10-29,29,10,2027,43
3225,2027-10-30,30,10,2027,43
3226,2027-10-31,31,10,2027,43
3227,2027-11-01,1,11,2027,44
3228,2027-11-02,2,11,2027,44
3229,2027-11-03,3,11,2027,44
3230,2027-11-04,4,11,2027,44
3231,2027-11-05,5,11,2027,44
3232,2027-11-06,6,11,2027,44
3233,2027-11-07,7,11,2027,44
3234,2027-11-08,8,11,2027,45
3235,2027-11-09,9,11,2027,45
3236,2027-11-10,10,11,2027,45
3237,2027-11-11,11,11,2027,45
3238,2027-11-12,12,11,2027,45
3239,2027-11-13,13,11,2027,45
3240,2027-11-14,14,11,2027,45
3241,2027-11-15,15,11,2027,46
3242,2027-11-16,16,11,2027,46
3243,2027-11-17,17,11,2027,46
3244,2027-11-18,18,11,2027,46
3245,2027-11-19,19,11,2027,46
3246,2027-11-20,20,11,2027,46
3247,2027-11-21,21,11,2027,46
3248,2027-11-22,22,11,2027,47
3249,2027-11-23,23,11,2027,47
3250,2027-11-24,24,11,2027,47
3251,2027-11-25,25,11,2027,47
3252,2027-11-26,26,11,2027,47
3253,2027-11-27,27,11,2027,47
3254,2027-11-28,28,11,2027,47
3255,2027-11-29,29,11,2027,48
3256,2027-11-30,30,11,2027,48
3257,2027-12-01,1,12,2027,48
3258,2027-12-02,2,12,2027,48
3259,2027-12-03,3,12,2027,48
3260,2027-12-04,4,12,2027,48
3261,2027-12-05,5,12,2027,48
3262,2027-12-06,6,12,2027,49
3263,2027-12-07,7,12,2027,49
3264,2027-12-08,8,12,2027,49
3265,2027-12-09,9,12,2027,49
3266,2027-12-10,10,12,2027,49
3267,2027-12-11,11,12,2027,49
3268,2027-12-12,12,12,2027,49
3269,2027-12-13,13,12,2027,50
3270,2027-12-14,14,12,2027,50
3271,2027-12-15,15,12,2027,50
3272,2027-12-16,16,12,2027,50
3273,2027-12-17,17,12,2027,50
3274,2027-12-18,18,12,2027,50
3275,2027-12-19,19,12,2027,50
3276,2027-12-20,20,12,2027,51
3277,2027-12-21,21,12,2027,51
3278,2027-12-22,22,12,2027,51
3279,2027-12-23,23,12,2027,51
3280,2027-12-24,24,12,2027,51
3281,2027-12-25,25,12,2027,51
3282,2027-12-26,26,12,2027,51
3283,2027-12-27,27,12,2027,52
3284,2027-12-28,28,12,2027,52
3285,2027-12-29,29,12,2027,52
3286,2027-12-30,30,12,2027,52
3287,2027-12-31,31,12,2027,52
3288,2028-01-01,1,1,2028,52
3289,2028-01-02,2,1,2028,52
3290,2028-01-03,3,1,2028,1
3291,2028-01-04,4,1,2028,1
3292,2028-01-05,5,1,2028,1
3293,2028-01-06,6,1,2028,1
3294,2028-01-07,7,1,2028,1
3295,2028-01-08,8,1,2028,1
3296,2028-01-09,9,1,2028,1
3297,2028-01-10,10,1,2028,2
3298,2028-01-11,11,1,2028,2
3299,2028-01-12,12,1,2028,2
3300,2028-01-13,13,1,2028,2
3301,2028-01-14,14,1,2028,2
3302,2028-01-15,15,1,2028,2
3303,2028-01-16,16,1,2028,2
3304,2028-01-17,17,1,2028,3
3305,2028-01-18,18,1,2028,3
3306,2028-01-19,19,1,2028,3
3307,2028-01-20,20,1,2028,3
3308,2028-01-21,21,1,2028,3
3309,2028-01-22,22,1,2028,3
3310,2028-01-23,23,1,2028,3
3311,2028-01-24,24,1,2028,4
3312,2028-01-25,25,1,2028,4
3313,2028-01-26,26,1,2028,4
3314,2028-01-27,27,1,2028,4
3315,2028-01-28,28,1,2028,4
3316,2028-01-29,29,1,2028,4
3317,2028-01-30,30,1,2028,4
3318,2028-01-31,31,1,2028,5
3319,2028-02-01,1,2,2028,5
3320,2028-02-02,2,2,2028,5
3321,2028-02-03,3,2,2028,5
3322,2028-02-04,4,2,2028,5
3323,2028-02-05,5,2,2028,5
3324,2028-02-06,6,2,2028,5
3325,2028-02-07,7,2,2028,6
3326,2028-02-08,8,2,2028,6
3327,2028-02-09,9,2,2028,6
3328,2028-02-10,10,2,2028,6
3329,2028-02-11,11,2,2028,6
3330,2028-02-12,12,2,2028,6
3331,2028-02-13,13,2,2028,6
3332,2028-02-14,14,2,2028,7
3333,2028-02-15,15,2,2028,7
3334,2028-02-16,16,2,2028,7
3335,2028-02-17,17,2,2028,7
3336,2028-02-18,18,2,2028,7
3337,2028-02-19,19,2,2028,7
3338,2028-02-20,20,2,2028,7
3339,2028-02-21,21,2,2028,8
3340,2028-02-22,22,2,2028,8
3341,2028-02-23,23,2,2028,8
3342,2028-02-24,24,2,2028,8
3343,2028-02-25,25,2,2028,8
3344,2028-02-26,26,2,2028,8
3345,2028-02-27,27,2,2028,8
3346,2028-02-28,28,2,2028,9
3347,2028-02-29,29,2,2028,9
3348,2028-03-01,1,3,2028,9
3349,2028-03-02,2,3,2028,9
3350,2028-03-03,3,3,2028,9
3351,2028-03-04,4,3,2028,9
3352,2028-03-05,5,3,2028,9
3353,2028-03-06,6,3,2028,10
3354,2028-03-07,7,3,2028,10
3355,2028-03-08,8,3,2028,10
3356,2028-03-09,9,3,2028,10
3357,2028-03-10,10,3,2028,10
3358,2028-03-11,11,3,2028,10
3359,2028-03-12,12,3,2028,10
3360,2028-03-13,13,3,2028,11
3361,2028-03-14,14,3,2028,11
3362,2028-03-15,15,3,2028,11
3363,2028-03-16,16,3,2028,11
3364,2028-03-17,17,3,2028,11
3365,2028-03-18,18,3,2028,11
3366,2028-03-19,19,3,2028,11
3367,2028-03-20,20,3,2028,12
3368,2028-03-21,21,3,2028,12
3369,2028-03-22,22,3,2028,12
3370,2028-03-23,23,3,2028,12
3371,2028-03-24,24,3,2028,12
3372,2028-03-25,25,3,2028,12
3373,2028-03-26,26,3,2028,12
3374,2028-03-27,27,3,2028,13
3375,2028-03-28,28,3,2028,13
3376,2028-03-29,29,3,2028,13
3377,2028-03-30,30,3,2028,13
3378,2028-03-31,31,3,2028,13
3379,2028-04-01,1,4,2028,13
3380,2028-04-02,2,4,2028,13
3381,2028-04-03,3,4,2028,14
3382,2028-04-04,4,4,2028,14
3383,2028-04-05,5,4,2028,14
3384,2028-04-06,6,4,2028,14
3385,2028-04-07,7,4,2028,14
3386,2028-04-08,8,4,2028,14
3387,2028-04-09,9,4,2028,14
3388,2028-04-10,10,4,2028,15
3389,2028-04-11,11,4,2028,15
3390,2028-04-12,12,4,2028,15
3391,2028-04-13,13,4,2028,15
3392,2028-04-14,14,4,2028,15
3393,2028-04-15,15,4,2028,15
3394,2028-04-16,16,4,2028,15
3395,2028-04-17,17,4,2028,16
3396,2028-04-18,18,4,2028,16
3397,2028-04-19,19,4,2028,16
3398,2028-04-20,20,4,2028,16
3399,2028-04-21,21,4,2028,16
3400,2028-04-22,22,4,2028,16
3401,2028-04-23,23,4,2028,16
3402,2028-04-24,24,4,2028,17
3403,2028-04-25,25,4,2028,17
3404,2028-04-26,26,4,2028,17
3405,2028-04-27,27,4,2028,17
3406,2028-04-28,28,4,2028,17
3407,2028-04-29,29,4,2028,17
3408,2028-04-30,30,4,2028,17
3409,2028-05-01,1,5,2028,18
3410,2028-05-02,2,5,2028,18
3411,2028-05-03,3,5,2028,18
3412,2028-05-04,4,5,2028,18
3413,2028-05-05,5,5,2028,18
3414,2028-05-06,6,5,2028,18
3415,2028-05-07,7,5,2028,18
3416,2028-05-08,8,5,2028,19
3417,2028-05-09,9,5,2028,19
3418,2028-05-10,10,5,2028,19
3419,2028-05-11,11,5,2028,19
3420,2028-05-12,12,5,2028,19
3421,2028-05-13,13,5,2028,19
3422,2028-05-14,14,5,2028,19
3423,2028-05-15,15,5,2028,20
3424,2028-05-16,16,5,2028,20
3425,2028-05-17,17,5,2028,20
3426,2028-05-18,18,5,2028,20
3427,2028-05-19,19,5,2028,20
3428,2028-05-20,20,5,2028,20
3429,2028-05-21,21,5,2028,20
3430,2028-05-22,22,5,2028,21
3431,2028-05-23,23,5,2028,21
3432,2028-05-24,24,5,2028,21
3433,2028-05-25,25,5,2028,21
3434,2028-05-26,26,5,2028,21
3435,2028-05-27,27,5,2028,21
3436,2028-05-28,28,5,2028,21
3437,2028-05-29,29,5,2028,22
3438,2028-05-30,30,5,2028,22
3439,2028-05-31,31,5,2028,22
3440,2028-06-01,1,6,2028,22
3441,2028-06-02,2,6,2028,22
3442,2028-06-03,3,6,2028,22
3443,2028-06-04,4,6,2028,22
3444,2028-06-05,5,6,2028,23
3445,2028-06-06,6,6,2028,23
3446,2028-06-07,7,6,2028,23
3447,2028-06-08,8,6,2028,23
3448,2028-06-09,9,6,2028,23
3449,2028-06-10,10,6,2028,23
3450,2028-06-11,11,6,2028,23
3451,2028-06-12,12,6,2028,24
3452,2028-06-13,13,6,2028,24
3453,2028-06-14,14,6,2028,24
3454,2028-06-15,15,6,2028,24
3455,2028-06-16,16,6,2028,24
3456,2028-06-17,17,6,2028,24
3457,2028-06-18,18,6,2028,24
3458,2028-06-19,19,6,2028,25
3459,2028-06-20,20,6,2028,25
3460,2028-06-21,21,6,2028,25
3461,2028-06-22,22,6,2028,25
3462,2028-06-23,23,6,2028,25
3463,2028-06-24,24,6,2028,25
3464,2028-06-25,25,6,2028,25
3465,2028-06-26,26,6,2028,26
3466,2028-06-27,27,6,2028,26
3467,2028-06-28,28,6,2028,26
3468,2028-06-29,29,6,2028,26
3469,2028-06-30,30,6,2028,26
3470,2028-07-01,1,7,2028,26
3471,2028-07-02,2,7,2028,26
3472,2028-07-03,3,7,2028,27
3473,2028-07-04,4,7,2028,27
3474,2028-07-05,5,7,2028,27
3475,2028-07-06,6,7,2028,27
3476,2028-07-07,7,7,2028,27
3477,2028-07-08,8,7,2028,27
3478,2028-07-09,9,7,2028,27
3479,2028-07-10,10,7,2028,28
3480,2028-07-11,11,7,2028,28
3481,2028-07-12,12,7,2028,28
3482,2028-07-13,13,7,2028,28
3483,2028-07-14,14,7,2028,28
3484,2028-07-15,15,7,2028,28
3485,2028-07-16,16,7,2028,28
3486,2028-07-17,17,7,2028,29
3487,2028-07-18,18,7,2028,29
3488,2028-07-19,19,7,2028,29
3489,2028-07-20,20,7,2028,29
3490,2028-07-21,21,7,2028,29
3491,2028-07-22,22,7,2028,29
3492,2028-07-23,23,7,2028,29
3493,2028-07-24,24,7,2028,30
3494,2028-07-25,25,7,2028,30
3495,2028-07-26,26,7,2028,30
3496,2028-07-27,27,7,2028,30
3497,2028-07-28,28,7,2028,30
3498,2028-07-29,29,7,2028,30
3499,2028-07-30,30,7,2028,30
3500,2028-07-31,31,7,2028,31
3501,2028-08-01,1,8,2028,31
3502,2028-08-02,2,8,2028,31
3503,2028-08-03,3,8,2028,31
3504,2028-08-04,4,8,2028,31
3505,2028-08-05,5,8,2028,31
3506,2028-08-06,6,8,2028,31
3507,2028-08-07,7,8,2028,32
3508,2028-08-08,8,8,2028,32
3509,2028-08-09,9,8,2028,32
3510,2028-08-10,10,8,2028,32
3511,2028-08-11,11,8,2028,32
3512,2028-08-12,12,8,2028,32
3513,2028-08-13,13,8,2028,32
3514,2028-08-14,14,8,2028,33
3515,2028-08-15,15,8,2028,33
3516,2028-08-16,16,8,2028,33
3517,2028-08-17,17,8,2028,33
3518,2028-08-18,18,8,2028,33
3519,2028-08-19,19,8,2028,33
3520,2028-08-20,20,8,2028,33
3521,2028-08-21,21,8,2028,34
3522,2028-08-22,22,8,2028,34
3523,2028-08-23,23,8,2028,34
3524,2028-08-24,24,8,2028,34
3525,2028-08-25,25,8,2028,34
3526,2028-08-26,26,8,2028,34
3527,2028-08-27,27,8,2028,34
3528,2028-08-28,28,8,2028,35
3529,2028-08-29,29,8,2028,35
3530,2028-08-30,30,8,2028,35
3531,2028-08-31,31,8,2028,35
3532,2028-09-01,1,9,2028,35
3533,2028-09-02,2,9,2028,35
3534,2028-09-03,3,9,2028,35
3535,2028-09-04,4,9,2028,36
3536,2028-09-05,5,9,2028,36
3537,2028-09-06,6,9,2028,36
3538,2028-09-07,7,9,2028,36
3539,2028-09-08,8,9,2028,36
3540,2028-09-09,9,9,2028,36
3541,2028-09-10,10,9,2028,36
3542,2028-09-11,11,9,2028,37
3543,2028-09-12,12,9,2028,37
3544,2028-09-13,13,9,2028,37
3545,2028-09-14,14,9,2028,37
3546,2028-09-15,15,9,2028,37
3547,2028-09-16,16,9,2028,37
3548,2028-09-17,17,9,2028,37
3549,2028-09-18,18,9,2028,38
3550,2028-09-19,19,9,2028,38
3551,2028-09-20,20,9,2028,38
3552,2028-09-21,21,9,2028,38
3553,2028-09-22,22,9,2028,38
3554,2028-09-23,23,9,2028,38
3555,2028-09-24,24,9,2028,38
3556,2028-09-25,25,9,2028,39
3557,2028-09-26,26,9,2028,39
3558,2028-09-27,27,9,2028,39
3559,2028-09-28,28,9,2028,39
3560,2028-09-29,29,9,2028,39
3561,2028-09-30,30,9,2028,39
3562,2028-10-01,1,10,2028,39
3563,2028-10-02,2,10,2028,40
3564,2028-10-03,3,10,2028,40
3565,2028-10-04,4,10,2028,40
3566,2028-10-05,5,10,2028,40
3567,2028-10-06,6,10,2028,40
3568,2028-10-07,7,10,2028,40
3569,2028-10-08,8,10,2028,40
3570,2028-10-09,9,10,2028,41
3571,2028-10-10,10,10,2028,41
3572,2028-10-11,11,10,2028,41
3573,2028-10-12,12,10,2028,41
3574,2028-10-13,13,10,2028,41
3575,2028-10-14,14,10,2028,41
3576,2028-10-15,15,10,2028,41
3577,2028-10-16,16,10,2028,42
3578,2028-10-17,17,10,2028,42
3579,2028-10-18,18,10,2028,42
3580,2028-10-19,19,10,2028,42
3581,2028-10-20,20,10,2028,42
3582,2028-10-21,21,10,2028,42
3583,2028-10-22,22,10,2028,42
3584,2028-10-23,23,10,2028,43
3585,2028-10-24,24,10,2028,43
3586,2028-10-25,25,10,2028,43
3587,2028-10-26,26,10,2028,43
3588,2028-10-27,27,10,2028,43
3589,2028-10-28,28,10,2028,43
3590,2028-10-29,29,10,2028,43
3591,2028-10-30,30,10,2028,44
3592,2028-10-31,31,10,2028,44
3593,2028-11-01,1,11,2028,44
3594,2028-11-02,2,11,2028,44
3595,2028-11-03,3,11,2028,44
3596,2028-11-04,4,11,2028,44
3597,2028-11-05,5,11,2028,44
3598,2028-11-06,6,11,2028,45
3599,2028-11-07,7,11,2028,45
3600,2028-11-08,8,11,2028,45
3601,2028-11-09,9,11,2028,45
3602,2028-11-10,10,11,2028,45
3603,2028-11-11,11,11,2028,45
3604,2028-11-12,12,11,2028,45
3605,2028-11-13,13,11,2028,46
3606,2028-11-14,14,11,2028,46
3607,2028-11-15,15,11,2028,46
3608,2028-11-16,16,11,2028,46
3609,2028-11-17,17,11,2028,46
3610,2028-11-18,18,11,2028,46
3611,2028-11-19,19,11,2028,46
3612,2028-11-20,20,11,2028,47
3613,2028-11-21,21,11,2028,47
3614,2028-11-22,22,11,2028,47
3615,2028-11-23,23,11,2028,47
3616,2028-11-24,24,11,2028,47
3617,2028-11-25,25,11,2028,47
3618,2028-11-26,26,11,2028,47
3619,2028-11-27,27,11,2028,48
3620,2028-11-28,28,11,2028,48
3621,2028-11-29,29,11,2028,48
3622,2028-11-30,30,11,2028,48
3623,2028-12-01,1,12,2028,48
3624,2028-12-02,2,12,2028,48
3625,2028-12-03,3,12,2028,48
3626,2028-12-04,4,12,2028,49
3627,2028-12-05,5,12,2028,49
3628,2028-12-06,6,12,2028,49
3629,2028-12-07,7,12,2028,49
3630,2028-12-08,8,12,2028,49
3631,2028-12-09,9,12,2028,49
3632,2028-12-10,10,12,2028,49
3633,2028-12-11,11,12,2028,50
3634,2028-12-12,12,12,2028,50
3635,2028-12-13,13,12,2028,50
3636,2028-12-14,14,12,2028,50
3637,2028-12-15,15,12,2028,50
3638,2028-12-16,16,12,2028,50
3639,2028-12-17,17,12,2028,50
3640,2028-12-18,18,12,2028,51
3641,2028-12-19,19,12,2028,51
3642,2028-12-20,20,12,2028,51
3643,2028-12-21,21,12,2028,51
3644,2028-12-22,22,12,2028,51
3645,2028-12-23,23,12,2028,51
3646,2028-12-24,24,12,2028,51
3647,2028-12-25,25,12,2028,52
3648,2028-12-26,26,12,2028,52
3649,2028-12-27,27,12,2028,52
3650,2028-12-28,28,12,2028,52
3651,2028-12-29,29,12,2028,52
3652,2028-12-30,30,12,2028,52
3653,2028-12-31,31,12,2028,52
