id_geografia,cve_geo,entidad,municipio,abreviatura_entidad,latitud,longitud
1,1001,AGUASCALIENTES,AGUASCALIENTES,AS,21.5247362,-102.1745768
2,1002,AGUASCALIENTES,ASIENTOS,AS,22.1417941,-102.052139
3,1003,AGUASCALIENTES,CALVILLO,AS,21.5048866,-102.4307502
4,1004,AGUASCALIENTES,COSÍO,AS,22.2159071,-102.1800159
10,1010,AGUASCALIENTES,EL LLANO,AS,21.5507929,-101.5755106
5,1005,AGUASCALIENTES,JESÚS MARÍA,AS,21.5740582,-102.2036299
12,1999,AGUASCALIENTES,NO ESPECIFICADO,AS,,
6,1006,AGUASCALIENTES,PABELLÓN DE ARTEAGA,AS,22.0857126,-102.163555
7,1007,AGUASCALIENTES,RINCÓN DE ROMOS,AS,22.1345239,-102.1923047
11,1011,AGUASCALIENTES,SAN FRANCISCO DE LOS ROMO,AS,22.0420615,-102.1621642
8,1008,AGUASCALIENTES,SAN JOSÉ DE GRACIA,AS,22.0900779,-102.2456281
9,1009,AGUASCALIENTES,TEPEZALÁ,AS,22.132722,-102.1001097
13,2001,BAJA CALIFORNIA,ENSENADA,BC,31.4832198,-116.3542482
14,2002,BAJA CALIFORNIA,MEXICALI,BC,32.3828233,-115.2832084
18,2999,BAJA CALIFORNIA,NO ESPECIFICADO,BC,,
17,2005,BAJA CALIFORNIA,PLAYAS DE ROSARITO,BC,32.2149263,-117.0316052
2505,2007,BAJA CALIFORNIA,SAN FELIPE,BC,,
2504,2006,BAJA CALIFORNIA,SAN QUINTÍN,BC,30.3323347,-115.5620621
15,2003,BAJA CALIFORNIA,TECATE,BC,32.3421644,-116.3735581
16,2004,BAJA CALIFORNIA,TIJUANA,BC,32.3156859,-117.0108088
19,3001,BAJA CALIFORNIA SUR,COMONDÚ,BS,25.0204688,-111.4024022
21,3003,BAJA CALIFORNIA SUR,LA PAZ,BS,24.0855482,-110.1823724
23,3009,BAJA CALIFORNIA SUR,LORETO,BS,26.0046,-111.2036
22,3008,BAJA CALIFORNIA SUR,LOS CABOS,BS,23.0341729,-109.4141097
20,3002,BAJA CALIFORNIA SUR,MULEGÉ,BS,27.2012726,-112.1605789
24,3999,BAJA CALIFORNIA SUR,NO ESPECIFICADO,BS,,
34,4010,CAMPECHE,CALAKMUL,CC,18.3019335,-89.2350192
25,4001,CAMPECHE,CALKINÍ,CC,20.2216414,-90.0302662
26,4002,CAMPECHE,CAMPECHE,CC,19.5041331,-90.3222737
35,4011,CAMPECHE,CANDELARIA,CC,18.1100422,-91.0246657
27,4003,CAMPECHE,CARMEN,CC,18.3816042,-91.501122
28,4004,CAMPECHE,CHAMPOTÓN,CC,19.2122387,-90.4326008
2507,4013,CAMPECHE,DZITBALCHÉ,CC,,
33,4009,CAMPECHE,ESCÁRCEGA,CC,18.3615533,-90.4355203
29,4005,CAMPECHE,HECELCHAKÁN,CC,20.1037078,-90.0804262
30,4006,CAMPECHE,HOPELCHÉN,CC,19.4443973,-89.5042157
36,4999,CAMPECHE,NO ESPECIFICADO,CC,,
31,4007,CAMPECHE,PALIZADA,CC,18.1512954,-92.0527246
2506,4012,CAMPECHE,SEYBAPLAYA,CC,19.3821109,-90.4117884
32,4008,CAMPECHE,TENABO,CC,20.0222837,-90.1332748
87,7001,CHIAPAS,ACACOYAGUA,CS,15.2027475,-92.4028622
88,7002,CHIAPAS,ACALA,CS,16.3306025,-92.482703
89,7003,CHIAPAS,ACAPETAHUA,CS,15.1658216,-92.4120875
198,7113,CHIAPAS,ALDAMA,CS,16.5504144,-92.4117491
90,7004,CHIAPAS,ALTAMIRANO,CS,16.4409313,-92.0218937
92,7006,CHIAPAS,AMATENANGO DE LA FRONTERA,CS,15.2606038,-92.0654568
93,7007,CHIAPAS,AMATENANGO DEL VALLE,CS,16.3142605,-92.2607766
91,7005,CHIAPAS,AMATÁN,CS,17.2222254,-92.4908843
94,7008,CHIAPAS,ANGEL ALBINO CORZO,CS,15.522152,-92.4330287
95,7009,CHIAPAS,ARRIAGA,CS,16.1409834,-93.5358104
96,7010,CHIAPAS,BEJUCAL DE OCAMPO,CS,15.2719415,-92.0930265
97,7011,CHIAPAS,BELLA VISTA,CS,15.3458791,-92.1441445
199,7114,CHIAPAS,BENEMÉRITO DE LAS AMÉRICAS,CS,16.3056981,-90.3911887
98,7012,CHIAPAS,BERRIOZÁBAL,CS,16.4801155,-93.1623777
99,7013,CHIAPAS,BOCHIL,CS,16.594698,-92.5324788
101,7015,CHIAPAS,CACAHOATÁN,CS,14.5923239,-92.1005197
205,7120,CHIAPAS,CAPITÁN LUIS ÁNGEL VIDAL,CS,15.360406,-92.3744751
102,7016,CHIAPAS,CATAZAJÁ,CS,17.4341957,-92.0058918
108,7022,CHIAPAS,CHALCHIHUITÁN,CS,16.5748257,-92.3706223
109,7023,CHIAPAS,CHAMULA,CS,16.4715,-92.4121
110,7024,CHIAPAS,CHANAL,CS,16.3936223,-92.1535792
111,7025,CHIAPAS,CHAPULTENANGO,CS,17.2025442,-93.0748282
112,7026,CHIAPAS,CHENALHÓ,CS,16.5339397,-92.3734133
113,7027,CHIAPAS,CHIAPA DE CORZO,CS,16.4228649,-93.0057453
114,7028,CHIAPAS,CHIAPILLA,CS,16.3413775,-92.431209
115,7029,CHIAPAS,CHICOASÉN,CS,16.5802118,-93.0618846
116,7030,CHIAPAS,CHICOMUSELO,CS,15.444177,-92.1659834
117,7031,CHIAPAS,CHILÓN,CS,17.0619769,-92.1617502
103,7017,CHIAPAS,CINTALAPA,CS,16.4155256,-93.4313541
104,7018,CHIAPAS,COAPILLA,CS,17.0750849,-93.0932479
105,7019,CHIAPAS,COMITÁN DE DOMÍNGUEZ,CS,16.1508858,-92.0809006
107,7021,CHIAPAS,COPAINALÁ,CS,17.0537,-93.1238
100,7014,CHIAPAS,EL BOSQUE,CS,17.0343957,-92.4317072
207,7122,CHIAPAS,EL PARRAL,CS,16.215842,-93.002416
156,7070,CHIAPAS,EL PORVENIR,CS,15.2722922,-92.1646705
208,7123,CHIAPAS,EMILIANO ZAPATA,CS,16.3221018,-92.5348208
118,7032,CHIAPAS,ESCUINTLA,CS,15.190937,-92.393081
119,7033,CHIAPAS,FRANCISCO LEÓN,CS,17.2100635,-93.1834407
120,7034,CHIAPAS,FRONTERA COMALAPA,CS,15.393659,-92.082778
121,7035,CHIAPAS,FRONTERA HIDALGO,CS,14.4640215,-92.103354
2508,7125,CHIAPAS,HONDURAS DE LA SIERRA,CS,15.3522788,-92.2833807
123,7037,CHIAPAS,HUEHUETÁN,CS,15.0106671,-92.2303051
125,7039,CHIAPAS,HUITIUPÁN,CS,17.1023634,-92.4109355
126,7040,CHIAPAS,HUIXTLA,CS,15.0817839,-92.2756944
124,7038,CHIAPAS,HUIXTÁN,CS,16.4243742,-92.2716549
128,7042,CHIAPAS,IXHUATÁN,CS,17.1735775,-93.0030175
129,7043,CHIAPAS,IXTACOMITÁN,CS,17.2550862,-93.0547661
130,7044,CHIAPAS,IXTAPA,CS,16.4812691,-92.542125
131,7045,CHIAPAS,IXTAPANGAJOYA,CS,17.295114,-93.0005997
132,7046,CHIAPAS,JIQUIPILAS,CS,16.4003797,-93.3901711
133,7047,CHIAPAS,JITOTOL,CS,17.0404683,-92.514441
134,7048,CHIAPAS,JUÁREZ,CS,17.3629344,-93.1135991
106,7020,CHIAPAS,LA CONCORDIA,CS,16.0700177,-92.4116562
122,7036,CHIAPAS,LA GRANDEZA,CS,15.3036469,-92.1333168
127,7041,CHIAPAS,LA INDEPENDENCIA,CS,16.1514946,-92.0125828
136,7050,CHIAPAS,LA LIBERTAD,CS,17.4124491,-91.4308624
184,7099,CHIAPAS,LA TRINITARIA,CS,16.0708614,-92.030169
135,7049,CHIAPAS,LARRÁINZAR,CS,16.5304006,-92.424773
138,7052,CHIAPAS,LAS MARGARITAS,CS,16.185741,-91.5853646
161,7075,CHIAPAS,LAS ROSAS,CS,16.2150875,-92.221049
137,7051,CHIAPAS,MAPASTEPEC,CS,15.2628083,-92.5329781
200,7115,CHIAPAS,MARAVILLA TENEJAPA,CS,16.0825428,-91.1742373
201,7116,CHIAPAS,MARQUÉS DE COMILLAS,CS,16.195928,-90.455502
139,7053,CHIAPAS,MAZAPA DE MADERO,CS,15.2316677,-92.1115845
140,7054,CHIAPAS,MAZATÁN,CS,14.5146891,-92.2658095
141,7055,CHIAPAS,METAPA,CS,14.5014331,-92.1127401
209,7124,CHIAPAS,MEZCALAPA,CS,17.1121201,-93.3617184
142,7056,CHIAPAS,MITONTIC,CS,16.5152095,-92.3746745
202,7117,CHIAPAS,MONTECRISTO DE GUERRERO,CS,15.4138103,-92.3709336
143,7057,CHIAPAS,MOTOZINTLA,CS,15.2147402,-92.145188
144,7058,CHIAPAS,NICOLÁS RUÍZ,CS,16.2613463,-92.350725
210,7999,CHIAPAS,NO ESPECIFICADO,CS,,
145,7059,CHIAPAS,OCOSINGO,CS,16.5428938,-92.0544976
146,7060,CHIAPAS,OCOTEPEC,CS,17.1330105,-93.0951859
147,7061,CHIAPAS,OCOZOCOAUTLA DE ESPINOSA,CS,16.4541263,-93.2232349
148,7062,CHIAPAS,OSTUACÁN,CS,17.2420128,-93.2013691
149,7063,CHIAPAS,OSUMACINTA,CS,16.5607681,-93.0528814
150,7064,CHIAPAS,OXCHUC,CS,16.471003,-92.20057
151,7065,CHIAPAS,PALENQUE,CS,17.303288,-91.585172
152,7066,CHIAPAS,PANTELHÓ,CS,17.0023971,-92.2810487
153,7067,CHIAPAS,PANTEPEC,CS,17.1117131,-93.0258365
154,7068,CHIAPAS,PICHUCALCO,CS,17.3030783,-93.0703963
155,7069,CHIAPAS,PIJIJIAPAN,CS,15.4130025,-93.1233541
158,7072,CHIAPAS,PUEBLO NUEVO SOLISTAHUACÁN,CS,17.0927245,-92.535036
159,7073,CHIAPAS,RAYÓN,CS,17.1201812,-93.0040382
160,7074,CHIAPAS,REFORMA,CS,17.5156923,-93.0849589
206,7121,CHIAPAS,RINCÓN CHAMULA SAN PEDRO,CS,17.1234095,-92.5615253
162,7076,CHIAPAS,SABANILLA,CS,17.1700543,-92.3306192
163,7077,CHIAPAS,SALTO DE AGUA,CS,17.3325275,-92.2000319
203,7118,CHIAPAS,SAN ANDRÉS DURAZNAL,CS,17.0755191,-92.4817955
164,7078,CHIAPAS,SAN CRISTÓBAL DE LAS CASAS,CS,16.441328,-92.381523
165,7079,CHIAPAS,SAN FERNANDO,CS,16.5218163,-93.1222625
197,7112,CHIAPAS,SAN JUAN CANCUC,CS,16.5332076,-92.2219029
195,7110,CHIAPAS,SAN LUCAS,CS,16.3641892,-92.4309632
204,7119,CHIAPAS,SANTIAGO EL PINAR,CS,16.5629177,-92.4252545
166,7080,CHIAPAS,SILTEPEC,CS,15.3325866,-92.1922296
167,7081,CHIAPAS,SIMOJOVEL,CS,17.0826974,-92.425475
168,7082,CHIAPAS,SITALÁ,CS,17.0130183,-92.1827874
169,7083,CHIAPAS,SOCOLTENANGO,CS,16.1434618,-92.2101137
170,7084,CHIAPAS,SOLOSUCHIAPA,CS,17.254316,-93.0152246
171,7085,CHIAPAS,SOYALÓ,CS,16.5327573,-92.5531044
172,7086,CHIAPAS,SUCHIAPA,CS,16.3719049,-93.0617258
173,7087,CHIAPAS,SUCHIATE,CS,14.4046028,-92.0903392
174,7088,CHIAPAS,SUNUAPA,CS,17.292176,-93.143541
175,7089,CHIAPAS,TAPACHULA,CS,14.5439857,-92.1551552
176,7090,CHIAPAS,TAPALAPA,CS,17.1124173,-93.0616577
177,7091,CHIAPAS,TAPILULA,CS,17.145425,-93.005853
178,7092,CHIAPAS,TECPATÁN,CS,17.0813183,-93.1841284
179,7093,CHIAPAS,TENEJAPA,CS,16.490846,-92.302337
180,7094,CHIAPAS,TEOPISCA,CS,16.322945,-92.282135
181,7096,CHIAPAS,TILA,CS,17.1802285,-92.2533113
182,7097,CHIAPAS,TONALÁ,CS,16.052888,-93.450642
183,7098,CHIAPAS,TOTOLAPA,CS,16.3241037,-92.4049354
185,7100,CHIAPAS,TUMBALÁ,CS,17.1642468,-92.1857556
187,7102,CHIAPAS,TUXTLA CHICO,CS,14.5624683,-92.1008291
186,7101,CHIAPAS,TUXTLA GUTIÉRREZ,CS,16.45143,-93.065469
188,7103,CHIAPAS,TUZANTÁN,CS,15.0845828,-92.2517834
189,7104,CHIAPAS,TZIMOL,CS,16.1103233,-92.1116572
190,7105,CHIAPAS,UNIÓN JUÁREZ,CS,15.0338546,-92.0455048
191,7106,CHIAPAS,VENUSTIANO CARRANZA,CS,16.2022622,-92.3354487
157,7071,CHIAPAS,VILLA COMALTITLÁN,CS,15.1242975,-92.3433687
192,7107,CHIAPAS,VILLA CORZO,CS,16.1105104,-93.1603661
193,7108,CHIAPAS,VILLAFLORES,CS,16.1407749,-93.1603747
194,7109,CHIAPAS,YAJALÓN,CS,17.1026076,-92.2002199
196,7111,CHIAPAS,ZINACANTÁN,CS,16.4536428,-92.432489
211,8001,CHIHUAHUA,AHUMADA,CH,30.3703842,-106.3044695
212,8002,CHIHUAHUA,ALDAMA,CH,28.501817,-105.5440653
213,8003,CHIHUAHUA,ALLENDE,CH,26.5621933,-105.2342276
214,8004,CHIHUAHUA,AQUILES SERDÁN,CH,28.3540212,-105.5314906
215,8005,CHIHUAHUA,ASCENSIÓN,CH,31.0531834,-107.5945418
216,8006,CHIHUAHUA,BACHÍNIVA,CH,28.4553034,-107.1515704
217,8007,CHIHUAHUA,BALLEZA,CH,26.5714787,-106.2048924
218,8008,CHIHUAHUA,BATOPILAS DE MANUEL GÓMEZ MORÍN,CH,27.0135948,-107.4422956
219,8009,CHIHUAHUA,BOCOYNA,CH,27.5026674,-107.3521309
220,8010,CHIHUAHUA,BUENAVENTURA,CH,29.5036271,-107.2816731
221,8011,CHIHUAHUA,CAMARGO,CH,27.4141865,-105.1017833
222,8012,CHIHUAHUA,CARICHÍ,CH,27.5459515,-107.0324517
223,8013,CHIHUAHUA,CASAS GRANDES,CH,30.2232533,-107.5655699
229,8019,CHIHUAHUA,CHIHUAHUA,CH,28.3812458,-106.0434704
230,8020,CHIHUAHUA,CHÍNIPAS,CH,27.2334117,-108.3210425
224,8014,CHIHUAHUA,CORONADO,CH,26.4415414,-105.0929923
225,8015,CHIHUAHUA,COYAME DEL SOTOL,CH,29.2743354,-105.0539687
227,8017,CHIHUAHUA,CUAUHTÉMOC,CH,28.2422722,-106.515776
228,8018,CHIHUAHUA,CUSIHUIRIACHI,CH,28.1428,-106.5012
231,8021,CHIHUAHUA,DELICIAS,CH,28.1134613,-105.2815768
232,8022,CHIHUAHUA,DR. BELISARIO DOMÍNGUEZ,CH,28.09168,-106.2837309
274,8064,CHIHUAHUA,EL TULE,CH,27.0313005,-106.1558512
233,8023,CHIHUAHUA,GALEANA,CH,30.0646618,-107.3700279
236,8026,CHIHUAHUA,GRAN MORELOS,CH,28.1452168,-106.3036444
237,8027,CHIHUAHUA,GUACHOCHI,CH,26.4908949,-107.0409702
238,8028,CHIHUAHUA,GUADALUPE,CH,31.2324385,-106.0606313
239,8029,CHIHUAHUA,GUADALUPE Y CALVO,CH,26.0540257,-106.575173
240,8030,CHIHUAHUA,GUAZAPARES,CH,27.1634974,-108.1647841
241,8031,CHIHUAHUA,GUERRERO,CH,28.3253493,-107.2912925
235,8025,CHIHUAHUA,GÓMEZ FARÍAS,CH,29.2125269,-107.4419158
242,8032,CHIHUAHUA,HIDALGO DEL PARRAL,CH,26.5519516,-105.4001716
243,8033,CHIHUAHUA,HUEJOTITÁN,CH,27.0316812,-106.1046043
244,8034,CHIHUAHUA,IGNACIO ZARAGOZA,CH,29.3835564,-107.4551101
245,8035,CHIHUAHUA,JANOS,CH,30.5314127,-108.1123459
246,8036,CHIHUAHUA,JIMÉNEZ,CH,27.0749977,-104.5522716
248,8038,CHIHUAHUA,JULIMES,CH,28.2523,-105.255
247,8037,CHIHUAHUA,JUÁREZ,CH,31.4447275,-106.2906067
226,8016,CHIHUAHUA,LA CRUZ,CH,27.515,-105.1147
249,8039,CHIHUAHUA,LÓPEZ,CH,27.0009,-105.0159
250,8040,CHIHUAHUA,MADERA,CH,29.1124,-108.0829
251,8041,CHIHUAHUA,MAGUARICHI,CH,27.513349,-107.5938241
252,8042,CHIHUAHUA,MANUEL BENAVIDES,CH,29.0626591,-103.5428137
253,8043,CHIHUAHUA,MATACHÍ,CH,28.5035622,-107.4516733
254,8044,CHIHUAHUA,MATAMOROS,CH,26.4549957,-105.3459988
255,8045,CHIHUAHUA,MEOQUI,CH,28.1604068,-105.2849048
256,8046,CHIHUAHUA,MORELOS,CH,26.4013896,-107.4038092
257,8047,CHIHUAHUA,MORIS,CH,28.0854183,-108.3123655
258,8048,CHIHUAHUA,NAMIQUIPA,CH,29.1502736,-107.2431938
278,8999,CHIHUAHUA,NO ESPECIFICADO,CH,,
259,8049,CHIHUAHUA,NONOAVA,CH,27.2819395,-106.4407196
260,8050,CHIHUAHUA,NUEVO CASAS GRANDES,CH,30.2450348,-107.5443571
261,8051,CHIHUAHUA,OCAMPO,CH,28.1137804,-108.2200266
262,8052,CHIHUAHUA,OJINAGA,CH,29.3352202,-104.2456393
263,8053,CHIHUAHUA,PRAXEDIS G. GUERRERO,CH,31.2219444,-106.0019421
264,8054,CHIHUAHUA,RIVA PALACIO,CH,28.3245628,-106.3009476
265,8055,CHIHUAHUA,ROSALES,CH,28.1113,-105.3316
266,8056,CHIHUAHUA,ROSARIO,CH,27.1910707,-106.1743793
267,8057,CHIHUAHUA,SAN FRANCISCO DE BORJA,CH,27.5406556,-106.4105699
268,8058,CHIHUAHUA,SAN FRANCISCO DE CONCHOS,CH,27.3518787,-105.2004709
269,8059,CHIHUAHUA,SAN FRANCISCO DEL ORO,CH,26.513238,-105.5100289
270,8060,CHIHUAHUA,SANTA BÁRBARA,CH,26.480756,-105.4905159
234,8024,CHIHUAHUA,SANTA ISABEL,CH,28.2036045,-106.2204996
271,8061,CHIHUAHUA,SATEVÓ,CH,27.5721721,-106.0625935
272,8062,CHIHUAHUA,SAUCILLO,CH,28.0157628,-105.1716916
273,8063,CHIHUAHUA,TEMÓSACHIC,CH,28.570993,-107.4947422
275,8065,CHIHUAHUA,URIQUE,CH,27.1245773,-107.5451497
276,8066,CHIHUAHUA,URUACHI,CH,27.5204527,-108.1254702
277,8067,CHIHUAHUA,VALLE DE ZARAGOZA,CH,27.2725674,-105.4839579
279,9002,CIUDAD DE MÉXICO,AZCAPOTZALCO,DF,19.290277,-99.1103698
291,9014,CIUDAD DE MÉXICO,BENITO JUÁREZ,DF,19.2219172,-99.0928272
280,9003,CIUDAD DE MÉXICO,COYOACÁN,DF,19.210077,-99.0943724
281,9004,CIUDAD DE MÉXICO,CUAJIMALPA DE MORELOS,DF,19.2126461,-99.1759252
292,9015,CIUDAD DE MÉXICO,CUAUHTÉMOC,DF,19.2629928,-99.0906781
282,9005,CIUDAD DE MÉXICO,GUSTAVO A. MADERO,DF,19.2858603,-99.0648495
283,9006,CIUDAD DE MÉXICO,IZTACALCO,DF,19.2345245,-99.0551406
284,9007,CIUDAD DE MÉXICO,IZTAPALAPA,DF,19.2132414,-99.0533441
285,9008,CIUDAD DE MÉXICO,LA MAGDALENA CONTRERAS,DF,19.1817633,-99.1429456
293,9016,CIUDAD DE MÉXICO,MIGUEL HIDALGO,DF,19.2426168,-99.1126716
286,9009,CIUDAD DE MÉXICO,MILPA ALTA,DF,19.1128498,-99.0124139
295,9999,CIUDAD DE MÉXICO,NO ESPECIFICADO,DF,,
289,9012,CIUDAD DE MÉXICO,TLALPAN,DF,19.171779,-99.1001654
288,9011,CIUDAD DE MÉXICO,TLÁHUAC,DF,19.1614039,-99.0017446
294,9017,CIUDAD DE MÉXICO,VENUSTIANO CARRANZA,DF,19.2509343,-99.0649324
290,9013,CIUDAD DE MÉXICO,XOCHIMILCO,DF,19.1548463,-99.0617688
287,9010,CIUDAD DE MÉXICO,ÁLVARO OBREGÓN,DF,19.2326902,-99.1143488
37,5001,COAHUILA DE ZARAGOZA,ABASOLO,CL,27.1055,-101.2535
38,5002,COAHUILA DE ZARAGOZA,ACUÑA,CL,29.194802,-100.584173
39,5003,COAHUILA DE ZARAGOZA,ALLENDE,CL,28.205,-100.5115
40,5004,COAHUILA DE ZARAGOZA,ARTEAGA,CL,25.2702234,-100.5058641
41,5005,COAHUILA DE ZARAGOZA,CANDELA,CL,26.5025,-100.395
42,5006,COAHUILA DE ZARAGOZA,CASTAÑOS,CL,26.4707,-101.255
43,5007,COAHUILA DE ZARAGOZA,CUATRO CIÉNEGAS,CL,26.5912709,-102.0401564
44,5008,COAHUILA DE ZARAGOZA,ESCOBEDO,CL,27.1405,-101.2445
45,5009,COAHUILA DE ZARAGOZA,FRANCISCO I. MADERO,CL,25.463,-103.1623
46,5010,COAHUILA DE ZARAGOZA,FRONTERA,CL,26.5534,-101.2658
47,5011,COAHUILA DE ZARAGOZA,GENERAL CEPEDA,CL,25.2247667,-101.284545
48,5012,COAHUILA DE ZARAGOZA,GUERRERO,CL,28.1830306,-100.2243412
49,5013,COAHUILA DE ZARAGOZA,HIDALGO,CL,27.473005,-99.5233798
50,5014,COAHUILA DE ZARAGOZA,JIMÉNEZ,CL,29.041311,-100.4027219
51,5015,COAHUILA DE ZARAGOZA,JUÁREZ,CL,27.3623423,-100.4337631
52,5016,COAHUILA DE ZARAGOZA,LAMADRID,CL,27.0254577,-101.4736957
53,5017,COAHUILA DE ZARAGOZA,MATAMOROS,CL,25.314129,-103.1349381
54,5018,COAHUILA DE ZARAGOZA,MONCLOVA,CL,26.5404472,-101.2502008
55,5019,COAHUILA DE ZARAGOZA,MORELOS,CL,28.2436376,-100.5311873
56,5020,COAHUILA DE ZARAGOZA,MÚZQUIZ,CL,27.5239179,-101.3059464
57,5021,COAHUILA DE ZARAGOZA,NADADORES,CL,27.014451,-101.3531284
58,5022,COAHUILA DE ZARAGOZA,NAVA,CL,28.2518749,-100.4603193
75,5999,COAHUILA DE ZARAGOZA,NO ESPECIFICADO,CL,,
59,5023,COAHUILA DE ZARAGOZA,OCAMPO,CL,27.1840374,-102.2350657
60,5024,COAHUILA DE ZARAGOZA,PARRAS,CL,25.261457,-102.1103008
61,5025,COAHUILA DE ZARAGOZA,PIEDRAS NEGRAS,CL,28.4229135,-100.3142389
62,5026,COAHUILA DE ZARAGOZA,PROGRESO,CL,27.254432,-100.591404
63,5027,COAHUILA DE ZARAGOZA,RAMOS ARIZPE,CL,25.3235641,-100.5702815
64,5028,COAHUILA DE ZARAGOZA,SABINAS,CL,27.5055998,-101.0711961
65,5029,COAHUILA DE ZARAGOZA,SACRAMENTO,CL,27.0015979,-101.4330129
66,5030,COAHUILA DE ZARAGOZA,SALTILLO,CL,25.2517993,-100.5958996
67,5031,COAHUILA DE ZARAGOZA,SAN BUENAVENTURA,CL,27.0336926,-101.3300103
68,5032,COAHUILA DE ZARAGOZA,SAN JUAN DE SABINAS,CL,27.5545805,-101.1811856
69,5033,COAHUILA DE ZARAGOZA,SAN PEDRO,CL,25.4528,-102.5859365
70,5034,COAHUILA DE ZARAGOZA,SIERRA MOJADA,CL,27.1712757,-103.4205244
71,5035,COAHUILA DE ZARAGOZA,TORREÓN,CL,25.3230312,-103.2711018
72,5036,COAHUILA DE ZARAGOZA,VIESCA,CL,25.2036979,-102.4822861
73,5037,COAHUILA DE ZARAGOZA,VILLA UNIÓN,CL,28.1313792,-100.4330558
74,5038,COAHUILA DE ZARAGOZA,ZARAGOZA,CL,28.2913355,-100.5503438
76,6001,COLIMA,ARMERÍA,CM,18.5613462,-103.575399
77,6002,COLIMA,COLIMA,CM,19.143452,-103.4341228
78,6003,COLIMA,COMALA,CM,19.1923515,-103.4531684
79,6004,COLIMA,COQUIMATLÁN,CM,19.1205076,-103.4839301
80,6005,COLIMA,CUAUHTÉMOC,CM,19.1943588,-103.3606698
81,6006,COLIMA,IXTLAHUACÁN,CM,19.0004261,-103.4418936
82,6007,COLIMA,MANZANILLO,CM,19.0311541,-104.185897
83,6008,COLIMA,MINATITLÁN,CM,19.2309996,-104.0258693
86,6999,COLIMA,NO ESPECIFICADO,CM,,
84,6009,COLIMA,TECOMÁN,CM,18.5438175,-103.522564
85,6010,COLIMA,VILLA DE ÁLVAREZ,CM,19.1553195,-103.4412331
296,10001,DURANGO,CANATLÁN,DG,24.3138148,-104.4642145
297,10002,DURANGO,CANELAS,DG,25.0722695,-106.3244279
298,10003,DURANGO,CONETO DE COMONFORT,DG,24.5844849,-104.4608101
299,10004,DURANGO,CUENCAMÉ,DG,24.5215382,-103.4154463
300,10005,DURANGO,DURANGO,DG,24.0126357,-104.40127
313,10018,DURANGO,EL ORO,DG,25.5657566,-105.2153516
301,10006,DURANGO,GENERAL SIMÓN BOLÍVAR,DG,24.4120666,-103.1333511
303,10008,DURANGO,GUADALUPE VICTORIA,DG,24.264716,-104.0725176
304,10009,DURANGO,GUANACEVÍ,DG,25.5553983,-105.5715955
302,10007,DURANGO,GÓMEZ PALACIO,DG,25.3412386,-103.2947101
305,10010,DURANGO,HIDALGO,DG,26.1505203,-104.5448523
306,10011,DURANGO,INDÉ,DG,25.5443276,-105.1325648
307,10012,DURANGO,LERDO,DG,25.3211586,-103.3129458
308,10013,DURANGO,MAPIMÍ,DG,25.4959965,-103.5053497
309,10014,DURANGO,MEZQUITAL,DG,23.2824709,-104.2348278
310,10015,DURANGO,NAZAS,DG,25.1339996,-104.0649691
335,10999,DURANGO,NO ESPECIFICADO,DG,,
311,10016,DURANGO,NOMBRE DE DIOS,DG,23.5053559,-104.1440938
334,10039,DURANGO,NUEVO IDEAL,DG,24.5317928,-105.0427139
312,10017,DURANGO,OCAMPO,DG,26.2629623,-105.302318
314,10019,DURANGO,OTÁEZ,DG,24.4155281,-105.5938607
316,10021,DURANGO,PEÑÓN BLANCO,DG,24.4733031,-104.020336
317,10022,DURANGO,POANAS,DG,23.5830332,-104.023889
318,10023,DURANGO,PUEBLO NUEVO,DG,23.4641342,-105.2136691
315,10020,DURANGO,PÁNUCO DE CORONADO,DG,24.2403688,-104.1909352
319,10024,DURANGO,RODEO,DG,25.1050587,-104.33376
320,10025,DURANGO,SAN BERNARDO,DG,26.0002834,-105.3123724
321,10026,DURANGO,SAN DIMAS,DG,24.0607854,-105.5552482
322,10027,DURANGO,SAN JUAN DE GUADALUPE,DG,24.375107,-102.4655397
323,10028,DURANGO,SAN JUAN DEL RÍO,DG,24.4641718,-104.2733212
324,10029,DURANGO,SAN LUIS DEL CORDERO,DG,25.2503535,-104.164003
325,10030,DURANGO,SAN PEDRO DEL GALLO,DG,25.335711,-104.1734203
326,10031,DURANGO,SANTA CLARA,DG,24.2831598,-103.2126
327,10032,DURANGO,SANTIAGO PAPASQUIARO,DG,25.0220687,-105.2515402
328,10033,DURANGO,SÚCHIL,DG,23.3719787,-103.5518731
329,10034,DURANGO,TAMAZULA,DG,24.5813138,-106.5759766
330,10035,DURANGO,TEPEHUANES,DG,25.2035551,-105.4322807
331,10036,DURANGO,TLAHUALILO,DG,26.0626589,-103.2621249
332,10037,DURANGO,TOPIA,DG,25.1232481,-106.3416305
333,10038,DURANGO,VICENTE GUERRERO,DG,23.4352,-103.5916
2497,33333,ESTADOS UNIDOS DE AMERICA,ESTADOS UNIDOS DE AMERICA,USA,,
336,11001,GUANAJUATO,ABASOLO,GT,20.270324,-101.3142098
337,11002,GUANAJUATO,ACÁMBARO,GT,20.0207369,-100.4309575
339,11004,GUANAJUATO,APASEO EL ALTO,GT,20.2725817,-100.3717855
340,11005,GUANAJUATO,APASEO EL GRANDE,GT,20.3243023,-100.4117581
341,11006,GUANAJUATO,ATARJEA,GT,21.1601345,-99.4312962
342,11007,GUANAJUATO,CELAYA,GT,20.3117486,-100.4848863
344,11009,GUANAJUATO,COMONFORT,GT,20.4312171,-100.4540328
345,11010,GUANAJUATO,CORONEO,GT,20.1155,-100.2152
346,11011,GUANAJUATO,CORTAZAR,GT,20.2900623,-100.5749424
347,11012,GUANAJUATO,CUERÁMARO,GT,20.3735322,-101.4013389
348,11013,GUANAJUATO,DOCTOR MORA,GT,21.0833504,-100.1908218
349,11014,GUANAJUATO,DOLORES HIDALGO CUNA DE LA INDEPENDENCIA NACIONAL,GT,21.0933121,-100.5502048
350,11015,GUANAJUATO,GUANAJUATO,GT,21.0057951,-101.1513037
351,11016,GUANAJUATO,HUANÍMARO,GT,20.2205788,-101.294872
352,11017,GUANAJUATO,IRAPUATO,GT,20.4022085,-101.2053221
353,11018,GUANAJUATO,JARAL DEL PROGRESO,GT,20.223546,-101.035031
354,11019,GUANAJUATO,JERÉCUARO,GT,20.0900121,-100.3037901
355,11020,GUANAJUATO,LEÓN,GT,21.0719099,-101.4059519
343,11008,GUANAJUATO,MANUEL DOBLADO,GT,20.4339065,-101.5710045
356,11021,GUANAJUATO,MOROLEÓN,GT,20.0754733,-101.1121151
382,11999,GUANAJUATO,NO ESPECIFICADO,GT,,
357,11022,GUANAJUATO,OCAMPO,GT,21.3854572,-101.2840859
359,11024,GUANAJUATO,PUEBLO NUEVO,GT,20.3133446,-101.2215049
360,11025,GUANAJUATO,PURÍSIMA DEL RINCÓN,GT,21.0146485,-101.5241157
358,11023,GUANAJUATO,PÉNJAMO,GT,20.2554461,-101.4330158
361,11026,GUANAJUATO,ROMITA,GT,20.5216374,-101.3101622
362,11027,GUANAJUATO,SALAMANCA,GT,20.340725,-101.1159695
363,11028,GUANAJUATO,SALVATIERRA,GT,20.1258023,-100.5252896
364,11029,GUANAJUATO,SAN DIEGO DE LA UNIÓN,GT,21.2758992,-100.5223939
365,11030,GUANAJUATO,SAN FELIPE,GT,21.2845609,-101.1257401
366,11031,GUANAJUATO,SAN FRANCISCO DEL RINCÓN,GT,21.0107253,-101.5130665
367,11032,GUANAJUATO,SAN JOSÉ ITURBIDE,GT,21.0002959,-100.2308593
368,11033,GUANAJUATO,SAN LUIS DE LA PAZ,GT,21.1755738,-100.3054452
338,11003,GUANAJUATO,SAN MIGUEL DE ALLENDE,GT,20.5414446,-100.4248173
369,11034,GUANAJUATO,SANTA CATARINA,GT,21.0823559,-100.0400887
370,11035,GUANAJUATO,SANTA CRUZ DE JUVENTINO ROSAS,GT,20.3835521,-100.5938534
371,11036,GUANAJUATO,SANTIAGO MARAVATÍO,GT,20.1020665,-100.5942812
372,11037,GUANAJUATO,SILAO DE LA VICTORIA,GT,20.5640021,-101.2534378
373,11038,GUANAJUATO,TARANDACUAO,GT,20.0014285,-100.3058783
374,11039,GUANAJUATO,TARIMORO,GT,20.1718746,-100.4521391
375,11040,GUANAJUATO,TIERRA BLANCA,GT,21.0600009,-100.0932954
376,11041,GUANAJUATO,URIANGATO,GT,20.0827642,-101.1040984
377,11042,GUANAJUATO,VALLE DE SANTIAGO,GT,20.232876,-101.1053147
378,11043,GUANAJUATO,VICTORIA,GT,21.124382,-100.1257369
379,11044,GUANAJUATO,VILLAGRÁN,GT,20.3040938,-100.594741
380,11045,GUANAJUATO,XICHÚ,GT,21.1754988,-100.0334604
381,11046,GUANAJUATO,YURIRIA,GT,20.1245876,-101.075136
383,12001,GUERRERO,ACAPULCO DE JUÁREZ,GR,16.5142721,-99.5311608
458,12076,GUERRERO,ACATEPEC,GR,17.1930788,-98.5437201
384,12002,GUERRERO,AHUACUOTZINGO,GR,17.425072,-98.5605668
385,12003,GUERRERO,AJUCHITLÁN DEL PROGRESO,GR,18.0934397,-100.2945805
386,12004,GUERRERO,ALCOZAUCA DE GUERRERO,GR,17.2748686,-98.2301996
387,12005,GUERRERO,ALPOYECA,GR,17.401223,-98.304766
388,12006,GUERRERO,APAXTLA,GR,18.0748282,-99.5556329
389,12007,GUERRERO,ARCELIA,GR,18.185697,-100.1702227
390,12008,GUERRERO,ATENANGO DEL RÍO,GR,18.0615635,-99.0628091
391,12009,GUERRERO,ATLAMAJALCINGO DEL MONTE,GR,17.1841959,-98.3618307
392,12010,GUERRERO,ATLIXTAC,GR,17.3349245,-98.5559636
393,12011,GUERRERO,ATOYAC DE ÁLVAREZ,GR,17.124586,-100.2559266
394,12012,GUERRERO,AYUTLA DE LOS LIBRES,GR,16.5755033,-99.0550582
395,12013,GUERRERO,AZOYÚ,GR,16.4358657,-98.3603927
396,12014,GUERRERO,BENITO JUÁREZ,GR,17.0810931,-100.2807205
397,12015,GUERRERO,BUENAVISTA DE CUÉLLAR,GR,18.2728394,-99.2419232
410,12028,GUERRERO,CHILAPA DE ÁLVAREZ,GR,17.3539236,-99.1039654
411,12029,GUERRERO,CHILPANCINGO DE LOS BRAVO,GR,17.3305938,-99.3003826
398,12016,GUERRERO,COAHUAYUTLA DE JOSÉ MARÍA IZAZAGA,GR,18.1859022,-101.4404601
460,12078,GUERRERO,COCHOAPA EL GRANDE,GR,17.1134681,-98.2719007
399,12017,GUERRERO,COCULA,GR,18.1409119,-99.3940284
400,12018,GUERRERO,COPALA,GR,16.3631533,-98.5843045
401,12019,GUERRERO,COPALILLO,GR,18.0202945,-99.0230208
402,12020,GUERRERO,COPANATOYAC,GR,17.2742641,-98.4248466
403,12021,GUERRERO,COYUCA DE BENÍTEZ,GR,17.0032406,-100.0521722
404,12022,GUERRERO,COYUCA DE CATALÁN,GR,18.195167,-100.4154837
405,12023,GUERRERO,CUAJINICUILAPA,GR,16.2819148,-98.2500281
406,12024,GUERRERO,CUALÁC,GR,17.4433942,-98.393862
407,12025,GUERRERO,CUAUTEPEC,GR,16.445641,-99.0005564
408,12026,GUERRERO,CUETZALA DEL PROGRESO,GR,18.0802909,-99.4953348
409,12027,GUERRERO,CUTZAMALA DE PINZÓN,GR,18.275488,-100.3442646
457,12075,GUERRERO,EDUARDO NERI,GR,17.391151,-99.3133372
412,12030,GUERRERO,FLORENCIO VILLARREAL,GR,16.432597,-99.0725634
413,12031,GUERRERO,GENERAL CANUTO A. NERI,GR,18.2506545,-100.0419386
414,12032,GUERRERO,GENERAL HELIODORO CASTILLO,GR,17.4722013,-99.5841944
415,12033,GUERRERO,HUAMUXTITLÁN,GR,17.4807828,-98.3355032
416,12034,GUERRERO,HUITZUCO DE LOS FIGUEROA,GR,18.1821528,-99.2003491
417,12035,GUERRERO,IGUALA DE LA INDEPENDENCIA,GR,18.2040377,-99.3218126
418,12036,GUERRERO,IGUALAPA,GR,16.4437368,-98.2835823
463,12081,GUERRERO,ILIATENCO,GR,17.0243911,-98.4108921
419,12037,GUERRERO,IXCATEOPAN DE CUAUHTÉMOC,GR,18.3008828,-99.473685
461,12079,GUERRERO,JOSÉ JOAQUÍN DE HERRERA,GR,17.2655414,-99.0127796
421,12039,GUERRERO,JUAN R. ESCUDERO,GR,17.1008416,-99.3119369
462,12080,GUERRERO,JUCHITÁN,GR,16.3737454,-98.3812169
450,12068,GUERRERO,LA UNIÓN DE ISIDORO MONTES DE OCA,GR,17.58564,-101.4820465
2509,12082,GUERRERO,LAS VIGAS,GR,,
422,12040,GUERRERO,LEONARDO BRAVO,GR,17.3938887,-99.4038426
423,12041,GUERRERO,MALINALTEPEC,GR,17.1440662,-98.4015987
459,12077,GUERRERO,MARQUELIA,GR,16.345993,-98.4904267
425,12043,GUERRERO,METLATÓNOC,GR,17.114334,-98.2425558
426,12044,GUERRERO,MOCHITLÁN,GR,17.2820488,-99.221666
424,12042,GUERRERO,MÁRTIR DE CUILAPAN,GR,17.4430931,-99.1945628
464,12999,GUERRERO,NO ESPECIFICADO,GR,,
427,12045,GUERRERO,OLINALÁ,GR,17.4641996,-98.4428523
428,12046,GUERRERO,OMETEPEC,GR,16.4106321,-98.2415917
429,12047,GUERRERO,PEDRO ASCENCIO ALQUISIRAS,GR,18.3044511,-99.5313264
430,12048,GUERRERO,PETATLÁN,GR,17.3217544,-101.1628387
431,12049,GUERRERO,PILCAYA,GR,18.4451302,-99.4034229
432,12050,GUERRERO,PUNGARABATO,GR,18.2144182,-100.4005667
433,12051,GUERRERO,QUECHULTENANGO,GR,17.2433,-99.1427
434,12052,GUERRERO,SAN LUIS ACATLÁN,GR,16.4830899,-98.4401006
435,12053,GUERRERO,SAN MARCOS,GR,16.4750437,-99.2324167
436,12054,GUERRERO,SAN MIGUEL TOTOLAPAN,GR,18.094056,-100.2326956
2512,12085,GUERRERO,SAN NICOLÁS,GR,,
2511,12084,GUERRERO,SANTA CRUZ DEL RINCÓN,GR,,
437,12055,GUERRERO,TAXCO DE ALARCÓN,GR,18.3326575,-99.3616541
438,12056,GUERRERO,TECOANAPA,GR,16.5919876,-99.1539155
440,12058,GUERRERO,TELOLOAPAN,GR,18.2218513,-99.5210462
441,12059,GUERRERO,TEPECOACUILCO DE TRUJANO,GR,18.1713163,-99.2800099
442,12060,GUERRERO,TETIPAC,GR,18.3857787,-99.3856336
443,12061,GUERRERO,TIXTLA DE GUERRERO,GR,17.3400207,-99.2353777
444,12062,GUERRERO,TLACOACHISTLAHUACA,GR,16.4835672,-98.1806296
445,12063,GUERRERO,TLACOAPA,GR,17.1535814,-98.4453561
446,12064,GUERRERO,TLALCHAPA,GR,18.2431228,-100.2841712
447,12065,GUERRERO,TLALIXTAQUILLA DE MALDONADO,GR,17.3428141,-98.2211504
448,12066,GUERRERO,TLAPA DE COMONFORT,GR,17.3249018,-98.3455698
449,12067,GUERRERO,TLAPEHUALA,GR,18.1423137,-100.3229667
439,12057,GUERRERO,TÉCPAN DE GALEANA,GR,17.1321391,-100.375656
451,12069,GUERRERO,XALPATLÁHUAC,GR,17.2815151,-98.3623217
452,12070,GUERRERO,XOCHIHUEHUETLÁN,GR,17.5420305,-98.2915581
453,12071,GUERRERO,XOCHISTLAHUACA,GR,16.4732725,-98.143288
454,12072,GUERRERO,ZAPOTITLÁN TABLAS,GR,17.2522394,-98.4654152
420,12038,GUERRERO,ZIHUATANEJO DE AZUETA,GR,17.3901647,-101.3253432
455,12073,GUERRERO,ZIRÁNDARO,GR,18.2844877,-100.5833082
456,12074,GUERRERO,ZITLALA,GR,17.4125226,-99.1106892
2510,12083,GUERRERO,ÑUU SAVI,GR,,
465,13001,HIDALGO,ACATLÁN,HG,20.0845251,-98.2618139
466,13002,HIDALGO,ACAXOCHITLÁN,HG,20.0931296,-98.1211679
467,13003,HIDALGO,ACTOPAN,HG,20.1608709,-98.5634442
468,13004,HIDALGO,AGUA BLANCA DE ITURBIDE,HG,20.2058214,-98.212299
469,13005,HIDALGO,AJACUBA,HG,20.053309,-99.0719677
470,13006,HIDALGO,ALFAJAYUCAN,HG,20.2435896,-99.2058521
471,13007,HIDALGO,ALMOLOYA,HG,19.421195,-98.2411855
472,13008,HIDALGO,APAN,HG,19.4236,-98.2707
474,13010,HIDALGO,ATITALAQUIA,HG,20.0332957,-99.1316063
475,13011,HIDALGO,ATLAPEXCO,HG,21.010161,-98.2053472
477,13013,HIDALGO,ATOTONILCO DE TULA,HG,20.002796,-99.1312687
476,13012,HIDALGO,ATOTONILCO EL GRANDE,HG,20.1712774,-98.4008622
478,13014,HIDALGO,CALNALI,HG,20.534984,-98.3500716
479,13015,HIDALGO,CARDONAL,HG,20.3648199,-99.0701448
481,13017,HIDALGO,CHAPANTONGO,HG,20.1707136,-99.2447632
482,13018,HIDALGO,CHAPULHUACÁN,HG,21.0933904,-98.5416515
483,13019,HIDALGO,CHILCUAUTLA,HG,20.1951462,-99.1354288
480,13016,HIDALGO,CUAUTEPEC DE HINOJOSA,HG,20.0207692,-98.1835057
473,13009,HIDALGO,EL ARENAL,HG,20.1317126,-98.5439764
484,13020,HIDALGO,ELOXOCHITLÁN,HG,20.4448183,-98.4832907
485,13021,HIDALGO,EMILIANO ZAPATA,HG,19.392523,-98.3250698
486,13022,HIDALGO,EPAZOYUCAN,HG,20.0104878,-98.3810353
487,13023,HIDALGO,FRANCISCO I. MADERO,HG,20.1442668,-99.0520017
488,13024,HIDALGO,HUASCA DE OCAMPO,HG,20.1213,-98.3439413
489,13025,HIDALGO,HUAUTLA,HG,21.0152992,-98.1712555
490,13026,HIDALGO,HUAZALINGO,HG,20.5849089,-98.3027894
491,13027,HIDALGO,HUEHUETLA,HG,20.27371,-98.0442328
492,13028,HIDALGO,HUEJUTLA DE REYES,HG,21.0821163,-98.2514142
493,13029,HIDALGO,HUICHAPAN,HG,20.2231127,-99.390425
494,13030,HIDALGO,IXMIQUILPAN,HG,20.2905524,-99.1307585
495,13031,HIDALGO,JACALA DE LEDEZMA,HG,21.0029867,-99.1118848
496,13032,HIDALGO,JALTOCÁN,HG,21.0759275,-98.3217966
497,13033,HIDALGO,JUÁREZ HIDALGO,HG,20.470138,-98.49439
504,13040,HIDALGO,LA MISIÓN,HG,21.055791,-99.0723472
498,13034,HIDALGO,LOLOTLA,HG,20.5028192,-98.430224
499,13035,HIDALGO,METEPEC,HG,20.1418277,-98.1919792
501,13037,HIDALGO,METZTITLÁN,HG,20.354092,-98.455092
515,13051,HIDALGO,MINERAL DE LA REFORMA,HG,20.0420537,-98.4145725
502,13038,HIDALGO,MINERAL DEL CHICO,HG,20.1256054,-98.4352424
503,13039,HIDALGO,MINERAL DEL MONTE,HG,20.0825768,-98.4017508
505,13041,HIDALGO,MIXQUIAHUALA DE JUÁREZ,HG,20.1345768,-99.1249673
506,13042,HIDALGO,MOLANGO DE ESCAMILLA,HG,20.4711394,-98.4350929
507,13043,HIDALGO,NICOLÁS FLORES,HG,20.4604,-99.0902
549,13999,HIDALGO,NO ESPECIFICADO,HG,,
508,13044,HIDALGO,NOPALA DE VILLAGRÁN,HG,20.1506805,-99.3839258
509,13045,HIDALGO,OMITLÁN DE JUÁREZ,HG,20.10102,-98.38551
512,13048,HIDALGO,PACHUCA DE SOTO,HG,20.0720495,-98.4413202
511,13047,HIDALGO,PACULA,HG,21.0302955,-99.1745957
513,13049,HIDALGO,PISAFLORES,HG,21.1141215,-99.002159
514,13050,HIDALGO,PROGRESO DE OBREGÓN,HG,20.1453503,-99.1121692
500,13036,HIDALGO,SAN AGUSTÍN METZQUITITLÁN,HG,20.3157367,-98.3819036
516,13052,HIDALGO,SAN AGUSTÍN TLAXIACA,HG,20.0656379,-98.5312399
517,13053,HIDALGO,SAN BARTOLO TUTOTEPEC,HG,20.2356914,-98.1207415
510,13046,HIDALGO,SAN FELIPE ORIZATLÁN,HG,21.1015397,-98.3628135
518,13054,HIDALGO,SAN SALVADOR,HG,20.1704445,-99.0056174
519,13055,HIDALGO,SANTIAGO DE ANAYA,HG,20.2257295,-98.5750229
520,13056,HIDALGO,SANTIAGO TULANTEPEC DE LUGO GUERRERO,HG,20.0221095,-98.2125223
521,13057,HIDALGO,SINGUILUCAN,HG,19.5803,-98.3102
522,13058,HIDALGO,TASQUILLO,HG,20.330638,-99.1845202
523,13059,HIDALGO,TECOZAUTLA,HG,20.3201942,-99.3805726
524,13060,HIDALGO,TENANGO DE DORIA,HG,20.2017,-98.1336223
525,13061,HIDALGO,TEPEAPULCO,HG,19.4708426,-98.3313182
526,13062,HIDALGO,TEPEHUACÁN DE GUERRERO,HG,21.0050704,-98.5037438
527,13063,HIDALGO,TEPEJI DEL RÍO DE OCAMPO,HG,19.5418782,-99.2030531
528,13064,HIDALGO,TEPETITLÁN,HG,20.1113015,-99.2249218
529,13065,HIDALGO,TETEPANGO,HG,20.0609558,-99.0922044
531,13067,HIDALGO,TEZONTEPEC DE ALDAMA,HG,20.1133942,-99.1621658
532,13068,HIDALGO,TIANGUISTENGO,HG,20.4341565,-98.3751064
533,13069,HIDALGO,TIZAYUCA,HG,19.502792,-98.5853703
534,13070,HIDALGO,TLAHUELILPAN,HG,20.0750258,-99.1404847
535,13071,HIDALGO,TLAHUILTEPA,HG,20.5526087,-98.5700724
536,13072,HIDALGO,TLANALAPA,HG,19.4904419,-98.3614087
537,13073,HIDALGO,TLANCHINOL,HG,20.5921644,-98.3937024
538,13074,HIDALGO,TLAXCOAPAN,HG,20.0529812,-99.1317736
539,13075,HIDALGO,TOLCAYUCA,HG,19.5723728,-98.551834
540,13076,HIDALGO,TULA DE ALLENDE,HG,20.0318791,-99.203548
541,13077,HIDALGO,TULANCINGO DE BRAVO,HG,20.0450178,-98.2205062
530,13066,HIDALGO,VILLA DE TEZONTEPEC,HG,19.5247499,-98.4909444
542,13078,HIDALGO,XOCHIATIPAN,HG,20.500774,-98.1704313
543,13079,HIDALGO,XOCHICOATLÁN,HG,20.4636677,-98.4047007
544,13080,HIDALGO,YAHUALICA,HG,20.5705936,-98.2258322
545,13081,HIDALGO,ZACUALTIPÁN DE ÁNGELES,HG,20.3842653,-98.3913057
546,13082,HIDALGO,ZAPOTLÁN DE JUÁREZ,HG,19.582657,-98.5142778
547,13083,HIDALGO,ZEMPOALA,HG,19.5455428,-98.400527
548,13084,HIDALGO,ZIMAPÁN,HG,20.4417048,-99.2259207
550,14001,JALISCO,ACATIC,JC,20.4646,-102.5419
551,14002,JALISCO,ACATLÁN DE JUÁREZ,JC,20.2517,-103.3514
552,14003,JALISCO,AHUALULCO DE MERCADO,JC,20.4202,-103.583
553,14004,JALISCO,AMACUECA,JC,20.0038,-103.3546
554,14005,JALISCO,AMATITÁN,JC,20.5006,-103.4348
555,14006,JALISCO,AMECA,JC,20.3255,-104.0235
557,14008,JALISCO,ARANDAS,JC,20.422,-102.2025
559,14010,JALISCO,ATEMAJAC DE BRIZUELA,JC,20.0822018,-103.4328328
560,14011,JALISCO,ATENGO,JC,20.1632,-104.1404
561,14012,JALISCO,ATENGUILLO,JC,20.2453,-104.2933
562,14013,JALISCO,ATOTONILCO EL ALTO,JC,20.3302,-102.3015
563,14014,JALISCO,ATOYAC,JC,20.0038,-103.3059
564,14015,JALISCO,AUTLÁN DE NAVARRO,JC,19.4617,-104.2155
565,14016,JALISCO,AYOTLÁN,JC,20.3141,-102.1942
566,14017,JALISCO,AYUTLA,JC,20.0745,-104.2052
568,14019,JALISCO,BOLAÑOS,JC,21.4951132,-103.4653399
569,14020,JALISCO,CABO CORRIENTES,JC,20.1906,-105.1926
570,14021,JALISCO,CASIMIRO CASTILLO,JC,19.3613,-104.2605
666,14117,JALISCO,CAÑADAS DE OBREGÓN,JC,21.0855,-102.4107
579,14030,JALISCO,CHAPALA,JC,20.1736,-103.1123
580,14031,JALISCO,CHIMALTITÁN,JC,21.4643915,-103.4650541
581,14032,JALISCO,CHIQUILISTLÁN,JC,20.0519,-103.5129
571,14022,JALISCO,CIHUATLÁN,JC,19.1418036,-104.3346792
573,14024,JALISCO,COCULA,JC,20.2203,-103.4927
574,14025,JALISCO,COLOTLÁN,JC,22.0702,-103.1553
575,14026,JALISCO,CONCEPCIÓN DE BUENOS AIRES,JC,19.5843,-103.1526
576,14027,JALISCO,CUAUTITLÁN DE GARCÍA BARRAGÁN,JC,19.2659,-104.2125
577,14028,JALISCO,CUAUTLA,JC,20.1205,-104.2427
578,14029,JALISCO,CUQUÍO,JC,20.5539,-103.0126
582,14033,JALISCO,DEGOLLADO,JC,20.2651,-102.0806
583,14034,JALISCO,EJUTLA,JC,19.5423,-104.0943
558,14009,JALISCO,EL ARENAL,JC,20.4634,-103.4138
586,14037,JALISCO,EL GRULLO,JC,19.4827,-104.1256
603,14054,JALISCO,EL LIMÓN,JC,19.4928,-104.0908
619,14070,JALISCO,EL SALTO,JC,20.311,-103.1054
584,14035,JALISCO,ENCARNACIÓN DE DÍAZ,JC,21.3128,-102.1359
585,14036,JALISCO,ETZATLÁN,JC,20.4602,-104.0442
587,14038,JALISCO,GUACHINANGO,JC,20.3435,-104.2238
588,14039,JALISCO,GUADALAJARA,JC,20.4035,-103.2032
628,14079,JALISCO,GÓMEZ FARÍAS,JC,19.474,-103.2823
589,14040,JALISCO,HOSTOTIPAQUILLO,JC,21.0329,-104.0301
591,14042,JALISCO,HUEJUQUILLA EL ALTO,JC,22.3743,-103.5339
590,14041,JALISCO,HUEJÚCAR,JC,22.2144,-103.1242
593,14044,JALISCO,IXTLAHUACÁN DE LOS MEMBRILLOS,JC,20.205689,-103.1134678
594,14045,JALISCO,IXTLAHUACÁN DEL RÍO,JC,20.5151,-103.1421
595,14046,JALISCO,JALOSTOTITLÁN,JC,21.1007,-102.274
596,14047,JALISCO,JAMAY,JC,20.1740199,-102.4234981
597,14048,JALISCO,JESÚS MARÍA,JC,20.3627,-102.1312
598,14049,JALISCO,JILOTLÁN DE LOS DOLORES,JC,19.2214,-103.0111
599,14050,JALISCO,JOCOTEPEC,JC,20.1704,-103.2531
600,14051,JALISCO,JUANACATLÁN,JC,20.3034,-103.1002
601,14052,JALISCO,JUCHITLÁN,JC,20.050188,-104.0546497
567,14018,JALISCO,LA BARCA,JC,20.1725,-102.3231
592,14043,JALISCO,LA HUERTA,JC,19.2906,-104.3836
606,14057,JALISCO,LA MANZANILLA DE LA PAZ,JC,20.0016,-103.09
602,14053,JALISCO,LAGOS DE MORENO,JC,21.2123,-101.5545
604,14055,JALISCO,MAGDALENA,JC,20.5423,-103.5834
607,14058,JALISCO,MASCOTA,JC,20.3132,-104.4656
608,14059,JALISCO,MAZAMITLA,JC,19.5502,-103.0113
609,14060,JALISCO,MEXTICACÁN,JC,21.1547,-102.464
610,14061,JALISCO,MEZQUITIC,JC,22.2324,-103.4341241
611,14062,JALISCO,MIXTLÁN,JC,20.2626,-104.2432
675,14999,JALISCO,NO ESPECIFICADO,JC,,
612,14063,JALISCO,OCOTLÁN,JC,20.2105,-102.4605
613,14064,JALISCO,OJUELOS DE JALISCO,JC,21.5151,-101.3536
614,14065,JALISCO,PIHUAMO,JC,19.1508781,-103.2230135
615,14066,JALISCO,PONCITLÁN,JC,20.2253,-102.5527
616,14067,JALISCO,PUERTO VALLARTA,JC,20.3649,-105.1338
618,14069,JALISCO,QUITUPAN,JC,19.5539545,-102.5219749
620,14071,JALISCO,SAN CRISTÓBAL DE LA BARRANCA,JC,21.024,-103.2545
621,14072,JALISCO,SAN DIEGO DE ALEJANDRÍA,JC,20.5935,-101.5937
662,14113,JALISCO,SAN GABRIEL,JC,19.4452018,-103.4559249
674,14125,JALISCO,SAN IGNACIO CERRO GORDO,JC,20.4435,-102.321
622,14073,JALISCO,SAN JUAN DE LOS LAGOS,JC,21.1452,-102.1958
556,14007,JALISCO,SAN JUANITO DE ESCOBEDO,JC,20.4801683,-104.0003549
623,14074,JALISCO,SAN JULIÁN,JC,21.0035,-102.1051
624,14075,JALISCO,SAN MARCOS,JC,20.4724,-104.1151
625,14076,JALISCO,SAN MARTÍN DE BOLAÑOS,JC,21.4100803,-103.4851116
626,14077,JALISCO,SAN MARTÍN HIDALGO,JC,20.2606,-103.5543
627,14078,JALISCO,SAN MIGUEL EL ALTO,JC,21.015,-102.2353
647,14098,JALISCO,SAN PEDRO TLAQUEPAQUE,JC,20.3819,-103.1826
629,14080,JALISCO,SAN SEBASTIÁN DEL OESTE,JC,20.4539,-104.5106
630,14081,JALISCO,SANTA MARÍA DE LOS ÁNGELES,JC,22.1024,-103.1323
605,14056,JALISCO,SANTA MARÍA DEL ORO,JC,19.3515,-102.543
631,14082,JALISCO,SAYULA,JC,19.5301,-103.355
632,14083,JALISCO,TALA,JC,20.3909,-103.421
633,14084,JALISCO,TALPA DE ALLENDE,JC,20.2253,-104.4905
634,14085,JALISCO,TAMAZULA DE GORDIANO,JC,19.4035,-103.15
635,14086,JALISCO,TAPALPA,JC,19.5644,-103.4515
636,14087,JALISCO,TECALITLÁN,JC,19.281,-103.1824
638,14089,JALISCO,TECHALUTA DE MONTENEGRO,JC,20.0427,-103.3306
637,14088,JALISCO,TECOLOTLÁN,JC,20.1213,-104.0242
639,14090,JALISCO,TENAMAXTLÁN,JC,20.1307,-104.0937
640,14091,JALISCO,TEOCALTICHE,JC,21.2604,-102.3413
641,14092,JALISCO,TEOCUITATLÁN DE CORONA,JC,20.0536,-103.2248
642,14093,JALISCO,TEPATITLÁN DE MORELOS,JC,20.4903,-102.4526
643,14094,JALISCO,TEQUILA,JC,20.5245982,-103.5008328
644,14095,JALISCO,TEUCHITLÁN,JC,20.4107,-103.5057
645,14096,JALISCO,TIZAPÁN EL ALTO,JC,20.0931,-103.0221
646,14097,JALISCO,TLAJOMULCO DE ZÚÑIGA,JC,20.2825,-103.2635
648,14099,JALISCO,TOLIMÁN,JC,19.36,-103.5452
649,14100,JALISCO,TOMATLÁN,JC,19.562949,-105.1442981
650,14101,JALISCO,TONALÁ,JC,20.3724,-103.1444
651,14102,JALISCO,TONAYA,JC,19.4703,-103.5815
652,14103,JALISCO,TONILA,JC,19.2439,-103.3258
653,14104,JALISCO,TOTATICHE,JC,21.5543,-103.2637
654,14105,JALISCO,TOTOTLÁN,JC,20.3237009,-102.4721183
655,14106,JALISCO,TUXCACUESCO,JC,19.4149991,-103.5900913
656,14107,JALISCO,TUXCUECA,JC,20.092,-103.1102
657,14108,JALISCO,TUXPAN,JC,19.3316,-103.222
658,14109,JALISCO,UNIÓN DE SAN ANTONIO,JC,21.0741,-102.0026
659,14110,JALISCO,UNIÓN DE TULA,JC,19.5716,-104.1552
660,14111,JALISCO,VALLE DE GUADALUPE,JC,21.0038153,-102.3703961
661,14112,JALISCO,VALLE DE JUÁREZ,JC,19.5601,-102.5625
663,14114,JALISCO,VILLA CORONA,JC,20.2459,-103.3941
664,14115,JALISCO,VILLA GUERRERO,JC,21.5859,-103.3548
665,14116,JALISCO,VILLA HIDALGO,JC,21.4028,-102.3507
617,14068,JALISCO,VILLA PURIFICACIÓN,JC,19.4309,-104.3618
667,14118,JALISCO,YAHUALICA DE GONZÁLEZ GALLO,JC,21.1057,-102.5314
668,14119,JALISCO,ZACOALCO DE TORRES,JC,20.1343,-103.3355
669,14120,JALISCO,ZAPOPAN,JC,20.4315463,-103.2320356
670,14121,JALISCO,ZAPOTILTIC,JC,19.3732,-103.2445
671,14122,JALISCO,ZAPOTITLÁN DE VADILLO,JC,19.3253311,-103.4845746
673,14124,JALISCO,ZAPOTLANEJO,JC,20.3721,-103.0351
672,14123,JALISCO,ZAPOTLÁN DEL REY,JC,20.2759,-102.5534
572,14023,JALISCO,ZAPOTLÁN EL GRANDE,JC,19.4231,-103.2751
802,16001,MICHOACÁN DE OCAMPO,ACUITZIO,MN,19.2946507,-101.1958265
803,16002,MICHOACÁN DE OCAMPO,AGUILILLA,MN,18.4403233,-102.4718167
805,16004,MICHOACÁN DE OCAMPO,ANGAMACUTIRO,MN,20.0858756,-101.4229919
806,16005,MICHOACÁN DE OCAMPO,ANGANGUEO,MN,19.3711399,-100.1707841
807,16006,MICHOACÁN DE OCAMPO,APATZINGÁN,MN,19.0514018,-102.2118952
808,16007,MICHOACÁN DE OCAMPO,APORO,MN,19.401501,-100.244006
809,16008,MICHOACÁN DE OCAMPO,AQUILA,MN,18.3556899,-103.3017115
810,16009,MICHOACÁN DE OCAMPO,ARIO,MN,19.1228106,-101.4233818
811,16010,MICHOACÁN DE OCAMPO,ARTEAGA,MN,18.2120498,-102.1724225
812,16011,MICHOACÁN DE OCAMPO,BRISEÑAS,MN,20.1616443,-102.3339807
813,16012,MICHOACÁN DE OCAMPO,BUENAVISTA,MN,19.1242247,-102.3516407
814,16013,MICHOACÁN DE OCAMPO,CARÁCUARO,MN,19.010231,-101.0737167
822,16021,MICHOACÁN DE OCAMPO,CHARAPAN,MN,19.3900609,-102.1509856
823,16022,MICHOACÁN DE OCAMPO,CHARO,MN,19.4448013,-101.0246726
824,16023,MICHOACÁN DE OCAMPO,CHAVINDA,MN,20.0024979,-102.2730905
825,16024,MICHOACÁN DE OCAMPO,CHERÁN,MN,19.4115546,-101.5717338
826,16025,MICHOACÁN DE OCAMPO,CHILCHOTA,MN,19.5057145,-102.0709974
827,16026,MICHOACÁN DE OCAMPO,CHINICUILA,MN,18.4529405,-103.2204081
828,16027,MICHOACÁN DE OCAMPO,CHUCÁNDIRO,MN,19.5359874,-101.2000209
829,16028,MICHOACÁN DE OCAMPO,CHURINTZIO,MN,20.0903455,-102.0357314
830,16029,MICHOACÁN DE OCAMPO,CHURUMUCO,MN,18.3952408,-101.3847589
815,16014,MICHOACÁN DE OCAMPO,COAHUAYANA,MN,18.4208908,-103.3946553
816,16015,MICHOACÁN DE OCAMPO,COALCOMÁN DE VÁZQUEZ PALLARES,MN,18.4637556,-103.0934397
817,16016,MICHOACÁN DE OCAMPO,COENEO,MN,19.4915541,-101.3501503
875,16074,MICHOACÁN DE OCAMPO,COJUMATLÁN DE RÉGULES,MN,20.0708394,-102.5103618
818,16017,MICHOACÁN DE OCAMPO,CONTEPEC,MN,19.5718969,-100.0952046
819,16018,MICHOACÁN DE OCAMPO,COPÁNDARO,MN,19.5337766,-101.1255098
820,16019,MICHOACÁN DE OCAMPO,COTIJA,MN,19.4837027,-102.4220959
821,16020,MICHOACÁN DE OCAMPO,CUITZEO,MN,19.5805569,-101.0822503
831,16030,MICHOACÁN DE OCAMPO,ECUANDUREO,MN,20.0945416,-102.1140439
832,16031,MICHOACÁN DE OCAMPO,EPITACIO HUERTA,MN,20.0804882,-100.1737399
833,16032,MICHOACÁN DE OCAMPO,ERONGARÍCUARO,MN,19.351771,-101.431231
834,16033,MICHOACÁN DE OCAMPO,GABRIEL ZAMORA,MN,19.0935294,-102.0314274
835,16034,MICHOACÁN DE OCAMPO,HIDALGO,MN,19.4121663,-100.3318581
837,16036,MICHOACÁN DE OCAMPO,HUANDACAREO,MN,19.5919336,-101.1633072
838,16037,MICHOACÁN DE OCAMPO,HUANIQUEO,MN,19.5356383,-101.3018545
839,16038,MICHOACÁN DE OCAMPO,HUETAMO,MN,18.3735133,-100.5359009
840,16039,MICHOACÁN DE OCAMPO,HUIRAMBA,MN,19.3247332,-101.2616774
841,16040,MICHOACÁN DE OCAMPO,INDAPARAPEO,MN,19.4724214,-100.5806575
842,16041,MICHOACÁN DE OCAMPO,IRIMBO,MN,19.4150955,-100.2844762
843,16042,MICHOACÁN DE OCAMPO,IXTLÁN,MN,20.1006118,-102.2340646
844,16043,MICHOACÁN DE OCAMPO,JACONA,MN,19.5722759,-102.1821684
845,16044,MICHOACÁN DE OCAMPO,JIMÉNEZ,MN,19.5520159,-101.4457454
846,16045,MICHOACÁN DE OCAMPO,JIQUILPAN,MN,19.5922989,-102.4306828
914,16113,MICHOACÁN DE OCAMPO,JOSÉ SIXTO VERDUZCO,MN,20.1807863,-101.3548681
848,16047,MICHOACÁN DE OCAMPO,JUNGAPEO,MN,19.2731411,-100.2940603
847,16046,MICHOACÁN DE OCAMPO,JUÁREZ,MN,19.1844193,-100.2558049
836,16035,MICHOACÁN DE OCAMPO,LA HUACANA,MN,18.5746393,-101.4831922
870,16069,MICHOACÁN DE OCAMPO,LA PIEDAD,MN,20.2029221,-102.0121194
849,16048,MICHOACÁN DE OCAMPO,LAGUNILLAS,MN,19.3352643,-101.2453205
876,16075,MICHOACÁN DE OCAMPO,LOS REYES,MN,19.3520307,-102.2828844
853,16052,MICHOACÁN DE OCAMPO,LÁZARO CÁRDENAS,MN,17.5744403,-102.1152731
850,16049,MICHOACÁN DE OCAMPO,MADERO,MN,19.2331634,-101.1639416
851,16050,MICHOACÁN DE OCAMPO,MARAVATÍO,MN,19.5330025,-100.2630002
852,16051,MICHOACÁN DE OCAMPO,MARCOS CASTELLANOS,MN,19.5924857,-103.0117415
854,16053,MICHOACÁN DE OCAMPO,MORELIA,MN,19.4212182,-101.1131367
855,16054,MICHOACÁN DE OCAMPO,MORELOS,MN,20.0015307,-101.2444589
856,16055,MICHOACÁN DE OCAMPO,MÚGICA,MN,19.0143697,-102.0512243
857,16056,MICHOACÁN DE OCAMPO,NAHUATZEN,MN,19.3914664,-101.5501693
915,16999,MICHOACÁN DE OCAMPO,NO ESPECIFICADO,MN,,
858,16057,MICHOACÁN DE OCAMPO,NOCUPÉTARO,MN,19.0235868,-101.0944025
859,16058,MICHOACÁN DE OCAMPO,NUEVO PARANGARICUTIRO,MN,19.2459918,-102.0747567
860,16059,MICHOACÁN DE OCAMPO,NUEVO URECHO,MN,19.095714,-101.5207849
861,16060,MICHOACÁN DE OCAMPO,NUMARÁN,MN,20.1517639,-101.564991
862,16061,MICHOACÁN DE OCAMPO,OCAMPO,MN,19.3501852,-100.2021415
863,16062,MICHOACÁN DE OCAMPO,PAJACUARÁN,MN,20.0700818,-102.3355848
864,16063,MICHOACÁN DE OCAMPO,PANINDÍCUARO,MN,19.5902252,-101.4541255
866,16065,MICHOACÁN DE OCAMPO,PARACHO,MN,19.3850268,-102.0254483
865,16064,MICHOACÁN DE OCAMPO,PARÁCUARO,MN,19.0844783,-102.1312173
868,16067,MICHOACÁN DE OCAMPO,PENJAMILLO,MN,20.0616086,-101.5601217
869,16068,MICHOACÁN DE OCAMPO,PERIBÁN,MN,19.3114617,-102.2458278
872,16071,MICHOACÁN DE OCAMPO,PURUÁNDIRO,MN,20.0519195,-101.3054721
871,16070,MICHOACÁN DE OCAMPO,PURÉPERO,MN,19.5435867,-102.0024266
867,16066,MICHOACÁN DE OCAMPO,PÁTZCUARO,MN,19.3048952,-101.3636419
873,16072,MICHOACÁN DE OCAMPO,QUERÉNDARO,MN,19.4836099,-100.5300555
874,16073,MICHOACÁN DE OCAMPO,QUIROGA,MN,19.394963,-101.3126413
877,16076,MICHOACÁN DE OCAMPO,SAHUAYO,MN,20.0327662,-102.430047
880,16079,MICHOACÁN DE OCAMPO,SALVADOR ESCALANTE,MN,19.2421905,-101.3823272
878,16077,MICHOACÁN DE OCAMPO,SAN LUCAS,MN,18.3529079,-100.4705108
879,16078,MICHOACÁN DE OCAMPO,SANTA ANA MAYA,MN,20.003021,-101.0118346
881,16080,MICHOACÁN DE OCAMPO,SENGUIO,MN,19.4400027,-100.2108666
882,16081,MICHOACÁN DE OCAMPO,SUSUPUATO,MN,19.1254555,-100.2430001
883,16082,MICHOACÁN DE OCAMPO,TACÁMBARO,MN,19.1407932,-101.2726381
884,16083,MICHOACÁN DE OCAMPO,TANCÍTARO,MN,19.2014991,-102.2146923
885,16084,MICHOACÁN DE OCAMPO,TANGAMANDAPIO,MN,19.5714382,-102.2558082
886,16085,MICHOACÁN DE OCAMPO,TANGANCÍCUARO,MN,19.5317644,-102.1230432
887,16086,MICHOACÁN DE OCAMPO,TANHUATO,MN,20.170172,-102.1939507
888,16087,MICHOACÁN DE OCAMPO,TARETAN,MN,19.2004424,-101.5504455
889,16088,MICHOACÁN DE OCAMPO,TARÍMBARO,MN,19.4744396,-101.1035011
890,16089,MICHOACÁN DE OCAMPO,TEPALCATEPEC,MN,19.112892,-102.5037348
891,16090,MICHOACÁN DE OCAMPO,TINGAMBATO,MN,19.3006818,-101.5112515
892,16091,MICHOACÁN DE OCAMPO,TINGÜINDÍN,MN,19.4420227,-102.28591
893,16092,MICHOACÁN DE OCAMPO,TIQUICHEO DE NICOLÁS ROMERO,MN,18.5401762,-100.4411234
894,16093,MICHOACÁN DE OCAMPO,TLALPUJAHUA,MN,19.4819095,-100.1024934
895,16094,MICHOACÁN DE OCAMPO,TLAZAZALCA,MN,19.581645,-102.0324046
896,16095,MICHOACÁN DE OCAMPO,TOCUMBO,MN,19.4211854,-102.3115456
897,16096,MICHOACÁN DE OCAMPO,TUMBISCATÍO,MN,18.3129284,-102.2230081
898,16097,MICHOACÁN DE OCAMPO,TURICATO,MN,19.0313529,-101.2511258
899,16098,MICHOACÁN DE OCAMPO,TUXPAN,MN,19.3404658,-100.2749602
900,16099,MICHOACÁN DE OCAMPO,TUZANTLA,MN,19.1227383,-100.342303
901,16100,MICHOACÁN DE OCAMPO,TZINTZUNTZAN,MN,19.3731577,-101.3437024
902,16101,MICHOACÁN DE OCAMPO,TZITZIO,MN,19.3507836,-100.5528745
903,16102,MICHOACÁN DE OCAMPO,URUAPAN,MN,19.2515195,-102.0346077
904,16103,MICHOACÁN DE OCAMPO,VENUSTIANO CARRANZA,MN,20.0657507,-102.39085
905,16104,MICHOACÁN DE OCAMPO,VILLAMAR,MN,20.0115081,-102.3544803
906,16105,MICHOACÁN DE OCAMPO,VISTA HERMOSA,MN,20.1623214,-102.2825126
907,16106,MICHOACÁN DE OCAMPO,YURÉCUARO,MN,20.202792,-102.1656731
908,16107,MICHOACÁN DE OCAMPO,ZACAPU,MN,19.4907027,-101.4734295
909,16108,MICHOACÁN DE OCAMPO,ZAMORA,MN,19.5900886,-102.1709448
911,16110,MICHOACÁN DE OCAMPO,ZINAPÉCUARO,MN,19.5136989,-100.4939299
910,16109,MICHOACÁN DE OCAMPO,ZINÁPARO,MN,20.102348,-101.5955587
912,16111,MICHOACÁN DE OCAMPO,ZIRACUARETIRO,MN,19.2501694,-101.5436678
913,16112,MICHOACÁN DE OCAMPO,ZITÁCUARO,MN,19.2613849,-100.212695
804,16003,MICHOACÁN DE OCAMPO,ÁLVARO OBREGÓN,MN,19.4934701,-101.0218546
916,17001,MORELOS,AMACUZAC,MS,18.3600006,-99.2210251
917,17002,MORELOS,ATLATLAHUCAN,MS,18.5610575,-98.5357031
918,17003,MORELOS,AXOCHIAPAN,MS,18.3008663,-98.4514683
919,17004,MORELOS,AYALA,MS,18.4601512,-98.585571
949,17034,MORELOS,COATETELCO,MS,18.4349749,-99.1937407
920,17005,MORELOS,COATLÁN DEL RÍO,MS,18.4439068,-99.2605282
921,17006,MORELOS,CUAUTLA,MS,18.4846038,-98.5718953
922,17007,MORELOS,CUERNAVACA,MS,18.5518418,-99.1405629
923,17008,MORELOS,EMILIANO ZAPATA,MS,18.5027543,-99.1059674
2513,17036,MORELOS,HUEYAPAN,MS,18.5306484,-98.4126463
924,17009,MORELOS,HUITZILAC,MS,19.0144519,-99.160283
925,17010,MORELOS,JANTETELCO,MS,18.4254741,-98.4638283
926,17011,MORELOS,JIUTEPEC,MS,18.5255108,-99.1037914
927,17012,MORELOS,JOJUTLA,MS,18.3659639,-99.1051757
928,17013,MORELOS,JONACATEPEC DE LEANDRO VALLE,MS,18.4050485,-98.4811603
929,17014,MORELOS,MAZATEPEC,MS,18.4359464,-99.2201099
930,17015,MORELOS,MIACATLÁN,MS,18.4611937,-99.2136955
951,17999,MORELOS,NO ESPECIFICADO,MS,,
931,17016,MORELOS,OCUITUCO,MS,18.5239694,-98.4632511
932,17017,MORELOS,PUENTE DE IXTLA,MS,18.370075,-99.1925325
933,17018,MORELOS,TEMIXCO,MS,18.5042984,-99.1326915
948,17033,MORELOS,TEMOAC,MS,18.4620334,-98.4640955
934,17019,MORELOS,TEPALCINGO,MS,18.3541051,-98.5039684
935,17020,MORELOS,TEPOZTLÁN,MS,18.5911246,-99.0604417
936,17021,MORELOS,TETECALA,MS,18.4344282,-99.2354899
937,17022,MORELOS,TETELA DEL VOLCÁN,MS,18.533669,-98.4348236
938,17023,MORELOS,TLALNEPANTLA,MS,19.0028537,-98.5950468
939,17024,MORELOS,TLALTIZAPÁN DE ZAPATA,MS,18.4058664,-99.0705444
940,17025,MORELOS,TLAQUILTENANGO,MS,18.3748108,-99.0945584
941,17026,MORELOS,TLAYACAPAN,MS,18.5723822,-98.5859223
942,17027,MORELOS,TOTOLAPAN,MS,18.5914004,-98.551718
943,17028,MORELOS,XOCHITEPEC,MS,18.4654716,-99.1353266
950,17035,MORELOS,XOXOCOTLA,MS,18.4111662,-99.1441621
944,17029,MORELOS,YAUTEPEC,MS,18.5309822,-99.0338715
945,17030,MORELOS,YECAPIXTLA,MS,18.5300311,-98.5205317
946,17031,MORELOS,ZACATEPEC,MS,18.3919469,-99.1139404
947,17032,MORELOS,ZACUALPAN DE AMILPAS,MS,18.4703815,-98.4555523
676,15001,MÉXICO,ACAMBAY DE RUÍZ CASTAÑEDA,MC,19.5722423,-99.5038515
677,15002,MÉXICO,ACOLMAN,MC,19.3807832,-98.544286
678,15003,MÉXICO,ACULCO,MC,20.055779,-99.4940766
679,15004,MÉXICO,ALMOLOYA DE ALQUISIRAS,MC,18.5202038,-99.5337681
680,15005,MÉXICO,ALMOLOYA DE JUÁREZ,MC,19.2209455,-99.4530787
681,15006,MÉXICO,ALMOLOYA DEL RÍO,MC,19.0933791,-99.291983
682,15007,MÉXICO,AMANALCO,MC,19.1508557,-100.0111935
683,15008,MÉXICO,AMATEPEC,MC,18.4100566,-100.1109772
684,15009,MÉXICO,AMECAMECA,MC,19.0743266,-98.4611318
685,15010,MÉXICO,APAXCO,MC,19.5831169,-99.1026986
686,15011,MÉXICO,ATENCO,MC,19.3333621,-98.5448051
687,15012,MÉXICO,ATIZAPÁN,MC,19.1036328,-99.2916591
688,15013,MÉXICO,ATIZAPÁN DE ZARAGOZA,MC,19.3235414,-99.1406147
689,15014,MÉXICO,ATLACOMULCO,MC,19.4800103,-99.5227314
690,15015,MÉXICO,ATLAUTLA,MC,19.0151099,-98.4657599
691,15016,MÉXICO,AXAPUSCO,MC,19.4328049,-98.4529989
692,15017,MÉXICO,AYAPANGO,MC,19.0737997,-98.480902
693,15018,MÉXICO,CALIMAYA,MC,19.094761,-99.3707195
694,15019,MÉXICO,CAPULHUAC,MC,19.1135244,-99.275187
700,15025,MÉXICO,CHALCO,MC,19.1540074,-98.5344357
701,15026,MÉXICO,CHAPA DE MOTA,MC,19.4848475,-99.3133582
702,15027,MÉXICO,CHAPULTEPEC,MC,19.1204185,-99.3342742
703,15028,MÉXICO,CHIAUTLA,MC,19.3255147,-98.5252856
704,15029,MÉXICO,CHICOLOAPAN,MC,19.2500355,-98.5407244
705,15030,MÉXICO,CHICONCUAC,MC,19.33098,-98.5343105
706,15031,MÉXICO,CHIMALHUACÁN,MC,19.2500867,-98.5643077
695,15020,MÉXICO,COACALCO DE BERRIOZÁBAL,MC,19.3745476,-99.0615758
696,15021,MÉXICO,COATEPEC HARINAS,MC,18.5532558,-99.4606667
697,15022,MÉXICO,COCOTITLÁN,MC,19.135108,-98.5143027
698,15023,MÉXICO,COYOTEPEC,MC,19.4631827,-99.1228729
699,15024,MÉXICO,CUAUTITLÁN,MC,19.3954221,-99.1043069
796,15121,MÉXICO,CUAUTITLÁN IZCALLI,MC,19.3925184,-99.123343
707,15032,MÉXICO,DONATO GUERRA,MC,19.183072,-100.0838981
708,15033,MÉXICO,ECATEPEC DE MORELOS,MC,19.355665,-99.0256971
709,15034,MÉXICO,ECATZINGO,MC,18.5731374,-98.4509353
739,15064,MÉXICO,EL ORO,MC,19.4807715,-100.0750393
710,15035,MÉXICO,HUEHUETOCA,MC,19.5001038,-99.1214897
711,15036,MÉXICO,HUEYPOXTLA,MC,19.5425342,-99.0442132
712,15037,MÉXICO,HUIXQUILUCAN,MC,19.2136648,-99.210609
713,15038,MÉXICO,ISIDRO FABELA,MC,19.3320129,-99.2502568
714,15039,MÉXICO,IXTAPALUCA,MC,19.1847176,-98.530329
715,15040,MÉXICO,IXTAPAN DE LA SAL,MC,18.504058,-99.4032962
716,15041,MÉXICO,IXTAPAN DEL ORO,MC,19.1544136,-100.1551176
717,15042,MÉXICO,IXTLAHUACA,MC,19.341133,-99.4609362
719,15044,MÉXICO,JALTENCO,MC,19.4507996,-99.0538513
720,15045,MÉXICO,JILOTEPEC,MC,19.5710204,-99.3158183
721,15046,MÉXICO,JILOTZINGO,MC,19.3220105,-99.2349686
722,15047,MÉXICO,JIQUIPILCO,MC,19.3327356,-99.3630959
723,15048,MÉXICO,JOCOTITLÁN,MC,19.4242544,-99.4708871
724,15049,MÉXICO,JOQUICINGO,MC,19.0257222,-99.3154544
725,15050,MÉXICO,JUCHITEPEC,MC,19.0606883,-98.5251296
745,15070,MÉXICO,LA PAZ,MC,19.2130193,-98.5835766
726,15051,MÉXICO,LERMA,MC,19.1707344,-99.3042541
798,15123,MÉXICO,LUVIANOS,MC,18.5513736,-100.1758007
727,15052,MÉXICO,MALINALCO,MC,18.570843,-99.2951235
728,15053,MÉXICO,MELCHOR OCAMPO,MC,19.423749,-99.083645
729,15054,MÉXICO,METEPEC,MC,19.1508712,-99.361617
730,15055,MÉXICO,MEXICALTZINGO,MC,19.1239994,-99.3512674
731,15056,MÉXICO,MORELOS,MC,19.4713122,-99.4003973
732,15057,MÉXICO,NAUCALPAN DE JUÁREZ,MC,19.284369,-99.1359585
734,15059,MÉXICO,NEXTLALPAN,MC,19.4423519,-99.0449215
733,15058,MÉXICO,NEZAHUALCÓYOTL,MC,19.2431548,-99.010552
735,15060,MÉXICO,NICOLÁS ROMERO,MC,19.3732574,-99.1857233
801,15999,MÉXICO,NO ESPECIFICADO,MC,,
736,15061,MÉXICO,NOPALTEPEC,MC,19.4643674,-98.4234359
737,15062,MÉXICO,OCOYOACAC,MC,19.1609411,-99.2720503
738,15063,MÉXICO,OCUILAN,MC,18.5844731,-99.2500999
740,15065,MÉXICO,OTUMBA,MC,19.4159473,-98.4527699
741,15066,MÉXICO,OTZOLOAPAN,MC,19.070267,-100.1751762
742,15067,MÉXICO,OTZOLOTEPEC,MC,19.2458343,-99.3330922
743,15068,MÉXICO,OZUMBA,MC,19.0221037,-98.4743402
744,15069,MÉXICO,PAPALOTLA,MC,19.3348159,-98.5129553
746,15071,MÉXICO,POLOTITLÁN,MC,20.1325714,-99.4853082
747,15072,MÉXICO,RAYÓN,MC,19.0852838,-99.3454261
748,15073,MÉXICO,SAN ANTONIO LA ISLA,MC,19.0950758,-99.3409609
749,15074,MÉXICO,SAN FELIPE DEL PROGRESO,MC,19.4250127,-99.571186
799,15124,MÉXICO,SAN JOSÉ DEL RINCÓN,MC,19.3939755,-100.0907001
750,15075,MÉXICO,SAN MARTÍN DE LAS PIRÁMIDES,MC,19.4217436,-98.5004288
751,15076,MÉXICO,SAN MATEO ATENCO,MC,19.1551,-99.3147
752,15077,MÉXICO,SAN SIMÓN DE GUERRERO,MC,19.012312,-100.0026201
753,15078,MÉXICO,SANTO TOMÁS,MC,19.10587,-100.1535212
754,15079,MÉXICO,SOYANIQUILPAN DE JUÁREZ,MC,20.0050008,-99.3140426
755,15080,MÉXICO,SULTEPEC,MC,18.5130765,-99.5759147
756,15081,MÉXICO,TECÁMAC,MC,19.4236746,-98.5801713
757,15082,MÉXICO,TEJUPILCO,MC,18.5420507,-100.091225
758,15083,MÉXICO,TEMAMATLA,MC,19.1209866,-98.5211648
759,15084,MÉXICO,TEMASCALAPA,MC,19.4940288,-98.5402996
760,15085,MÉXICO,TEMASCALCINGO,MC,19.5457281,-100.001469
761,15086,MÉXICO,TEMASCALTEPEC,MC,19.0235069,-100.0228894
762,15087,MÉXICO,TEMOAYA,MC,19.281205,-99.3541662
763,15088,MÉXICO,TENANCINGO,MC,18.5742589,-99.353783
764,15089,MÉXICO,TENANGO DEL AIRE,MC,19.0925212,-98.5140664
765,15090,MÉXICO,TENANGO DEL VALLE,MC,19.0613539,-99.352967
766,15091,MÉXICO,TEOLOYUCAN,MC,19.4443676,-99.1059034
767,15092,MÉXICO,TEOTIHUACÁN,MC,19.4107726,-98.520706
768,15093,MÉXICO,TEPETLAOXTOC,MC,19.3424115,-98.4910987
769,15094,MÉXICO,TEPETLIXPA,MC,19.0146254,-98.4910949
770,15095,MÉXICO,TEPOTZOTLÁN,MC,19.4249601,-99.1324652
771,15096,MÉXICO,TEQUIXQUIAC,MC,19.5436996,-99.0856087
772,15097,MÉXICO,TEXCALTITLÁN,MC,18.5549402,-99.5621396
773,15098,MÉXICO,TEXCALYACAC,MC,19.0756019,-99.3011049
774,15099,MÉXICO,TEXCOCO,MC,19.3048383,-98.5253344
775,15100,MÉXICO,TEZOYUCA,MC,19.3525125,-98.5430613
776,15101,MÉXICO,TIANGUISTENCO,MC,19.1052371,-99.280278
777,15102,MÉXICO,TIMILPAN,MC,19.5234209,-99.4401604
778,15103,MÉXICO,TLALMANALCO,MC,19.1221252,-98.4809193
779,15104,MÉXICO,TLALNEPANTLA DE BAZ,MC,19.3218684,-99.1142714
780,15105,MÉXICO,TLATLAYA,MC,18.370423,-100.1228192
781,15106,MÉXICO,TOLUCA,MC,19.1736557,-99.392634
800,15125,MÉXICO,TONANITLA,MC,19.4117382,-99.0315702
782,15107,MÉXICO,TONATICO,MC,18.480727,-99.4015366
783,15108,MÉXICO,TULTEPEC,MC,19.4107973,-99.0742979
784,15109,MÉXICO,TULTITLÁN,MC,19.3851048,-99.1009102
785,15110,MÉXICO,VALLE DE BRAVO,MC,19.1139821,-100.0753785
797,15122,MÉXICO,VALLE DE CHALCO SOLIDARIDAD,MC,19.1643554,-98.5636415
786,15111,MÉXICO,VILLA DE ALLENDE,MC,19.22243,-100.0857682
787,15112,MÉXICO,VILLA DEL CARBÓN,MC,19.4339318,-99.2747087
788,15113,MÉXICO,VILLA GUERRERO,MC,18.5742151,-99.3831199
789,15114,MÉXICO,VILLA VICTORIA,MC,19.2630752,-99.5942181
718,15043,MÉXICO,XALATLACO,MC,19.1103792,-99.244945
790,15115,MÉXICO,XONACATLÁN,MC,19.2415909,-99.3149425
791,15116,MÉXICO,ZACAZONAPAN,MC,19.0428046,-100.1522017
792,15117,MÉXICO,ZACUALPAN,MC,18.4307213,-99.4632238
793,15118,MÉXICO,ZINACANTEPEC,MC,19.1705663,-99.4406135
794,15119,MÉXICO,ZUMPAHUACÁN,MC,18.502734,-99.3508144
795,15120,MÉXICO,ZUMPANGO,MC,19.4749643,-99.0602282
952,18001,NAYARIT,ACAPONETA,NT,22.2921795,-105.2136663
953,18002,NAYARIT,AHUACATLÁN,NT,21.0302113,-104.2904792
954,18003,NAYARIT,AMATLÁN DE CAÑAS,NT,20.4828016,-104.24194
971,18020,NAYARIT,BAHÍA DE BANDERAS,NT,20.4824336,-105.1452527
955,18004,NAYARIT,COMPOSTELA,NT,21.1415107,-104.540215
960,18009,NAYARIT,DEL NAYAR,NT,22.150405,-104.3104593
956,18005,NAYARIT,HUAJICORI,NT,22.3814139,-105.1911946
957,18006,NAYARIT,IXTLÁN DEL RÍO,NT,21.0206199,-104.220808
958,18007,NAYARIT,JALA,NT,21.0617356,-104.261758
970,18019,NAYARIT,LA YESCA,NT,21.1907987,-104.003515
972,18999,NAYARIT,NO ESPECIFICADO,NT,,
961,18010,NAYARIT,ROSAMORADA,NT,22.0721163,-105.1214869
962,18011,NAYARIT,RUÍZ,NT,21.570091,-105.0842204
963,18012,NAYARIT,SAN BLAS,NT,21.3230257,-105.1709767
964,18013,NAYARIT,SAN PEDRO LAGUNILLAS,NT,21.1318862,-104.4503995
965,18014,NAYARIT,SANTA MARÍA DEL ORO,NT,21.1959482,-104.3513944
966,18015,NAYARIT,SANTIAGO IXCUINTLA,NT,21.4830009,-105.122176
967,18016,NAYARIT,TECUALA,NT,22.2342148,-105.2721722
968,18017,NAYARIT,TEPIC,NT,21.3026687,-104.5337677
969,18018,NAYARIT,TUXPAN,NT,21.5641245,-105.1753114
959,18008,NAYARIT,XALISCO,NT,21.2637274,-104.5359048
2501,97997,NO APLICA,NO APLICA,97,,
2503,99999,NO ESPECIFICADO,NO ESPECIFICADO,99,,
973,19001,NUEVO LEÓN,ABASOLO,NL,25.5643215,-100.2359958
974,19002,NUEVO LEÓN,AGUALEGUAS,NL,26.1839293,-99.3221801
976,19004,NUEVO LEÓN,ALLENDE,NL,25.171284,-100.0029966
977,19005,NUEVO LEÓN,ANÁHUAC,NL,27.142633,-100.075677
978,19006,NUEVO LEÓN,APODACA,NL,25.465266,-100.112122
979,19007,NUEVO LEÓN,ARAMBERRI,NL,24.060211,-99.490504
980,19008,NUEVO LEÓN,BUSTAMANTE,NL,26.320479,-100.300974
981,19009,NUEVO LEÓN,CADEREYTA JIMÉNEZ,NL,25.352763,-100.000574
983,19011,NUEVO LEÓN,CERRALVO,NL,26.052353,-99.365304
985,19013,NUEVO LEÓN,CHINA,NL,25.422129,-99.142154
984,19012,NUEVO LEÓN,CIÉNEGA DE FLORES,NL,25.570745,-100.100519
986,19014,NUEVO LEÓN,DOCTOR ARROYO,NL,23.402889,-100.105612
987,19015,NUEVO LEÓN,DOCTOR COSS,NL,25.553323,-99.110374
988,19016,NUEVO LEÓN,DOCTOR GONZÁLEZ,NL,25.5131786,-99.5630728
982,19010,NUEVO LEÓN,EL CARMEN,NL,25.555602,-100.215084
989,19017,NUEVO LEÓN,GALEANA,NL,24.493456,-100.043874
990,19018,NUEVO LEÓN,GARCÍA,NL,25.480177,-100.350769
992,19020,NUEVO LEÓN,GENERAL BRAVO,NL,25.473587,-99.105244
993,19021,NUEVO LEÓN,GENERAL ESCOBEDO,NL,25.482875,-100.192151
994,19022,NUEVO LEÓN,GENERAL TERÁN,NL,25.152587,-99.410893
995,19023,NUEVO LEÓN,GENERAL TREVIÑO,NL,26.133709,-99.290269
996,19024,NUEVO LEÓN,GENERAL ZARAGOZA,NL,23.582374,-99.462061
997,19025,NUEVO LEÓN,GENERAL ZUAZUA,NL,25.534912,-100.062969
998,19026,NUEVO LEÓN,GUADALUPE,NL,25.403837,-100.153563
1019,19047,NUEVO LEÓN,HIDALGO,NL,25.583234,-100.264882
1000,19028,NUEVO LEÓN,HIGUERAS,NL,25.574304,-100.005166
1001,19029,NUEVO LEÓN,HUALAHUISES,NL,24.530471,-99.402362
1002,19030,NUEVO LEÓN,ITURBIDE,NL,24.433352,-99.541894
1003,19031,NUEVO LEÓN,JUÁREZ,NL,25.384641,-100.052717
1004,19032,NUEVO LEÓN,LAMPAZOS DE NARANJO,NL,27.0131124,-100.3015565
1005,19033,NUEVO LEÓN,LINARES,NL,24.513475,-99.340433
975,19003,NUEVO LEÓN,LOS ALDAMAS,NL,26.0350916,-99.114824
999,19027,NUEVO LEÓN,LOS HERRERAS,NL,25.542018,-99.241187
1014,19042,NUEVO LEÓN,LOS RAMONES,NL,25.414701,-99.372651
1006,19034,NUEVO LEÓN,MARÍN,NL,25.5245488,-100.0202575
1007,19035,NUEVO LEÓN,MELCHOR OCAMPO,NL,26.033069,-99.323222
1008,19036,NUEVO LEÓN,MIER Y NORIEGA,NL,23.252323,-100.071081
1009,19037,NUEVO LEÓN,MINA,NL,26.000452,-100.315464
1010,19038,NUEVO LEÓN,MONTEMORELOS,NL,25.112131,-99.493705
1011,19039,NUEVO LEÓN,MONTERREY,NL,25.395291,-100.183921
1024,19999,NUEVO LEÓN,NO ESPECIFICADO,NL,,
1012,19040,NUEVO LEÓN,PARÁS,NL,26.295474,-99.313152
1013,19041,NUEVO LEÓN,PESQUERÍA,NL,25.465973,-100.031324
1015,19043,NUEVO LEÓN,RAYONES,NL,25.010524,-100.042357
1016,19044,NUEVO LEÓN,SABINAS HIDALGO,NL,26.295413,-100.105213
1017,19045,NUEVO LEÓN,SALINAS VICTORIA,NL,25.573444,-100.172942
1018,19046,NUEVO LEÓN,SAN NICOLÁS DE LOS GARZA,NL,25.451891,-100.172251
991,19019,NUEVO LEÓN,SAN PEDRO GARZA GARCÍA,NL,25.395461,-100.240888
1020,19048,NUEVO LEÓN,SANTA CATARINA,NL,25.402771,-100.274229
1021,19049,NUEVO LEÓN,SANTIAGO,NL,25.253756,-100.091084
1022,19050,NUEVO LEÓN,VALLECILLO,NL,26.3934822,-99.5922486
1023,19051,NUEVO LEÓN,VILLALDAMA,NL,26.295361,-100.252842
1025,20001,OAXACA,ABEJONES,OC,17.2608708,-96.3629427
1026,20002,OAXACA,ACATLÁN DE PÉREZ FIGUEROA,OC,18.3218828,-96.3627396
1027,20003,OAXACA,ASUNCIÓN CACALOTEPEC,OC,17.0206951,-95.5723622
1028,20004,OAXACA,ASUNCIÓN CUYOTEPEJI,OC,17.5551242,-97.4027669
1029,20005,OAXACA,ASUNCIÓN IXTALTEPEC,OC,16.3013823,-95.0325362
1030,20006,OAXACA,ASUNCIÓN NOCHIXTLÁN,OC,17.2732171,-97.1330715
1031,20007,OAXACA,ASUNCIÓN OCOTLÁN,OC,16.4533045,-96.4316772
1032,20008,OAXACA,ASUNCIÓN TLACOLULITA,OC,16.1800947,-95.4334699
1422,20398,OAXACA,AYOQUEZCO DE ALDAMA,OC,16.4108396,-96.5035212
1033,20009,OAXACA,AYOTZINTEPEC,OC,17.4036151,-96.0759775
1035,20011,OAXACA,CALIHUALÁ,OC,17.3158287,-98.1642154
1036,20012,OAXACA,CANDELARIA LOXICHA,OC,15.5534804,-96.2930908
1271,20247,OAXACA,CAPULÁLPAM DE MÉNDEZ,OC,17.1823115,-96.2645527
1049,20025,OAXACA,CHAHUITES,OC,16.1715392,-94.1144966
1050,20026,OAXACA,CHALCATONGO DE HIDALGO,OC,17.0155304,-97.3415562
1051,20027,OAXACA,CHIQUIHUITLÁN DE BENITO JUÁREZ,OC,17.5943582,-96.4443611
1038,20014,OAXACA,CIUDAD IXTEPEC,OC,16.3403714,-95.0555365
1037,20013,OAXACA,CIÉNEGA DE ZIMATLÁN,OC,16.5349517,-96.4559826
1039,20015,OAXACA,COATECAS ALTAS,OC,16.3212332,-96.395393
1040,20016,OAXACA,COICOYÁN DE LAS FLORES,OC,17.1622434,-98.163394
1042,20018,OAXACA,CONCEPCIÓN BUENAVISTA,OC,17.524272,-97.2400839
1043,20019,OAXACA,CONCEPCIÓN PÁPALO,OC,17.5028915,-96.5252897
1044,20020,OAXACA,CONSTANCIA DEL ROSARIO,OC,17.0216159,-97.5629249
1045,20021,OAXACA,COSOLAPA,OC,18.3606433,-96.405659
1046,20022,OAXACA,COSOLTEPEC,OC,18.0831117,-97.4726419
1047,20023,OAXACA,CUILÁPAM DE GUERRERO,OC,16.5945605,-96.4650128
1048,20024,OAXACA,CUYAMECALCO VILLA DE ZARAGOZA,OC,17.5754299,-96.4952955
1034,20010,OAXACA,EL BARRIO DE LA SOLEDAD,OC,16.4814166,-95.0643884
1054,20030,OAXACA,EL ESPINAL,OC,16.2908555,-95.023421
1053,20029,OAXACA,ELOXOCHITLÁN DE FLORES MAGÓN,OC,18.1036771,-96.5233927
1056,20032,OAXACA,FRESNILLO DE TRUJANO,OC,17.5428845,-98.0810684
1058,20034,OAXACA,GUADALUPE DE RAMÍREZ,OC,17.4521782,-98.0951819
1057,20033,OAXACA,GUADALUPE ETLA,OC,17.1017893,-96.4838072
1059,20035,OAXACA,GUELATAO DE JUÁREZ,OC,17.1905424,-96.293726
1060,20036,OAXACA,GUEVEA DE HUMBOLDT,OC,16.4733411,-95.2205001
1052,20028,OAXACA,HEROICA CIUDAD DE EJUTLA DE CRESPO,OC,16.3351392,-96.4354842
1063,20039,OAXACA,HEROICA CIUDAD DE HUAJUAPAN DE LEÓN,OC,17.4824614,-97.4634449
1421,20397,OAXACA,HEROICA CIUDAD DE TLAXIACO,OC,17.1602891,-97.404977
1573,20549,OAXACA,"HEROICA VILLA TEZOATLÁN DE SEGURA Y LUNA, CUNA DE LA INDEPENDENCIA DE OAXACA",OC,17.3916079,-97.4830016
1064,20040,OAXACA,HUAUTEPEC,OC,18.0607121,-96.4750275
1065,20041,OAXACA,HUAUTLA DE JIMÉNEZ,OC,18.0749358,-96.5046182
1089,20065,OAXACA,IXPANTEPEC NIEVES,OC,17.302407,-98.0241502
1066,20042,OAXACA,IXTLÁN DE JUÁREZ,OC,17.1953503,-96.2916086
1067,20043,OAXACA,JUCHITÁN DE ZARAGOZA,OC,16.2559907,-95.0117879
1041,20017,OAXACA,LA COMPAÑÍA,OC,16.3329629,-96.4911927
1093,20069,OAXACA,LA PE,OC,16.3747851,-96.4758767
1100,20076,OAXACA,LA REFORMA,OC,16.3723933,-97.5040192
1580,20556,OAXACA,LA TRINIDAD VISTA HERMOSA,OC,17.4621469,-97.3020705
1068,20044,OAXACA,LOMA BONITA,OC,18.0635536,-95.5247914
1069,20045,OAXACA,MAGDALENA APASCO,OC,17.1431427,-96.4915927
1070,20046,OAXACA,MAGDALENA JALTEPEC,OC,17.1925034,-97.1316596
1072,20048,OAXACA,MAGDALENA MIXTEPEC,OC,16.5346002,-96.542782
1073,20049,OAXACA,MAGDALENA OCOTLÁN,OC,16.4234039,-96.4244515
1074,20050,OAXACA,MAGDALENA PEÑASCO,OC,17.1410507,-97.3305539
1075,20051,OAXACA,MAGDALENA TEITIPAC,OC,16.5423834,-96.3331459
1076,20052,OAXACA,MAGDALENA TEQUISISTLÁN,OC,16.2356101,-95.3610474
1077,20053,OAXACA,MAGDALENA TLACOTEPEC,OC,16.3014278,-95.1211901
1586,20562,OAXACA,MAGDALENA YODOCONO DE PORFIRIO DÍAZ,OC,17.2306338,-97.2117914
1078,20054,OAXACA,MAGDALENA ZAHUATLÁN,OC,17.2318332,-97.1344476
1079,20055,OAXACA,MARISCALA DE JUÁREZ,OC,17.513782,-98.0829834
1081,20057,OAXACA,MATÍAS ROMERO AVENDAÑO,OC,16.5240402,-95.0231738
1082,20058,OAXACA,MAZATLÁN VILLA DE FLORES,OC,18.0157232,-96.5449396
1061,20037,OAXACA,MESONES HIDALGO,OC,16.545528,-97.5759564
1083,20059,OAXACA,MIAHUATLÁN DE PORFIRIO DÍAZ,OC,16.1942519,-96.3547487
1084,20060,OAXACA,MIXISTLÁN DE LA REFORMA,OC,17.0848617,-96.0643301
1085,20061,OAXACA,MONJAS,OC,16.220187,-96.3812371
1080,20056,OAXACA,MÁRTIRES DE TACUBAYA,OC,16.3216749,-98.1503285
1086,20062,OAXACA,NATIVIDAD,OC,17.1748752,-96.2559857
1087,20063,OAXACA,NAZARENO ETLA,OC,17.1040764,-96.4926406
1088,20064,OAXACA,NEJAPA DE MADERO,OC,16.3629453,-95.5849619
1595,20999,OAXACA,NO ESPECIFICADO,OC,,
1528,20504,OAXACA,NUEVO ZOQUIÁPAM,OC,17.1728758,-96.3711943
1091,20067,OAXACA,OAXACA DE JUÁREZ,OC,17.0335975,-96.4331621
1092,20068,OAXACA,OCOTLÁN DE MORELOS,OC,16.4729906,-96.4030232
1094,20070,OAXACA,PINOTEPA DE DON LUIS,OC,16.254239,-97.5838767
1095,20071,OAXACA,PLUMA HIDALGO,OC,15.5533046,-96.2509996
1097,20073,OAXACA,PUTLA VILLA DE GUERRERO,OC,17.0134339,-97.554135
1099,20075,OAXACA,REFORMA DE PINEDA,OC,16.2357548,-94.2730362
1101,20077,OAXACA,REYES ETLA,OC,17.1220002,-96.4836334
1102,20078,OAXACA,ROJAS DE CUAUHTÉMOC,OC,17.0029821,-96.3707126
1103,20079,OAXACA,SALINA CRUZ,OC,16.1033186,-95.1131771
1104,20080,OAXACA,SAN AGUSTÍN AMATENGO,OC,16.3035796,-96.472157
1105,20081,OAXACA,SAN AGUSTÍN ATENANGO,OC,17.3642117,-98.0054657
1106,20082,OAXACA,SAN AGUSTÍN CHAYUCO,OC,16.2408576,-97.4827066
1107,20083,OAXACA,SAN AGUSTÍN DE LAS JUNTAS,OC,17.0041976,-96.4241189
1108,20084,OAXACA,SAN AGUSTÍN ETLA,OC,17.1120699,-96.4551927
1109,20085,OAXACA,SAN AGUSTÍN LOXICHA,OC,16.0059791,-96.3700352
1110,20086,OAXACA,SAN AGUSTÍN TLACOTEPEC,OC,17.1213264,-97.310444
1111,20087,OAXACA,SAN AGUSTÍN YATARENI,OC,17.0452363,-96.4005222
1112,20088,OAXACA,SAN ANDRÉS CABECERA NUEVA,OC,16.5318296,-97.4051564
1113,20089,OAXACA,SAN ANDRÉS DINICUITI,OC,17.4117213,-97.4336304
1114,20090,OAXACA,SAN ANDRÉS HUAXPALTEPEC,OC,16.1944566,-97.5458856
1115,20091,OAXACA,SAN ANDRÉS HUAYÁPAM,OC,17.0609156,-96.3958461
1116,20092,OAXACA,SAN ANDRÉS IXTLAHUACA,OC,17.0415148,-96.4930637
1117,20093,OAXACA,SAN ANDRÉS LAGUNAS,OC,17.3427936,-97.3121884
1118,20094,OAXACA,SAN ANDRÉS NUXIÑO,OC,17.1418089,-97.0618976
1119,20095,OAXACA,SAN ANDRÉS PAXTLÁN,OC,16.1256289,-96.3027288
1120,20096,OAXACA,SAN ANDRÉS SINAXTLA,OC,17.2806607,-97.170172
1121,20097,OAXACA,SAN ANDRÉS SOLAGA,OC,17.1615701,-96.1412821
1122,20098,OAXACA,SAN ANDRÉS TEOTILÁLPAM,OC,17.5714871,-96.3923718
1123,20099,OAXACA,SAN ANDRÉS TEPETLAPA,OC,17.3957,-98.2330072
1124,20100,OAXACA,SAN ANDRÉS YAÁ,OC,17.1733282,-96.0913018
1125,20101,OAXACA,SAN ANDRÉS ZABACHE,OC,16.3600535,-96.5127848
1126,20102,OAXACA,SAN ANDRÉS ZAUTLA,OC,17.1110996,-96.5148564
1127,20103,OAXACA,SAN ANTONINO CASTILLO VELASCO,OC,16.4811619,-96.4104704
1128,20104,OAXACA,SAN ANTONINO EL ALTO,OC,16.4856522,-97.0145748
1129,20105,OAXACA,SAN ANTONINO MONTE VERDE,OC,17.3201009,-97.4314266
1130,20106,OAXACA,SAN ANTONIO ACUTLA,OC,17.4438508,-97.3001098
1131,20107,OAXACA,SAN ANTONIO DE LA CAL,OC,17.0152728,-96.4157423
1132,20108,OAXACA,SAN ANTONIO HUITEPEC,OC,16.5538393,-97.0850719
1133,20109,OAXACA,SAN ANTONIO NANAHUATÍPAM,OC,18.0749078,-97.0725121
1134,20110,OAXACA,SAN ANTONIO SINICAHUA,OC,17.0905665,-97.3404654
1135,20111,OAXACA,SAN ANTONIO TEPETLAPA,OC,16.3232499,-98.0358414
1136,20112,OAXACA,SAN BALTAZAR CHICHICÁPAM,OC,16.454355,-96.292285
1137,20113,OAXACA,SAN BALTAZAR LOXICHA,OC,16.042388,-96.4725155
1138,20114,OAXACA,SAN BALTAZAR YATZACHI EL BAJO,OC,17.1341364,-96.131132
1139,20115,OAXACA,SAN BARTOLO COYOTEPEC,OC,16.5729813,-96.4227541
1145,20121,OAXACA,SAN BARTOLO SOYALTEPEC,OC,17.3526307,-97.1832165
1146,20122,OAXACA,SAN BARTOLO YAUTEPEC,OC,16.2550669,-95.5823204
1140,20116,OAXACA,SAN BARTOLOMÉ AYAUTLA,OC,18.0154481,-96.4017432
1141,20117,OAXACA,SAN BARTOLOMÉ LOXICHA,OC,15.5813403,-96.4239656
1142,20118,OAXACA,SAN BARTOLOMÉ QUIALANA,OC,16.5406795,-96.3004342
1143,20119,OAXACA,SAN BARTOLOMÉ YUCUAÑE,OC,17.1433169,-97.2652546
1144,20120,OAXACA,SAN BARTOLOMÉ ZOOGOCHO,OC,17.1426839,-96.1434982
1147,20123,OAXACA,SAN BERNARDO MIXTEPEC,OC,16.4928778,-96.5355199
1148,20124,OAXACA,SAN BLAS ATEMPA,OC,16.1934759,-95.1339165
1149,20125,OAXACA,SAN CARLOS YAUTEPEC,OC,16.3002184,-96.0624133
1150,20126,OAXACA,SAN CRISTÓBAL AMATLÁN,OC,16.1906269,-96.2436058
1151,20127,OAXACA,SAN CRISTÓBAL AMOLTEPEC,OC,17.1704318,-97.3411469
1152,20128,OAXACA,SAN CRISTÓBAL LACHIRIOAG,OC,17.2009498,-96.095417
1153,20129,OAXACA,SAN CRISTÓBAL SUCHIXTLAHUACA,OC,17.4339194,-97.2159961
1154,20130,OAXACA,SAN DIONISIO DEL MAR,OC,16.1913941,-94.4525212
1155,20131,OAXACA,SAN DIONISIO OCOTEPEC,OC,16.4751916,-96.2345734
1156,20132,OAXACA,SAN DIONISIO OCOTLÁN,OC,16.4447199,-96.4051007
1157,20133,OAXACA,SAN ESTEBAN ATATLAHUCA,OC,17.0359578,-97.403997
1158,20134,OAXACA,SAN FELIPE JALAPA DE DÍAZ,OC,18.0416617,-96.3210014
1159,20135,OAXACA,SAN FELIPE TEJALÁPAM,OC,17.0641043,-96.5111727
1160,20136,OAXACA,SAN FELIPE USILA,OC,17.5245822,-96.3142107
1161,20137,OAXACA,SAN FRANCISCO CAHUACUÁ,OC,16.5336827,-97.1820139
1162,20138,OAXACA,SAN FRANCISCO CAJONOS,OC,17.1019539,-96.1505272
1163,20139,OAXACA,SAN FRANCISCO CHAPULAPA,OC,17.5627425,-96.4515867
1164,20140,OAXACA,SAN FRANCISCO CHINDÚA,OC,17.2542891,-97.1846047
1165,20141,OAXACA,SAN FRANCISCO DEL MAR,OC,16.1400407,-94.3756193
1166,20142,OAXACA,SAN FRANCISCO HUEHUETLÁN,OC,18.1151339,-96.5652157
1167,20143,OAXACA,SAN FRANCISCO IXHUATÁN,OC,16.2108484,-94.2901782
1168,20144,OAXACA,SAN FRANCISCO JALTEPETONGO,OC,17.2308571,-97.1546273
1169,20145,OAXACA,SAN FRANCISCO LACHIGOLÓ,OC,17.0041065,-96.3554659
1170,20146,OAXACA,SAN FRANCISCO LOGUECHE,OC,16.2108206,-96.2240723
1171,20147,OAXACA,SAN FRANCISCO NUXAÑO,OC,17.2250999,-97.2038223
1172,20148,OAXACA,SAN FRANCISCO OZOLOTEPEC,OC,16.0601941,-96.1314455
1173,20149,OAXACA,SAN FRANCISCO SOLA,OC,16.3053879,-96.5827841
1174,20150,OAXACA,SAN FRANCISCO TELIXTLAHUACA,OC,17.1747744,-96.5415888
1175,20151,OAXACA,SAN FRANCISCO TEOPAN,OC,17.5104062,-97.2933112
1176,20152,OAXACA,SAN FRANCISCO TLAPANCINGO,OC,17.2902846,-98.1608071
1177,20153,OAXACA,SAN GABRIEL MIXTEPEC,OC,16.0539922,-97.0446197
1178,20154,OAXACA,SAN ILDEFONSO AMATLÁN,OC,16.2002741,-96.2929603
1179,20155,OAXACA,SAN ILDEFONSO SOLA,OC,16.3111324,-96.5901203
1180,20156,OAXACA,SAN ILDEFONSO VILLA ALTA,OC,17.2020438,-96.0910852
1181,20157,OAXACA,SAN JACINTO AMILPAS,OC,17.0602904,-96.4545222
1182,20158,OAXACA,SAN JACINTO TLACOTEPEC,OC,16.3113323,-97.2309594
1183,20159,OAXACA,SAN JERÓNIMO COATLÁN,OC,16.1357797,-96.5209459
1184,20160,OAXACA,SAN JERÓNIMO SILACAYOAPILLA,OC,17.4834669,-97.5045357
1185,20161,OAXACA,SAN JERÓNIMO SOSOLA,OC,17.2159613,-97.0157412
1186,20162,OAXACA,SAN JERÓNIMO TAVICHE,OC,16.4249246,-96.3539348
1187,20163,OAXACA,SAN JERÓNIMO TECÓATL,OC,18.100089,-96.544752
1574,20550,OAXACA,SAN JERÓNIMO TLACOCHAHUAYA,OC,17.0031921,-96.3451865
1188,20164,OAXACA,SAN JORGE NUCHITA,OC,17.3921435,-98.0622068
1189,20165,OAXACA,SAN JOSÉ AYUQUILA,OC,17.5630436,-97.5809386
1190,20166,OAXACA,SAN JOSÉ CHILTEPEC,OC,17.5643269,-96.1013932
1191,20167,OAXACA,SAN JOSÉ DEL PEÑASCO,OC,16.1857814,-96.3004971
1096,20072,OAXACA,SAN JOSÉ DEL PROGRESO,OC,16.4106461,-96.4107903
1192,20168,OAXACA,SAN JOSÉ ESTANCIA GRANDE,OC,16.2154732,-98.1504628
1193,20169,OAXACA,SAN JOSÉ INDEPENDENCIA,OC,18.1423366,-96.3846062
1194,20170,OAXACA,SAN JOSÉ LACHIGUIRI,OC,16.2243593,-96.2011157
1195,20171,OAXACA,SAN JOSÉ TENANGO,OC,18.0902743,-96.4301951
1196,20172,OAXACA,SAN JUAN ACHIUTLA,OC,17.2039281,-97.3031943
1197,20173,OAXACA,SAN JUAN ATEPEC,OC,17.2535014,-96.3220877
1199,20175,OAXACA,SAN JUAN BAUTISTA ATATLAHUCA,OC,17.3151945,-96.4947787
1200,20176,OAXACA,SAN JUAN BAUTISTA COIXTLAHUACA,OC,17.4328716,-97.1925763
1201,20177,OAXACA,SAN JUAN BAUTISTA CUICATLÁN,OC,17.4805573,-96.573444
1202,20178,OAXACA,SAN JUAN BAUTISTA GUELACHE,OC,17.1335563,-96.4642617
1203,20179,OAXACA,SAN JUAN BAUTISTA JAYACATLÁN,OC,17.2524616,-96.4921254
1204,20180,OAXACA,SAN JUAN BAUTISTA LO DE SOTO,OC,16.3041453,-98.2048489
1205,20181,OAXACA,SAN JUAN BAUTISTA SUCHITEPEC,OC,17.5821784,-97.3935352
1207,20183,OAXACA,SAN JUAN BAUTISTA TLACHICHILCO,OC,17.3721172,-98.2038375
1206,20182,OAXACA,SAN JUAN BAUTISTA TLACOATZINTEPEC,OC,17.5133989,-96.3513515
1208,20184,OAXACA,SAN JUAN BAUTISTA TUXTEPEC,OC,18.0452193,-96.0706534
1583,20559,OAXACA,SAN JUAN BAUTISTA VALLE NACIONAL,OC,17.4629832,-96.1814561
1209,20185,OAXACA,SAN JUAN CACAHUATEPEC,OC,16.3649442,-98.0921931
1215,20191,OAXACA,SAN JUAN CHICOMEZÚCHIL,OC,17.1720311,-96.2941701
1216,20192,OAXACA,SAN JUAN CHILATECA,OC,16.4942664,-96.4019238
1210,20186,OAXACA,SAN JUAN CIENEGUILLA,OC,17.5105971,-98.1650752
1211,20187,OAXACA,SAN JUAN COATZÓSPAM,OC,18.0258919,-96.4547969
1212,20188,OAXACA,SAN JUAN COLORADO,OC,16.2734797,-97.5714361
1213,20189,OAXACA,SAN JUAN COMALTEPEC,OC,17.2017447,-95.5836647
1214,20190,OAXACA,SAN JUAN COTZOCÓN,OC,17.0950408,-95.4656317
1230,20206,OAXACA,SAN JUAN DE LOS CUÉS,OC,18.0248938,-97.0334789
1217,20193,OAXACA,SAN JUAN DEL ESTADO,OC,17.1624702,-96.4757382
1218,20194,OAXACA,SAN JUAN DEL RÍO,OC,16.5257097,-96.0937693
1219,20195,OAXACA,SAN JUAN DIUXI,OC,17.1653434,-97.2227273
1220,20196,OAXACA,SAN JUAN EVANGELISTA ANALCO,OC,17.2420978,-96.321662
1221,20197,OAXACA,SAN JUAN GUELAVÍA,OC,16.5724348,-96.3244995
1222,20198,OAXACA,SAN JUAN GUICHICOVI,OC,16.5746184,-95.0542339
1223,20199,OAXACA,SAN JUAN IHUALTEPEC,OC,17.442343,-98.1719846
1224,20200,OAXACA,SAN JUAN JUQUILA MIXES,OC,16.5608279,-95.5507745
1225,20201,OAXACA,SAN JUAN JUQUILA VIJANOS,OC,17.2113728,-96.1814453
1226,20202,OAXACA,SAN JUAN LACHAO,OC,16.0930738,-97.073039
1227,20203,OAXACA,SAN JUAN LACHIGALLA,OC,16.3530407,-96.3255835
1228,20204,OAXACA,SAN JUAN LAJARCIA,OC,16.3030398,-95.5532126
1229,20205,OAXACA,SAN JUAN LALANA,OC,17.2815208,-95.5247579
1231,20207,OAXACA,SAN JUAN MAZATLÁN,OC,17.0152045,-95.2647281
1232,20208,OAXACA,SAN JUAN MIXTEPEC,OC,17.1820614,-97.4953209
1233,20209,OAXACA,SAN JUAN MIXTEPEC,OC,17.1820614,-97.4953209
1235,20211,OAXACA,SAN JUAN OZOLOTEPEC,OC,16.0758827,-96.1533456
1236,20212,OAXACA,SAN JUAN PETLAPA,OC,17.2809488,-96.0212603
1237,20213,OAXACA,SAN JUAN QUIAHIJE,OC,16.1806762,-97.1900646
1238,20214,OAXACA,SAN JUAN QUIOTEPEC,OC,17.3602748,-96.3517382
1239,20215,OAXACA,SAN JUAN SAYULTEPEC,OC,17.2712536,-97.1705066
1240,20216,OAXACA,SAN JUAN TABAÁ,OC,17.1818669,-96.1225568
1241,20217,OAXACA,SAN JUAN TAMAZOLA,OC,17.0937579,-97.1336777
1242,20218,OAXACA,SAN JUAN TEITA,OC,17.0542942,-97.2451527
1243,20219,OAXACA,SAN JUAN TEITIPAC,OC,16.5603836,-96.3630634
1244,20220,OAXACA,SAN JUAN TEPEUXILA,OC,17.4322372,-96.502797
1245,20221,OAXACA,SAN JUAN TEPOSCOLULA,OC,17.3302193,-97.2528484
1246,20222,OAXACA,SAN JUAN YAEÉ,OC,17.2544714,-96.1701844
1247,20223,OAXACA,SAN JUAN YATZONA,OC,17.2408728,-96.100928
1248,20224,OAXACA,SAN JUAN YUCUITA,OC,17.3044112,-97.161329
1234,20210,OAXACA,SAN JUAN ÑUMÍ,OC,17.2353842,-97.4223117
1249,20225,OAXACA,SAN LORENZO,OC,16.2339344,-97.522941
1250,20226,OAXACA,SAN LORENZO ALBARRADAS,OC,16.5426012,-96.1534734
1251,20227,OAXACA,SAN LORENZO CACAOTEPEC,OC,17.0745691,-96.4807184
1252,20228,OAXACA,SAN LORENZO CUAUNECUILTITLA,OC,18.122323,-96.5447006
1253,20229,OAXACA,SAN LORENZO TEXMELÚCAN,OC,16.3507766,-97.1156308
1254,20230,OAXACA,SAN LORENZO VICTORIA,OC,17.4006082,-98.0712985
1255,20231,OAXACA,SAN LUCAS CAMOTLÁN,OC,16.5635386,-95.4247319
1256,20232,OAXACA,SAN LUCAS OJITLÁN,OC,18.0327011,-96.2351946
1257,20233,OAXACA,SAN LUCAS QUIAVINÍ,OC,16.5341287,-96.2805139
1258,20234,OAXACA,SAN LUCAS ZOQUIÁPAM,OC,18.0810175,-96.5423144
1259,20235,OAXACA,SAN LUIS AMATLÁN,OC,16.2321926,-96.2949826
1260,20236,OAXACA,SAN MARCIAL OZOLOTEPEC,OC,16.0521325,-96.242121
1261,20237,OAXACA,SAN MARCOS ARTEAGA,OC,17.431057,-97.5140098
1262,20238,OAXACA,SAN MARTÍN DE LOS CANSECOS,OC,16.3923315,-96.4344419
1263,20239,OAXACA,SAN MARTÍN HUAMELÚLPAM,OC,17.2350654,-97.3608466
1264,20240,OAXACA,SAN MARTÍN ITUNYOSO,OC,17.1344468,-97.5253317
1265,20241,OAXACA,SAN MARTÍN LACHILÁ,OC,16.3639112,-96.5057738
1266,20242,OAXACA,SAN MARTÍN PERAS,OC,17.2137838,-98.14184
1267,20243,OAXACA,SAN MARTÍN TILCAJETE,OC,16.5132213,-96.4144057
1268,20244,OAXACA,SAN MARTÍN TOXPALAN,OC,18.0602607,-97.0332498
1269,20245,OAXACA,SAN MARTÍN ZACATEPEC,OC,17.4828607,-98.0339112
1270,20246,OAXACA,SAN MATEO CAJONOS,OC,17.0942395,-96.1232312
1272,20248,OAXACA,SAN MATEO DEL MAR,OC,16.1234921,-94.5854811
1274,20250,OAXACA,SAN MATEO ETLATONGO,OC,17.245341,-97.1618264
1275,20251,OAXACA,SAN MATEO NEJÁPAM,OC,17.3920117,-98.2501178
1276,20252,OAXACA,SAN MATEO PEÑASCO,OC,17.090286,-97.3201122
1277,20253,OAXACA,SAN MATEO PIÑAS,OC,15.595823,-96.2006681
1278,20254,OAXACA,SAN MATEO RÍO HONDO,OC,16.0839228,-96.2654414
1279,20255,OAXACA,SAN MATEO SINDIHUI,OC,17.0015237,-97.210444
1280,20256,OAXACA,SAN MATEO TLAPILTEPEC,OC,17.4838119,-97.2552258
1273,20249,OAXACA,SAN MATEO YOLOXOCHITLÁN,OC,18.083723,-96.5206294
1590,20566,OAXACA,SAN MATEO YUCUTINDOO,OC,16.5234931,-97.1419959
1281,20257,OAXACA,SAN MELCHOR BETAZA,OC,17.1508625,-96.0915679
1282,20258,OAXACA,SAN MIGUEL ACHIUTLA,OC,17.1822508,-97.2921746
1283,20259,OAXACA,SAN MIGUEL AHUEHUETITLÁN,OC,17.4016852,-98.1915069
1284,20260,OAXACA,SAN MIGUEL ALOÁPAM,OC,17.2446486,-96.4129273
1285,20261,OAXACA,SAN MIGUEL AMATITLÁN,OC,17.5328999,-98.0132044
1286,20262,OAXACA,SAN MIGUEL AMATLÁN,OC,17.1631889,-96.2818299
1288,20264,OAXACA,SAN MIGUEL CHICAHUA,OC,17.3812994,-97.1141579
1289,20265,OAXACA,SAN MIGUEL CHIMALAPA,OC,16.4252069,-94.4452377
1287,20263,OAXACA,SAN MIGUEL COATLÁN,OC,16.1146728,-96.4138811
1290,20266,OAXACA,SAN MIGUEL DEL PUERTO,OC,15.551788,-96.1029468
1291,20267,OAXACA,SAN MIGUEL DEL RÍO,OC,17.1917968,-96.3409195
1292,20268,OAXACA,SAN MIGUEL EJUTLA,OC,16.344939,-96.4421392
1293,20269,OAXACA,SAN MIGUEL EL GRANDE,OC,17.0248268,-97.371981
1294,20270,OAXACA,SAN MIGUEL HUAUTLA,OC,17.4444957,-97.081507
1295,20271,OAXACA,SAN MIGUEL MIXTEPEC,OC,16.4641165,-96.5726367
1296,20272,OAXACA,SAN MIGUEL PANIXTLAHUACA,OC,16.1536112,-97.2246716
1297,20273,OAXACA,SAN MIGUEL PERAS,OC,16.5616522,-97.003588
1298,20274,OAXACA,SAN MIGUEL PIEDRAS,OC,16.595886,-97.1357719
1299,20275,OAXACA,SAN MIGUEL QUETZALTEPEC,OC,16.5831752,-95.4542049
1300,20276,OAXACA,SAN MIGUEL SANTA FLOR,OC,17.55159,-96.4757482
1302,20278,OAXACA,SAN MIGUEL SOYALTEPEC,OC,18.1425338,-96.2412893
1303,20279,OAXACA,SAN MIGUEL SUCHIXTEPEC,OC,16.0538416,-96.2759073
1305,20281,OAXACA,SAN MIGUEL TECOMATLÁN,OC,17.2338557,-97.1604768
1306,20282,OAXACA,SAN MIGUEL TENANGO,OC,16.1602357,-95.3533078
1307,20283,OAXACA,SAN MIGUEL TEQUIXTEPEC,OC,17.48103,-97.2029959
1308,20284,OAXACA,SAN MIGUEL TILQUIÁPAM,OC,16.4654992,-96.3453603
1309,20285,OAXACA,SAN MIGUEL TLACAMAMA,OC,16.2500223,-98.0347581
1310,20286,OAXACA,SAN MIGUEL TLACOTEPEC,OC,17.2713047,-98.002606
1311,20287,OAXACA,SAN MIGUEL TULANCINGO,OC,17.4504465,-97.2629439
1312,20288,OAXACA,SAN MIGUEL YOTAO,OC,17.2213672,-96.2014047
1313,20289,OAXACA,SAN NICOLÁS,OC,16.245744,-96.4426966
1314,20290,OAXACA,SAN NICOLÁS HIDALGO,OC,17.465851,-98.08333
1315,20291,OAXACA,SAN PABLO COATLÁN,OC,16.1326319,-96.4658796
1316,20292,OAXACA,SAN PABLO CUATRO VENADOS,OC,16.5857747,-96.5327995
1317,20293,OAXACA,SAN PABLO ETLA,OC,17.084382,-96.4552164
1318,20294,OAXACA,SAN PABLO HUITZO,OC,17.1638522,-96.5304184
1319,20295,OAXACA,SAN PABLO HUIXTEPEC,OC,16.4936251,-96.4651618
1320,20296,OAXACA,SAN PABLO MACUILTIANGUIS,OC,17.3203446,-96.3312821
1321,20297,OAXACA,SAN PABLO TIJALTEPEC,OC,17.0103569,-97.2959865
1322,20298,OAXACA,SAN PABLO VILLA DE MITLA,OC,16.5518695,-96.2143757
1323,20299,OAXACA,SAN PABLO YAGANIZA,OC,17.0845897,-96.1346469
1324,20300,OAXACA,SAN PEDRO AMUZGOS,OC,16.3914055,-98.0523737
1325,20301,OAXACA,SAN PEDRO APÓSTOL,OC,16.4406526,-96.433372
1326,20302,OAXACA,SAN PEDRO ATOYAC,OC,16.2920704,-97.5913118
1327,20303,OAXACA,SAN PEDRO CAJONOS,OC,17.1007214,-96.1538301
1329,20305,OAXACA,SAN PEDRO COMITANCILLO,OC,16.2925093,-95.093556
1328,20304,OAXACA,SAN PEDRO COXCALTEPEC CÁNTAROS,OC,17.2955858,-97.0808928
1330,20306,OAXACA,SAN PEDRO EL ALTO,OC,16.0201016,-96.2825401
1331,20307,OAXACA,SAN PEDRO HUAMELULA,OC,16.0144515,-95.4007881
1332,20308,OAXACA,SAN PEDRO HUILOTEPEC,OC,16.1437166,-95.0910564
1333,20309,OAXACA,SAN PEDRO IXCATLÁN,OC,18.0844377,-96.303824
1334,20310,OAXACA,SAN PEDRO IXTLAHUACA,OC,17.0347794,-96.4912339
1335,20311,OAXACA,SAN PEDRO JALTEPETONGO,OC,17.4116259,-97.0205785
1336,20312,OAXACA,SAN PEDRO JICAYÁN,OC,16.2707871,-98.0054715
1337,20313,OAXACA,SAN PEDRO JOCOTIPAC,OC,17.4606816,-97.0448704
1338,20314,OAXACA,SAN PEDRO JUCHATENGO,OC,16.2027428,-97.0514357
1342,20318,OAXACA,SAN PEDRO MIXTEPEC,OC,15.5857517,-97.0501795
1343,20319,OAXACA,SAN PEDRO MIXTEPEC,OC,15.5857517,-97.0501795
1344,20320,OAXACA,SAN PEDRO MOLINOS,OC,17.0616702,-97.3228048
1339,20315,OAXACA,SAN PEDRO MÁRTIR,OC,16.4440162,-96.4243985
1340,20316,OAXACA,SAN PEDRO MÁRTIR QUIECHAPA,OC,16.2454817,-96.1451139
1341,20317,OAXACA,SAN PEDRO MÁRTIR YUCUXACO,OC,17.2557462,-97.3636273
1345,20321,OAXACA,SAN PEDRO NOPALA,OC,17.4822658,-97.3228704
1346,20322,OAXACA,SAN PEDRO OCOPETATILLO,OC,18.110577,-96.5447352
1347,20323,OAXACA,SAN PEDRO OCOTEPEC,OC,16.5719507,-95.5048304
1348,20324,OAXACA,SAN PEDRO POCHUTLA,OC,15.4446827,-96.2754829
1349,20325,OAXACA,SAN PEDRO QUIATONI,OC,16.4659519,-96.0153584
1350,20326,OAXACA,SAN PEDRO SOCHIÁPAM,OC,17.4930506,-96.3951841
1351,20327,OAXACA,SAN PEDRO TAPANATEPEC,OC,16.2202095,-94.1137854
1352,20328,OAXACA,SAN PEDRO TAVICHE,OC,16.3816255,-96.3215352
1353,20329,OAXACA,SAN PEDRO TEOZACOALCO,OC,17.0101654,-97.1709953
1354,20330,OAXACA,SAN PEDRO TEUTILA,OC,17.5837302,-96.4220417
1355,20331,OAXACA,SAN PEDRO TIDAÁ,OC,17.2026751,-97.2238182
1356,20332,OAXACA,SAN PEDRO TOPILTEPEC,OC,17.2613924,-97.2037364
1357,20333,OAXACA,SAN PEDRO TOTOLÁPAM,OC,16.39592,-96.1806865
1361,20337,OAXACA,SAN PEDRO Y SAN PABLO AYUTLA,OC,17.0137743,-96.0437494
1363,20339,OAXACA,SAN PEDRO Y SAN PABLO TEPOSCOLULA,OC,17.3043451,-97.2917479
1364,20340,OAXACA,SAN PEDRO Y SAN PABLO TEQUIXTEPEC,OC,18.0338362,-97.4304246
1359,20335,OAXACA,SAN PEDRO YANERI,OC,17.2509681,-96.2116454
1365,20341,OAXACA,SAN PEDRO YUCUNAMA,OC,17.3339615,-97.2857328
1360,20336,OAXACA,SAN PEDRO YÓLOX,OC,17.3518369,-96.3305672
1366,20342,OAXACA,SAN RAYMUNDO JALPAN,OC,16.5813427,-96.4519792
1367,20343,OAXACA,SAN SEBASTIÁN ABASOLO,OC,16.594083,-96.3519893
1368,20344,OAXACA,SAN SEBASTIÁN COATLÁN,OC,16.1204531,-96.4939141
1369,20345,OAXACA,SAN SEBASTIÁN IXCAPA,OC,16.3237202,-98.0840154
1370,20346,OAXACA,SAN SEBASTIÁN NICANANDUTA,OC,17.3104429,-97.4059766
1371,20347,OAXACA,SAN SEBASTIÁN RÍO HONDO,OC,16.105819,-96.2750618
1372,20348,OAXACA,SAN SEBASTIÁN TECOMAXTLAHUACA,OC,17.2045083,-98.0152226
1373,20349,OAXACA,SAN SEBASTIÁN TEITIPAC,OC,16.5705129,-96.3650468
1374,20350,OAXACA,SAN SEBASTIÁN TUTLA,OC,17.0330514,-96.4019633
1375,20351,OAXACA,SAN SIMÓN ALMOLONGAS,OC,16.2426667,-96.431082
1376,20352,OAXACA,SAN SIMÓN ZAHUATLÁN,OC,17.4943872,-98.0016302
1558,20534,OAXACA,SAN VICENTE COATLÁN,OC,16.2312788,-96.5041835
1559,20535,OAXACA,SAN VICENTE LACHIXÍO,OC,16.4215636,-97.0110304
1560,20536,OAXACA,SAN VICENTE NUÑÚ,OC,17.2724339,-97.2632221
1377,20353,OAXACA,SANTA ANA,OC,16.2026297,-96.4303396
1378,20354,OAXACA,SANTA ANA ATEIXTLAHUACA,OC,18.1238082,-96.5422979
1379,20355,OAXACA,SANTA ANA CUAUHTÉMOC,OC,17.5901828,-96.4740914
1380,20356,OAXACA,SANTA ANA DEL VALLE,OC,16.5941377,-96.2818029
1381,20357,OAXACA,SANTA ANA TAVELA,OC,16.3916739,-95.5441643
1382,20358,OAXACA,SANTA ANA TLAPACOYAN,OC,16.4438412,-96.5013502
1383,20359,OAXACA,SANTA ANA YARENI,OC,17.2352036,-96.3638806
1384,20360,OAXACA,SANTA ANA ZEGACHE,OC,16.5016351,-96.433338
1385,20361,OAXACA,SANTA CATALINA QUIERÍ,OC,16.1919924,-96.1557089
1386,20362,OAXACA,SANTA CATARINA CUIXTLA,OC,16.1815824,-96.3841078
1387,20363,OAXACA,SANTA CATARINA IXTEPEJI,OC,17.1555976,-96.3342117
1388,20364,OAXACA,SANTA CATARINA JUQUILA,OC,16.1413234,-97.1732902
1389,20365,OAXACA,SANTA CATARINA LACHATAO,OC,17.1606411,-96.2822563
1390,20366,OAXACA,SANTA CATARINA LOXICHA,OC,16.0410216,-96.4517516
1391,20367,OAXACA,SANTA CATARINA MECHOACÁN,OC,16.2003961,-97.5009693
1392,20368,OAXACA,SANTA CATARINA MINAS,OC,16.4645083,-96.3655642
1393,20369,OAXACA,SANTA CATARINA QUIANÉ,OC,16.5249102,-96.4426691
1098,20074,OAXACA,SANTA CATARINA QUIOQUITANI,OC,16.1856355,-96.1705873
1394,20370,OAXACA,SANTA CATARINA TAYATA,OC,17.2052097,-97.3330164
1395,20371,OAXACA,SANTA CATARINA TICUÁ,OC,17.0416449,-97.3205491
1396,20372,OAXACA,SANTA CATARINA YOSONOTÚ,OC,17.0113979,-97.394366
1397,20373,OAXACA,SANTA CATARINA ZAPOQUILA,OC,18.0352407,-97.3605959
1398,20374,OAXACA,SANTA CRUZ ACATEPEC,OC,18.0949542,-96.5231149
1399,20375,OAXACA,SANTA CRUZ AMILPAS,OC,17.033132,-96.4102462
1400,20376,OAXACA,SANTA CRUZ DE BRAVO,OC,17.3452946,-98.1326361
1401,20377,OAXACA,SANTA CRUZ ITUNDUJIA,OC,16.5229749,-97.3937985
1402,20378,OAXACA,SANTA CRUZ MIXTEPEC,OC,16.4732794,-96.5256666
1403,20379,OAXACA,SANTA CRUZ NUNDACO,OC,17.1026901,-97.4323474
1404,20380,OAXACA,SANTA CRUZ PAPALUTLA,OC,16.5734159,-96.3505681
1405,20381,OAXACA,SANTA CRUZ TACACHE DE MINA,OC,17.4939581,-98.0902835
1406,20382,OAXACA,SANTA CRUZ TACAHUA,OC,16.5508044,-97.2931797
1407,20383,OAXACA,SANTA CRUZ TAYATA,OC,17.2127968,-97.3406942
1408,20384,OAXACA,SANTA CRUZ XITLA,OC,16.1920772,-96.4023264
1409,20385,OAXACA,SANTA CRUZ XOXOCOTLÁN,OC,17.0138213,-96.4403689
1410,20386,OAXACA,SANTA CRUZ ZENZONTEPEC,OC,16.3206472,-97.2942284
1411,20387,OAXACA,SANTA GERTRUDIS,OC,16.4711741,-96.4749961
1593,20569,OAXACA,SANTA INÉS DE ZARAGOZA,OC,17.1342605,-97.0933206
1412,20388,OAXACA,SANTA INÉS DEL MONTE,OC,16.553276,-96.5142073
1413,20389,OAXACA,SANTA INÉS YATZECHE,OC,16.4831224,-96.4522767
1414,20390,OAXACA,SANTA LUCÍA DEL CAMINO,OC,17.0350825,-96.4140838
1415,20391,OAXACA,SANTA LUCÍA MIAHUATLÁN,OC,16.1111303,-96.370556
1416,20392,OAXACA,SANTA LUCÍA MONTEVERDE,OC,16.5816648,-97.395869
1417,20393,OAXACA,SANTA LUCÍA OCOTLÁN,OC,16.4431884,-96.4049426
1071,20047,OAXACA,SANTA MAGDALENA JICOTLÁN,OC,17.482526,-97.2814349
1418,20394,OAXACA,SANTA MARÍA ALOTEPEC,OC,17.0531544,-95.5116458
1419,20395,OAXACA,SANTA MARÍA APAZCO,OC,17.38045,-97.0601393
1423,20399,OAXACA,SANTA MARÍA ATZOMPA,OC,17.0610316,-96.464534
1424,20400,OAXACA,SANTA MARÍA CAMOTLÁN,OC,17.5358418,-97.4136168
1428,20404,OAXACA,SANTA MARÍA CHACHOÁPAM,OC,17.313056,-97.1700618
1430,20406,OAXACA,SANTA MARÍA CHILCHOTLA,OC,18.1403265,-96.4949946
1431,20407,OAXACA,SANTA MARÍA CHIMALAPA,OC,16.5435712,-94.405888
1425,20401,OAXACA,SANTA MARÍA COLOTEPEC,OC,15.5352052,-96.561892
1426,20402,OAXACA,SANTA MARÍA CORTIJO,OC,16.2702889,-98.1708579
1427,20403,OAXACA,SANTA MARÍA COYOTEPEC,OC,16.5801778,-96.4224251
1432,20408,OAXACA,SANTA MARÍA DEL ROSARIO,OC,17.2106341,-97.3537753
1433,20409,OAXACA,SANTA MARÍA DEL TULE,OC,17.0248126,-96.3811732
1434,20410,OAXACA,SANTA MARÍA ECATEPEC,OC,16.1703057,-95.5252069
1435,20411,OAXACA,SANTA MARÍA GUELACÉ,OC,17.0003156,-96.3610188
1436,20412,OAXACA,SANTA MARÍA GUIENAGATI,OC,16.4416738,-95.2116149
1437,20413,OAXACA,SANTA MARÍA HUATULCO,OC,15.5010001,-96.1919535
1438,20414,OAXACA,SANTA MARÍA HUAZOLOTITLÁN,OC,16.1808,-97.54463
1439,20415,OAXACA,SANTA MARÍA IPALAPA,OC,16.3810387,-98.0201766
1440,20416,OAXACA,SANTA MARÍA IXCATLÁN,OC,17.5105735,-97.1125735
1441,20417,OAXACA,SANTA MARÍA JACATEPEC,OC,17.5136478,-96.1240768
1442,20418,OAXACA,SANTA MARÍA JALAPA DEL MARQUÉS,OC,16.2624235,-95.2636161
1443,20419,OAXACA,SANTA MARÍA JALTIANGUIS,OC,17.2156206,-96.3141777
1420,20396,OAXACA,SANTA MARÍA LA ASUNCIÓN,OC,18.0629607,-96.4909715
1444,20420,OAXACA,SANTA MARÍA LACHIXÍO,OC,16.4339922,-97.0109159
1445,20421,OAXACA,SANTA MARÍA MIXTEQUILLA,OC,16.222535,-95.1537704
1446,20422,OAXACA,SANTA MARÍA NATIVITAS,OC,17.394138,-97.2005234
1447,20423,OAXACA,SANTA MARÍA NDUAYACO,OC,17.2441432,-97.2946814
1448,20424,OAXACA,SANTA MARÍA OZOLOTEPEC,OC,16.0751027,-96.221224
1451,20427,OAXACA,SANTA MARÍA PETAPA,OC,16.4920745,-95.0712139
1450,20426,OAXACA,SANTA MARÍA PEÑOLES,OC,17.0444094,-97.0008804
1449,20425,OAXACA,SANTA MARÍA PÁPALO,OC,17.4702976,-96.4750483
1452,20428,OAXACA,SANTA MARÍA QUIEGOLANI,OC,16.1637968,-96.0307211
1453,20429,OAXACA,SANTA MARÍA SOLA,OC,16.3400297,-97.004721
1454,20430,OAXACA,SANTA MARÍA TATALTEPEC,OC,17.0832852,-97.2342416
1455,20431,OAXACA,SANTA MARÍA TECOMAVACA,OC,17.5722526,-97.0127974
1456,20432,OAXACA,SANTA MARÍA TEMAXCALAPA,OC,17.2251958,-96.094492
1457,20433,OAXACA,SANTA MARÍA TEMAXCALTEPEC,OC,16.0947192,-97.1140758
1458,20434,OAXACA,SANTA MARÍA TEOPOXCO,OC,18.0959973,-96.5718501
1459,20435,OAXACA,SANTA MARÍA TEPANTLALI,OC,16.5951047,-96.0036433
1460,20436,OAXACA,SANTA MARÍA TEXCATITLÁN,OC,17.4246458,-97.0400082
1461,20437,OAXACA,SANTA MARÍA TLAHUITOLTEPEC,OC,17.0551133,-96.0347708
1462,20438,OAXACA,SANTA MARÍA TLALIXTAC,OC,17.5706038,-96.4417071
1463,20439,OAXACA,SANTA MARÍA TONAMECA,OC,15.4449702,-96.3243315
1464,20440,OAXACA,SANTA MARÍA TOTOLAPILLA,OC,16.3611622,-95.3731637
1465,20441,OAXACA,SANTA MARÍA XADANI,OC,16.2137083,-95.0111461
1466,20442,OAXACA,SANTA MARÍA YALINA,OC,17.1425695,-96.1546013
1467,20443,OAXACA,SANTA MARÍA YAVESÍA,OC,17.1403175,-96.2546256
1468,20444,OAXACA,SANTA MARÍA YOLOTEPEC,OC,16.5236497,-97.3019181
1469,20445,OAXACA,SANTA MARÍA YOSOYÚA,OC,17.0712669,-97.3053252
1470,20446,OAXACA,SANTA MARÍA YUCUHITI,OC,17.0105494,-97.4610232
1471,20447,OAXACA,SANTA MARÍA ZACATEPEC,OC,16.455002,-97.5923559
1472,20448,OAXACA,SANTA MARÍA ZANIZA,OC,16.3918351,-97.2018757
1473,20449,OAXACA,SANTA MARÍA ZOQUITLÁN,OC,16.3330095,-96.2110336
1474,20450,OAXACA,SANTIAGO AMOLTEPEC,OC,16.382726,-97.294129
1475,20451,OAXACA,SANTIAGO APOALA,OC,17.3854969,-97.0813003
1476,20452,OAXACA,SANTIAGO APÓSTOL,OC,16.4815347,-96.432069
1477,20453,OAXACA,SANTIAGO ASTATA,OC,15.5915472,-95.4033116
1478,20454,OAXACA,SANTIAGO ATITLÁN,OC,17.0614304,-95.5644869
1479,20455,OAXACA,SANTIAGO AYUQUILILLA,OC,17.5606381,-97.5729744
1480,20456,OAXACA,SANTIAGO CACALOXTEPEC,OC,17.4312857,-97.4425751
1481,20457,OAXACA,SANTIAGO CAMOTLÁN,OC,17.2646561,-96.1104762
1484,20460,OAXACA,SANTIAGO CHOÁPAM,OC,17.2138203,-95.5521444
1482,20458,OAXACA,SANTIAGO COMALTEPEC,OC,17.3350852,-96.3252127
1485,20461,OAXACA,SANTIAGO DEL RÍO,OC,17.2721511,-98.0518745
1486,20462,OAXACA,SANTIAGO HUAJOLOTITLÁN,OC,17.4935939,-97.4354361
1487,20463,OAXACA,SANTIAGO HUAUCLILLA,OC,17.2703027,-97.0417498
1488,20464,OAXACA,SANTIAGO IHUITLÁN PLUMAS,OC,17.5054508,-97.2547075
1489,20465,OAXACA,SANTIAGO IXCUINTEPEC,OC,16.5605302,-95.372318
1490,20466,OAXACA,SANTIAGO IXTAYUTLA,OC,16.3354023,-97.3907088
1491,20467,OAXACA,SANTIAGO JAMILTEPEC,OC,16.164605,-97.4910856
1492,20468,OAXACA,SANTIAGO JOCOTEPEC,OC,17.3208447,-95.5639898
1493,20469,OAXACA,SANTIAGO JUXTLAHUACA,OC,17.2007045,-98.0044818
1494,20470,OAXACA,SANTIAGO LACHIGUIRI,OC,16.4111251,-95.315757
1495,20471,OAXACA,SANTIAGO LALOPA,OC,17.2504654,-96.1454932
1496,20472,OAXACA,SANTIAGO LAOLLAGA,OC,16.3505592,-95.1216485
1497,20473,OAXACA,SANTIAGO LAXOPA,OC,17.1311127,-96.1848227
1498,20474,OAXACA,SANTIAGO LLANO GRANDE,OC,16.2921935,-98.1722807
1499,20475,OAXACA,SANTIAGO MATATLÁN,OC,16.5157958,-96.2300324
1500,20476,OAXACA,SANTIAGO MILTEPEC,OC,17.590504,-97.4121439
1501,20477,OAXACA,SANTIAGO MINAS,OC,16.253426,-97.1341352
1502,20478,OAXACA,SANTIAGO NACALTEPEC,OC,17.3019707,-96.5459384
1503,20479,OAXACA,SANTIAGO NEJAPILLA,OC,17.2513022,-97.2221419
1090,20066,OAXACA,SANTIAGO NILTEPEC,OC,16.3343536,-94.3646815
1504,20480,OAXACA,SANTIAGO NUNDICHE,OC,17.1954452,-97.4024594
1505,20481,OAXACA,SANTIAGO NUYOÓ,OC,17.0054621,-97.4559541
1506,20482,OAXACA,SANTIAGO PINOTEPA NACIONAL,OC,16.2020433,-98.0301251
1507,20483,OAXACA,SANTIAGO SUCHILQUITONGO,OC,17.1449653,-96.522527
1508,20484,OAXACA,SANTIAGO TAMAZOLA,OC,17.4009512,-98.1314881
1509,20485,OAXACA,SANTIAGO TAPEXTLA,OC,16.2027492,-98.2650907
1511,20487,OAXACA,SANTIAGO TENANGO,OC,17.1929714,-97.0014773
1512,20488,OAXACA,SANTIAGO TEPETLAPA,OC,17.4657345,-97.240553
1513,20489,OAXACA,SANTIAGO TETEPEC,OC,16.1920175,-97.4453714
1514,20490,OAXACA,SANTIAGO TEXCALCINGO,OC,18.1229504,-96.5807569
1515,20491,OAXACA,SANTIAGO TEXTITLÁN,OC,16.4133808,-97.1537153
1516,20492,OAXACA,SANTIAGO TILANTONGO,OC,17.1659078,-97.2023293
1517,20493,OAXACA,SANTIAGO TILLO,OC,17.2737026,-97.1911004
1518,20494,OAXACA,SANTIAGO TLAZOYALTEPEC,OC,17.0136847,-96.5943783
1519,20495,OAXACA,SANTIAGO XANICA,OC,16.0034088,-96.1329734
1520,20496,OAXACA,SANTIAGO XIACUÍ,OC,17.1735231,-96.2553861
1521,20497,OAXACA,SANTIAGO YAITEPEC,OC,16.1332056,-97.1609695
1522,20498,OAXACA,SANTIAGO YAVEO,OC,17.2008982,-95.420249
1523,20499,OAXACA,SANTIAGO YOLOMÉCATL,OC,17.2815358,-97.3411101
1524,20500,OAXACA,SANTIAGO YOSONDÚA,OC,16.5224158,-97.3435792
1525,20501,OAXACA,SANTIAGO YUCUYACHI,OC,17.3629525,-98.1147058
1526,20502,OAXACA,SANTIAGO ZACATEPEC,OC,17.0933823,-95.5453864
1527,20503,OAXACA,SANTIAGO ZOOCHILA,OC,17.1314038,-96.1431699
1530,20506,OAXACA,SANTO DOMINGO ALBARRADAS,OC,17.0404957,-96.1200338
1531,20507,OAXACA,SANTO DOMINGO ARMENTA,OC,16.19587,-98.2241348
1532,20508,OAXACA,SANTO DOMINGO CHIHUITÁN,OC,16.353079,-95.094453
1533,20509,OAXACA,SANTO DOMINGO DE MORELOS,OC,15.4958816,-96.4005075
1529,20505,OAXACA,SANTO DOMINGO INGENIO,OC,16.3518572,-94.4607068
1534,20510,OAXACA,SANTO DOMINGO IXCATLÁN,OC,16.5450136,-97.3154961
1535,20511,OAXACA,SANTO DOMINGO NUXAÁ,OC,17.131883,-97.0714556
1536,20512,OAXACA,SANTO DOMINGO OZOLOTEPEC,OC,16.0903125,-96.1837438
1537,20513,OAXACA,SANTO DOMINGO PETAPA,OC,16.4914409,-95.0825521
1538,20514,OAXACA,SANTO DOMINGO ROAYAGA,OC,17.201547,-96.0652462
1539,20515,OAXACA,SANTO DOMINGO TEHUANTEPEC,OC,16.195541,-95.1355377
1540,20516,OAXACA,SANTO DOMINGO TEOJOMULCO,OC,16.352185,-97.1334275
1541,20517,OAXACA,SANTO DOMINGO TEPUXTEPEC,OC,16.5724794,-96.0319463
1542,20518,OAXACA,SANTO DOMINGO TLATAYÁPAM,OC,17.2426884,-97.2049283
1543,20519,OAXACA,SANTO DOMINGO TOMALTEPEC,OC,17.0337511,-96.3727687
1545,20521,OAXACA,SANTO DOMINGO TONALTEPEC,OC,17.3639086,-97.2136296
1544,20520,OAXACA,SANTO DOMINGO TONALÁ,OC,17.4028602,-97.5750156
1546,20522,OAXACA,SANTO DOMINGO XAGACÍA,OC,17.0919953,-96.1604661
1547,20523,OAXACA,SANTO DOMINGO YANHUITLÁN,OC,17.3140954,-97.2032314
1548,20524,OAXACA,SANTO DOMINGO YODOHINO,OC,17.3700791,-97.405888
1549,20525,OAXACA,SANTO DOMINGO ZANATEPEC,OC,16.2858093,-94.2114052
1554,20530,OAXACA,SANTO TOMÁS JALIEZA,OC,16.5039762,-96.4015719
1555,20531,OAXACA,SANTO TOMÁS MAZALTEPEC,OC,17.1024696,-96.521752
1556,20532,OAXACA,SANTO TOMÁS OCOTEPEC,OC,17.0842916,-97.4544285
1557,20533,OAXACA,SANTO TOMÁS TAMAZULAPAN,OC,16.1619324,-96.3508984
1550,20526,OAXACA,SANTOS REYES NOPALA,OC,16.0624352,-97.0840009
1551,20527,OAXACA,SANTOS REYES PÁPALO,OC,17.4816764,-96.513916
1552,20528,OAXACA,SANTOS REYES TEPEJILLO,OC,17.2615921,-97.5617961
1553,20529,OAXACA,SANTOS REYES YUCUNÁ,OC,17.4639867,-98.0016296
1561,20537,OAXACA,SILACAYOÁPAM,OC,17.300521,-98.0833307
1562,20538,OAXACA,SITIO DE XITLAPEHUA,OC,16.210373,-96.3157371
1563,20539,OAXACA,SOLEDAD ETLA,OC,17.1018063,-96.4914725
1055,20031,OAXACA,TAMAZULÁPAM DEL ESPÍRITU SANTO,OC,17.0315969,-96.0354382
1565,20541,OAXACA,TANETZE DE ZARAGOZA,OC,17.2236239,-96.180805
1566,20542,OAXACA,TANICHE,OC,16.3401072,-96.4512893
1567,20543,OAXACA,TATALTEPEC DE VALDÉS,OC,16.1823063,-97.324585
1568,20544,OAXACA,TEOCOCUILCO DE MARCOS PÉREZ,OC,17.2107161,-96.36538
1569,20545,OAXACA,TEOTITLÁN DE FLORES MAGÓN,OC,18.0756404,-97.0414535
1570,20546,OAXACA,TEOTITLÁN DEL VALLE,OC,17.0146486,-96.3108215
1571,20547,OAXACA,TEOTONGO,OC,17.4334764,-97.3212165
1572,20548,OAXACA,TEPELMEME VILLA DE MORELOS,OC,17.5229302,-97.2143913
1575,20551,OAXACA,TLACOLULA DE MATAMOROS,OC,16.5720246,-96.2845174
1576,20552,OAXACA,TLACOTEPEC PLUMAS,OC,17.5102798,-97.2558185
1577,20553,OAXACA,TLALIXTAC DE CABRERA,OC,17.0428144,-96.3854301
1578,20554,OAXACA,TOTONTEPEC VILLA DE MORELOS,OC,17.1531082,-96.0138477
1579,20555,OAXACA,TRINIDAD ZAACHILA,OC,16.5516418,-96.4555236
1581,20557,OAXACA,UNIÓN HIDALGO,OC,16.2822166,-94.494418
1582,20558,OAXACA,VALERIO TRUJANO,OC,17.4618172,-96.5848795
1429,20405,OAXACA,VILLA DE CHILAPA DE DÍAZ,OC,17.3517984,-97.3754884
1362,20338,OAXACA,VILLA DE ETLA,OC,17.1227101,-96.4802086
1483,20459,OAXACA,VILLA DE SANTIAGO CHAZUMBA,OC,18.1119566,-97.4049943
1564,20540,OAXACA,VILLA DE TAMAZULÁPAM DEL PROGRESO,OC,17.4023026,-97.3422253
1358,20334,OAXACA,VILLA DE TUTUTEPEC,OC,16.0747621,-97.3630749
1589,20565,OAXACA,VILLA DE ZAACHILA,OC,16.5702584,-96.4502118
1584,20560,OAXACA,VILLA DÍAZ ORDAZ,OC,16.5954773,-96.2557133
1062,20038,OAXACA,VILLA HIDALGO,OC,17.1109197,-96.1043804
1301,20277,OAXACA,VILLA SOLA DE VEGA,OC,16.3053129,-96.584085
1304,20280,OAXACA,VILLA TALEA DE CASTRO,OC,17.213601,-96.1459716
1510,20486,OAXACA,VILLA TEJÚPAM DE LA UNIÓN,OC,17.4001515,-97.2824675
1585,20561,OAXACA,YAXE,OC,16.4330456,-96.2820923
1587,20563,OAXACA,YOGANA,OC,16.274037,-96.4718796
1588,20564,OAXACA,YUTANDUCHI DE GUERRERO,OC,17.0222039,-97.1750996
1591,20567,OAXACA,ZAPOTITLÁN LAGUNAS,OC,17.4519713,-98.2322469
1592,20568,OAXACA,ZAPOTITLÁN PALMAS,OC,17.5323506,-97.4905333
1594,20570,OAXACA,ZIMATLÁN DE ÁLVAREZ,OC,16.520007,-96.4708279
1198,20174,OAXACA,ÁNIMAS TRUJANO,OC,16.5919976,-96.4247506
2499,35335,OTROS PAISES,OTROS PAISES,OTROS,,
2498,34334,OTROS PAISES DE LATINOAMERICA,OTROS PAISES DE LATINOAMERICA,ALTN,,
1596,21001,PUEBLA,ACAJETE,PL,19.0617785,-97.5709774
1597,21002,PUEBLA,ACATENO,PL,20.0747659,-97.1237453
1598,21003,PUEBLA,ACATLÁN,PL,18.1208285,-98.0254981
1599,21004,PUEBLA,ACATZINGO,PL,18.5846038,-97.4707655
1600,21005,PUEBLA,ACTEOPAN,PL,18.4554073,-98.4255049
1601,21006,PUEBLA,AHUACATLÁN,PL,20.0019678,-97.5138516
1602,21007,PUEBLA,AHUATLÁN,PL,18.342284,-98.1518828
1603,21008,PUEBLA,AHUAZOTEPEC,PL,20.0245768,-98.0944451
1604,21009,PUEBLA,AHUEHUETITLA,PL,18.1238763,-98.1316879
1605,21010,PUEBLA,AJALPAN,PL,18.2239132,-97.1529896
1606,21011,PUEBLA,ALBINO ZERTUCHE,PL,18.0102198,-98.3224572
1607,21012,PUEBLA,ALJOJUCA,PL,19.0601463,-97.3152807
1608,21013,PUEBLA,ALTEPEXI,PL,18.2200361,-97.1757047
1609,21014,PUEBLA,AMIXTLÁN,PL,20.0257973,-97.4756101
1610,21015,PUEBLA,AMOZOC,PL,19.0240606,-98.0241701
1611,21016,PUEBLA,AQUIXTLA,PL,19.474808,-97.5611903
1612,21017,PUEBLA,ATEMPAN,PL,19.502364,-97.2733403
1613,21018,PUEBLA,ATEXCAL,PL,18.2354063,-97.4412541
1675,21080,PUEBLA,ATLEQUIZAYAN,PL,20.0050427,-97.372671
1614,21019,PUEBLA,ATLIXCO,PL,18.5431854,-98.2603003
1615,21020,PUEBLA,ATOYATEMPAN,PL,18.4921241,-97.5449499
1616,21021,PUEBLA,ATZALA,PL,18.3241352,-98.3315393
1617,21022,PUEBLA,ATZITZIHUACÁN,PL,18.4925362,-98.345751
1618,21023,PUEBLA,ATZITZINTLA,PL,18.5350575,-97.1938596
1619,21024,PUEBLA,AXUTLA,PL,18.1118794,-98.2321852
1620,21025,PUEBLA,AYOTOXCO DE GUERRERO,PL,20.0549774,-97.2437885
1621,21026,PUEBLA,CALPAN,PL,19.0628577,-98.2733261
1622,21027,PUEBLA,CALTEPEC,PL,18.1056308,-97.2845734
1623,21028,PUEBLA,CAMOCUAUTLA,PL,20.0218556,-97.4527817
1624,21029,PUEBLA,CAXHUACAN,PL,20.0350249,-97.3623822
1694,21099,PUEBLA,CAÑADA MORELOS,PL,18.4413178,-97.2519545
1640,21045,PUEBLA,CHALCHICOMULA DE SESMA,PL,18.5917736,-97.2654585
1641,21046,PUEBLA,CHAPULCO,PL,18.3713757,-97.2440202
1642,21047,PUEBLA,CHIAUTLA,PL,18.1758744,-98.3610012
1643,21048,PUEBLA,CHIAUTZINGO,PL,19.1210492,-98.2805733
1645,21050,PUEBLA,CHICHIQUILA,PL,19.1200927,-97.0403756
1644,21049,PUEBLA,CHICONCUAUTLA,PL,20.0541163,-97.5622652
1646,21051,PUEBLA,CHIETLA,PL,18.3109713,-98.3442069
1647,21052,PUEBLA,CHIGMECATITLÁN,PL,18.3844038,-98.0432236
1648,21053,PUEBLA,CHIGNAHUAPAN,PL,19.5017604,-98.0151511
1649,21054,PUEBLA,CHIGNAUTLA,PL,19.4850083,-97.2322523
1650,21055,PUEBLA,CHILA,PL,17.5812057,-97.5141977
1651,21056,PUEBLA,CHILA DE LA SAL,PL,18.063276,-98.290356
1653,21058,PUEBLA,CHILCHOTLA,PL,19.1518727,-97.1102016
1654,21059,PUEBLA,CHINANTLA,PL,18.1201808,-98.154739
1625,21030,PUEBLA,COATEPEC,PL,20.0343722,-97.4356158
1626,21031,PUEBLA,COATZINGO,PL,18.3654516,-98.1027179
1627,21032,PUEBLA,COHETZALA,PL,18.1223111,-98.4821199
1628,21033,PUEBLA,COHUECAN,PL,18.4659538,-98.431376
1629,21034,PUEBLA,CORONANGO,PL,19.0751968,-98.1829065
1630,21035,PUEBLA,COXCATLÁN,PL,18.1559519,-97.0849607
1631,21036,PUEBLA,COYOMEAPAN,PL,18.1701493,-96.5933001
1632,21037,PUEBLA,COYOTEPEC,PL,18.2415897,-97.4950808
1633,21038,PUEBLA,CUAPIAXTLA DE MADERO,PL,18.5500744,-97.4931071
1634,21039,PUEBLA,CUAUTEMPAN,PL,19.5445498,-97.4746468
1635,21040,PUEBLA,CUAUTINCHÁN,PL,18.5720571,-98.0057515
1636,21041,PUEBLA,CUAUTLANCINGO,PL,19.0521649,-98.1623916
1637,21042,PUEBLA,CUAYUCA DE ANDRADE,PL,18.2911993,-98.1101912
1638,21043,PUEBLA,CUETZALAN DEL PROGRESO,PL,20.0106673,-97.3114774
1639,21044,PUEBLA,CUYOACO,PL,19.3619215,-97.3718665
1655,21060,PUEBLA,DOMINGO ARENAS,PL,19.0831303,-98.2727033
1656,21061,PUEBLA,ELOXOCHITLÁN,PL,18.2956209,-96.5717414
1657,21062,PUEBLA,EPATLÁN,PL,18.3830432,-98.221484
1658,21063,PUEBLA,ESPERANZA,PL,18.5130085,-97.2230455
1659,21064,PUEBLA,FRANCISCO Z. MENA,PL,20.4401299,-97.5107695
1660,21065,PUEBLA,GENERAL FELIPE ÁNGELES,PL,18.5936267,-97.4231659
1661,21066,PUEBLA,GUADALUPE,PL,18.0529282,-98.0713517
1662,21067,PUEBLA,GUADALUPE VICTORIA,PL,19.1723231,-97.2033704
1663,21068,PUEBLA,HERMENEGILDO GALEANA,PL,20.0718241,-97.4440635
1652,21057,PUEBLA,HONEY,PL,20.1421169,-98.1243695
1664,21069,PUEBLA,HUAQUECHULA,PL,18.4614548,-98.3229515
1665,21070,PUEBLA,HUATLATLAUCA,PL,18.4043588,-98.0302779
1666,21071,PUEBLA,HUAUCHINANGO,PL,20.1028912,-98.0304824
1667,21072,PUEBLA,HUEHUETLA,PL,20.0614895,-97.3729639
1668,21073,PUEBLA,HUEHUETLÁN EL CHICO,PL,18.2223401,-98.4116613
1745,21150,PUEBLA,HUEHUETLÁN EL GRANDE,PL,18.44179,-98.1004478
1669,21074,PUEBLA,HUEJOTZINGO,PL,19.0932379,-98.2429272
1670,21075,PUEBLA,HUEYAPAN,PL,19.5257209,-97.2645106
1671,21076,PUEBLA,HUEYTAMALCO,PL,19.5622124,-97.1720547
1672,21077,PUEBLA,HUEYTLALPAN,PL,20.013264,-97.4155242
1673,21078,PUEBLA,HUITZILAN DE SERDÁN,PL,19.5758364,-97.4137173
1674,21079,PUEBLA,HUITZILTEPEC,PL,18.4609896,-97.5251
1676,21081,PUEBLA,IXCAMILPA DE GUERRERO,PL,18.0137356,-98.4147663
1677,21082,PUEBLA,IXCAQUIXTLA,PL,18.2736344,-97.4956451
1678,21083,PUEBLA,IXTACAMAXTITLÁN,PL,19.3724972,-97.4859653
1679,21084,PUEBLA,IXTEPEC,PL,20.0129772,-97.3848406
1680,21085,PUEBLA,IZÚCAR DE MATAMOROS,PL,18.3608032,-98.2755463
1681,21086,PUEBLA,JALPAN,PL,20.2848347,-97.5633473
1682,21087,PUEBLA,JOLALPAN,PL,18.191386,-98.5039471
1683,21088,PUEBLA,JONOTLA,PL,20.0149369,-97.3429657
1684,21089,PUEBLA,JOPALA,PL,20.0946081,-97.4134512
1685,21090,PUEBLA,JUAN C. BONILLA,PL,19.0638502,-98.194452
1686,21091,PUEBLA,JUAN GALINDO,PL,20.1243499,-98.0007711
1687,21092,PUEBLA,JUAN N. MÉNDEZ,PL,18.3224016,-97.4620244
1690,21095,PUEBLA,LA MAGDALENA TLATLAUQUITEPEC,PL,18.4530672,-98.0602522
1688,21093,PUEBLA,LAFRAGUA,PL,19.1747917,-97.1756356
1689,21094,PUEBLA,LIBRES,PL,19.2753037,-97.4115814
1713,21118,PUEBLA,LOS REYES DE JUÁREZ,PL,18.5648438,-97.4847173
1691,21096,PUEBLA,MAZAPILTEPEC DE JUÁREZ,PL,19.0709351,-97.4212605
1692,21097,PUEBLA,MIXTLA,PL,18.541109,-97.5343754
1693,21098,PUEBLA,MOLCAXAC,PL,18.4416445,-97.5442694
1695,21100,PUEBLA,NAUPAN,PL,20.1342499,-98.0635039
1696,21101,PUEBLA,NAUZONTLA,PL,19.5732536,-97.3611231
1697,21102,PUEBLA,NEALTICAN,PL,19.0303408,-98.2539829
1698,21103,PUEBLA,NICOLÁS BRAVO,PL,18.3647604,-97.1820372
1813,21999,PUEBLA,NO ESPECIFICADO,PL,,
1699,21104,PUEBLA,NOPALUCAN,PL,19.1257705,-97.4924736
1700,21105,PUEBLA,OCOTEPEC,PL,19.3319793,-97.3857183
1701,21106,PUEBLA,OCOYUCAN,PL,18.5836744,-98.1809167
1702,21107,PUEBLA,OLINTLA,PL,20.06064,-97.4105055
1703,21108,PUEBLA,ORIENTAL,PL,19.2232889,-97.3709663
1704,21109,PUEBLA,PAHUATLÁN,PL,20.1632614,-98.0859677
1705,21110,PUEBLA,PALMAR DE BRAVO,PL,18.5009335,-97.3251024
1706,21111,PUEBLA,PANTEPEC,PL,20.3118551,-97.5618567
1707,21112,PUEBLA,PETLALCINGO,PL,18.0455925,-97.5504253
1708,21113,PUEBLA,PIAXTLA,PL,18.1155522,-98.1536521
1709,21114,PUEBLA,PUEBLA,PL,19.0238363,-98.1150981
1710,21115,PUEBLA,QUECHOLAC,PL,18.5718228,-97.3937615
1711,21116,PUEBLA,QUIMIXTLÁN,PL,19.1511742,-97.0808439
1712,21117,PUEBLA,RAFAEL LARA GRAJALES,PL,19.1331383,-97.4816383
1714,21119,PUEBLA,SAN ANDRÉS CHOLULA,PL,19.0303398,-98.180236
1715,21120,PUEBLA,SAN ANTONIO CAÑADA,PL,18.2950418,-97.1724005
1716,21121,PUEBLA,SAN DIEGO LA MESA TOCHIMILTZINGO,PL,18.4834512,-98.1953051
1717,21122,PUEBLA,SAN FELIPE TEOTLALCINGO,PL,19.1408609,-98.2943637
1718,21123,PUEBLA,SAN FELIPE TEPATLÁN,PL,20.0528808,-97.4746203
1719,21124,PUEBLA,SAN GABRIEL CHILAC,PL,18.1934584,-97.2052734
1720,21125,PUEBLA,SAN GREGORIO ATZOMPA,PL,19.0136069,-98.2044756
1721,21126,PUEBLA,SAN JERÓNIMO TECUANIPAN,PL,19.0051883,-98.2403445
1722,21127,PUEBLA,SAN JERÓNIMO XAYACATLÁN,PL,18.131657,-97.5451614
1723,21128,PUEBLA,SAN JOSÉ CHIAPA,PL,19.1431454,-97.46078
1724,21129,PUEBLA,SAN JOSÉ MIAHUATLÁN,PL,18.1724858,-97.1715558
1725,21130,PUEBLA,SAN JUAN ATENCO,PL,19.0523942,-97.3227037
1726,21131,PUEBLA,SAN JUAN ATZOMPA,PL,18.4445937,-98.0127534
1727,21132,PUEBLA,SAN MARTÍN TEXMELUCAN,PL,19.1658469,-98.2607856
1728,21133,PUEBLA,SAN MARTÍN TOTOLTEPEC,PL,18.3857132,-98.2047043
1729,21134,PUEBLA,SAN MATÍAS TLALANCALECA,PL,19.1927938,-98.2953388
1730,21135,PUEBLA,SAN MIGUEL IXITLÁN,PL,17.5958265,-97.4624327
1731,21136,PUEBLA,SAN MIGUEL XOXTLA,PL,19.100589,-98.1834916
1732,21137,PUEBLA,SAN NICOLÁS BUENOS AIRES,PL,19.0942828,-97.3254283
1733,21138,PUEBLA,SAN NICOLÁS DE LOS RANCHOS,PL,19.0421321,-98.2908509
1734,21139,PUEBLA,SAN PABLO ANICANO,PL,18.0728036,-98.0502517
1735,21140,PUEBLA,SAN PEDRO CHOLULA,PL,19.0344943,-98.1827021
1736,21141,PUEBLA,SAN PEDRO YELOIXTLAHUACA,PL,18.0701578,-98.0441157
1737,21142,PUEBLA,SAN SALVADOR EL SECO,PL,19.0805083,-97.3833899
1738,21143,PUEBLA,SAN SALVADOR EL VERDE,PL,19.1608474,-98.3101797
1739,21144,PUEBLA,SAN SALVADOR HUIXCOLOTLA,PL,18.5514195,-97.4618442
1740,21145,PUEBLA,SAN SEBASTIÁN TLACOTEPEC,PL,18.2416726,-96.5102197
1741,21146,PUEBLA,SANTA CATARINA TLALTEMPAN,PL,18.3651345,-98.044764
1742,21147,PUEBLA,SANTA INÉS AHUATEMPAN,PL,18.2445784,-98.0103704
1743,21148,PUEBLA,SANTA ISABEL CHOLULA,PL,18.5940468,-98.2245261
1744,21149,PUEBLA,SANTIAGO MIAHUATLÁN,PL,18.3311359,-97.2630672
1746,21151,PUEBLA,SANTO TOMÁS HUEYOTLIPAN,PL,18.5327921,-97.5202032
1747,21152,PUEBLA,SOLTEPEC,PL,19.0709221,-97.4230401
1748,21153,PUEBLA,TECALI DE HERRERA,PL,18.5403717,-97.580889
1749,21154,PUEBLA,TECAMACHALCO,PL,18.530489,-97.4342298
1750,21155,PUEBLA,TECOMATLÁN,PL,18.0639457,-98.1851741
1751,21156,PUEBLA,TEHUACÁN,PL,18.2743864,-97.2331196
1752,21157,PUEBLA,TEHUITZINGO,PL,18.1954171,-98.1634054
1753,21158,PUEBLA,TENAMPULCO,PL,20.1016749,-97.2419488
1754,21159,PUEBLA,TEOPANTLÁN,PL,18.4247734,-98.1544534
1755,21160,PUEBLA,TEOTLALCO,PL,18.2810642,-98.4641767
1756,21161,PUEBLA,TEPANCO DE LÓPEZ,PL,18.3318247,-97.3341393
1757,21162,PUEBLA,TEPANGO DE RODRÍGUEZ,PL,20.0010125,-97.4746572
1758,21163,PUEBLA,TEPATLAXCO DE HIDALGO,PL,19.0438288,-97.5759821
1759,21164,PUEBLA,TEPEACA,PL,18.5758078,-97.5419564
1760,21165,PUEBLA,TEPEMAXALCO,PL,18.4408172,-98.3744598
1761,21166,PUEBLA,TEPEOJUMA,PL,18.4320815,-98.2701039
1762,21167,PUEBLA,TEPETZINTLA,PL,19.5801509,-97.5027511
1763,21168,PUEBLA,TEPEXCO,PL,18.3829879,-98.4125866
1764,21169,PUEBLA,TEPEXI DE RODRÍGUEZ,PL,18.3451661,-97.5534285
1765,21170,PUEBLA,TEPEYAHUALCO,PL,19.2931221,-97.2932106
1766,21171,PUEBLA,TEPEYAHUALCO DE CUAUHTÉMOC,PL,18.4847337,-97.5240903
1767,21172,PUEBLA,TETELA DE OCAMPO,PL,19.4900329,-97.48215
1768,21173,PUEBLA,TETELES DE AVILA CASTILLO,PL,19.5129844,-97.2725749
1769,21174,PUEBLA,TEZIUTLÁN,PL,19.4904766,-97.2139159
1770,21175,PUEBLA,TIANGUISMANALCO,PL,18.5839932,-98.2653589
1771,21176,PUEBLA,TILAPA,PL,18.3529692,-98.3323076
1774,21179,PUEBLA,TLACHICHUCA,PL,19.0656285,-97.2508807
1772,21177,PUEBLA,TLACOTEPEC DE BENITO JUÁREZ,PL,18.4057963,-97.3912743
1773,21178,PUEBLA,TLACUILOTEPEC,PL,20.1934555,-98.0408073
1775,21180,PUEBLA,TLAHUAPAN,PL,19.1949813,-98.3456636
1776,21181,PUEBLA,TLALTENANGO,PL,19.1012084,-98.2039539
1777,21182,PUEBLA,TLANEPANTLA,PL,18.515531,-97.5314629
1778,21183,PUEBLA,TLAOLA,PL,20.0813325,-97.5527403
1779,21184,PUEBLA,TLAPACOYA,PL,20.0723343,-97.5104946
1780,21185,PUEBLA,TLAPANALÁ,PL,18.4146119,-98.321606
1781,21186,PUEBLA,TLATLAUQUITEPEC,PL,19.5104787,-97.2948011
1782,21187,PUEBLA,TLAXCO,PL,20.2525734,-98.0143117
1783,21188,PUEBLA,TOCHIMILCO,PL,18.5334528,-98.3419798
1784,21189,PUEBLA,TOCHTEPEC,PL,18.5024411,-97.4932696
1785,21190,PUEBLA,TOTOLTEPEC DE GUERRERO,PL,18.1321148,-97.5118484
1786,21191,PUEBLA,TULCINGO,PL,18.0242489,-98.2628715
1787,21192,PUEBLA,TUZAMAPAN DE GALEANA,PL,20.035622,-97.3430368
1788,21193,PUEBLA,TZICATLACOYAN,PL,18.5028419,-98.0253315
1789,21194,PUEBLA,VENUSTIANO CARRANZA,PL,20.3017751,-97.400978
1790,21195,PUEBLA,VICENTE GUERRERO,PL,18.3216338,-97.1208842
1791,21196,PUEBLA,XAYACATLÁN DE BRAVO,PL,18.1408075,-97.5831943
1792,21197,PUEBLA,XICOTEPEC,PL,20.1633811,-97.5729317
1793,21198,PUEBLA,XICOTLÁN,PL,18.0331475,-98.3129818
1794,21199,PUEBLA,XIUTETELCO,PL,19.4745821,-97.1935464
1795,21200,PUEBLA,XOCHIAPULCO,PL,19.4916387,-97.3931318
1796,21201,PUEBLA,XOCHILTEPEC,PL,18.3900099,-98.2036541
1797,21202,PUEBLA,XOCHITLÁN DE VICENTE SUÁREZ,PL,19.5805972,-97.3748336
1798,21203,PUEBLA,XOCHITLÁN TODOS SANTOS,PL,18.4219777,-97.4630277
1799,21204,PUEBLA,YAONÁHUAC,PL,19.5215223,-97.2759206
1800,21205,PUEBLA,YEHUALTEPEC,PL,18.4735848,-97.3946331
1801,21206,PUEBLA,ZACAPALA,PL,18.3526232,-98.0355183
1802,21207,PUEBLA,ZACAPOAXTLA,PL,19.5222931,-97.3522393
1803,21208,PUEBLA,ZACATLÁN,PL,19.5556514,-97.573688
1804,21209,PUEBLA,ZAPOTITLÁN,PL,18.1946952,-97.2831515
1805,21210,PUEBLA,ZAPOTITLÁN DE MÉNDEZ,PL,20.0007643,-97.4254285
1806,21211,PUEBLA,ZARAGOZA,PL,19.4617166,-97.3320331
1807,21212,PUEBLA,ZAUTLA,PL,19.4254447,-97.4020389
1808,21213,PUEBLA,ZIHUATEUTLA,PL,20.1458636,-97.5311028
1809,21214,PUEBLA,ZINACATEPEC,PL,18.1959766,-97.1443487
1810,21215,PUEBLA,ZONGOZOTLA,PL,19.5843098,-97.433627
1811,21216,PUEBLA,ZOQUIAPAN,PL,20.0035418,-97.3544313
1812,21217,PUEBLA,ZOQUITLÁN,PL,18.2008617,-97.0102132
1814,22001,QUERÉTARO,AMEALCO DE BONFIL,QT,20.1111198,-100.0839102
1816,22003,QUERÉTARO,ARROYO SECO,QT,21.3252931,-99.4120999
1817,22004,QUERÉTARO,CADEREYTA DE MONTES,QT,20.4142084,-99.4856279
1818,22005,QUERÉTARO,COLÓN,QT,20.4717975,-100.024355
1819,22006,QUERÉTARO,CORREGIDORA,QT,20.3308769,-100.2645179
1824,22011,QUERÉTARO,EL MARQUÉS,QT,20.3623651,-100.1951948
1820,22007,QUERÉTARO,EZEQUIEL MONTES,QT,20.3955062,-99.535426
1821,22008,QUERÉTARO,HUIMILPAN,QT,20.2230882,-100.1627601
1822,22009,QUERÉTARO,JALPAN DE SERRA,QT,21.1300488,-99.2822479
1823,22010,QUERÉTARO,LANDA DE MATAMOROS,QT,21.1100441,-99.1918893
1832,22999,QUERÉTARO,NO ESPECIFICADO,QT,,
1825,22012,QUERÉTARO,PEDRO ESCOBEDO,QT,20.3008977,-100.0841029
1826,22013,QUERÉTARO,PEÑAMILLER,QT,21.0313073,-99.4852294
1815,22002,QUERÉTARO,PINAL DE AMOLES,QT,21.0807089,-99.3739145
1827,22014,QUERÉTARO,QUERÉTARO,QT,20.3536208,-100.2323846
1828,22015,QUERÉTARO,SAN JOAQUÍN,QT,20.5457821,-99.3358893
1829,22016,QUERÉTARO,SAN JUAN DEL RÍO,QT,20.2311189,-99.5958674
1830,22017,QUERÉTARO,TEQUISQUIAPAN,QT,20.3107743,-99.5301824
1831,22018,QUERÉTARO,TOLIMÁN,QT,20.5429337,-99.5550883
1842,23010,QUINTANA ROO,BACALAR,QR,18.4034128,-88.232167
1837,23005,QUINTANA ROO,BENITO JUÁREZ,QR,21.0941098,-86.492932
1833,23001,QUINTANA ROO,COZUMEL,QR,20.3013623,-86.5727318
1834,23002,QUINTANA ROO,FELIPE CARRILLO PUERTO,QR,19.3442636,-88.0247712
1835,23003,QUINTANA ROO,ISLA MUJERES,QR,21.1523649,-86.444593
1838,23006,QUINTANA ROO,JOSÉ MARÍA MORELOS,QR,19.2506376,-88.4944962
1839,23007,QUINTANA ROO,LÁZARO CÁRDENAS,QR,21.0605036,-87.2914001
1844,23999,QUINTANA ROO,NO ESPECIFICADO,QR,,
1836,23004,QUINTANA ROO,OTHÓN P. BLANCO,QR,18.2938002,-88.1752436
1843,23011,QUINTANA ROO,PUERTO MORELOS,QR,20.5054429,-86.5234238
1840,23008,QUINTANA ROO,SOLIDARIDAD,QR,20.3741313,-87.04318
1841,23009,QUINTANA ROO,TULUM,QR,20.1238796,-87.2747537
1845,24001,SAN LUIS POTOSÍ,AHUALULCO,SP,22.2400358,-101.1000632
1846,24002,SAN LUIS POTOSÍ,ALAQUINES,SP,22.0740419,-99.3601401
1847,24003,SAN LUIS POTOSÍ,AQUISMÓN,SP,21.3716903,-99.0110327
1848,24004,SAN LUIS POTOSÍ,ARMADILLO DE LOS INFANTE,SP,22.1436929,-100.3916829
1897,24053,SAN LUIS POTOSÍ,AXTLA DE TERRAZAS,SP,21.2611,-98.523
1850,24006,SAN LUIS POTOSÍ,CATORCE,SP,23.4125618,-100.5310512
1851,24007,SAN LUIS POTOSÍ,CEDRAL,SP,23.4909594,-100.4335782
1852,24008,SAN LUIS POTOSÍ,CERRITOS,SP,22.2539598,-100.1646548
1853,24009,SAN LUIS POTOSÍ,CERRO DE SAN PEDRO,SP,22.1304025,-100.4801665
1859,24015,SAN LUIS POTOSÍ,CHARCAS,SP,23.0747346,-101.0648068
1854,24010,SAN LUIS POTOSÍ,CIUDAD DEL MAÍZ,SP,22.2359446,-99.3602065
1855,24011,SAN LUIS POTOSÍ,CIUDAD FERNÁNDEZ,SP,21.5636643,-100.003968
1857,24013,SAN LUIS POTOSÍ,CIUDAD VALLES,SP,21.5911532,-99.0107396
1858,24014,SAN LUIS POTOSÍ,COXCATLÁN,SP,21.3228114,-98.541249
1849,24005,SAN LUIS POTOSÍ,CÁRDENAS,SP,22.0003256,-99.3833018
1860,24016,SAN LUIS POTOSÍ,EBANO,SP,22.1244421,-98.2240092
1902,24058,SAN LUIS POTOSÍ,EL NARANJO,SP,22.311933,-99.1921034
1861,24017,SAN LUIS POTOSÍ,GUADALCÁZAR,SP,22.3704481,-100.2358458
1862,24018,SAN LUIS POTOSÍ,HUEHUETLÁN,SP,21.3246497,-98.5758876
1863,24019,SAN LUIS POTOSÍ,LAGUNILLAS,SP,21.3509515,-99.3401091
1864,24020,SAN LUIS POTOSÍ,MATEHUALA,SP,23.3846894,-100.3839112
1901,24057,SAN LUIS POTOSÍ,MATLAPA,SP,21.2015016,-98.4936492
1865,24021,SAN LUIS POTOSÍ,MEXQUITIC DE CARMONA,SP,22.1559616,-101.0646484
1866,24022,SAN LUIS POTOSÍ,MOCTEZUMA,SP,22.4459617,-101.0508014
1903,24999,SAN LUIS POTOSÍ,NO ESPECIFICADO,SP,,
1867,24023,SAN LUIS POTOSÍ,RAYÓN,SP,21.5037405,-99.3843135
1868,24024,SAN LUIS POTOSÍ,RIOVERDE,SP,21.5556561,-99.5934521
1869,24025,SAN LUIS POTOSÍ,SALINAS,SP,22.3740854,-101.4256646
1870,24026,SAN LUIS POTOSÍ,SAN ANTONIO,SP,21.3712637,-98.5410251
1871,24027,SAN LUIS POTOSÍ,SAN CIRO DE ACOSTA,SP,21.3900025,-99.4907266
1872,24028,SAN LUIS POTOSÍ,SAN LUIS POTOSÍ,SP,22.0905958,-100.5837049
1873,24029,SAN LUIS POTOSÍ,SAN MARTÍN CHALCHICUAUTLA,SP,21.2210932,-98.3926058
1874,24030,SAN LUIS POTOSÍ,SAN NICOLÁS TOLENTINO,SP,22.1454725,-100.3307473
1878,24034,SAN LUIS POTOSÍ,SAN VICENTE TANCUAYALAB,SP,21.42538,-98.3508584
1875,24031,SAN LUIS POTOSÍ,SANTA CATARINA,SP,21.3921971,-99.2944498
1876,24032,SAN LUIS POTOSÍ,SANTA MARÍA DEL RÍO,SP,21.4801579,-100.4413592
1877,24033,SAN LUIS POTOSÍ,SANTO DOMINGO,SP,23.1930915,-101.4410691
1879,24035,SAN LUIS POTOSÍ,SOLEDAD DE GRACIANO SÁNCHEZ,SP,22.1116373,-100.5614187
1880,24036,SAN LUIS POTOSÍ,TAMASOPO,SP,21.5526046,-99.2331775
1881,24037,SAN LUIS POTOSÍ,TAMAZUNCHALE,SP,21.1545856,-98.4729463
1882,24038,SAN LUIS POTOSÍ,TAMPACÁN,SP,21.2408308,-98.4339633
1883,24039,SAN LUIS POTOSÍ,TAMPAMOLÓN CORONA,SP,21.3337266,-98.4854412
1884,24040,SAN LUIS POTOSÍ,TAMUÍN,SP,22.0014928,-98.4630579
1856,24012,SAN LUIS POTOSÍ,TANCANHUITZ,SP,21.3550348,-98.5758996
1885,24041,SAN LUIS POTOSÍ,TANLAJÁS,SP,21.395639,-98.5317053
1886,24042,SAN LUIS POTOSÍ,TANQUIÁN DE ESCOBEDO,SP,21.3553117,-98.3943425
1887,24043,SAN LUIS POTOSÍ,TIERRA NUEVA,SP,21.4002841,-100.3426106
1888,24044,SAN LUIS POTOSÍ,VANEGAS,SP,23.5302,-100.5702
1889,24045,SAN LUIS POTOSÍ,VENADO,SP,22.5552838,-101.0540666
1900,24056,SAN LUIS POTOSÍ,VILLA DE ARISTA,SP,22.3841178,-100.5056472
1890,24046,SAN LUIS POTOSÍ,VILLA DE ARRIAGA,SP,21.5436489,-101.2300133
1891,24047,SAN LUIS POTOSÍ,VILLA DE GUADALUPE,SP,23.2227929,-100.452843
1892,24048,SAN LUIS POTOSÍ,VILLA DE LA PAZ,SP,23.4031265,-100.4247415
1893,24049,SAN LUIS POTOSÍ,VILLA DE RAMOS,SP,22.495135,-101.5437718
1894,24050,SAN LUIS POTOSÍ,VILLA DE REYES,SP,21.4811248,-100.5556949
1895,24051,SAN LUIS POTOSÍ,VILLA HIDALGO,SP,22.2655294,-100.4043909
1896,24052,SAN LUIS POTOSÍ,VILLA JUÁREZ,SP,22.1923554,-100.1559936
1898,24054,SAN LUIS POTOSÍ,XILITLA,SP,21.2306694,-98.5922463
1899,24055,SAN LUIS POTOSÍ,ZARAGOZA,SP,22.0208178,-100.435148
2502,98998,SE IGNORA,SE IGNORA,98,,
1904,25001,SINALOA,AHOME,SL,25.4700301,-108.5939634
1905,25002,SINALOA,ANGOSTURA,SL,25.2151696,-108.0934159
1906,25003,SINALOA,BADIRAGUATO,SL,25.2145546,-107.3303666
1910,25007,SINALOA,CHOIX,SL,26.4225239,-108.1920467
1907,25004,SINALOA,CONCORDIA,SL,23.1715452,-106.0406999
1908,25005,SINALOA,COSALÁ,SL,24.2440845,-106.4129525
1909,25006,SINALOA,CULIACÁN,SL,24.4831709,-107.2337522
1913,25010,SINALOA,EL FUERTE,SL,26.2517756,-108.3711879
1911,25008,SINALOA,ELOTA,SL,23.5455454,-106.5333762
1912,25009,SINALOA,ESCUINAPA,SL,22.5006185,-105.4640353
1914,25011,SINALOA,GUASAVE,SL,25.335597,-108.2818543
1915,25012,SINALOA,MAZATLÁN,SL,23.1201137,-106.2519997
1916,25013,SINALOA,MOCORITO,SL,25.2854757,-107.5517622
1921,25018,SINALOA,NAVOLATO,SL,24.4601988,-107.4148337
1922,25999,SINALOA,NO ESPECIFICADO,SL,,
1917,25014,SINALOA,ROSARIO,SL,22.5927147,-105.5113524
1918,25015,SINALOA,SALVADOR ALVARADO,SL,25.27252,-108.045052
1919,25016,SINALOA,SAN IGNACIO,SL,23.5624993,-106.2531789
1920,25017,SINALOA,SINALOA,SL,25.492054,-108.1319365
1923,26001,SONORA,ACONCHI,SR,29.4933141,-110.1342787
1924,26002,SONORA,AGUA PRIETA,SR,31.1940135,-109.3246865
1925,26003,SONORA,ALAMOS,SR,27.012658,-108.5605733
1926,26004,SONORA,ALTAR,SR,30.424802,-111.5000859
1927,26005,SONORA,ARIVECHI,SR,28.5543121,-109.1113531
1928,26006,SONORA,ARIZPE,SR,30.2010434,-110.1000511
1929,26007,SONORA,ATIL,SR,30.503836,-111.350201
1930,26008,SONORA,BACADÉHUACHI,SR,29.4832665,-109.0826683
1931,26009,SONORA,BACANORA,SR,28.5902625,-109.2401445
1932,26010,SONORA,BACERAC,SR,30.2119,-108.5547277
1933,26011,SONORA,BACOACHI,SR,30.3758938,-109.5808427
1935,26013,SONORA,BANÁMICHI,SR,30.0027992,-110.125599
1937,26015,SONORA,BAVISPE,SR,30.2848444,-108.5627683
1936,26014,SONORA,BAVIÁCORA,SR,29.4254846,-110.0954188
1993,26071,SONORA,BENITO JUÁREZ,SR,27.0740116,-109.5033264
1938,26016,SONORA,BENJAMÍN HILL,SR,30.1001787,-111.0704518
1934,26012,SONORA,BÁCUM,SR,27.3302082,-110.0457629
1939,26017,SONORA,CABORCA,SR,30.4250666,-112.0854077
1940,26018,SONORA,CAJEME,SR,27.294736,-109.5557778
1941,26019,SONORA,CANANEA,SR,30.585755,-110.1806017
1942,26020,SONORA,CARBÓ,SR,29.4104879,-110.5715953
1944,26022,SONORA,CUCURPE,SR,30.1945091,-110.4221192
1945,26023,SONORA,CUMPAS,SR,29.5936829,-109.4656989
1946,26024,SONORA,DIVISADEROS,SR,29.365425,-109.2814416
1947,26025,SONORA,EMPALME,SR,27.5727381,-110.4857576
1948,26026,SONORA,ETCHOJOA,SR,26.5439,-109.3731
1949,26027,SONORA,FRONTERAS,SR,30.5353685,-109.3336028
1992,26070,SONORA,GENERAL PLUTARCO ELÍAS CALLES,SR,31.5159025,-112.5126197
1950,26028,SONORA,GRANADOS,SR,29.5144256,-109.183788
1951,26029,SONORA,GUAYMAS,SR,27.5523695,-110.5322001
1952,26030,SONORA,HERMOSILLO,SR,29.042961,-110.5730469
1953,26031,SONORA,HUACHINERA,SR,30.1241336,-108.5731738
1955,26033,SONORA,HUATABAMPO,SR,26.4936829,-109.3838952
1954,26032,SONORA,HUÁSABAS,SR,29.5415077,-109.180529
1956,26034,SONORA,HUÉPAC,SR,29.5440569,-110.1249375
1957,26035,SONORA,IMURIS,SR,30.4638387,-110.5141539
1943,26021,SONORA,LA COLORADA,SR,28.4810483,-110.3450395
1958,26036,SONORA,MAGDALENA,SR,30.374928,-110.5809856
1959,26037,SONORA,MAZATÁN,SR,29.0012085,-110.0824795
1960,26038,SONORA,MOCTEZUMA,SR,29.4807847,-109.4049212
1961,26039,SONORA,NACO,SR,31.195357,-109.5653275
1963,26041,SONORA,NACOZARI DE GARCÍA,SR,30.2225401,-109.4111293
1964,26042,SONORA,NAVOJOA,SR,27.0453751,-109.2643966
1995,26999,SONORA,NO ESPECIFICADO,SR,,
1965,26043,SONORA,NOGALES,SR,31.1933251,-110.5644681
1962,26040,SONORA,NÁCORI CHICO,SR,29.4110769,-108.5842939
1966,26044,SONORA,ONAVAS,SR,28.2737941,-109.3146266
1967,26045,SONORA,OPODEPE,SR,29.5536084,-110.3751914
1968,26046,SONORA,OQUITOA,SR,30.4431394,-111.4405345
1969,26047,SONORA,PITIQUITO,SR,30.4033585,-112.0314131
1970,26048,SONORA,PUERTO PEÑASCO,SR,31.1824411,-113.3224471
1971,26049,SONORA,QUIRIEGO,SR,27.3113756,-109.1504426
1972,26050,SONORA,RAYÓN,SR,29.4252123,-110.3424616
1973,26051,SONORA,ROSARIO,SR,27.5026373,-109.2214772
1974,26052,SONORA,SAHUARIPA,SR,29.032279,-109.1400134
1975,26053,SONORA,SAN FELIPE DE JESÚS,SR,29.5131047,-110.1427809
1994,26072,SONORA,SAN IGNACIO RÍO MUERTO,SR,27.2441094,-110.1429451
1976,26054,SONORA,SAN JAVIER,SR,28.3543018,-109.4422058
1977,26055,SONORA,SAN LUIS RÍO COLORADO,SR,32.2847392,-114.4646648
1978,26056,SONORA,SAN MIGUEL DE HORCASITAS,SR,29.2918576,-110.4337788
1979,26057,SONORA,SAN PEDRO DE LA CUEVA,SR,29.1711335,-109.4409992
1980,26058,SONORA,SANTA ANA,SR,30.3238006,-111.0715909
1981,26059,SONORA,SANTA CRUZ,SR,31.1353528,-110.354552
1983,26061,SONORA,SOYOPA,SR,28.4551173,-109.3804673
1984,26062,SONORA,SUAQUI GRANDE,SR,28.2343971,-109.531753
1982,26060,SONORA,SÁRIC,SR,31.0609594,-111.2244664
1985,26063,SONORA,TEPACHE,SR,29.3203835,-109.3156543
1986,26064,SONORA,TRINCHERAS,SR,30.2355035,-111.3153337
1987,26065,SONORA,TUBUTAMA,SR,30.5305475,-111.2757037
1988,26066,SONORA,URES,SR,29.2541076,-110.2322497
1989,26067,SONORA,VILLA HIDALGO,SR,30.0947182,-109.191153
1990,26068,SONORA,VILLA PESQUEIRA,SR,29.0705942,-109.5808074
1991,26069,SONORA,YÉCORA,SR,28.2221701,-108.553326
1996,27001,TABASCO,BALANCÁN,TC,17.4801422,-91.3201846
1998,27003,TABASCO,CENTLA,TC,18.3148399,-92.3907874
1999,27004,TABASCO,CENTRO,TC,17.5916215,-92.5509898
2000,27005,TABASCO,COMALCALCO,TC,18.1557773,-93.1330062
2001,27006,TABASCO,CUNDUACÁN,TC,18.0355308,-93.1027481
1997,27002,TABASCO,CÁRDENAS,TC,17.5921948,-93.223668
2002,27007,TABASCO,EMILIANO ZAPATA,TC,17.4440496,-91.4554293
2003,27008,TABASCO,HUIMANGUILLO,TC,17.5006628,-93.2326769
2004,27009,TABASCO,JALAPA,TC,17.4311025,-92.4843817
2005,27010,TABASCO,JALPA DE MÉNDEZ,TC,18.1036651,-93.0345348
2006,27011,TABASCO,JONUTA,TC,18.0526542,-92.0819425
2007,27012,TABASCO,MACUSPANA,TC,17.4523153,-92.3538654
2008,27013,TABASCO,NACAJUCA,TC,18.1007886,-93.0112154
2013,27999,TABASCO,NO ESPECIFICADO,TC,,
2009,27014,TABASCO,PARAÍSO,TC,18.2344772,-93.1251253
2010,27015,TABASCO,TACOTALPA,TC,17.3530453,-92.4934622
2011,27016,TABASCO,TEAPA,TC,17.3253824,-92.571078
2012,27017,TABASCO,TENOSIQUE,TC,17.2838979,-91.2533412
2014,28001,TAMAULIPAS,ABASOLO,TS,24.0339012,-98.2227404
2015,28002,TAMAULIPAS,ALDAMA,TS,22.5509502,-98.0425367
2016,28003,TAMAULIPAS,ALTAMIRA,TS,22.2329591,-97.5612073
2017,28004,TAMAULIPAS,ANTIGUO MORELOS,TS,22.3257912,-99.0501022
2018,28005,TAMAULIPAS,BURGOS,TS,24.5647903,-98.4756436
2019,28006,TAMAULIPAS,BUSTAMANTE,TS,23.2607718,-99.4528109
2020,28007,TAMAULIPAS,CAMARGO,TS,26.1900206,-98.5009559
2021,28008,TAMAULIPAS,CASAS,TS,23.4337682,-98.4416231
2022,28009,TAMAULIPAS,CIUDAD MADERO,TS,22.1446603,-97.50132
2023,28010,TAMAULIPAS,CRUILLAS,TS,24.4518615,-98.3204352
2034,28021,TAMAULIPAS,EL MANTE,TS,22.4438397,-98.5818185
2025,28012,TAMAULIPAS,GONZÁLEZ,TS,22.4938384,-98.2533488
2027,28014,TAMAULIPAS,GUERRERO,TS,26.3358864,-99.1339468
2028,28015,TAMAULIPAS,GUSTAVO DÍAZ ORDAZ,TS,26.140228,-98.3525015
2024,28011,TAMAULIPAS,GÓMEZ FARÍAS,TS,22.5311239,-99.0139991
2026,28013,TAMAULIPAS,GÜÉMEZ,TS,23.5508907,-99.0029987
2029,28016,TAMAULIPAS,HIDALGO,TS,24.1449,-99.2617
2030,28017,TAMAULIPAS,JAUMAVE,TS,23.2418433,-99.223243
2031,28018,TAMAULIPAS,JIMÉNEZ,TS,24.1252176,-98.2908536
2032,28019,TAMAULIPAS,LLERA,TS,23.1908256,-99.0125069
2033,28020,TAMAULIPAS,MAINERO,TS,24.3332543,-99.3645677
2035,28022,TAMAULIPAS,MATAMOROS,TS,25.5247695,-97.3017361
2037,28024,TAMAULIPAS,MIER,TS,26.2549693,-99.0855299
2038,28025,TAMAULIPAS,MIGUEL ALEMÁN,TS,26.2403664,-99.0133993
2039,28026,TAMAULIPAS,MIQUIHUANA,TS,23.3426221,-99.451511
2036,28023,TAMAULIPAS,MÉNDEZ,TS,25.0659573,-98.3510382
2057,28999,TAMAULIPAS,NO ESPECIFICADO,TS,,
2040,28027,TAMAULIPAS,NUEVO LAREDO,TS,27.2910649,-99.3030574
2041,28028,TAMAULIPAS,NUEVO MORELOS,TS,22.3204094,-99.1316798
2042,28029,TAMAULIPAS,OCAMPO,TS,22.5042145,-99.2009686
2043,28030,TAMAULIPAS,PADILLA,TS,24.0255675,-98.5401059
2044,28031,TAMAULIPAS,PALMILLAS,TS,23.1806333,-99.3251142
2045,28032,TAMAULIPAS,REYNOSA,TS,26.053246,-98.1641265
2046,28033,TAMAULIPAS,RÍO BRAVO,TS,25.5851587,-98.0524498
2047,28034,TAMAULIPAS,SAN CARLOS,TS,24.3454385,-98.5637086
2048,28035,TAMAULIPAS,SAN FERNANDO,TS,24.5055241,-98.0934635
2049,28036,TAMAULIPAS,SAN NICOLÁS,TS,24.4137106,-98.4943483
2050,28037,TAMAULIPAS,SOTO LA MARINA,TS,23.4601339,-98.1222284
2051,28038,TAMAULIPAS,TAMPICO,TS,22.1257817,-97.5130192
2052,28039,TAMAULIPAS,TULA,TS,22.5948757,-99.4246792
2053,28040,TAMAULIPAS,VALLE HERMOSO,TS,25.4025679,-97.4844835
2054,28041,TAMAULIPAS,VICTORIA,TS,23.4351791,-99.0904501
2055,28042,TAMAULIPAS,VILLAGRÁN,TS,24.2823488,-99.2917198
2056,28043,TAMAULIPAS,XICOTÉNCATL,TS,22.5948378,-98.5644438
2079,29022,TLAXCALA,ACUAMANALA DE MIGUEL HIDALGO,TL,19.1328829,-98.1202927
2058,29001,TLAXCALA,AMAXAC DE GUERRERO,TL,19.2101029,-98.101045
2059,29002,TLAXCALA,APETATITLÁN DE ANTONIO CARVAJAL,TL,19.1956137,-98.1148558
2062,29005,TLAXCALA,APIZACO,TL,19.2458805,-98.0826202
2060,29003,TLAXCALA,ATLANGATEPEC,TL,19.3156342,-98.1230724
2061,29004,TLAXCALA,ATLTZAYANCA,TL,19.2552911,-97.4747515
2102,29045,TLAXCALA,BENITO JUÁREZ,TL,19.3504249,-98.2534887
2063,29006,TLAXCALA,CALPULALPAN,TL,19.3518693,-98.3413712
2067,29010,TLAXCALA,CHIAUTEMPAN,TL,19.1850328,-98.1134661
2075,29018,TLAXCALA,CONTLA DE JUAN CUAMATZI,TL,19.2004264,-98.1004463
2065,29008,TLAXCALA,CUAPIAXTLA,TL,19.1747978,-97.4609751
2066,29009,TLAXCALA,CUAXOMULCO,TL,19.2120906,-98.061124
2064,29007,TLAXCALA,EL CARMEN TEQUEXQUITLA,TL,19.192851,-97.3932973
2103,29046,TLAXCALA,EMILIANO ZAPATA,TL,19.3331701,-97.5501922
2069,29012,TLAXCALA,ESPAÑITA,TL,19.2744278,-98.2525704
2070,29013,TLAXCALA,HUAMANTLA,TL,19.1845575,-97.552317
2071,29014,TLAXCALA,HUEYOTLIPAN,TL,19.2811957,-98.2054593
2072,29015,TLAXCALA,IXTACUIXTLA DE MARIANO MATAMOROS,TL,19.1935925,-98.2237614
2073,29016,TLAXCALA,IXTENCO,TL,19.1504119,-97.53424
2105,29048,TLAXCALA,LA MAGDALENA TLALTELULCO,TL,19.1638478,-98.1141862
2104,29047,TLAXCALA,LÁZARO CÁRDENAS,TL,19.321955,-97.5859486
2074,29017,TLAXCALA,MAZATECOCHCO DE JOSÉ MARÍA MORELOS,TL,19.1047013,-98.1126446
2068,29011,TLAXCALA,MUÑOZ DE DOMINGO ARENAS,TL,19.2833779,-98.1231989
2078,29021,TLAXCALA,NANACAMILPA DE MARIANO ARISTA,TL,19.2935376,-98.3210833
2080,29023,TLAXCALA,NATÍVITAS,TL,19.140423,-98.1854699
2118,29999,TLAXCALA,NO ESPECIFICADO,TL,,
2081,29024,TLAXCALA,PANOTLA,TL,19.1854465,-98.1602039
2098,29041,TLAXCALA,PAPALOTLA DE XICOHTÉNCATL,TL,19.1011469,-98.1216511
2106,29049,TLAXCALA,SAN DAMIÁN TEXÓLOC,TL,19.1642354,-98.1704646
2107,29050,TLAXCALA,SAN FRANCISCO TETLANOHCAN,TL,19.1536282,-98.0948781
2108,29051,TLAXCALA,SAN JERÓNIMO ZACUALPAN,TL,19.1430163,-98.1545422
2109,29052,TLAXCALA,SAN JOSÉ TEACALCO,TL,19.2008535,-98.0351923
2110,29053,TLAXCALA,SAN JUAN HUACTZINCO,TL,19.1416604,-98.1501082
2111,29054,TLAXCALA,SAN LORENZO AXOCOMANITLA,TL,19.1330805,-98.1455946
2112,29055,TLAXCALA,SAN LUCAS TECOPILCO,TL,19.2905961,-98.1523552
2082,29025,TLAXCALA,SAN PABLO DEL MONTE,TL,19.0711056,-98.1013497
2077,29020,TLAXCALA,SANCTÓRUM DE LÁZARO CÁRDENAS,TL,19.2933737,-98.2819348
2113,29056,TLAXCALA,SANTA ANA NOPALUCAN,TL,19.1759408,-98.2003081
2114,29057,TLAXCALA,SANTA APOLONIA TEACALCO,TL,19.1413806,-98.1831209
2115,29058,TLAXCALA,SANTA CATARINA AYOMETLA,TL,19.1159708,-98.1251906
2116,29059,TLAXCALA,SANTA CRUZ QUILEHTLA,TL,19.1247447,-98.1319264
2083,29026,TLAXCALA,SANTA CRUZ TLAXCALA,TL,19.2120863,-98.0901367
2117,29060,TLAXCALA,SANTA ISABEL XILOXOXTLA,TL,19.1605032,-98.1248809
2084,29027,TLAXCALA,TENANCINGO,TL,19.0851928,-98.1209108
2085,29028,TLAXCALA,TEOLOCHOLCO,TL,19.143982,-98.1132465
2076,29019,TLAXCALA,TEPETITLA DE LARDIZÁBAL,TL,19.1603108,-98.2255232
2086,29029,TLAXCALA,TEPEYANCO,TL,19.1444042,-98.1409727
2087,29030,TLAXCALA,TERRENATE,TL,19.2838775,-97.5508777
2088,29031,TLAXCALA,TETLA DE LA SOLIDARIDAD,TL,19.2629096,-98.0614588
2089,29032,TLAXCALA,TETLATLAHUCA,TL,19.1353902,-98.1744622
2090,29033,TLAXCALA,TLAXCALA,TL,19.185959,-98.1415505
2091,29034,TLAXCALA,TLAXCO,TL,19.3653602,-98.0709124
2092,29035,TLAXCALA,TOCATLÁN,TL,19.2325627,-98.0154952
2093,29036,TLAXCALA,TOTOLAC,TL,19.1932319,-98.1530288
2095,29038,TLAXCALA,TZOMPANTEPEC,TL,19.2233824,-98.0528217
2096,29039,TLAXCALA,XALOZTOC,TL,19.2415049,-98.0255763
2097,29040,TLAXCALA,XALTOCAN,TL,19.2525712,-98.1238336
2099,29042,TLAXCALA,XICOHTZINCO,TL,19.1030122,-98.14014
2100,29043,TLAXCALA,YAUHQUEMEHCAN,TL,19.2418036,-98.1102439
2101,29044,TLAXCALA,ZACATELCO,TL,19.125814,-98.1424815
2094,29037,TLAXCALA,ZILTLALTÉPEC DE TRINIDAD SÁNCHEZ SANTOS,TL,19.1217027,-97.5431523
2119,30001,VERACRUZ DE IGNACIO DE LA LLAVE,ACAJETE,VZ,19.3513108,-97.0037633
2120,30002,VERACRUZ DE IGNACIO DE LA LLAVE,ACATLÁN,VZ,19.4148927,-96.5031829
2121,30003,VERACRUZ DE IGNACIO DE LA LLAVE,ACAYUCAN,VZ,17.5655761,-94.5449935
2122,30004,VERACRUZ DE IGNACIO DE LA LLAVE,ACTOPAN,VZ,19.3014584,-96.3700773
2123,30005,VERACRUZ DE IGNACIO DE LA LLAVE,ACULA,VZ,18.302171,-95.4628502
2124,30006,VERACRUZ DE IGNACIO DE LA LLAVE,ACULTZINGO,VZ,18.4307546,-97.1810214
2322,30204,VERACRUZ DE IGNACIO DE LA LLAVE,AGUA DULCE,VZ,18.081778,-94.085006
2126,30008,VERACRUZ DE IGNACIO DE LA LLAVE,ALPATLÁHUAC,VZ,19.0711823,-97.0535347
2127,30009,VERACRUZ DE IGNACIO DE LA LLAVE,ALTO LUCERO DE GUTIÉRREZ BARRIOS,VZ,19.3724689,-96.440103
2128,30010,VERACRUZ DE IGNACIO DE LA LLAVE,ALTOTONGA,VZ,19.4558136,-97.1443894
2129,30011,VERACRUZ DE IGNACIO DE LA LLAVE,ALVARADO,VZ,18.4627399,-95.4550145
2130,30012,VERACRUZ DE IGNACIO DE LA LLAVE,AMATITLÁN,VZ,18.2556438,-95.4359806
2132,30014,VERACRUZ DE IGNACIO DE LA LLAVE,AMATLÁN DE LOS REYES,VZ,18.5051282,-96.5455742
2133,30015,VERACRUZ DE IGNACIO DE LA LLAVE,ANGEL R. CABADA,VZ,18.3543734,-95.2633811
2135,30017,VERACRUZ DE IGNACIO DE LA LLAVE,APAZAPAN,VZ,19.1913521,-96.4307138
2136,30018,VERACRUZ DE IGNACIO DE LA LLAVE,AQUILA,VZ,18.4744647,-97.1829244
2137,30019,VERACRUZ DE IGNACIO DE LA LLAVE,ASTACINGA,VZ,18.3400588,-97.0607474
2138,30020,VERACRUZ DE IGNACIO DE LA LLAVE,ATLAHUILCO,VZ,18.4150738,-97.0526468
2139,30021,VERACRUZ DE IGNACIO DE LA LLAVE,ATOYAC,VZ,18.5451439,-96.4641786
2140,30022,VERACRUZ DE IGNACIO DE LA LLAVE,ATZACAN,VZ,18.5425084,-97.0502057
2141,30023,VERACRUZ DE IGNACIO DE LA LLAVE,ATZALAN,VZ,19.4720673,-97.1438914
2143,30025,VERACRUZ DE IGNACIO DE LA LLAVE,AYAHUALULCO,VZ,19.2105708,-97.0855692
2144,30026,VERACRUZ DE IGNACIO DE LA LLAVE,BANDERILLA,VZ,19.3529784,-96.5627184
2145,30027,VERACRUZ DE IGNACIO DE LA LLAVE,BENITO JUÁREZ,VZ,20.5311619,-98.1219601
2146,30028,VERACRUZ DE IGNACIO DE LA LLAVE,BOCA DEL RÍO,VZ,19.061958,-96.0623945
2147,30029,VERACRUZ DE IGNACIO DE LA LLAVE,CALCAHUALCO,VZ,19.0720248,-97.050695
2125,30007,VERACRUZ DE IGNACIO DE LA LLAVE,CAMARÓN DE TEJEDA,VZ,19.0116229,-96.3653912
2148,30030,VERACRUZ DE IGNACIO DE LA LLAVE,CAMERINO Z. MENDOZA,VZ,18.4815267,-97.1104982
2326,30208,VERACRUZ DE IGNACIO DE LA LLAVE,CARLOS A. CARRILLO,VZ,18.2218244,-95.4441135
2149,30031,VERACRUZ DE IGNACIO DE LA LLAVE,CARRILLO PUERTO,VZ,18.4759609,-96.3415815
2275,30157,VERACRUZ DE IGNACIO DE LA LLAVE,CASTILLO DE TEAYO,VZ,20.4459039,-97.3757898
2150,30032,VERACRUZ DE IGNACIO DE LA LLAVE,CATEMACO,VZ,18.2528613,-95.0644421
2151,30033,VERACRUZ DE IGNACIO DE LA LLAVE,CAZONES DE HERRERA,VZ,20.4211826,-97.1844354
2152,30034,VERACRUZ DE IGNACIO DE LA LLAVE,CERRO AZUL,VZ,21.112928,-97.4432347
2172,30054,VERACRUZ DE IGNACIO DE LA LLAVE,CHACALTIANGUIS,VZ,18.1819211,-95.5029005
2173,30055,VERACRUZ DE IGNACIO DE LA LLAVE,CHALMA,VZ,21.1230208,-98.2351371
2174,30056,VERACRUZ DE IGNACIO DE LA LLAVE,CHICONAMEL,VZ,21.135,-98.2734247
2175,30057,VERACRUZ DE IGNACIO DE LA LLAVE,CHICONQUIACO,VZ,19.4431546,-96.490771
2176,30058,VERACRUZ DE IGNACIO DE LA LLAVE,CHICONTEPEC,VZ,20.581911,-98.1042039
2177,30059,VERACRUZ DE IGNACIO DE LA LLAVE,CHINAMECA,VZ,18.0104,-94.4059
2178,30060,VERACRUZ DE IGNACIO DE LA LLAVE,CHINAMPA DE GOROSTIZA,VZ,21.2134558,-97.4407217
2180,30062,VERACRUZ DE IGNACIO DE LA LLAVE,CHOCAMÁN,VZ,19.0039136,-97.0159655
2181,30063,VERACRUZ DE IGNACIO DE LA LLAVE,CHONTLA,VZ,21.1736365,-97.5529747
2182,30064,VERACRUZ DE IGNACIO DE LA LLAVE,CHUMATLÁN,VZ,20.1227117,-97.3540691
2153,30035,VERACRUZ DE IGNACIO DE LA LLAVE,CITLALTÉPETL,VZ,21.1942485,-97.524539
2154,30036,VERACRUZ DE IGNACIO DE LA LLAVE,COACOATZINTLA,VZ,19.3911182,-96.5642507
2155,30037,VERACRUZ DE IGNACIO DE LA LLAVE,COAHUITLÁN,VZ,20.1630222,-97.4253549
2156,30038,VERACRUZ DE IGNACIO DE LA LLAVE,COATEPEC,VZ,19.2716778,-96.5736987
2157,30039,VERACRUZ DE IGNACIO DE LA LLAVE,COATZACOALCOS,VZ,18.0816378,-94.2710805
2158,30040,VERACRUZ DE IGNACIO DE LA LLAVE,COATZINTLA,VZ,20.2856508,-97.2738815
2159,30041,VERACRUZ DE IGNACIO DE LA LLAVE,COETZALA,VZ,18.4708291,-96.5500092
2160,30042,VERACRUZ DE IGNACIO DE LA LLAVE,COLIPA,VZ,19.5526399,-96.4336228
2161,30043,VERACRUZ DE IGNACIO DE LA LLAVE,COMAPA,VZ,19.0952664,-96.5310433
2163,30045,VERACRUZ DE IGNACIO DE LA LLAVE,COSAMALOAPAN DE CARPIO,VZ,18.2153186,-95.4746891
2164,30046,VERACRUZ DE IGNACIO DE LA LLAVE,COSAUTLÁN DE CARVAJAL,VZ,19.1957517,-96.5928912
2165,30047,VERACRUZ DE IGNACIO DE LA LLAVE,COSCOMATEPEC,VZ,19.0422434,-97.0247114
2166,30048,VERACRUZ DE IGNACIO DE LA LLAVE,COSOLEACAQUE,VZ,17.5954942,-94.3808499
2167,30049,VERACRUZ DE IGNACIO DE LA LLAVE,COTAXTLA,VZ,18.5007893,-96.2343511
2168,30050,VERACRUZ DE IGNACIO DE LA LLAVE,COXQUIHUI,VZ,20.1105054,-97.3510574
2169,30051,VERACRUZ DE IGNACIO DE LA LLAVE,COYUTLA,VZ,20.1449638,-97.392771
2170,30052,VERACRUZ DE IGNACIO DE LA LLAVE,CUICHAPA,VZ,18.4624636,-96.5209206
2171,30053,VERACRUZ DE IGNACIO DE LA LLAVE,CUITLÁHUAC,VZ,18.4852342,-96.4320362
2162,30044,VERACRUZ DE IGNACIO DE LA LLAVE,CÓRDOBA,VZ,18.5339782,-96.5607257
2323,30205,VERACRUZ DE IGNACIO DE LA LLAVE,EL HIGO,VZ,21.4607443,-98.2713407
2183,30065,VERACRUZ DE IGNACIO DE LA LLAVE,EMILIANO ZAPATA,VZ,19.2859154,-96.47531
2184,30066,VERACRUZ DE IGNACIO DE LA LLAVE,ESPINAL,VZ,20.1533942,-97.2354652
2185,30067,VERACRUZ DE IGNACIO DE LA LLAVE,FILOMENO MATA,VZ,20.1200887,-97.4213459
2186,30068,VERACRUZ DE IGNACIO DE LA LLAVE,FORTÍN,VZ,18.5413187,-96.5957644
2187,30069,VERACRUZ DE IGNACIO DE LA LLAVE,GUTIÉRREZ ZAMORA,VZ,20.2706956,-97.0515237
2188,30070,VERACRUZ DE IGNACIO DE LA LLAVE,HIDALGOTITLÁN,VZ,17.461566,-94.3847459
2189,30071,VERACRUZ DE IGNACIO DE LA LLAVE,HUATUSCO,VZ,19.0849097,-96.5802459
2190,30072,VERACRUZ DE IGNACIO DE LA LLAVE,HUAYACOCOTLA,VZ,20.3214198,-98.2844947
2191,30073,VERACRUZ DE IGNACIO DE LA LLAVE,HUEYAPAN DE OCAMPO,VZ,18.0906689,-95.0833664
2192,30074,VERACRUZ DE IGNACIO DE LA LLAVE,HUILOAPAN DE CUAUHTÉMOC,VZ,18.4859678,-97.0921311
2193,30075,VERACRUZ DE IGNACIO DE LA LLAVE,IGNACIO DE LA LLAVE,VZ,18.43275,-95.5908287
2194,30076,VERACRUZ DE IGNACIO DE LA LLAVE,ILAMATLÁN,VZ,20.4651532,-98.263571
2195,30077,VERACRUZ DE IGNACIO DE LA LLAVE,ISLA,VZ,18.013905,-95.3139461
2196,30078,VERACRUZ DE IGNACIO DE LA LLAVE,IXCATEPEC,VZ,21.1415484,-98.0021427
2197,30079,VERACRUZ DE IGNACIO DE LA LLAVE,IXHUACÁN DE LOS REYES,VZ,19.2121405,-97.0655007
2199,30081,VERACRUZ DE IGNACIO DE LA LLAVE,IXHUATLANCILLO,VZ,18.5352525,-97.0856165
2201,30083,VERACRUZ DE IGNACIO DE LA LLAVE,IXHUATLÁN DE MADERO,VZ,20.4121772,-98.0045181
2198,30080,VERACRUZ DE IGNACIO DE LA LLAVE,IXHUATLÁN DEL CAFÉ,VZ,19.0304164,-96.590357
2200,30082,VERACRUZ DE IGNACIO DE LA LLAVE,IXHUATLÁN DEL SURESTE,VZ,18.0121913,-94.2337419
2202,30084,VERACRUZ DE IGNACIO DE LA LLAVE,IXMATLAHUACAN,VZ,18.2654847,-95.4947575
2203,30085,VERACRUZ DE IGNACIO DE LA LLAVE,IXTACZOQUITLÁN,VZ,18.5103839,-97.0347042
2204,30086,VERACRUZ DE IGNACIO DE LA LLAVE,JALACINGO,VZ,19.4821478,-97.1831254
2206,30088,VERACRUZ DE IGNACIO DE LA LLAVE,JALCOMULCO,VZ,19.1954068,-96.4542561
2208,30090,VERACRUZ DE IGNACIO DE LA LLAVE,JAMAPA,VZ,19.0231295,-96.1426127
2209,30091,VERACRUZ DE IGNACIO DE LA LLAVE,JESÚS CARRANZA,VZ,17.2605737,-95.0134509
2211,30093,VERACRUZ DE IGNACIO DE LA LLAVE,JILOTEPEC,VZ,19.3640694,-96.5701007
2287,30169,VERACRUZ DE IGNACIO DE LA LLAVE,JOSÉ AZUETA,VZ,18.0432286,-95.4228674
2212,30094,VERACRUZ DE IGNACIO DE LA LLAVE,JUAN RODRÍGUEZ CLARA,VZ,17.5938413,-95.2404874
2213,30095,VERACRUZ DE IGNACIO DE LA LLAVE,JUCHIQUE DE FERRER,VZ,19.502818,-96.4141029
2207,30089,VERACRUZ DE IGNACIO DE LA LLAVE,JÁLTIPAN,VZ,17.5757845,-94.4318245
2134,30016,VERACRUZ DE IGNACIO DE LA LLAVE,LA ANTIGUA,VZ,19.2200589,-96.2217002
2245,30127,VERACRUZ DE IGNACIO DE LA LLAVE,LA PERLA,VZ,18.5539429,-97.0802485
2214,30096,VERACRUZ DE IGNACIO DE LA LLAVE,LANDERO Y COSS,VZ,19.4406691,-96.5105716
2179,30061,VERACRUZ DE IGNACIO DE LA LLAVE,LAS CHOAPAS,VZ,17.5433573,-94.0524994
2225,30107,VERACRUZ DE IGNACIO DE LA LLAVE,LAS MINAS,VZ,19.4127327,-97.0846021
2250,30132,VERACRUZ DE IGNACIO DE LA LLAVE,LAS VIGAS DE RAMÍREZ,VZ,19.3818527,-97.061216
2215,30097,VERACRUZ DE IGNACIO DE LA LLAVE,LERDO DE TEJADA,VZ,18.3741519,-95.3123599
2255,30137,VERACRUZ DE IGNACIO DE LA LLAVE,LOS REYES,VZ,18.402128,-97.0239327
2216,30098,VERACRUZ DE IGNACIO DE LA LLAVE,MAGDALENA,VZ,18.4538122,-97.0243683
2217,30099,VERACRUZ DE IGNACIO DE LA LLAVE,MALTRATA,VZ,18.4837443,-97.1641894
2218,30100,VERACRUZ DE IGNACIO DE LA LLAVE,MANLIO FABIO ALTAMIRANO,VZ,19.0539963,-96.1959629
2219,30101,VERACRUZ DE IGNACIO DE LA LLAVE,MARIANO ESCOBEDO,VZ,18.5446388,-97.0748087
2220,30102,VERACRUZ DE IGNACIO DE LA LLAVE,MARTÍNEZ DE LA TORRE,VZ,20.0424196,-97.0313824
2221,30103,VERACRUZ DE IGNACIO DE LA LLAVE,MECATLÁN,VZ,20.123836,-97.4054264
2222,30104,VERACRUZ DE IGNACIO DE LA LLAVE,MECAYAPAN,VZ,18.1317246,-94.5015515
2223,30105,VERACRUZ DE IGNACIO DE LA LLAVE,MEDELLÍN DE BRAVO,VZ,19.0333266,-96.0929419
2224,30106,VERACRUZ DE IGNACIO DE LA LLAVE,MIAHUATLÁN,VZ,19.4226854,-96.521148
2226,30108,VERACRUZ DE IGNACIO DE LA LLAVE,MINATITLÁN,VZ,17.5927519,-94.3254399
2227,30109,VERACRUZ DE IGNACIO DE LA LLAVE,MISANTLA,VZ,19.5543084,-96.510985
2228,30110,VERACRUZ DE IGNACIO DE LA LLAVE,MIXTLA DE ALTAMIRANO,VZ,18.3544226,-96.5933842
2229,30111,VERACRUZ DE IGNACIO DE LA LLAVE,MOLOACÁN,VZ,17.5919579,-94.2049495
2324,30206,VERACRUZ DE IGNACIO DE LA LLAVE,NANCHITAL DE LÁZARO CÁRDENAS DEL RÍO,VZ,18.0419709,-94.2440233
2230,30112,VERACRUZ DE IGNACIO DE LA LLAVE,NAOLINCO,VZ,19.3918963,-96.5225232
2231,30113,VERACRUZ DE IGNACIO DE LA LLAVE,NARANJAL,VZ,18.4838974,-96.5740828
2131,30013,VERACRUZ DE IGNACIO DE LA LLAVE,NARANJOS AMATLÁN,VZ,21.2048849,-97.4110506
2232,30114,VERACRUZ DE IGNACIO DE LA LLAVE,NAUTLA,VZ,20.123309,-96.462693
2331,30999,VERACRUZ DE IGNACIO DE LA LLAVE,NO ESPECIFICADO,VZ,,
2233,30115,VERACRUZ DE IGNACIO DE LA LLAVE,NOGALES,VZ,18.4921134,-97.0945203
2234,30116,VERACRUZ DE IGNACIO DE LA LLAVE,OLUTA,VZ,17.5541467,-94.5348998
2235,30117,VERACRUZ DE IGNACIO DE LA LLAVE,OMEALCA,VZ,18.4450299,-96.4710331
2236,30118,VERACRUZ DE IGNACIO DE LA LLAVE,ORIZABA,VZ,18.5103459,-97.0556092
2237,30119,VERACRUZ DE IGNACIO DE LA LLAVE,OTATITLÁN,VZ,18.1036165,-96.0204468
2238,30120,VERACRUZ DE IGNACIO DE LA LLAVE,OTEAPAN,VZ,17.5958212,-94.3959722
2239,30121,VERACRUZ DE IGNACIO DE LA LLAVE,OZULUAMA DE MASCAREÑAS,VZ,21.3940538,-97.5101823
2240,30122,VERACRUZ DE IGNACIO DE LA LLAVE,PAJAPAN,VZ,18.1542277,-94.4130425
2242,30124,VERACRUZ DE IGNACIO DE LA LLAVE,PAPANTLA,VZ,20.2648237,-97.1921897
2244,30126,VERACRUZ DE IGNACIO DE LA LLAVE,PASO DE OVEJAS,VZ,19.1706169,-96.261843
2243,30125,VERACRUZ DE IGNACIO DE LA LLAVE,PASO DEL MACHO,VZ,18.5819758,-96.432824
2246,30128,VERACRUZ DE IGNACIO DE LA LLAVE,PEROTE,VZ,19.3338352,-97.1438659
2247,30129,VERACRUZ DE IGNACIO DE LA LLAVE,PLATÓN SÁNCHEZ,VZ,21.1623512,-98.2226923
2248,30130,VERACRUZ DE IGNACIO DE LA LLAVE,PLAYA VICENTE,VZ,17.4955678,-95.4843404
2249,30131,VERACRUZ DE IGNACIO DE LA LLAVE,POZA RICA DE HIDALGO,VZ,20.3202715,-97.2636841
2251,30133,VERACRUZ DE IGNACIO DE LA LLAVE,PUEBLO VIEJO,VZ,22.1101078,-97.5012034
2252,30134,VERACRUZ DE IGNACIO DE LA LLAVE,PUENTE NACIONAL,VZ,19.1938547,-96.28539
2241,30123,VERACRUZ DE IGNACIO DE LA LLAVE,PÁNUCO,VZ,22.0313005,-98.1052699
2253,30135,VERACRUZ DE IGNACIO DE LA LLAVE,RAFAEL DELGADO,VZ,18.4837878,-97.0424375
2254,30136,VERACRUZ DE IGNACIO DE LA LLAVE,RAFAEL LUCIO,VZ,19.353518,-96.592241
2256,30138,VERACRUZ DE IGNACIO DE LA LLAVE,RÍO BLANCO,VZ,18.5019914,-97.082229
2257,30139,VERACRUZ DE IGNACIO DE LA LLAVE,SALTABARRANCA,VZ,18.3524865,-95.3154764
2258,30140,VERACRUZ DE IGNACIO DE LA LLAVE,SAN ANDRÉS TENEJAPAN,VZ,18.4719329,-97.0535611
2259,30141,VERACRUZ DE IGNACIO DE LA LLAVE,SAN ANDRÉS TUXTLA,VZ,18.2655206,-95.1245255
2260,30142,VERACRUZ DE IGNACIO DE LA LLAVE,SAN JUAN EVANGELISTA,VZ,17.5309788,-95.0824288
2329,30211,VERACRUZ DE IGNACIO DE LA LLAVE,SAN RAFAEL,VZ,20.1116891,-96.5215435
2330,30212,VERACRUZ DE IGNACIO DE LA LLAVE,SANTIAGO SOCHIAPAN,VZ,17.3949435,-95.4404567
2261,30143,VERACRUZ DE IGNACIO DE LA LLAVE,SANTIAGO TUXTLA,VZ,18.2756314,-95.1806313
2262,30144,VERACRUZ DE IGNACIO DE LA LLAVE,SAYULA DE ALEMÁN,VZ,17.525149,-94.5736392
2264,30146,VERACRUZ DE IGNACIO DE LA LLAVE,SOCHIAPA,VZ,19.1135863,-96.5626324
2263,30145,VERACRUZ DE IGNACIO DE LA LLAVE,SOCONUSCO,VZ,17.574637,-94.5251783
2265,30147,VERACRUZ DE IGNACIO DE LA LLAVE,SOLEDAD ATZOMPA,VZ,18.4519134,-97.0857888
2266,30148,VERACRUZ DE IGNACIO DE LA LLAVE,SOLEDAD DE DOBLADO,VZ,19.0241085,-96.2523841
2267,30149,VERACRUZ DE IGNACIO DE LA LLAVE,SOTEAPAN,VZ,18.1346236,-94.5221923
2268,30150,VERACRUZ DE IGNACIO DE LA LLAVE,TAMALÍN,VZ,21.2016579,-97.4847628
2269,30151,VERACRUZ DE IGNACIO DE LA LLAVE,TAMIAHUA,VZ,21.1647071,-97.2647489
2270,30152,VERACRUZ DE IGNACIO DE LA LLAVE,TAMPICO ALTO,VZ,22.0646966,-97.480585
2271,30153,VERACRUZ DE IGNACIO DE LA LLAVE,TANCOCO,VZ,21.1710972,-97.4729109
2272,30154,VERACRUZ DE IGNACIO DE LA LLAVE,TANTIMA,VZ,21.1946693,-97.4959852
2273,30155,VERACRUZ DE IGNACIO DE LA LLAVE,TANTOYUCA,VZ,21.2106531,-98.134771
2327,30209,VERACRUZ DE IGNACIO DE LA LLAVE,TATAHUICAPAN DE JUÁREZ,VZ,18.144721,-94.4536861
2274,30156,VERACRUZ DE IGNACIO DE LA LLAVE,TATATILA,VZ,19.4136445,-97.0643711
2276,30158,VERACRUZ DE IGNACIO DE LA LLAVE,TECOLUTLA,VZ,20.2838613,-97.0030423
2277,30159,VERACRUZ DE IGNACIO DE LA LLAVE,TEHUIPANGO,VZ,18.3103936,-97.0322058
2279,30161,VERACRUZ DE IGNACIO DE LA LLAVE,TEMPOAL,VZ,21.312021,-98.2317251
2280,30162,VERACRUZ DE IGNACIO DE LA LLAVE,TENAMPA,VZ,19.1454798,-96.5305473
2281,30163,VERACRUZ DE IGNACIO DE LA LLAVE,TENOCHTITLÁN,VZ,19.4836479,-96.5458917
2282,30164,VERACRUZ DE IGNACIO DE LA LLAVE,TEOCELO,VZ,19.2310502,-96.5819837
2283,30165,VERACRUZ DE IGNACIO DE LA LLAVE,TEPATLAXCO,VZ,19.0402442,-96.5031339
2284,30166,VERACRUZ DE IGNACIO DE LA LLAVE,TEPETLÁN,VZ,19.4025928,-96.4745552
2285,30167,VERACRUZ DE IGNACIO DE LA LLAVE,TEPETZINTLA,VZ,21.0958008,-97.5103807
2286,30168,VERACRUZ DE IGNACIO DE LA LLAVE,TEQUILA,VZ,18.4347299,-97.0409929
2288,30170,VERACRUZ DE IGNACIO DE LA LLAVE,TEXCATEPEC,VZ,20.350535,-98.2152432
2289,30171,VERACRUZ DE IGNACIO DE LA LLAVE,TEXHUACÁN,VZ,18.3714297,-97.021944
2290,30172,VERACRUZ DE IGNACIO DE LA LLAVE,TEXISTEPEC,VZ,17.5339146,-94.4854752
2291,30173,VERACRUZ DE IGNACIO DE LA LLAVE,TEZONAPA,VZ,18.3624505,-96.4115121
2292,30174,VERACRUZ DE IGNACIO DE LA LLAVE,TIERRA BLANCA,VZ,18.2650816,-96.2137133
2293,30175,VERACRUZ DE IGNACIO DE LA LLAVE,TIHUATLÁN,VZ,20.430002,-97.3216602
2298,30180,VERACRUZ DE IGNACIO DE LA LLAVE,TLACHICHILCO,VZ,20.3717647,-98.1156575
2294,30176,VERACRUZ DE IGNACIO DE LA LLAVE,TLACOJALPAN,VZ,18.1351188,-95.5651459
2295,30177,VERACRUZ DE IGNACIO DE LA LLAVE,TLACOLULAN,VZ,19.3953491,-97.0004935
2296,30178,VERACRUZ DE IGNACIO DE LA LLAVE,TLACOTALPAN,VZ,18.3647778,-95.392272
2297,30179,VERACRUZ DE IGNACIO DE LA LLAVE,TLACOTEPEC DE MEJÍA,VZ,19.1131683,-96.5011427
2299,30181,VERACRUZ DE IGNACIO DE LA LLAVE,TLALIXCOYAN,VZ,18.4807781,-96.0339197
2300,30182,VERACRUZ DE IGNACIO DE LA LLAVE,TLALNELHUAYOCAN,VZ,19.3353055,-96.5826029
2142,30024,VERACRUZ DE IGNACIO DE LA LLAVE,TLALTETELA,VZ,19.1852775,-96.5409308
2301,30183,VERACRUZ DE IGNACIO DE LA LLAVE,TLAPACOYAN,VZ,19.5745548,-97.1245107
2302,30184,VERACRUZ DE IGNACIO DE LA LLAVE,TLAQUILPA,VZ,18.3644174,-97.0707971
2303,30185,VERACRUZ DE IGNACIO DE LA LLAVE,TLILAPAN,VZ,18.4820684,-97.055661
2304,30186,VERACRUZ DE IGNACIO DE LA LLAVE,TOMATLÁN,VZ,19.0153542,-97.0036938
2305,30187,VERACRUZ DE IGNACIO DE LA LLAVE,TONAYÁN,VZ,19.4058405,-96.5517425
2306,30188,VERACRUZ DE IGNACIO DE LA LLAVE,TOTUTLA,VZ,19.1240629,-96.5740661
2325,30207,VERACRUZ DE IGNACIO DE LA LLAVE,TRES VALLES,VZ,18.1427319,-96.0805269
2307,30189,VERACRUZ DE IGNACIO DE LA LLAVE,TUXPAN,VZ,20.5751468,-97.2414138
2308,30190,VERACRUZ DE IGNACIO DE LA LLAVE,TUXTILLA,VZ,18.1420255,-95.5341086
2309,30191,VERACRUZ DE IGNACIO DE LA LLAVE,URSULO GALVÁN,VZ,19.2423206,-96.2135857
2328,30210,VERACRUZ DE IGNACIO DE LA LLAVE,UXPANAPA,VZ,17.1633685,-94.2704798
2310,30192,VERACRUZ DE IGNACIO DE LA LLAVE,VEGA DE ALATORRE,VZ,20.0138877,-96.3859154
2311,30193,VERACRUZ DE IGNACIO DE LA LLAVE,VERACRUZ,VZ,19.1125164,-96.0910899
2312,30194,VERACRUZ DE IGNACIO DE LA LLAVE,VILLA ALDAMA,VZ,19.3855991,-97.132289
2205,30087,VERACRUZ DE IGNACIO DE LA LLAVE,XALAPA,VZ,19.3137505,-96.5521521
2210,30092,VERACRUZ DE IGNACIO DE LA LLAVE,XICO,VZ,19.251657,-97.0026038
2313,30195,VERACRUZ DE IGNACIO DE LA LLAVE,XOXOCOTLA,VZ,18.3852099,-97.0906832
2314,30196,VERACRUZ DE IGNACIO DE LA LLAVE,YANGA,VZ,18.500181,-96.4754593
2315,30197,VERACRUZ DE IGNACIO DE LA LLAVE,YECUATLA,VZ,19.5158271,-96.4634416
2316,30198,VERACRUZ DE IGNACIO DE LA LLAVE,ZACUALPAN,VZ,20.2601344,-98.2055309
2317,30199,VERACRUZ DE IGNACIO DE LA LLAVE,ZARAGOZA,VZ,17.5720691,-94.3832689
2318,30200,VERACRUZ DE IGNACIO DE LA LLAVE,ZENTLA,VZ,19.0655089,-96.5131532
2319,30201,VERACRUZ DE IGNACIO DE LA LLAVE,ZONGOLICA,VZ,18.4000807,-96.5954112
2320,30202,VERACRUZ DE IGNACIO DE LA LLAVE,ZONTECOMATLÁN DE LÓPEZ Y FUENTES,VZ,20.4543133,-98.20345
2321,30203,VERACRUZ DE IGNACIO DE LA LLAVE,ZOZOCOLCO DE HIDALGO,VZ,20.0827043,-97.3431848
2278,30160,VERACRUZ DE IGNACIO DE LA LLAVE,ÁLAMO TEMAPACHE,VZ,20.5501713,-97.4031913
2332,31001,YUCATÁN,ABALÁ,YN,20.385128,-89.4051191
2333,31002,YUCATÁN,ACANCEH,YN,20.4844718,-89.2712768
2334,31003,YUCATÁN,AKIL,YN,20.160139,-89.2048572
2335,31004,YUCATÁN,BACA,YN,21.0634374,-89.2357776
2336,31005,YUCATÁN,BOKOBÁ,YN,21.0024983,-89.104629
2337,31006,YUCATÁN,BUCTZOTZ,YN,21.1206828,-88.4740064
2338,31007,YUCATÁN,CACALCHÉN,YN,20.5859155,-89.1341448
2339,31008,YUCATÁN,CALOTMUL,YN,21.0109442,-88.1037367
2340,31009,YUCATÁN,CANSAHCAB,YN,21.092917,-89.0608429
2341,31010,YUCATÁN,CANTAMAYEC,YN,20.2814,-89.0451399
2342,31011,YUCATÁN,CELESTÚN,YN,20.513633,-90.2358069
2343,31012,YUCATÁN,CENOTILLO,YN,20.5756778,-88.3615912
2347,31016,YUCATÁN,CHACSINKÍN,YN,20.1021363,-89.0059072
2348,31017,YUCATÁN,CHANKOM,YN,20.3406899,-88.3044447
2349,31018,YUCATÁN,CHAPAB,YN,20.2731502,-89.2723588
2350,31019,YUCATÁN,CHEMAX,YN,20.3918059,-87.5614381
2352,31021,YUCATÁN,CHICHIMILÁ,YN,20.3752572,-88.1302628
2351,31020,YUCATÁN,CHICXULUB PUEBLO,YN,21.0814242,-89.3054274
2353,31022,YUCATÁN,CHIKINDZONOT,YN,20.2001159,-88.2911348
2354,31023,YUCATÁN,CHOCHOLÁ,YN,20.4500833,-89.4950515
2355,31024,YUCATÁN,CHUMAYEL,YN,20.2546325,-89.1809069
2344,31013,YUCATÁN,CONKAL,YN,21.0426018,-89.3116622
2345,31014,YUCATÁN,CUNCUNUL,YN,20.3828187,-88.1747873
2346,31015,YUCATÁN,CUZAMÁ,YN,20.4429343,-89.190106
2357,31026,YUCATÁN,DZEMUL,YN,21.1241411,-89.183173
2358,31027,YUCATÁN,DZIDZANTÚN,YN,21.1448042,-89.023471
2359,31028,YUCATÁN,DZILAM DE BRAVO,YN,21.2335625,-88.5330767
2360,31029,YUCATÁN,DZILAM GONZÁLEZ,YN,21.164845,-88.5547066
2361,31030,YUCATÁN,DZITÁS,YN,20.5023516,-88.314016
2362,31031,YUCATÁN,DZONCAUICH,YN,21.074499,-88.5327352
2356,31025,YUCATÁN,DZÁN,YN,20.2315951,-89.2807934
2363,31032,YUCATÁN,ESPITA,YN,21.0039789,-88.1824561
2364,31033,YUCATÁN,HALACHÓ,YN,20.2839885,-90.0456024
2365,31034,YUCATÁN,HOCABÁ,YN,20.4858464,-89.1442357
2366,31035,YUCATÁN,HOCTÚN,YN,20.5154764,-89.1207437
2367,31036,YUCATÁN,HOMÚN,YN,20.4422255,-89.1708716
2368,31037,YUCATÁN,HUHÍ,YN,20.4329966,-89.0943916
2369,31038,YUCATÁN,HUNUCMÁ,YN,21.0058155,-89.5237386
2370,31039,YUCATÁN,IXIL,YN,21.0910801,-89.285236
2371,31040,YUCATÁN,IZAMAL,YN,20.5558791,-89.0110973
2372,31041,YUCATÁN,KANASÍN,YN,20.5604703,-89.3329014
2373,31042,YUCATÁN,KANTUNIL,YN,20.4747184,-89.0211469
2374,31043,YUCATÁN,KAUA,YN,20.3712308,-88.245262
2375,31044,YUCATÁN,KINCHIL,YN,20.5459263,-89.5651298
2376,31045,YUCATÁN,KOPOMÁ,YN,20.3856292,-89.5358293
2377,31046,YUCATÁN,MAMA,YN,20.2838633,-89.2156086
2378,31047,YUCATÁN,MANÍ,YN,20.2315725,-89.2334695
2379,31048,YUCATÁN,MAXCANÚ,YN,20.3506214,-90.0002305
2380,31049,YUCATÁN,MAYAPÁN,YN,20.2807479,-89.1254616
2382,31051,YUCATÁN,MOCOCHÁ,YN,21.0620464,-89.27074
2383,31052,YUCATÁN,MOTUL,YN,21.0543982,-89.1702129
2384,31053,YUCATÁN,MUNA,YN,20.2902232,-89.4248159
2385,31054,YUCATÁN,MUXUPIP,YN,21.0234163,-89.1947608
2381,31050,YUCATÁN,MÉRIDA,YN,20.5803134,-89.372781
2438,31999,YUCATÁN,NO ESPECIFICADO,YN,,
2386,31055,YUCATÁN,OPICHÉN,YN,20.3302345,-89.512248
2387,31056,YUCATÁN,OXKUTZCAB,YN,20.1806957,-89.2507506
2388,31057,YUCATÁN,PANABÁ,YN,21.17487,-88.161626
2389,31058,YUCATÁN,PETO,YN,20.0733306,-88.5526347
2390,31059,YUCATÁN,PROGRESO,YN,21.1657278,-89.3948942
2391,31060,YUCATÁN,QUINTANA ROO,YN,20.5201875,-88.3754304
2392,31061,YUCATÁN,RÍO LAGARTOS,YN,21.3551902,-88.0928719
2393,31062,YUCATÁN,SACALUM,YN,20.2944985,-89.3528195
2394,31063,YUCATÁN,SAMAHIL,YN,20.5300303,-89.5319736
2396,31065,YUCATÁN,SAN FELIPE,YN,21.3403356,-88.1355428
2395,31064,YUCATÁN,SANAHCAT,YN,20.4616544,-89.1253138
2397,31066,YUCATÁN,SANTA ELENA,YN,20.1944031,-89.3835734
2398,31067,YUCATÁN,SEYÉ,YN,20.5013152,-89.222011
2399,31068,YUCATÁN,SINANCHÉ,YN,21.1332142,-89.110882
2400,31069,YUCATÁN,SOTUTA,YN,20.3542064,-89.002414
2401,31070,YUCATÁN,SUCILÁ,YN,21.0922196,-88.1850178
2402,31071,YUCATÁN,SUDZAL,YN,20.5219544,-88.5919651
2403,31072,YUCATÁN,SUMA,YN,21.0511369,-89.0853803
2404,31073,YUCATÁN,TAHDZIÚ,YN,20.1213754,-88.5641653
2405,31074,YUCATÁN,TAHMEK,YN,20.5231926,-89.1520861
2406,31075,YUCATÁN,TEABO,YN,20.240148,-89.1705709
2407,31076,YUCATÁN,TECOH,YN,20.4430214,-89.2827488
2408,31077,YUCATÁN,TEKAL DE VENEGAS,YN,21.0050661,-88.5649219
2409,31078,YUCATÁN,TEKANTÓ,YN,21.004193,-89.0621902
2410,31079,YUCATÁN,TEKAX,YN,20.1212473,-89.1718197
2411,31080,YUCATÁN,TEKIT,YN,20.3200576,-89.1959141
2412,31081,YUCATÁN,TEKOM,YN,20.3608009,-88.1551976
2413,31082,YUCATÁN,TELCHAC PUEBLO,YN,21.1212056,-89.1616562
2414,31083,YUCATÁN,TELCHAC PUERTO,YN,21.2034814,-89.155121
2415,31084,YUCATÁN,TEMAX,YN,21.0906628,-88.5619083
2416,31085,YUCATÁN,TEMOZÓN,YN,20.4813249,-88.1204168
2417,31086,YUCATÁN,TEPAKÁN,YN,21.0257758,-89.0222008
2418,31087,YUCATÁN,TETIZ,YN,20.5742882,-89.5600416
2419,31088,YUCATÁN,TEYA,YN,21.0254738,-89.0425352
2420,31089,YUCATÁN,TICUL,YN,20.2354024,-89.3204008
2421,31090,YUCATÁN,TIMUCUY,YN,20.4837829,-89.3048618
2422,31091,YUCATÁN,TINUM,YN,20.4601709,-88.2328455
2423,31092,YUCATÁN,TIXCACALCUPUL,YN,20.3213519,-88.1612961
2424,31093,YUCATÁN,TIXKOKOB,YN,21.0008937,-89.2342185
2425,31094,YUCATÁN,TIXMEHUAC,YN,20.1408595,-89.0632404
2426,31095,YUCATÁN,TIXPÉHUAL,YN,20.5841406,-89.263085
2427,31096,YUCATÁN,TIZIMÍN,YN,21.0836683,-88.0908158
2428,31097,YUCATÁN,TUNKÁS,YN,20.5408459,-88.4508206
2429,31098,YUCATÁN,TZUCACAB,YN,20.0418954,-89.0301189
2430,31099,YUCATÁN,UAYMA,YN,20.4304035,-88.1901699
2431,31100,YUCATÁN,UCÚ,YN,21.0154245,-89.4447185
2432,31101,YUCATÁN,UMÁN,YN,20.5254804,-89.445382
2433,31102,YUCATÁN,VALLADOLID,YN,20.4123012,-88.1203528
2434,31103,YUCATÁN,XOCCHEL,YN,20.500056,-89.110139
2435,31104,YUCATÁN,YAXCABÁ,YN,20.3256852,-88.4937942
2436,31105,YUCATÁN,YAXKUKUL,YN,21.0348524,-89.2509258
2437,31106,YUCATÁN,YOBAÍN,YN,21.1400483,-89.0659401
2439,32001,ZACATECAS,APOZOL,ZS,21.2815157,-103.0528284
2440,32002,ZACATECAS,APULCO,ZS,21.2318378,-102.4052352
2441,32003,ZACATECAS,ATOLINGA,ZS,21.4825015,-103.27561
2442,32004,ZACATECAS,BENITO JUÁREZ,ZS,21.301612,-103.3321421
2443,32005,ZACATECAS,CALERA,ZS,22.5656534,-102.4208145
2444,32006,ZACATECAS,CAÑITAS DE FELIPE PESCADOR,ZS,23.3625114,-102.4335724
2447,32009,ZACATECAS,CHALCHIHUITES,ZS,23.283846,-103.5302565
2445,32007,ZACATECAS,CONCEPCIÓN DEL ORO,ZS,24.3647408,-101.2513742
2446,32008,ZACATECAS,CUAUHTÉMOC,ZS,22.2657186,-102.2100367
2453,32015,ZACATECAS,EL PLATEADO DE JOAQUÍN AMARO,ZS,21.5611951,-103.0532617
2479,32041,ZACATECAS,EL SALVADOR,ZS,24.3114076,-100.5204188
2448,32010,ZACATECAS,FRESNILLO,ZS,23.1029621,-102.5205626
2450,32012,ZACATECAS,GENARO CODINA,ZS,22.291541,-102.2723666
2451,32013,ZACATECAS,GENERAL ENRIQUE ESTRADA,ZS,22.5942444,-102.4424047
2452,32014,ZACATECAS,GENERAL FRANCISCO R. MURGUÍA,ZS,23.5940805,-103.0111371
2454,32016,ZACATECAS,GENERAL PÁNFILO NATERA,ZS,22.3951737,-102.0635724
2455,32017,ZACATECAS,GUADALUPE,ZS,22.4448415,-102.3107686
2456,32018,ZACATECAS,HUANUSCO,ZS,21.4619808,-102.5819287
2457,32019,ZACATECAS,JALPA,ZS,21.3756061,-102.5833003
2458,32020,ZACATECAS,JEREZ,ZS,22.3857852,-102.5923725
2459,32021,ZACATECAS,JIMÉNEZ DEL TEUL,ZS,23.1514797,-103.4754182
2460,32022,ZACATECAS,JUAN ALDAMA,ZS,24.1725732,-103.2336925
2461,32023,ZACATECAS,JUCHIPILA,ZS,21.2441414,-103.0709276
2462,32024,ZACATECAS,LORETO,ZS,22.1619872,-101.591163
2463,32025,ZACATECAS,LUIS MOYA,ZS,22.255692,-102.1457298
2464,32026,ZACATECAS,MAZAPIL,ZS,24.3817149,-101.331788
2465,32027,ZACATECAS,MELCHOR OCAMPO,ZS,24.4954208,-101.3832015
2466,32028,ZACATECAS,MEZQUITAL DEL ORO,ZS,21.1300198,-103.2146444
2467,32029,ZACATECAS,MIGUEL AUZA,ZS,24.1740007,-103.2705218
2468,32030,ZACATECAS,MOMAX,ZS,21.5519251,-103.1850311
2469,32031,ZACATECAS,MONTE ESCOBEDO,ZS,22.1810025,-103.3341915
2470,32032,ZACATECAS,MORELOS,ZS,22.51439,-102.3634326
2471,32033,ZACATECAS,MOYAHUA DE ESTRADA,ZS,21.1556137,-103.0956508
2500,32999,ZACATECAS,NO ESPECIFICADO,ZS,,
2472,32034,ZACATECAS,NOCHISTLÁN DE MEJÍA,ZS,21.2147712,-102.5049794
2473,32035,ZACATECAS,NORIA DE ÁNGELES,ZS,22.2633724,-101.5432026
2474,32036,ZACATECAS,OJOCALIENTE,ZS,22.341908,-102.1510562
2476,32038,ZACATECAS,PINOS,ZS,22.1755831,-101.3430602
2475,32037,ZACATECAS,PÁNUCO,ZS,22.523347,-102.3227182
2477,32039,ZACATECAS,RÍO GRANDE,ZS,23.4938763,-103.0203594
2478,32040,ZACATECAS,SAIN ALTO,ZS,23.3447389,-103.1450925
2496,32058,ZACATECAS,SANTA MARÍA DE LA PAZ,ZS,21.3043842,-103.2425351
2480,32042,ZACATECAS,SOMBRERETE,ZS,23.375296,-103.3828832
2481,32043,ZACATECAS,SUSTICACÁN,ZS,22.363992,-103.0558879
2482,32044,ZACATECAS,TABASCO,ZS,21.5154997,-102.5447005
2483,32045,ZACATECAS,TEPECHITLÁN,ZS,21.4016054,-103.1939451
2484,32046,ZACATECAS,TEPETONGO,ZS,22.2740553,-103.0852433
2485,32047,ZACATECAS,TEÚL DE GONZÁLEZ ORTEGA,ZS,21.2750729,-103.2743342
2486,32048,ZACATECAS,TLALTENANGO DE SÁNCHEZ ROMÁN,ZS,21.465895,-103.1820928
2495,32057,ZACATECAS,TRANCOSO,ZS,22.4407401,-102.2157736
2449,32011,ZACATECAS,TRINIDAD GARCÍA DE LA CADENA,ZS,21.1235244,-103.2753535
2487,32049,ZACATECAS,VALPARAÍSO,ZS,22.4618841,-103.340204
2488,32050,ZACATECAS,VETAGRANDE,ZS,22.4958133,-102.3320313
2489,32051,ZACATECAS,VILLA DE COS,ZS,23.1738013,-102.2048798
2490,32052,ZACATECAS,VILLA GARCÍA,ZS,22.0953633,-101.5722748
2491,32053,ZACATECAS,VILLA GONZÁLEZ ORTEGA,ZS,22.304677,-101.5449538
2492,32054,ZACATECAS,VILLA HIDALGO,ZS,22.2125518,-101.4245356
2493,32055,ZACATECAS,VILLANUEVA,ZS,22.2115331,-102.5301414
2494,32056,ZACATECAS,ZACATECAS,ZS,22.4633946,-102.3418611
