clave_entidad,entidad,clave_municipio,municipio,longitud,latitud,poblacion
1,Aguascalientes,1,Aguascalientes,-102.1745768,21.5247362,948990
1,Aguascalientes,2,Asientos,-102.052139,22.1417941,51536
1,Aguascalientes,3,Calvillo,-102.4307502,21.5048866,58250
1,Aguascalientes,4,Cosío,-102.1800159,22.2159071,17000
1,Aguascalientes,5,Jesús María,-102.2036299,21.5740582,129929
1,Aguascalientes,6,Pabellón de Arteaga,-102.163555,22.0857126,47646
1,Aguascalientes,7,Rincón de Romos,-102.1923047,22.1345239,57369
1,Aguascalientes,8,San José de Gracia,-102.2456281,22.0900779,9552
1,Aguascalientes,9,Tepezalá,-102.1001097,22.132722,22485
1,Aguascalientes,10,El Llano,-101.5755106,21.5507929,20853
1,Aguascalientes,11,San Francisco de los Romo,-102.1621642,22.0420615,61997
2,Baja California,1,Ensenada,-116.3542482,31.4832198,443807
2,Baja California,2,Mexicali,-115.2832084,32.3828233,1049792
2,Baja California,3,Tecate,-116.3735581,32.3421644,108440
2,Baja California,4,Tijuana,-117.0108088,32.3156859,1922523
2,Baja California,5,Playas de Rosarito,-117.0316052,32.2149263,126890
2,Baja California,6,San Quintín,-115.5620621,30.3323347,117568
3,Baja California Sur,1,Comondú,-111.4024022,25.0204688,73021
3,Baja California Sur,2,Mulegé,-112.1605789,27.2012726,64022
3,Baja California Sur,3,La Paz,-110.1823724,24.0855482,292241
3,Baja California Sur,8,Los Cabos,-109.4141097,23.0341729,351111
3,Baja California Sur,9,Loreto,-111.2036,26.0046,18052
4,Campeche,1,Calkiní,-90.0302662,20.2216414,59232
4,Campeche,2,Campeche,-90.3222737,19.5041331,294077
4,Campeche,3,Carmen,-91.501122,18.3816042,248845
4,Campeche,4,Champotón,-90.4326008,19.2122387,78170
4,Campeche,5,Hecelchakán,-90.0804262,20.1037078,31917
4,Campeche,6,Hopelchén,-89.5042157,19.4443973,42140
4,Campeche,7,Palizada,-92.0527246,18.1512954,8683
4,Campeche,8,Tenabo,-90.1332748,20.0222837,11452
4,Campeche,9,Escárcega,-90.4355203,18.3615533,59923
4,Campeche,10,Calakmul,-89.2350192,18.3019335,31714
4,Campeche,11,Candelaria,-91.0246657,18.1100422,46913
4,Campeche,12,Seybaplaya,-90.4117884,19.3821109,15297
5,Coahuila de Zaragoza,1,Abasolo,-101.2535,27.1055,1022
5,Coahuila de Zaragoza,2,Acuña,-100.584173,29.194802,163058
5,Coahuila de Zaragoza,3,Allende,-100.5115,28.205,23056
5,Coahuila de Zaragoza,4,Arteaga,-100.5058641,25.2702234,29578
5,Coahuila de Zaragoza,5,Candela,-100.395,26.5025,1643
5,Coahuila de Zaragoza,6,Castaños,-101.255,26.4707,29128
5,Coahuila de Zaragoza,7,Cuatro Ciénegas,-102.0401564,26.5912709,12715
5,Coahuila de Zaragoza,8,Escobedo,-101.2445,27.1405,3047
5,Coahuila de Zaragoza,9,Francisco I. Madero,-103.1623,25.463,59035
5,Coahuila de Zaragoza,10,Frontera,-101.2658,26.5534,82409
5,Coahuila de Zaragoza,11,General Cepeda,-101.284545,25.2247667,11898
5,Coahuila de Zaragoza,12,Guerrero,-100.2243412,28.1830306,1643
5,Coahuila de Zaragoza,13,Hidalgo,-99.5233798,27.473005,1735
5,Coahuila de Zaragoza,14,Jiménez,-100.4027219,29.041311,9502
5,Coahuila de Zaragoza,15,Juárez,-100.4337631,27.3623423,1584
5,Coahuila de Zaragoza,16,Lamadrid,-101.4736957,27.0254577,1764
5,Coahuila de Zaragoza,17,Matamoros,-103.1349381,25.314129,118337
5,Coahuila de Zaragoza,18,Monclova,-101.2502008,26.5404472,237951
5,Coahuila de Zaragoza,19,Morelos,-100.5311873,28.2436376,7928
5,Coahuila de Zaragoza,20,Múzquiz,-101.3059464,27.5239179,71627
5,Coahuila de Zaragoza,21,Nadadores,-101.3531284,27.014451,6539
5,Coahuila de Zaragoza,22,Nava,-100.4603193,28.2518749,33129
5,Coahuila de Zaragoza,23,Ocampo,-102.2350657,27.1840374,9642
5,Coahuila de Zaragoza,24,Parras,-102.1103008,25.261457,44472
5,Coahuila de Zaragoza,25,Piedras Negras,-100.3142389,28.4229135,176327
5,Coahuila de Zaragoza,26,Progreso,-100.591404,27.254432,3239
5,Coahuila de Zaragoza,27,Ramos Arizpe,-100.5702815,25.3235641,122243
5,Coahuila de Zaragoza,28,Sabinas,-101.0711961,27.5055998,64811
5,Coahuila de Zaragoza,29,Sacramento,-101.4330129,27.0015979,2471
5,Coahuila de Zaragoza,30,Saltillo,-100.5958996,25.2517993,879958
5,Coahuila de Zaragoza,31,San Buenaventura,-101.3300103,27.0336926,24759
5,Coahuila de Zaragoza,32,San Juan de Sabinas,-101.1811856,27.5545805,42260
5,Coahuila de Zaragoza,33,San Pedro,-102.5859365,25.4528,101041
5,Coahuila de Zaragoza,34,Sierra Mojada,-103.4205244,27.1712757,6744
5,Coahuila de Zaragoza,35,Torreón,-103.2711018,25.3230312,720848
5,Coahuila de Zaragoza,36,Viesca,-102.4822861,25.2036979,20305
5,Coahuila de Zaragoza,37,Villa Unión,-100.4330558,28.1313792,6188
5,Coahuila de Zaragoza,38,Zaragoza,-100.5503438,28.2913355,13135
6,Colima,1,Armería,-103.575399,18.5613462,27626
6,Colima,2,Colima,-103.4341228,19.143452,157048
6,Colima,3,Comala,-103.4531684,19.1923515,21661
6,Colima,4,Coquimatlán,-103.4839301,19.1205076,20837
6,Colima,5,Cuauhtémoc,-103.3606698,19.1943588,31267
6,Colima,6,Ixtlahuacán,-103.4418936,19.0004261,5623
6,Colima,7,Manzanillo,-104.185897,19.0311541,191031
6,Colima,8,Minatitlán,-104.0258693,19.2309996,10231
6,Colima,9,Tecomán,-103.522564,18.5438175,116305
6,Colima,10,Villa de Álvarez,-103.4412331,19.1553195,149762
7,Chiapas,1,Acacoyagua,-92.4028622,15.2027475,17994
7,Chiapas,2,Acala,-92.482703,16.3306025,21187
7,Chiapas,3,Acapetahua,-92.4120875,15.1658216,26899
7,Chiapas,4,Altamirano,-92.0218937,16.4409313,36160
7,Chiapas,5,Amatán,-92.4908843,17.2222254,24512
7,Chiapas,6,Amatenango de la Frontera,-92.0654568,15.2606038,31735
7,Chiapas,7,Amatenango del Valle,-92.2607766,16.3142605,11283
7,Chiapas,8,Angel Albino Corzo,-92.4330287,15.522152,31947
7,Chiapas,9,Arriaga,-93.5358104,16.1409834,41135
7,Chiapas,10,Bejucal de Ocampo,-92.0930265,15.2719415,7365
7,Chiapas,11,Bella Vista,-92.1441445,15.3458791,20157
7,Chiapas,12,Berriozábal,-93.1623777,16.4801155,64632
7,Chiapas,13,Bochil,-92.5324788,16.594698,37263
7,Chiapas,14,El Bosque,-92.4317072,17.0343957,24273
7,Chiapas,15,Cacahoatán,-92.1005197,14.5923239,50112
7,Chiapas,16,Catazajá,-92.0058918,17.4341957,17619
7,Chiapas,17,Cintalapa,-93.4313541,16.4155256,88106
7,Chiapas,18,Coapilla,-93.0932479,17.0750849,9900
7,Chiapas,19,Comitán de Domínguez,-92.0809006,16.1508858,166178
7,Chiapas,20,La Concordia,-92.4116562,16.0700177,49920
7,Chiapas,21,Copainalá,-93.1238,17.0537,22192
7,Chiapas,22,Chalchihuitán,-92.3706223,16.5748257,21915
7,Chiapas,23,Chamula,-92.4121,16.4715,101967
7,Chiapas,24,Chanal,-92.1535792,16.3936223,13678
7,Chiapas,25,Chapultenango,-93.0748282,17.2025442,7472
7,Chiapas,26,Chenalhó,-92.3734133,16.5339397,47371
7,Chiapas,27,Chiapa de Corzo,-93.0057453,16.4228649,112075
7,Chiapas,28,Chiapilla,-92.431209,16.3413775,6156
7,Chiapas,29,Chicoasén,-93.0618846,16.5802118,5402
7,Chiapas,30,Chicomuselo,-92.1659834,15.444177,36785
7,Chiapas,31,Chilón,-92.1617502,17.0619769,137262
7,Chiapas,32,Escuintla,-92.393081,15.190937,30896
7,Chiapas,33,Francisco León,-93.1834407,17.2100635,7245
7,Chiapas,34,Frontera Comalapa,-92.082778,15.393659,80897
7,Chiapas,35,Frontera Hidalgo,-92.103354,14.4640215,14556
7,Chiapas,36,La Grandeza,-92.1333168,15.3036469,7701
7,Chiapas,37,Huehuetán,-92.2303051,15.0106671,36333
7,Chiapas,38,Huixtán,-92.2716549,16.4243742,22975
7,Chiapas,39,Huitiupán,-92.4109355,17.1023634,27893
7,Chiapas,40,Huixtla,-92.2756944,15.0817839,53242
7,Chiapas,41,La Independencia,-92.0125828,16.1514946,46409
7,Chiapas,42,Ixhuatán,-93.0030175,17.1735775,11377
7,Chiapas,43,Ixtacomitán,-93.0547661,17.2550862,10961
7,Chiapas,44,Ixtapa,-92.542125,16.4812691,28999
7,Chiapas,45,Ixtapangajoya,-93.0005997,17.295114,6284
7,Chiapas,46,Jiquipilas,-93.3901711,16.4003797,41063
7,Chiapas,47,Jitotol,-92.514441,17.0404683,24966
7,Chiapas,48,Juárez,-93.1135991,17.3629344,21807
7,Chiapas,49,Larráinzar,-92.424773,16.5304006,31259
7,Chiapas,50,La Libertad,-91.4308624,17.4124491,5232
7,Chiapas,51,Mapastepec,-92.5329781,15.2628083,46130
7,Chiapas,52,Las Margaritas,-91.5853646,16.185741,141027
7,Chiapas,53,Mazapa de Madero,-92.1115845,15.2316677,7901
7,Chiapas,54,Mazatán,-92.2658095,14.5146891,28250
7,Chiapas,55,Metapa,-92.1127401,14.5014331,5876
7,Chiapas,56,Mitontic,-92.3746745,16.5152095,13755
7,Chiapas,57,Motozintla,-92.145188,15.2147402,76398
7,Chiapas,58,Nicolás Ruíz,-92.350725,16.2613463,4765
7,Chiapas,59,Ocosingo,-92.0544976,16.5428938,234661
7,Chiapas,60,Ocotepec,-93.0951859,17.1330105,14088
7,Chiapas,61,Ocozocoautla de Espinosa,-93.2232349,16.4541263,97397
7,Chiapas,62,Ostuacán,-93.2013691,17.2420128,18469
7,Chiapas,63,Osumacinta,-93.0528814,16.5607681,3983
7,Chiapas,64,Oxchuc,-92.20057,16.471003,54932
7,Chiapas,65,Palenque,-91.585172,17.303288,132265
7,Chiapas,66,Pantelhó,-92.2810487,17.0023971,26391
7,Chiapas,67,Pantepec,-93.0258365,17.1117131,12266
7,Chiapas,68,Pichucalco,-93.0703963,17.3030783,31919
7,Chiapas,69,Pijijiapan,-93.1233541,15.4130025,51193
7,Chiapas,70,El Porvenir,-92.1646705,15.2722922,12263
7,Chiapas,71,Villa Comaltitlán,-92.3433687,15.1242975,30297
7,Chiapas,72,Pueblo Nuevo Solistahuacán,-92.535036,17.0927245,29636
7,Chiapas,73,Rayón,-93.0040382,17.1201812,10866
7,Chiapas,74,Reforma,-93.0849589,17.5156923,44829
7,Chiapas,75,Las Rosas,-92.221049,16.2150875,28829
7,Chiapas,76,Sabanilla,-92.3306192,17.1700543,29889
7,Chiapas,77,Salto de Agua,-92.2000319,17.3325275,64251
7,Chiapas,78,San Cristóbal de las Casas,-92.381523,16.441328,215874
7,Chiapas,79,San Fernando,-93.1222625,16.5218163,41793
7,Chiapas,80,Siltepec,-92.1922296,15.3325866,25937
7,Chiapas,81,Simojovel,-92.425475,17.0826974,52935
7,Chiapas,82,Sitalá,-92.1827874,17.0130183,15518
7,Chiapas,83,Socoltenango,-92.2101137,16.1434618,19092
7,Chiapas,84,Solosuchiapa,-93.0152246,17.254316,8561
7,Chiapas,85,Soyaló,-92.5531044,16.5327573,10890
7,Chiapas,86,Suchiapa,-93.0617258,16.3719049,25627
7,Chiapas,87,Suchiate,-92.0903392,14.4046028,41672
7,Chiapas,88,Sunuapa,-93.143541,17.292176,2308
7,Chiapas,89,Tapachula,-92.1551552,14.5439857,353706
7,Chiapas,90,Tapalapa,-93.0616577,17.1124173,4547
7,Chiapas,91,Tapilula,-93.005853,17.145425,13592
7,Chiapas,92,Tecpatán,-93.1841284,17.0813183,21426
7,Chiapas,93,Tenejapa,-92.302337,16.490846,48162
7,Chiapas,94,Teopisca,-92.282135,16.322945,49499
7,Chiapas,96,Tila,-92.2533113,17.1802285,83505
7,Chiapas,97,Tonalá,-93.450642,16.052888,91913
7,Chiapas,98,Totolapa,-92.4049354,16.3241037,7211
7,Chiapas,99,La Trinitaria,-92.030169,16.0708614,83111
7,Chiapas,100,Tumbalá,-92.1857556,17.1642468,38025
7,Chiapas,101,Tuxtla Gutiérrez,-93.065469,16.45143,604147
7,Chiapas,102,Tuxtla Chico,-92.1008291,14.5624683,41024
7,Chiapas,103,Tuzantán,-92.2517834,15.0845828,30302
7,Chiapas,104,Tzimol,-92.1116572,16.1103233,16560
7,Chiapas,105,Unión Juárez,-92.0455048,15.0338546,16008
7,Chiapas,106,Venustiano Carranza,-92.3354487,16.2022622,67292
7,Chiapas,107,Villa Corzo,-93.1603661,16.1105104,65643
7,Chiapas,108,Villaflores,-93.1603747,16.1407749,109536
7,Chiapas,109,Yajalón,-92.2002199,17.1026076,40285
7,Chiapas,110,San Lucas,-92.4309632,16.3641892,7526
7,Chiapas,111,Zinacantán,-92.432489,16.4536428,45373
7,Chiapas,112,San Juan Cancuc,-92.2219029,16.5332076,37948
7,Chiapas,113,Aldama,-92.4117491,16.5504144,8480
7,Chiapas,114,Benemérito de las Américas,-90.3911887,16.3056981,23603
7,Chiapas,115,Maravilla Tenejapa,-91.1742373,16.0825428,14714
7,Chiapas,116,Marqués de Comillas,-90.455502,16.195928,12892
7,Chiapas,117,Montecristo de Guerrero,-92.3709336,15.4138103,8412
7,Chiapas,118,San Andrés Duraznal,-92.4817955,17.0755191,6047
7,Chiapas,119,Santiago el Pinar,-92.4252545,16.5629177,4959
7,Chiapas,120,Capitán Luis Ángel Vidal,-92.3744751,15.360406,4315
7,Chiapas,121,Rincón Chamula San Pedro,-92.5615253,17.1234095,8718
7,Chiapas,122,El Parral,-93.002416,16.215842,15587
7,Chiapas,123,Emiliano Zapata,-92.5348208,16.3221018,10783
7,Chiapas,124,Mezcalapa,-93.3617184,17.1121201,23847
7,Chiapas,125,Honduras de la Sierra,-92.2833807,15.3522788,11650
8,Chihuahua,1,Ahumada,-106.3044695,30.3703842,14635
8,Chihuahua,2,Aldama,-105.5440653,28.501817,26047
8,Chihuahua,3,Allende,-105.2342276,26.5621933,8487
8,Chihuahua,4,Aquiles Serdán,-105.5314906,28.3540212,24344
8,Chihuahua,5,Ascensión,-107.5945418,31.0531834,26093
8,Chihuahua,6,Bachíniva,-107.1515704,28.4553034,5807
8,Chihuahua,7,Balleza,-106.2048924,26.5714787,16440
8,Chihuahua,8,Batopilas de Manuel Gómez Morín,-107.4422956,27.0135948,11270
8,Chihuahua,9,Bocoyna,-107.3521309,27.5026674,23351
8,Chihuahua,10,Buenaventura,-107.2816731,29.5036271,25146
8,Chihuahua,11,Camargo,-105.1017833,27.4141865,49499
8,Chihuahua,12,Carichí,-107.0324517,27.5459515,8113
8,Chihuahua,13,Casas Grandes,-107.5655699,30.2232533,11815
8,Chihuahua,14,Coronado,-105.0929923,26.4415414,2034
8,Chihuahua,15,Coyame del Sotol,-105.0539687,29.2743354,1230
8,Chihuahua,16,La Cruz,-105.1147,27.515,3704
8,Chihuahua,17,Cuauhtémoc,-106.515776,28.2422722,180638
8,Chihuahua,18,Cusihuiriachi,-106.5012,28.1428,5099
8,Chihuahua,19,Chihuahua,-106.0434704,28.3812458,937674
8,Chihuahua,20,Chínipas,-108.3210425,27.2334117,6222
8,Chihuahua,21,Delicias,-105.2815768,28.1134613,150506
8,Chihuahua,22,Dr. Belisario Domínguez,-106.2837309,28.09168,2456
8,Chihuahua,23,Galeana,-107.3700279,30.0646618,6656
8,Chihuahua,24,Santa Isabel,-106.2204996,28.2036045,3791
8,Chihuahua,25,Gómez Farías,-107.4419158,29.2125269,7023
8,Chihuahua,26,Gran Morelos,-106.3036444,28.1452168,2448
8,Chihuahua,27,Guachochi,-107.0409702,26.4908949,50180
8,Chihuahua,28,Guadalupe,-106.0606313,31.2324385,4237
8,Chihuahua,29,Guadalupe y Calvo,-106.575173,26.0540257,50514
8,Chihuahua,30,Guazapares,-108.1647841,27.1634974,8196
8,Chihuahua,31,Guerrero,-107.2912925,28.3253493,35473
8,Chihuahua,32,Hidalgo del Parral,-105.4001716,26.5519516,116662
8,Chihuahua,33,Huejotitán,-106.1046043,27.0316812,824
8,Chihuahua,34,Ignacio Zaragoza,-107.4551101,29.3835564,5196
8,Chihuahua,35,Janos,-108.1123459,30.5314127,11005
8,Chihuahua,36,Jiménez,-104.5522716,27.0749977,40859
8,Chihuahua,37,Juárez,-106.2906067,31.4447275,1512450
8,Chihuahua,38,Julimes,-105.255,28.2523,4980
8,Chihuahua,39,López,-105.0159,27.0009,4122
8,Chihuahua,40,Madera,-108.0829,29.1124,25144
8,Chihuahua,41,Maguarichi,-107.5938241,27.513349,1302
8,Chihuahua,42,Manuel Benavides,-103.5428137,29.0626591,1178
8,Chihuahua,43,Matachí,-107.4516733,28.5035622,2742
8,Chihuahua,44,Matamoros,-105.3459988,26.4549957,4314
8,Chihuahua,45,Meoqui,-105.2849048,28.1604068,44853
8,Chihuahua,46,Morelos,-107.4038092,26.4013896,7266
8,Chihuahua,47,Moris,-108.3123655,28.0854183,4447
8,Chihuahua,48,Namiquipa,-107.2431938,29.1502736,22712
8,Chihuahua,49,Nonoava,-106.4407196,27.2819395,2757
8,Chihuahua,50,Nuevo Casas Grandes,-107.5443571,30.2450348,65753
8,Chihuahua,51,Ocampo,-108.2200266,28.1137804,8127
8,Chihuahua,52,Ojinaga,-104.2456393,29.3352202,24534
8,Chihuahua,53,Praxedis G. Guerrero,-106.0019421,31.2219444,5111
8,Chihuahua,54,Riva Palacio,-106.3009476,28.3245628,7695
8,Chihuahua,55,Rosales,-105.3316,28.1113,16776
8,Chihuahua,56,Rosario,-106.1743793,27.1910707,2079
8,Chihuahua,57,San Francisco de Borja,-106.4105699,27.5406556,2197
8,Chihuahua,58,San Francisco de Conchos,-105.2004709,27.3518787,2696
8,Chihuahua,59,San Francisco del Oro,-105.5100289,26.513238,5004
8,Chihuahua,60,Santa Bárbara,-105.4905159,26.480756,11582
8,Chihuahua,61,Satevó,-106.0625935,27.5721721,3414
8,Chihuahua,62,Saucillo,-105.1716916,28.0157628,29862
8,Chihuahua,63,Temósachic,-107.4947422,28.570993,5320
8,Chihuahua,64,El Tule,-106.1558512,27.0313005,1448
8,Chihuahua,65,Urique,-107.5451497,27.1245773,17043
8,Chihuahua,66,Uruachi,-108.1254702,27.5204527,6512
8,Chihuahua,67,Valle de Zaragoza,-105.4839579,27.2725674,4775
9,Ciudad de México,2,Azcapotzalco,-99.1103698,19.290277,432205
9,Ciudad de México,3,Coyoacán,-99.0943724,19.210077,614447
9,Ciudad de México,4,Cuajimalpa de Morelos,-99.1759252,19.2126461,217686
9,Ciudad de México,5,Gustavo A. Madero,-99.0648495,19.2858603,1173351
9,Ciudad de México,6,Iztacalco,-99.0551406,19.2345245,404695
9,Ciudad de México,7,Iztapalapa,-99.0533441,19.2132414,1835486
9,Ciudad de México,8,La Magdalena Contreras,-99.1429456,19.1817633,247622
9,Ciudad de México,9,Milpa Alta,-99.0124139,19.1128498,152685
9,Ciudad de México,10,Álvaro Obregón,-99.1143488,19.2326902,759137
9,Ciudad de México,11,Tláhuac,-99.0017446,19.1614039,392313
9,Ciudad de México,12,Tlalpan,-99.1001654,19.171779,699928
9,Ciudad de México,13,Xochimilco,-99.0617688,19.1548463,442178
9,Ciudad de México,14,Benito Juárez,-99.0928272,19.2219172,434153
9,Ciudad de México,15,Cuauhtémoc,-99.0906781,19.2629928,545884
9,Ciudad de México,16,Miguel Hidalgo,-99.1126716,19.2426168,414470
9,Ciudad de México,17,Venustiano Carranza,-99.0649324,19.2509343,443704
10,Durango,1,Canatlán,-104.4642145,24.3138148,31454
10,Durango,2,Canelas,-106.3244279,25.0722695,4321
10,Durango,3,Coneto de Comonfort,-104.4608101,24.5844849,4084
10,Durango,4,Cuencamé,-103.4154463,24.5215382,34955
10,Durango,5,Durango,-104.40127,24.0126357,688697
10,Durango,6,General Simón Bolívar,-103.1333511,24.4120666,10038
10,Durango,7,Gómez Palacio,-103.2947101,25.3412386,372750
10,Durango,8,Guadalupe Victoria,-104.0725176,24.264716,36695
10,Durango,9,Guanaceví,-105.5715955,25.5553983,9869
10,Durango,10,Hidalgo,-104.5448523,26.1505203,3843
10,Durango,11,Indé,-105.1325648,25.5443276,4748
10,Durango,12,Lerdo,-103.3129458,25.3211586,163313
10,Durango,13,Mapimí,-103.5053497,25.4959965,26932
10,Durango,14,Mezquital,-104.2348278,23.2824709,48583
10,Durango,15,Nazas,-104.0649691,25.1339996,12894
10,Durango,16,Nombre de Dios,-104.1440938,23.5053559,19060
10,Durango,17,Ocampo,-105.302318,26.2629623,8003
10,Durango,18,El Oro,-105.2153516,25.5657566,10384
10,Durango,19,Otáez,-105.5938607,24.4155281,4924
10,Durango,20,Pánuco de Coronado,-104.1909352,24.2403688,12656
10,Durango,21,Peñón Blanco,-104.020336,24.4733031,11118
10,Durango,22,Poanas,-104.023889,23.5830332,25623
10,Durango,23,Pueblo Nuevo,-105.2136691,23.4641342,51269
10,Durango,24,Rodeo,-104.33376,25.1050587,12818
10,Durango,25,San Bernardo,-105.3123724,26.0002834,2837
10,Durango,26,San Dimas,-105.5552482,24.0607854,17333
10,Durango,27,San Juan de Guadalupe,-102.4655397,24.375107,5251
10,Durango,28,San Juan del Río,-104.2733212,24.4641718,12013
10,Durango,29,San Luis del Cordero,-104.164003,25.2503535,2103
10,Durango,30,San Pedro del Gallo,-104.1734203,25.335711,1633
10,Durango,31,Santa Clara,-103.2126,24.2831598,6727
10,Durango,32,Santiago Papasquiaro,-105.2515402,25.0220687,49207
10,Durango,33,Súchil,-103.5518731,23.3719787,6917
10,Durango,34,Tamazula,-106.5759766,24.5813138,26300
10,Durango,35,Tepehuanes,-105.4322807,25.2035551,11378
10,Durango,36,Tlahualilo,-103.2621249,26.0626589,21143
10,Durango,37,Topia,-106.3416305,25.1232481,9320
10,Durango,38,Vicente Guerrero,-103.5916,23.4352,23476
10,Durango,39,Nuevo Ideal,-105.0427139,24.5317928,27981
11,Guanajuato,1,Abasolo,-101.3142098,20.270324,92040
11,Guanajuato,2,Acámbaro,-100.4309575,20.0207369,108697
11,Guanajuato,3,San Miguel de Allende,-100.4248173,20.5414446,174615
11,Guanajuato,4,Apaseo el Alto,-100.3717855,20.2725817,63392
11,Guanajuato,5,Apaseo el Grande,-100.4117581,20.3243023,117883
11,Guanajuato,6,Atarjea,-99.4312962,21.1601345,5296
11,Guanajuato,7,Celaya,-100.4848863,20.3117486,521169
11,Guanajuato,8,Manuel Doblado,-101.5710045,20.4339065,41240
11,Guanajuato,9,Comonfort,-100.4540328,20.4312171,82216
11,Guanajuato,10,Coroneo,-100.2152,20.1155,11083
11,Guanajuato,11,Cortazar,-100.5749424,20.2900623,97928
11,Guanajuato,12,Cuerámaro,-101.4013389,20.3735322,30857
11,Guanajuato,13,Doctor Mora,-100.1908218,21.0833504,27390
11,Guanajuato,14,Dolores Hidalgo Cuna de la Independencia Nacional,-100.5502048,21.0933121,163038
11,Guanajuato,15,Guanajuato,-101.1513037,21.0057951,194500
11,Guanajuato,16,Huanímaro,-101.294872,20.2205788,21128
11,Guanajuato,17,Irapuato,-101.2053221,20.4022085,592953
11,Guanajuato,18,Jaral del Progreso,-101.035031,20.223546,38782
11,Guanajuato,19,Jerécuaro,-100.3037901,20.0900121,49517
11,Guanajuato,20,León,-101.4059519,21.0719099,1721215
11,Guanajuato,21,Moroleón,-101.1121151,20.0754733,47261
11,Guanajuato,22,Ocampo,-101.2840859,21.3854572,26383
11,Guanajuato,23,Pénjamo,-101.4330158,20.2554461,154960
11,Guanajuato,24,Pueblo Nuevo,-101.2215049,20.3133446,12403
11,Guanajuato,25,Purísima del Rincón,-101.5241157,21.0146485,83842
11,Guanajuato,26,Romita,-101.3101622,20.5216374,65766
11,Guanajuato,27,Salamanca,-101.1159695,20.340725,273417
11,Guanajuato,28,Salvatierra,-100.5252896,20.1258023,94126
11,Guanajuato,29,San Diego de la Unión,-100.5223939,21.2758992,41054
11,Guanajuato,30,San Felipe,-101.1257401,21.2845609,119793
11,Guanajuato,31,San Francisco del Rincón,-101.5130665,21.0107253,130871
11,Guanajuato,32,San José Iturbide,-100.2308593,21.0002959,89558
11,Guanajuato,33,San Luis de la Paz,-100.3054452,21.1755738,128536
11,Guanajuato,34,Santa Catarina,-100.0400887,21.0823559,5723
11,Guanajuato,35,Santa Cruz de Juventino Rosas,-100.5938534,20.3835521,82340
11,Guanajuato,36,Santiago Maravatío,-100.5942812,20.1020665,6714
11,Guanajuato,37,Silao de la Victoria,-101.2534378,20.5640021,203556
11,Guanajuato,38,Tarandacuao,-100.3058783,20.0014285,11304
11,Guanajuato,39,Tarimoro,-100.4521391,20.1718746,35905
11,Guanajuato,40,Tierra Blanca,-100.0932954,21.0600009,20007
11,Guanajuato,41,Uriangato,-101.1040984,20.0827642,61494
11,Guanajuato,42,Valle de Santiago,-101.1053147,20.232876,150054
11,Guanajuato,43,Victoria,-100.1257369,21.124382,21253
11,Guanajuato,44,Villagrán,-100.594741,20.3040938,65791
11,Guanajuato,45,Xichú,-100.0334604,21.1754988,11143
11,Guanajuato,46,Yuriria,-101.075136,20.1245876,68741
12,Guerrero,1,Acapulco de Juárez,-99.5311608,16.5142721,779566
12,Guerrero,2,Ahuacuotzingo,-98.5605668,17.425072,25205
12,Guerrero,3,Ajuchitlán del Progreso,-100.2945805,18.0934397,37655
12,Guerrero,4,Alcozauca de Guerrero,-98.2301996,17.2748686,21225
12,Guerrero,5,Alpoyeca,-98.304766,17.401223,7813
12,Guerrero,6,Apaxtla,-99.5556329,18.0748282,11112
12,Guerrero,7,Arcelia,-100.1702227,18.185697,33267
12,Guerrero,8,Atenango del Río,-99.0628091,18.0615635,9147
12,Guerrero,9,Atlamajalcingo del Monte,-98.3618307,17.1841959,5811
12,Guerrero,10,Atlixtac,-98.5559636,17.3349245,28491
12,Guerrero,11,Atoyac de Álvarez,-100.2559266,17.124586,60680
12,Guerrero,12,Ayutla de los Libres,-99.0550582,16.5755033,69123
12,Guerrero,13,Azoyú,-98.3603927,16.4358657,15099
12,Guerrero,14,Benito Juárez,-100.2807205,17.0810931,15442
12,Guerrero,15,Buenavista de Cuéllar,-99.2419232,18.2728394,12982
12,Guerrero,16,Coahuayutla de José María Izazaga,-101.4404601,18.1859022,12408
12,Guerrero,17,Cocula,-99.3940284,18.1409119,15579
12,Guerrero,18,Copala,-98.5843045,16.3631533,14463
12,Guerrero,19,Copalillo,-99.0230208,18.0202945,15598
12,Guerrero,20,Copanatoyac,-98.4248466,17.2742641,21648
12,Guerrero,21,Coyuca de Benítez,-100.0521722,17.0032406,73056
12,Guerrero,22,Coyuca de Catalán,-100.4154837,18.195167,38554
12,Guerrero,23,Cuajinicuilapa,-98.2500281,16.2819148,26627
12,Guerrero,24,Cualác,-98.393862,17.4433942,7874
12,Guerrero,25,Cuautepec,-99.0005564,16.445641,17024
12,Guerrero,26,Cuetzala del Progreso,-99.4953348,18.0802909,8272
12,Guerrero,27,Cutzamala de Pinzón,-100.3442646,18.275488,20537
12,Guerrero,28,Chilapa de Álvarez,-99.1039654,17.3539236,123722
12,Guerrero,29,Chilpancingo de los Bravo,-99.3003826,17.3305938,283354
12,Guerrero,30,Florencio Villarreal,-99.0725634,16.432597,22250
12,Guerrero,31,General Canuto A. Neri,-100.0419386,18.2506545,6278
12,Guerrero,32,General Heliodoro Castillo,-99.5841944,17.4722013,37254
12,Guerrero,33,Huamuxtitlán,-98.3355032,17.4807828,17488
12,Guerrero,34,Huitzuco de los Figueroa,-99.2003491,18.1821528,36593
12,Guerrero,35,Iguala de la Independencia,-99.3218126,18.2040377,154173
12,Guerrero,36,Igualapa,-98.2835823,16.4437368,11739
12,Guerrero,37,Ixcateopan de Cuauhtémoc,-99.473685,18.3008828,6138
12,Guerrero,38,Zihuatanejo de Azueta,-101.3253432,17.3901647,126001
12,Guerrero,39,Juan R. Escudero,-99.3119369,17.1008416,26093
12,Guerrero,40,Leonardo Bravo,-99.4038426,17.3938887,26357
12,Guerrero,41,Malinaltepec,-98.4015987,17.1440662,29625
12,Guerrero,42,Mártir de Cuilapan,-99.1945628,17.4430931,18613
12,Guerrero,43,Metlatónoc,-98.2425558,17.114334,18859
12,Guerrero,44,Mochitlán,-99.221666,17.2820488,12402
12,Guerrero,45,Olinalá,-98.4428523,17.4641996,28446
12,Guerrero,46,Ometepec,-98.2415917,16.4106321,68207
12,Guerrero,47,Pedro Ascencio Alquisiras,-99.5313264,18.3044511,7076
12,Guerrero,48,Petatlán,-101.1628387,17.3217544,44583
12,Guerrero,49,Pilcaya,-99.4034229,18.4451302,12753
12,Guerrero,50,Pungarabato,-100.4005667,18.2144182,38482
12,Guerrero,51,Quechultenango,-99.1427,17.2433,36143
12,Guerrero,52,San Luis Acatlán,-98.4401006,16.4830899,46270
12,Guerrero,53,San Marcos,-99.2324167,16.4750437,50124
12,Guerrero,54,San Miguel Totolapan,-100.2326956,18.094056,24139
12,Guerrero,55,Taxco de Alarcón,-99.3616541,18.3326575,105586
12,Guerrero,56,Tecoanapa,-99.1539155,16.5919876,46063
12,Guerrero,57,Técpan de Galeana,-100.375656,17.1321391,65237
12,Guerrero,58,Teloloapan,-99.5210462,18.2218513,53817
12,Guerrero,59,Tepecoacuilco de Trujano,-99.2800099,18.1713163,30806
12,Guerrero,60,Tetipac,-99.3856336,18.3857787,13552
12,Guerrero,61,Tixtla de Guerrero,-99.2353777,17.3400207,43171
12,Guerrero,62,Tlacoachistlahuaca,-98.1806296,16.4835672,22781
12,Guerrero,63,Tlacoapa,-98.4453561,17.1535814,10092
12,Guerrero,64,Tlalchapa,-100.2841712,18.2431228,11681
12,Guerrero,65,Tlalixtaquilla de Maldonado,-98.2211504,17.3428141,7602
12,Guerrero,66,Tlapa de Comonfort,-98.3455698,17.3249018,96125
12,Guerrero,67,Tlapehuala,-100.3229667,18.1423137,22209
12,Guerrero,68,La Unión de Isidoro Montes de Oca,-101.4820465,17.58564,26349
12,Guerrero,69,Xalpatláhuac,-98.3623217,17.2815151,11966
12,Guerrero,70,Xochihuehuetlán,-98.2915581,17.5420305,7862
12,Guerrero,71,Xochistlahuaca,-98.143288,16.4732725,29891
12,Guerrero,72,Zapotitlán Tablas,-98.4654152,17.2522394,12004
12,Guerrero,73,Zirándaro,-100.5833082,18.2844877,18031
12,Guerrero,74,Zitlala,-99.1106892,17.4125226,21977
12,Guerrero,75,Eduardo Neri,-99.3133372,17.391151,53126
12,Guerrero,76,Acatepec,-98.5437201,17.1930788,40197
12,Guerrero,77,Marquelia,-98.4904267,16.345993,14280
12,Guerrero,78,Cochoapa el Grande,-98.2719007,17.1134681,21241
12,Guerrero,79,José Joaquín de Herrera,-99.0127796,17.2655414,18381
12,Guerrero,80,Juchitán,-98.3812169,16.3737454,7559
12,Guerrero,81,Iliatenco,-98.4108921,17.0243911,11679
13,Hidalgo,1,Acatlán,-98.2618139,20.0845251,22268
13,Hidalgo,2,Acaxochitlán,-98.1211679,20.0931296,46065
13,Hidalgo,3,Actopan,-98.5634442,20.1608709,61002
13,Hidalgo,4,Agua Blanca de Iturbide,-98.212299,20.2058214,10313
13,Hidalgo,5,Ajacuba,-99.0719677,20.053309,18872
13,Hidalgo,6,Alfajayucan,-99.2058521,20.2435896,19162
13,Hidalgo,7,Almoloya,-98.2411855,19.421195,12546
13,Hidalgo,8,Apan,-98.2707,19.4236,46681
13,Hidalgo,9,El Arenal,-98.5439764,20.1317126,19836
13,Hidalgo,10,Atitalaquia,-99.1316063,20.0332957,31525
13,Hidalgo,11,Atlapexco,-98.2053472,21.010161,19812
13,Hidalgo,12,Atotonilco el Grande,-98.4008622,20.1712774,30135
13,Hidalgo,13,Atotonilco de Tula,-99.1312687,20.002796,62470
13,Hidalgo,14,Calnali,-98.3500716,20.534984,16150
13,Hidalgo,15,Cardonal,-99.0701448,20.3648199,19431
13,Hidalgo,16,Cuautepec de Hinojosa,-98.1835057,20.0207692,60421
13,Hidalgo,17,Chapantongo,-99.2447632,20.1707136,12967
13,Hidalgo,18,Chapulhuacán,-98.5416515,21.0933904,22903
13,Hidalgo,19,Chilcuautla,-99.1354288,20.1951462,18909
13,Hidalgo,20,Eloxochitlán,-98.4832907,20.4448183,2593
13,Hidalgo,21,Emiliano Zapata,-98.3250698,19.392523,15175
13,Hidalgo,22,Epazoyucan,-98.3810353,20.0104878,16285
13,Hidalgo,23,Francisco I. Madero,-99.0520017,20.1442668,36248
13,Hidalgo,24,Huasca de Ocampo,-98.3439413,20.1213,17607
13,Hidalgo,25,Huautla,-98.1712555,21.0152992,20673
13,Hidalgo,26,Huazalingo,-98.3027894,20.5849089,12766
13,Hidalgo,27,Huehuetla,-98.0442328,20.27371,22846
13,Hidalgo,28,Huejutla de Reyes,-98.2514142,21.0821163,126781
13,Hidalgo,29,Huichapan,-99.390425,20.2231127,47425
13,Hidalgo,30,Ixmiquilpan,-99.1307585,20.2905524,98654
13,Hidalgo,31,Jacala de Ledezma,-99.1118848,21.0029867,12290
13,Hidalgo,32,Jaltocán,-98.3217966,21.0759275,10523
13,Hidalgo,33,Juárez Hidalgo,-98.49439,20.470138,2895
13,Hidalgo,34,Lolotla,-98.430224,20.5028192,9474
13,Hidalgo,35,Metepec,-98.1919792,20.1418277,13078
13,Hidalgo,36,San Agustín Metzquititlán,-98.3819036,20.3157367,9449
13,Hidalgo,37,Metztitlán,-98.455092,20.354092,20962
13,Hidalgo,38,Mineral del Chico,-98.4352424,20.1256054,8878
13,Hidalgo,39,Mineral del Monte,-98.4017508,20.0825768,14324
13,Hidalgo,40,La Misión,-99.0723472,21.055791,9819
13,Hidalgo,41,Mixquiahuala de Juárez,-99.1249673,20.1345768,47222
13,Hidalgo,42,Molango de Escamilla,-98.4350929,20.4711394,11578
13,Hidalgo,43,Nicolás Flores,-99.0902,20.4604,6265
13,Hidalgo,44,Nopala de Villagrán,-99.3839258,20.1506805,16948
13,Hidalgo,45,Omitlán de Juárez,-98.38551,20.10102,9295
13,Hidalgo,46,San Felipe Orizatlán,-98.3628135,21.1015397,38492
13,Hidalgo,47,Pacula,-99.1745957,21.0302955,4748
13,Hidalgo,48,Pachuca de Soto,-98.4413202,20.0720495,314331
13,Hidalgo,49,Pisaflores,-99.002159,21.1141215,18723
13,Hidalgo,50,Progreso de Obregón,-99.1121692,20.1453503,23641
13,Hidalgo,51,Mineral de la Reforma,-98.4145725,20.0420537,202749
13,Hidalgo,52,San Agustín Tlaxiaca,-98.5312399,20.0656379,38891
13,Hidalgo,53,San Bartolo Tutotepec,-98.1207415,20.2356914,17699
13,Hidalgo,54,San Salvador,-99.0056174,20.1704445,36796
13,Hidalgo,55,Santiago de Anaya,-98.5750229,20.2257295,18329
13,Hidalgo,56,Santiago Tulantepec de Lugo Guerrero,-98.2125223,20.0221095,39561
13,Hidalgo,57,Singuilucan,-98.3102,19.5803,15142
13,Hidalgo,58,Tasquillo,-99.1845202,20.330638,17441
13,Hidalgo,59,Tecozautla,-99.3805726,20.3201942,38010
13,Hidalgo,60,Tenango de Doria,-98.1336223,20.2017,17503
13,Hidalgo,61,Tepeapulco,-98.3313182,19.4708426,56245
13,Hidalgo,62,Tepehuacán de Guerrero,-98.5037438,21.0050704,31235
13,Hidalgo,63,Tepeji del Río de Ocampo,-99.2030531,19.5418782,90546
13,Hidalgo,64,Tepetitlán,-99.2249218,20.1113015,10830
13,Hidalgo,65,Tetepango,-99.0922044,20.0609558,11768
13,Hidalgo,66,Villa de Tezontepec,-98.4909444,19.5247499,13032
13,Hidalgo,67,Tezontepec de Aldama,-99.1621658,20.1133942,55134
13,Hidalgo,68,Tianguistengo,-98.3751064,20.4341565,14340
13,Hidalgo,69,Tizayuca,-98.5853703,19.502792,168302
13,Hidalgo,70,Tlahuelilpan,-99.1404847,20.0750258,19067
13,Hidalgo,71,Tlahuiltepa,-98.5700724,20.5526087,9086
13,Hidalgo,72,Tlanalapa,-98.3614087,19.4904419,11113
13,Hidalgo,73,Tlanchinol,-98.3937024,20.5921644,37722
13,Hidalgo,74,Tlaxcoapan,-99.1317736,20.0529812,28626
13,Hidalgo,75,Tolcayuca,-98.551834,19.5723728,21362
13,Hidalgo,76,Tula de Allende,-99.203548,20.0318791,115107
13,Hidalgo,77,Tulancingo de Bravo,-98.2205062,20.0450178,168369
13,Hidalgo,78,Xochiatipan,-98.1704313,20.500774,18260
13,Hidalgo,79,Xochicoatlán,-98.4047007,20.4636677,7015
13,Hidalgo,80,Yahualica,-98.2258322,20.5705936,24674
13,Hidalgo,81,Zacualtipán de Ángeles,-98.3913057,20.3842653,38155
13,Hidalgo,82,Zapotlán de Juárez,-98.5142778,19.582657,21443
13,Hidalgo,83,Zempoala,-98.400527,19.5455428,57906
13,Hidalgo,84,Zimapán,-99.2259207,20.4417048,39927
14,Jalisco,1,Acatic,-102.5419,20.4646,23175
14,Jalisco,2,Acatlán de Juárez,-103.3514,20.2517,25250
14,Jalisco,3,Ahualulco de Mercado,-103.583,20.4202,23630
14,Jalisco,4,Amacueca,-103.3546,20.0038,5743
14,Jalisco,5,Amatitán,-103.4348,20.5006,16490
14,Jalisco,6,Ameca,-104.0235,20.3255,60386
14,Jalisco,7,San Juanito de Escobedo,-104.0003549,20.4801683,9433
14,Jalisco,8,Arandas,-102.2025,20.422,80609
14,Jalisco,9,El Arenal,-103.4138,20.4634,21115
14,Jalisco,10,Atemajac de Brizuela,-103.4328328,20.0822018,7758
14,Jalisco,11,Atengo,-104.1404,20.1632,5599
14,Jalisco,12,Atenguillo,-104.2933,20.2453,4176
14,Jalisco,13,Atotonilco el Alto,-102.3015,20.3302,64009
14,Jalisco,14,Atoyac,-103.3059,20.0038,8689
14,Jalisco,15,Autlán de Navarro,-104.2155,19.4617,64931
14,Jalisco,16,Ayotlán,-102.1942,20.3141,41552
14,Jalisco,17,Ayutla,-104.2052,20.0745,12880
14,Jalisco,18,La Barca,-102.3231,20.1725,67937
14,Jalisco,19,Bolaños,-103.4653399,21.4951132,7043
14,Jalisco,20,Cabo Corrientes,-105.1926,20.1906,10940
14,Jalisco,21,Casimiro Castillo,-104.2605,19.3613,20548
14,Jalisco,22,Cihuatlán,-104.3346792,19.1418036,40139
14,Jalisco,23,Zapotlán el Grande,-103.2751,19.4231,115141
14,Jalisco,24,Cocula,-103.4927,20.2203,29267
14,Jalisco,25,Colotlán,-103.1553,22.0702,19689
14,Jalisco,26,Concepción de Buenos Aires,-103.1526,19.5843,6334
14,Jalisco,27,Cuautitlán de García Barragán,-104.2125,19.2659,18370
14,Jalisco,28,Cuautla,-104.2427,20.1205,2166
14,Jalisco,29,Cuquío,-103.0126,20.5539,17820
14,Jalisco,30,Chapala,-103.1123,20.1736,55196
14,Jalisco,31,Chimaltitán,-103.4650541,21.4643915,3270
14,Jalisco,32,Chiquilistlán,-103.5129,20.0519,5983
14,Jalisco,33,Degollado,-102.0806,20.2651,21226
14,Jalisco,34,Ejutla,-104.0943,19.5423,1981
14,Jalisco,35,Encarnación de Díaz,-102.1359,21.3128,53039
14,Jalisco,36,Etzatlán,-104.0442,20.4602,20011
14,Jalisco,37,El Grullo,-104.1256,19.4827,25920
14,Jalisco,38,Guachinango,-104.2238,20.3435,4199
14,Jalisco,39,Guadalajara,-103.2032,20.4035,1385629
14,Jalisco,40,Hostotipaquillo,-104.0301,21.0329,8732
14,Jalisco,41,Huejúcar,-103.1242,22.2144,5920
14,Jalisco,42,Huejuquilla el Alto,-103.5339,22.3743,10015
14,Jalisco,43,La Huerta,-104.3836,19.2906,23258
14,Jalisco,44,Ixtlahuacán de los Membrillos,-103.1134678,20.205689,67969
14,Jalisco,45,Ixtlahuacán del Río,-103.1421,20.5151,20465
14,Jalisco,46,Jalostotitlán,-102.274,21.1007,32678
14,Jalisco,47,Jamay,-102.4234981,20.1740199,24894
14,Jalisco,48,Jesús María,-102.1312,20.3627,18982
14,Jalisco,49,Jilotlán de los Dolores,-103.0111,19.2214,9425
14,Jalisco,50,Jocotepec,-103.2531,20.1704,47105
14,Jalisco,51,Juanacatlán,-103.1002,20.3034,30855
14,Jalisco,52,Juchitlán,-104.0546497,20.050188,5534
14,Jalisco,53,Lagos de Moreno,-101.5545,21.2123,172403
14,Jalisco,54,El Limón,-104.0908,19.4928,5368
14,Jalisco,55,Magdalena,-103.5834,20.5423,21781
14,Jalisco,56,Santa María del Oro,-102.543,19.3515,1815
14,Jalisco,57,La Manzanilla de la Paz,-103.09,20.0016,4099
14,Jalisco,58,Mascota,-104.4656,20.3132,14451
14,Jalisco,59,Mazamitla,-103.0113,19.5502,14043
14,Jalisco,60,Mexticacán,-102.464,21.1547,5307
14,Jalisco,61,Mezquitic,-103.4341241,22.2324,22083
14,Jalisco,62,Mixtlán,-104.2432,20.2626,3638
14,Jalisco,63,Ocotlán,-102.4605,20.2105,106050
14,Jalisco,64,Ojuelos de Jalisco,-101.3536,21.5151,33588
14,Jalisco,65,Pihuamo,-103.2230135,19.1508781,11386
14,Jalisco,66,Poncitlán,-102.5527,20.2253,53659
14,Jalisco,67,Puerto Vallarta,-105.1338,20.3649,291839
14,Jalisco,68,Villa Purificación,-104.3618,19.4309,11303
14,Jalisco,69,Quitupan,-102.5219749,19.5539545,7734
14,Jalisco,70,El Salto,-103.1054,20.311,232852
14,Jalisco,71,San Cristóbal de la Barranca,-103.2545,21.024,2924
14,Jalisco,72,San Diego de Alejandría,-101.5937,20.5935,7609
14,Jalisco,73,San Juan de los Lagos,-102.1958,21.1452,72230
14,Jalisco,74,San Julián,-102.1051,21.0035,16792
14,Jalisco,75,San Marcos,-104.1151,20.4724,3791
14,Jalisco,76,San Martín de Bolaños,-103.4851116,21.4100803,3095
14,Jalisco,77,San Martín Hidalgo,-103.5543,20.2606,28102
14,Jalisco,78,San Miguel el Alto,-102.2353,21.015,31965
14,Jalisco,79,Gómez Farías,-103.2823,19.474,16431
14,Jalisco,80,San Sebastián del Oeste,-104.5106,20.4539,5086
14,Jalisco,81,Santa María de los Ángeles,-103.1323,22.1024,3515
14,Jalisco,82,Sayula,-103.355,19.5301,37186
14,Jalisco,83,Tala,-103.421,20.3909,87690
14,Jalisco,84,Talpa de Allende,-104.4905,20.2253,14997
14,Jalisco,85,Tamazula de Gordiano,-103.15,19.4035,38955
14,Jalisco,86,Tapalpa,-103.4515,19.5644,21245
14,Jalisco,87,Tecalitlán,-103.1824,19.281,16705
14,Jalisco,88,Tecolotlán,-104.0242,20.1213,16603
14,Jalisco,89,Techaluta de Montenegro,-103.3306,20.0427,4072
14,Jalisco,90,Tenamaxtlán,-104.0937,20.1307,7302
14,Jalisco,91,Teocaltiche,-102.3413,21.2604,39839
14,Jalisco,92,Teocuitatlán de Corona,-103.2248,20.0536,11039
14,Jalisco,93,Tepatitlán de Morelos,-102.4526,20.4903,150190
14,Jalisco,94,Tequila,-103.5008328,20.5245982,44353
14,Jalisco,95,Teuchitlán,-103.5057,20.4107,9647
14,Jalisco,96,Tizapán el Alto,-103.0221,20.0931,22758
14,Jalisco,97,Tlajomulco de Zúñiga,-103.2635,20.2825,727750
14,Jalisco,98,San Pedro Tlaquepaque,-103.1826,20.3819,687127
14,Jalisco,99,Tolimán,-103.5452,19.36,11219
14,Jalisco,100,Tomatlán,-105.1442981,19.562949,36316
14,Jalisco,101,Tonalá,-103.1444,20.3724,569913
14,Jalisco,102,Tonaya,-103.5815,19.4703,5961
14,Jalisco,103,Tonila,-103.3258,19.2439,7565
14,Jalisco,104,Totatiche,-103.2637,21.5543,4180
14,Jalisco,105,Tototlán,-102.4721183,20.3237009,23573
14,Jalisco,106,Tuxcacuesco,-103.5900913,19.4149991,5482
14,Jalisco,107,Tuxcueca,-103.1102,20.092,6702
14,Jalisco,108,Tuxpan,-103.222,19.3316,37518
14,Jalisco,109,Unión de San Antonio,-102.0026,21.0741,19069
14,Jalisco,110,Unión de Tula,-104.1552,19.5716,13799
14,Jalisco,111,Valle de Guadalupe,-102.3703961,21.0038153,6627
14,Jalisco,112,Valle de Juárez,-102.5625,19.5601,6151
14,Jalisco,113,San Gabriel,-103.4559249,19.4452018,16548
14,Jalisco,114,Villa Corona,-103.3941,20.2459,19063
14,Jalisco,115,Villa Guerrero,-103.3548,21.5859,5525
14,Jalisco,116,Villa Hidalgo,-102.3507,21.4028,20088
14,Jalisco,117,Cañadas de Obregón,-102.4107,21.0855,4388
14,Jalisco,118,Yahualica de González Gallo,-102.5314,21.1057,22394
14,Jalisco,119,Zacoalco de Torres,-103.3355,20.1343,30472
14,Jalisco,120,Zapopan,-103.2320356,20.4315463,1476491
14,Jalisco,121,Zapotiltic,-103.2445,19.3732,33713
14,Jalisco,122,Zapotitlán de Vadillo,-103.4845746,19.3253311,7466
14,Jalisco,123,Zapotlán del Rey,-102.5534,20.2759,19279
14,Jalisco,124,Zapotlanejo,-103.0351,20.3721,64806
14,Jalisco,125,San Ignacio Cerro Gordo,-102.321,20.4435,18341
15,México,1,Acambay de Ruíz Castañeda,-99.5038515,19.5722423,67872
15,México,2,Acolman,-98.544286,19.3807832,171507
15,México,3,Aculco,-99.4940766,20.055779,49266
15,México,4,Almoloya de Alquisiras,-99.5337681,18.5202038,15333
15,México,5,Almoloya de Juárez,-99.4530787,19.2209455,174587
15,México,6,Almoloya del Río,-99.291983,19.0933791,12694
15,México,7,Amanalco,-100.0111935,19.1508557,23675
15,México,8,Amatepec,-100.1109772,18.4100566,25244
15,México,9,Amecameca,-98.4611318,19.0743266,53441
15,México,10,Apaxco,-99.1026986,19.5831169,31898
15,México,11,Atenco,-98.5448051,19.3333621,75489
15,México,12,Atizapán,-99.2916591,19.1036328,12984
15,México,13,Atizapán de Zaragoza,-99.1406147,19.3235414,523674
15,México,14,Atlacomulco,-99.5227314,19.4800103,109384
15,México,15,Atlautla,-98.4657599,19.0151099,31900
15,México,16,Axapusco,-98.4529989,19.4328049,29128
15,México,17,Ayapango,-98.480902,19.0737997,10053
15,México,18,Calimaya,-99.3707195,19.094761,68489
15,México,19,Capulhuac,-99.275187,19.1135244,36921
15,México,20,Coacalco de Berriozábal,-99.0615758,19.3745476,293444
15,México,21,Coatepec Harinas,-99.4606667,18.5532558,38643
15,México,22,Cocotitlán,-98.5143027,19.135108,15107
15,México,23,Coyotepec,-99.1228729,19.4631827,40885
15,México,24,Cuautitlán,-99.1043069,19.3954221,178847
15,México,25,Chalco,-98.5344357,19.1540074,400057
15,México,26,Chapa de Mota,-99.3133582,19.4848475,31737
15,México,27,Chapultepec,-99.3342742,19.1204185,12772
15,México,28,Chiautla,-98.5252856,19.3255147,30045
15,México,29,Chicoloapan,-98.5407244,19.2500355,200750
15,México,30,Chiconcuac,-98.5343105,19.33098,27692
15,México,31,Chimalhuacán,-98.5643077,19.2500867,705193
15,México,32,Donato Guerra,-100.0838981,19.183072,37436
15,México,33,Ecatepec de Morelos,-99.0256971,19.355665,1645352
15,México,34,Ecatzingo,-98.4509353,18.5731374,10827
15,México,35,Huehuetoca,-99.1214897,19.5001038,163244
15,México,36,Hueypoxtla,-99.0442132,19.5425342,46757
15,México,37,Huixquilucan,-99.210609,19.2136648,284965
15,México,38,Isidro Fabela,-99.2502568,19.3320129,11929
15,México,39,Ixtapaluca,-98.530329,19.1847176,542211
15,México,40,Ixtapan de la Sal,-99.4032962,18.504058,36911
15,México,41,Ixtapan del Oro,-100.1551176,19.1544136,6475
15,México,42,Ixtlahuaca,-99.4609362,19.341133,160139
15,México,43,Xalatlaco,-99.244945,19.1103792,30687
15,México,44,Jaltenco,-99.0538513,19.4507996,28217
15,México,45,Jilotepec,-99.3158183,19.5710204,87671
15,México,46,Jilotzingo,-99.2349686,19.3220105,19877
15,México,47,Jiquipilco,-99.3630959,19.3327356,76826
15,México,48,Jocotitlán,-99.4708871,19.4242544,69264
15,México,49,Joquicingo,-99.3154544,19.0257222,15428
15,México,50,Juchitepec,-98.5251296,19.0606883,27116
15,México,51,Lerma,-99.3042541,19.1707344,170327
15,México,52,Malinalco,-99.2951235,18.570843,28155
15,México,53,Melchor Ocampo,-99.083645,19.423749,61220
15,México,54,Metepec,-99.361617,19.1508712,242307
15,México,55,Mexicaltzingo,-99.3512674,19.1239994,13807
15,México,56,Morelos,-99.4003973,19.4713122,33164
15,México,57,Naucalpan de Juárez,-99.1359585,19.284369,834434
15,México,58,Nezahualcóyotl,-99.010552,19.2431548,1077208
15,México,59,Nextlalpan,-99.0449215,19.4423519,57082
15,México,60,Nicolás Romero,-99.1857233,19.3732574,430601
15,México,61,Nopaltepec,-98.4234359,19.4643674,10351
15,México,62,Ocoyoacac,-99.2720503,19.1609411,72103
15,México,63,Ocuilan,-99.2500999,18.5844731,36223
15,México,64,El Oro,-100.0750393,19.4807715,36937
15,México,65,Otumba,-98.4527699,19.4159473,36331
15,México,66,Otzoloapan,-100.1751762,19.070267,4891
15,México,67,Otzolotepec,-99.3330922,19.2458343,88783
15,México,68,Ozumba,-98.4743402,19.0221037,30785
15,México,69,Papalotla,-98.5129553,19.3348159,4862
15,México,70,La Paz,-98.5835766,19.2130193,304088
15,México,71,Polotitlán,-99.4853082,20.1325714,14985
15,México,72,Rayón,-99.3454261,19.0852838,15972
15,México,73,San Antonio la Isla,-99.3409609,19.0950758,31962
15,México,74,San Felipe del Progreso,-99.571186,19.4250127,144924
15,México,75,San Martín de las Pirámides,-98.5004288,19.4217436,29182
15,México,76,San Mateo Atenco,-99.3147,19.1551,97418
15,México,77,San Simón de Guerrero,-100.0026201,19.012312,6692
15,México,78,Santo Tomás,-100.1535212,19.10587,9729
15,México,79,Soyaniquilpan de Juárez,-99.3140426,20.0050008,14323
15,México,80,Sultepec,-99.5759147,18.5130765,24145
15,México,81,Tecámac,-98.5801713,19.4236746,547503
15,México,82,Tejupilco,-100.091225,18.5420507,79282
15,México,83,Temamatla,-98.5211648,19.1209866,14130
15,México,84,Temascalapa,-98.5402996,19.4940288,43593
15,México,85,Temascalcingo,-100.001469,19.5457281,66414
15,México,86,Temascaltepec,-100.0228894,19.0235069,35014
15,México,87,Temoaya,-99.3541662,19.281205,105766
15,México,88,Tenancingo,-99.353783,18.5742589,104677
15,México,89,Tenango del Aire,-98.5140664,19.0925212,11359
15,México,90,Tenango del Valle,-99.352967,19.0613539,90518
15,México,91,Teoloyucan,-99.1059034,19.4443676,65459
15,México,92,Teotihuacán,-98.520706,19.4107726,58507
15,México,93,Tepetlaoxtoc,-98.4910987,19.3424115,32564
15,México,94,Tepetlixpa,-98.4910949,19.0146254,20500
15,México,95,Tepotzotlán,-99.1324652,19.4249601,103696
15,México,96,Tequixquiac,-99.0856087,19.5436996,39489
15,México,97,Texcaltitlán,-99.5621396,18.5549402,18482
15,México,98,Texcalyacac,-99.3011049,19.0756019,5736
15,México,99,Texcoco,-98.5253344,19.3048383,277562
15,México,100,Tezoyuca,-98.5430613,19.3525125,47044
15,México,101,Tianguistenco,-99.280278,19.1052371,84259
15,México,102,Timilpan,-99.4401604,19.5234209,16414
15,México,103,Tlalmanalco,-98.4809193,19.1221252,49196
15,México,104,Tlalnepantla de Baz,-99.1142714,19.3218684,672202
15,México,105,Tlatlaya,-100.1228192,18.370423,31762
15,México,106,Toluca,-99.392634,19.1736557,910608
15,México,107,Tonatico,-99.4015366,18.480727,12912
15,México,108,Tultepec,-99.0742979,19.4107973,157645
15,México,109,Tultitlán,-99.1009102,19.3851048,516341
15,México,110,Valle de Bravo,-100.0753785,19.1139821,61590
15,México,111,Villa de Allende,-100.0857682,19.22243,53275
15,México,112,Villa del Carbón,-99.2747087,19.4339318,51498
15,México,113,Villa Guerrero,-99.3831199,18.5742151,69086
15,México,114,Villa Victoria,-99.5942181,19.2630752,108196
15,México,115,Xonacatlán,-99.3149425,19.2415909,54633
15,México,116,Zacazonapan,-100.1522017,19.0428046,5109
15,México,117,Zacualpan,-99.4632238,18.4307213,13522
15,México,118,Zinacantepec,-99.4406135,19.1705663,203872
15,México,119,Zumpahuacán,-99.3508144,18.502734,18833
15,México,120,Zumpango,-99.0602282,19.4749643,280455
15,México,121,Cuautitlán Izcalli,-99.123343,19.3925184,555163
15,México,122,Valle de Chalco Solidaridad,-98.5636415,19.1643554,391731
15,México,123,Luvianos,-100.1758007,18.5513736,28822
15,México,124,San José del Rincón,-100.0907001,19.3939755,100082
15,México,125,Tonanitla,-99.0315702,19.4117382,14883
16,Michoacán de Ocampo,1,Acuitzio,-101.1958265,19.2946507,11301
16,Michoacán de Ocampo,2,Aguililla,-102.4718167,18.4403233,14754
16,Michoacán de Ocampo,3,Álvaro Obregón,-101.0218546,19.4934701,23000
16,Michoacán de Ocampo,4,Angamacutiro,-101.4229919,20.0858756,14943
16,Michoacán de Ocampo,5,Angangueo,-100.1707841,19.3711399,10892
16,Michoacán de Ocampo,6,Apatzingán,-102.2118952,19.0514018,126191
16,Michoacán de Ocampo,7,Aporo,-100.244006,19.401501,3529
16,Michoacán de Ocampo,8,Aquila,-103.3017115,18.3556899,24676
16,Michoacán de Ocampo,9,Ario,-101.4233818,19.1228106,36268
16,Michoacán de Ocampo,10,Arteaga,-102.1724225,18.2120498,20332
16,Michoacán de Ocampo,11,Briseñas,-102.3339807,20.1616443,11681
16,Michoacán de Ocampo,12,Buenavista,-102.3516407,19.1242247,45538
16,Michoacán de Ocampo,13,Carácuaro,-101.0737167,19.010231,9176
16,Michoacán de Ocampo,14,Coahuayana,-103.3946553,18.4208908,17022
16,Michoacán de Ocampo,15,Coalcomán de Vázquez Pallares,-103.0934397,18.4637556,19633
16,Michoacán de Ocampo,16,Coeneo,-101.3501503,19.4915541,20965
16,Michoacán de Ocampo,17,Contepec,-100.0952046,19.5718969,35070
16,Michoacán de Ocampo,18,Copándaro,-101.1255098,19.5337766,9484
16,Michoacán de Ocampo,19,Cotija,-102.4220959,19.4837027,20198
16,Michoacán de Ocampo,20,Cuitzeo,-101.0822503,19.5805569,29910
16,Michoacán de Ocampo,21,Charapan,-102.1509856,19.3900609,13539
16,Michoacán de Ocampo,22,Charo,-101.0246726,19.4448013,25138
16,Michoacán de Ocampo,23,Chavinda,-102.2730905,20.0024979,10417
16,Michoacán de Ocampo,24,Cherán,-101.5717338,19.4115546,20586
16,Michoacán de Ocampo,25,Chilchota,-102.0709974,19.5057145,40560
16,Michoacán de Ocampo,26,Chinicuila,-103.2204081,18.4529405,4773
16,Michoacán de Ocampo,27,Chucándiro,-101.2000209,19.5359874,4944
16,Michoacán de Ocampo,28,Churintzio,-102.0357314,20.0903455,5233
16,Michoacán de Ocampo,29,Churumuco,-101.3847589,18.3952408,12342
16,Michoacán de Ocampo,30,Ecuandureo,-102.1140439,20.0945416,11850
16,Michoacán de Ocampo,31,Epitacio Huerta,-100.1737399,20.0804882,16112
16,Michoacán de Ocampo,32,Erongarícuaro,-101.431231,19.351771,15715
16,Michoacán de Ocampo,33,Gabriel Zamora,-102.0314274,19.0935294,21466
16,Michoacán de Ocampo,34,Hidalgo,-100.3318581,19.4121663,125712
16,Michoacán de Ocampo,35,La Huacana,-101.4831922,18.5746393,30627
16,Michoacán de Ocampo,36,Huandacareo,-101.1633072,19.5919336,11644
16,Michoacán de Ocampo,37,Huaniqueo,-101.3018545,19.5356383,7945
16,Michoacán de Ocampo,38,Huetamo,-100.5359009,18.3735133,41973
16,Michoacán de Ocampo,39,Huiramba,-101.2616774,19.3247332,9015
16,Michoacán de Ocampo,40,Indaparapeo,-100.5806575,19.4724214,18385
16,Michoacán de Ocampo,41,Irimbo,-100.2844762,19.4150955,16043
16,Michoacán de Ocampo,42,Ixtlán,-102.2340646,20.1006118,14302
16,Michoacán de Ocampo,43,Jacona,-102.1821684,19.5722759,68781
16,Michoacán de Ocampo,44,Jiménez,-101.4457454,19.5520159,12946
16,Michoacán de Ocampo,45,Jiquilpan,-102.4306828,19.5922989,36158
16,Michoacán de Ocampo,46,Juárez,-100.2558049,19.1844193,14936
16,Michoacán de Ocampo,47,Jungapeo,-100.2940603,19.2731411,19834
16,Michoacán de Ocampo,48,Lagunillas,-101.2453205,19.3352643,5745
16,Michoacán de Ocampo,49,Madero,-101.1639416,19.2331634,19086
16,Michoacán de Ocampo,50,Maravatío,-100.2630002,19.5330025,89311
16,Michoacán de Ocampo,51,Marcos Castellanos,-103.0117415,19.5924857,13983
16,Michoacán de Ocampo,52,Lázaro Cárdenas,-102.1152731,17.5744403,196003
16,Michoacán de Ocampo,53,Morelia,-101.1131367,19.4212182,849053
16,Michoacán de Ocampo,54,Morelos,-101.2444589,20.0015307,7983
16,Michoacán de Ocampo,55,Múgica,-102.0512243,19.0143697,45732
16,Michoacán de Ocampo,56,Nahuatzen,-101.5501693,19.3914664,32598
16,Michoacán de Ocampo,57,Nocupétaro,-101.0944025,19.0235868,8196
16,Michoacán de Ocampo,58,Nuevo Parangaricutiro,-102.0747567,19.2459918,20981
16,Michoacán de Ocampo,59,Nuevo Urecho,-101.5207849,19.095714,9027
16,Michoacán de Ocampo,60,Numarán,-101.564991,20.1517639,9437
16,Michoacán de Ocampo,61,Ocampo,-100.2021415,19.3501852,24774
16,Michoacán de Ocampo,62,Pajacuarán,-102.3355848,20.0700818,21028
16,Michoacán de Ocampo,63,Panindícuaro,-101.4541255,19.5902252,14889
16,Michoacán de Ocampo,64,Parácuaro,-102.1312173,19.0844783,26832
16,Michoacán de Ocampo,65,Paracho,-102.0254483,19.3850268,39657
16,Michoacán de Ocampo,66,Pátzcuaro,-101.3636419,19.3048952,98382
16,Michoacán de Ocampo,67,Penjamillo,-101.5601217,20.0616086,16621
16,Michoacán de Ocampo,68,Peribán,-102.2458278,19.3114617,29389
16,Michoacán de Ocampo,69,La Piedad,-102.0121194,20.2029221,106490
16,Michoacán de Ocampo,70,Purépero,-102.0024266,19.5435867,15503
16,Michoacán de Ocampo,71,Puruándiro,-101.3054721,20.0519195,69260
16,Michoacán de Ocampo,72,Queréndaro,-100.5300555,19.4836099,13961
16,Michoacán de Ocampo,73,Quiroga,-101.3126413,19.394963,27176
16,Michoacán de Ocampo,74,Cojumatlán de Régules,-102.5103618,20.0708394,10553
16,Michoacán de Ocampo,75,Los Reyes,-102.2828844,19.3520307,78935
16,Michoacán de Ocampo,76,Sahuayo,-102.430047,20.0327662,78477
16,Michoacán de Ocampo,77,San Lucas,-100.4705108,18.3529079,17677
16,Michoacán de Ocampo,78,Santa Ana Maya,-101.0118346,20.003021,12812
16,Michoacán de Ocampo,79,Salvador Escalante,-101.3823272,19.2421905,49896
16,Michoacán de Ocampo,80,Senguio,-100.2108666,19.4400027,19833
16,Michoacán de Ocampo,81,Susupuato,-100.2430001,19.1254555,9076
16,Michoacán de Ocampo,82,Tacámbaro,-101.2726381,19.1407932,79540
16,Michoacán de Ocampo,83,Tancítaro,-102.2146923,19.2014991,33453
16,Michoacán de Ocampo,84,Tangamandapio,-102.2558082,19.5714382,31716
16,Michoacán de Ocampo,85,Tangancícuaro,-102.1230432,19.5317644,35256
16,Michoacán de Ocampo,86,Tanhuato,-102.1939507,20.170172,15534
16,Michoacán de Ocampo,87,Taretan,-101.5504455,19.2004424,15589
16,Michoacán de Ocampo,88,Tarímbaro,-101.1035011,19.4744396,114513
16,Michoacán de Ocampo,89,Tepalcatepec,-102.5037348,19.112892,24074
16,Michoacán de Ocampo,90,Tingambato,-101.5112515,19.3006818,16325
16,Michoacán de Ocampo,91,Tingüindín,-102.28591,19.4420227,14934
16,Michoacán de Ocampo,92,Tiquicheo de Nicolás Romero,-100.4411234,18.5401762,12836
16,Michoacán de Ocampo,93,Tlalpujahua,-100.1024934,19.4819095,28556
16,Michoacán de Ocampo,94,Tlazazalca,-102.0324046,19.581645,6420
16,Michoacán de Ocampo,95,Tocumbo,-102.3115456,19.4211854,12325
16,Michoacán de Ocampo,96,Tumbiscatío,-102.2230081,18.3129284,5971
16,Michoacán de Ocampo,97,Turicato,-101.2511258,19.0313529,29056
16,Michoacán de Ocampo,98,Tuxpan,-100.2749602,19.3404658,25757
16,Michoacán de Ocampo,99,Tuzantla,-100.342303,19.1227383,14329
16,Michoacán de Ocampo,100,Tzintzuntzan,-101.3437024,19.3731577,14911
16,Michoacán de Ocampo,101,Tzitzio,-100.5528745,19.3507836,8855
16,Michoacán de Ocampo,102,Uruapan,-102.0346077,19.2515195,356786
16,Michoacán de Ocampo,103,Venustiano Carranza,-102.39085,20.0657507,23469
16,Michoacán de Ocampo,104,Villamar,-102.3544803,20.0115081,15864
16,Michoacán de Ocampo,105,Vista Hermosa,-102.2825126,20.1623214,20982
16,Michoacán de Ocampo,106,Yurécuaro,-102.1656731,20.202792,32303
16,Michoacán de Ocampo,107,Zacapu,-101.4734295,19.4907027,76829
16,Michoacán de Ocampo,108,Zamora,-102.1709448,19.5900886,204860
16,Michoacán de Ocampo,109,Zináparo,-101.5955587,20.102348,3232
16,Michoacán de Ocampo,110,Zinapécuaro,-100.4939299,19.5136989,49005
16,Michoacán de Ocampo,111,Ziracuaretiro,-101.5436678,19.2501694,18402
16,Michoacán de Ocampo,112,Zitácuaro,-100.212695,19.2613849,157056
16,Michoacán de Ocampo,113,José Sixto Verduzco,-101.3548681,20.1807863,26213
17,Morelos,1,Amacuzac,-99.2210251,18.3600006,17598
17,Morelos,2,Atlatlahucan,-98.5357031,18.5610575,25232
17,Morelos,3,Axochiapan,-98.4514683,18.3008663,39174
17,Morelos,4,Ayala,-98.585571,18.4601512,89834
17,Morelos,5,Coatlán del Río,-99.2605282,18.4439068,10520
17,Morelos,6,Cuautla,-98.5718953,18.4846038,187118
17,Morelos,7,Cuernavaca,-99.1405629,18.5518418,378476
17,Morelos,8,Emiliano Zapata,-99.1059674,18.5027543,107053
17,Morelos,9,Huitzilac,-99.160283,19.0144519,24515
17,Morelos,10,Jantetelco,-98.4638283,18.4254741,18402
17,Morelos,11,Jiutepec,-99.1037914,18.5255108,215357
17,Morelos,12,Jojutla,-99.1051757,18.3659639,57682
17,Morelos,13,Jonacatepec de Leandro Valle,-98.4811603,18.4050485,16694
17,Morelos,14,Mazatepec,-99.2201099,18.4359464,9653
17,Morelos,15,Miacatlán,-99.2136955,18.4611937,15802
17,Morelos,16,Ocuituco,-98.4632511,18.5239694,19219
17,Morelos,17,Puente de Ixtla,-99.1925325,18.370075,40018
17,Morelos,18,Temixco,-99.1326915,18.5042984,122263
17,Morelos,19,Tepalcingo,-98.5039684,18.3541051,28122
17,Morelos,20,Tepoztlán,-99.0604417,18.5911246,54987
17,Morelos,21,Tetecala,-99.2354899,18.4344282,7617
17,Morelos,22,Tetela del Volcán,-98.4348236,18.533669,14853
17,Morelos,23,Tlalnepantla,-98.5950468,19.0028537,7943
17,Morelos,24,Tlaltizapán de Zapata,-99.0705444,18.4058664,52399
17,Morelos,25,Tlaquiltenango,-99.0945584,18.3748108,33789
17,Morelos,26,Tlayacapan,-98.5859223,18.5723822,19408
17,Morelos,27,Totolapan,-98.551718,18.5914004,12750
17,Morelos,28,Xochitepec,-99.1353266,18.4654716,73539
17,Morelos,29,Yautepec,-99.0338715,18.5309822,105780
17,Morelos,30,Yecapixtla,-98.5205317,18.5300311,56083
17,Morelos,31,Zacatepec,-99.1139404,18.3919469,36094
17,Morelos,32,Zacualpan de Amilpas,-98.4555523,18.4703815,9965
17,Morelos,33,Temoac,-98.4640955,18.4620334,16574
17,Morelos,34,Coatetelco,-99.1937407,18.4349749,11347
17,Morelos,35,Xoxocotla,-99.1441621,18.4111662,27805
17,Morelos,36,Hueyapan,-98.4126463,18.5306484,7855
18,Nayarit,1,Acaponeta,-105.2136663,22.2921795,37232
18,Nayarit,2,Ahuacatlán,-104.2904792,21.0302113,15393
18,Nayarit,3,Amatlán de Cañas,-104.24194,20.4828016,11536
18,Nayarit,4,Compostela,-104.540215,21.1415107,77436
18,Nayarit,5,Huajicori,-105.1911946,22.3814139,12230
18,Nayarit,6,Ixtlán del Río,-104.220808,21.0206199,29299
18,Nayarit,7,Jala,-104.261758,21.0617356,19321
18,Nayarit,8,Xalisco,-104.5359048,21.2637274,65229
18,Nayarit,9,Del Nayar,-104.3104593,22.150405,47550
18,Nayarit,10,Rosamorada,-105.1214869,22.0721163,33567
18,Nayarit,11,Ruíz,-105.0842204,21.570091,24096
18,Nayarit,12,San Blas,-105.1709767,21.3230257,41518
18,Nayarit,13,San Pedro Lagunillas,-104.4503995,21.1318862,7683
18,Nayarit,14,Santa María del Oro,-104.3513944,21.1959482,24911
18,Nayarit,15,Santiago Ixcuintla,-105.122176,21.4830009,93981
18,Nayarit,16,Tecuala,-105.2721722,22.2342148,37135
18,Nayarit,17,Tepic,-104.5337677,21.3026687,425924
18,Nayarit,18,Tuxpan,-105.1753114,21.5641245,30064
18,Nayarit,19,La Yesca,-104.003515,21.1907987,13719
18,Nayarit,20,Bahía de Banderas,-105.1452527,20.4824336,187632
19,Nuevo León,1,Abasolo,-100.2359958,25.5643215,2974
19,Nuevo León,2,Agualeguas,-99.3221801,26.1839293,3382
19,Nuevo León,3,Los Aldamas,-99.114824,26.0350916,1407
19,Nuevo León,4,Allende,-100.0029966,25.171284,35289
19,Nuevo León,5,Anáhuac,-100.075677,27.142633,18030
19,Nuevo León,6,Apodaca,-100.112122,25.465266,656464
19,Nuevo León,7,Aramberri,-99.490504,24.060211,14992
19,Nuevo León,8,Bustamante,-100.300974,26.320479,3661
19,Nuevo León,9,Cadereyta Jiménez,-100.000574,25.352763,122337
19,Nuevo León,10,El Carmen,-100.215084,25.555602,104478
19,Nuevo León,11,Cerralvo,-99.365304,26.052353,7340
19,Nuevo León,12,Ciénega de Flores,-100.100519,25.570745,68747
19,Nuevo León,13,China,-99.142154,25.422129,9930
19,Nuevo León,14,Doctor Arroyo,-100.105612,23.402889,36088
19,Nuevo León,15,Doctor Coss,-99.110374,25.553323,1360
19,Nuevo León,16,Doctor González,-99.5630728,25.5131786,3256
19,Nuevo León,17,Galeana,-100.043874,24.493456,40903
19,Nuevo León,18,García,-100.350769,25.480177,397205
19,Nuevo León,19,San Pedro Garza García,-100.240888,25.395461,132169
19,Nuevo León,20,General Bravo,-99.105244,25.473587,5506
19,Nuevo León,21,General Escobedo,-100.192151,25.482875,481213
19,Nuevo León,22,General Terán,-99.410893,25.152587,14109
19,Nuevo León,23,General Treviño,-99.290269,26.133709,1808
19,Nuevo León,24,General Zaragoza,-99.462061,23.582374,6282
19,Nuevo León,25,General Zuazua,-100.062969,25.534912,102149
19,Nuevo León,26,Guadalupe,-100.153563,25.403837,643143
19,Nuevo León,27,Los Herreras,-99.241187,25.542018,1959
19,Nuevo León,28,Higueras,-100.005166,25.574304,1386
19,Nuevo León,29,Hualahuises,-99.402362,24.530471,7026
19,Nuevo León,30,Iturbide,-99.541894,24.433352,3298
19,Nuevo León,31,Juárez,-100.052717,25.384641,471523
19,Nuevo León,32,Lampazos de Naranjo,-100.3015565,27.0131124,5351
19,Nuevo León,33,Linares,-99.340433,24.513475,84666
19,Nuevo León,34,Marín,-100.0202575,25.5245488,5119
19,Nuevo León,35,Melchor Ocampo,-99.323222,26.033069,1483
19,Nuevo León,36,Mier y Noriega,-100.071081,23.252323,7652
19,Nuevo León,37,Mina,-100.315464,26.000452,6048
19,Nuevo León,38,Montemorelos,-99.493705,25.112131,67428
19,Nuevo León,39,Monterrey,-100.183921,25.395291,1142994
19,Nuevo León,40,Parás,-99.313152,26.295474,906
19,Nuevo León,41,Pesquería,-100.031324,25.465973,147624
19,Nuevo León,42,Los Ramones,-99.372651,25.414701,5389
19,Nuevo León,43,Rayones,-100.042357,25.010524,2377
19,Nuevo León,44,Sabinas Hidalgo,-100.105213,26.295413,34709
19,Nuevo León,45,Salinas Victoria,-100.172942,25.573444,86766
19,Nuevo León,46,San Nicolás de los Garza,-100.172251,25.451891,412199
19,Nuevo León,47,Hidalgo,-100.264882,25.583234,16086
19,Nuevo León,48,Santa Catarina,-100.274229,25.402771,306322
19,Nuevo León,49,Santiago,-100.091084,25.253756,46784
19,Nuevo León,50,Vallecillo,-99.5922486,26.3934822,1552
19,Nuevo León,51,Villaldama,-100.252842,26.295361,3573
20,Oaxaca,1,Abejones,-96.3629427,17.2608708,841
20,Oaxaca,2,Acatlán de Pérez Figueroa,-96.3627396,18.3218828,45167
20,Oaxaca,3,Asunción Cacalotepec,-95.5723622,17.0206951,2547
20,Oaxaca,4,Asunción Cuyotepeji,-97.4027669,17.5551242,1107
20,Oaxaca,5,Asunción Ixtaltepec,-95.0325362,16.3013823,15261
20,Oaxaca,6,Asunción Nochixtlán,-97.1330715,17.2732171,20464
20,Oaxaca,7,Asunción Ocotlán,-96.4316772,16.4533045,2395
20,Oaxaca,8,Asunción Tlacolulita,-95.4334699,16.1800947,734
20,Oaxaca,9,Ayotzintepec,-96.0759775,17.4036151,6857
20,Oaxaca,10,El Barrio de la Soledad,-95.0643884,16.4814166,13474
20,Oaxaca,11,Calihualá,-98.1642154,17.3158287,1402
20,Oaxaca,12,Candelaria Loxicha,-96.2930908,15.5534804,11166
20,Oaxaca,13,Ciénega de Zimatlán,-96.4559826,16.5349517,3043
20,Oaxaca,14,Ciudad Ixtepec,-95.0555365,16.3403714,28082
20,Oaxaca,15,Coatecas Altas,-96.395393,16.3212332,5356
20,Oaxaca,16,Coicoyán de las Flores,-98.163394,17.1622434,9563
20,Oaxaca,17,La Compañía,-96.4911927,16.3329629,3607
20,Oaxaca,18,Concepción Buenavista,-97.2400839,17.524272,752
20,Oaxaca,19,Concepción Pápalo,-96.5252897,17.5028915,2754
20,Oaxaca,20,Constancia del Rosario,-97.5629249,17.0216159,4847
20,Oaxaca,21,Cosolapa,-96.405659,18.3606433,14488
20,Oaxaca,22,Cosoltepec,-97.4726419,18.0831117,803
20,Oaxaca,23,Cuilápam de Guerrero,-96.4650128,16.5945605,26882
20,Oaxaca,24,Cuyamecalco Villa de Zaragoza,-96.4952955,17.5754299,3644
20,Oaxaca,25,Chahuites,-94.1144966,16.1715392,11356
20,Oaxaca,26,Chalcatongo de Hidalgo,-97.3415562,17.0155304,9035
20,Oaxaca,27,Chiquihuitlán de Benito Juárez,-96.4443611,17.5943582,2179
20,Oaxaca,28,Heroica Ciudad de Ejutla de Crespo,-96.4354842,16.3351392,23148
20,Oaxaca,29,Eloxochitlán de Flores Magón,-96.5233927,18.1036771,4215
20,Oaxaca,30,El Espinal,-95.023421,16.2908555,8730
20,Oaxaca,31,Tamazulápam del Espíritu Santo,-96.0354382,17.0315969,7185
20,Oaxaca,32,Fresnillo de Trujano,-98.0810684,17.5428845,1077
20,Oaxaca,33,Guadalupe Etla,-96.4838072,17.1017893,2929
20,Oaxaca,34,Guadalupe de Ramírez,-98.0951819,17.4521782,1288
20,Oaxaca,35,Guelatao de Juárez,-96.293726,17.1905424,657
20,Oaxaca,36,Guevea de Humboldt,-95.2205001,16.4733411,5256
20,Oaxaca,37,Mesones Hidalgo,-97.5759564,16.545528,4424
20,Oaxaca,38,Villa Hidalgo,-96.1043804,17.1109197,1885
20,Oaxaca,39,Heroica Ciudad de Huajuapan de León,-97.4634449,17.4824614,78313
20,Oaxaca,40,Huautepec,-96.4750275,18.0607121,6385
20,Oaxaca,41,Huautla de Jiménez,-96.5046182,18.0749358,31710
20,Oaxaca,42,Ixtlán de Juárez,-96.2916086,17.1953503,8385
20,Oaxaca,43,Juchitán de Zaragoza,-95.0117879,16.2559907,113570
20,Oaxaca,44,Loma Bonita,-95.5247914,18.0635536,40934
20,Oaxaca,45,Magdalena Apasco,-96.4915927,17.1431427,7888
20,Oaxaca,46,Magdalena Jaltepec,-97.1316596,17.1925034,2943
20,Oaxaca,47,Santa Magdalena Jicotlán,-97.2814349,17.482526,81
20,Oaxaca,48,Magdalena Mixtepec,-96.542782,16.5346002,1433
20,Oaxaca,49,Magdalena Ocotlán,-96.4244515,16.4234039,1184
20,Oaxaca,50,Magdalena Peñasco,-97.3305539,17.1410507,3750
20,Oaxaca,51,Magdalena Teitipac,-96.3331459,16.5423834,4764
20,Oaxaca,52,Magdalena Tequisistlán,-95.3610474,16.2356101,5996
20,Oaxaca,53,Magdalena Tlacotepec,-95.1211901,16.3014278,1297
20,Oaxaca,54,Magdalena Zahuatlán,-97.1344476,17.2318332,404
20,Oaxaca,55,Mariscala de Juárez,-98.0829834,17.513782,3739
20,Oaxaca,56,Mártires de Tacubaya,-98.1503285,16.3216749,1446
20,Oaxaca,57,Matías Romero Avendaño,-95.0231738,16.5240402,38183
20,Oaxaca,58,Mazatlán Villa de Flores,-96.5449396,18.0157232,12722
20,Oaxaca,59,Miahuatlán de Porfirio Díaz,-96.3547487,16.1942519,50375
20,Oaxaca,60,Mixistlán de la Reforma,-96.0643301,17.0848617,2487
20,Oaxaca,61,Monjas,-96.3812371,16.220187,2893
20,Oaxaca,62,Natividad,-96.2559857,17.1748752,498
20,Oaxaca,63,Nazareno Etla,-96.4926406,17.1040764,4293
20,Oaxaca,64,Nejapa de Madero,-95.5849619,16.3629453,8494
20,Oaxaca,65,Ixpantepec Nieves,-98.0241502,17.302407,1079
20,Oaxaca,66,Santiago Niltepec,-94.3646815,16.3343536,5342
20,Oaxaca,67,Oaxaca de Juárez,-96.4331621,17.0335975,270955
20,Oaxaca,68,Ocotlán de Morelos,-96.4030232,16.4729906,23751
20,Oaxaca,69,La Pe,-96.4758767,16.3747851,3052
20,Oaxaca,70,Pinotepa de Don Luis,-97.5838767,16.254239,6416
20,Oaxaca,71,Pluma Hidalgo,-96.2509996,15.5533046,3255
20,Oaxaca,72,San José del Progreso,-96.4107903,16.4106461,8059
20,Oaxaca,73,Putla Villa de Guerrero,-97.554135,17.0134339,34652
20,Oaxaca,74,Santa Catarina Quioquitani,-96.1705873,16.1856355,456
20,Oaxaca,75,Reforma de Pineda,-94.2730362,16.2357548,2660
20,Oaxaca,76,La Reforma,-97.5040192,16.3723933,3411
20,Oaxaca,77,Reyes Etla,-96.4836334,17.1220002,4370
20,Oaxaca,78,Rojas de Cuauhtémoc,-96.3707126,17.0029821,1301
20,Oaxaca,79,Salina Cruz,-95.1131771,16.1033186,84438
20,Oaxaca,80,San Agustín Amatengo,-96.472157,16.3035796,1593
20,Oaxaca,81,San Agustín Atenango,-98.0054657,17.3642117,1871
20,Oaxaca,82,San Agustín Chayuco,-97.4827066,16.2408576,4163
20,Oaxaca,83,San Agustín de las Juntas,-96.4241189,17.0041976,11391
20,Oaxaca,84,San Agustín Etla,-96.4551927,17.1120699,4168
20,Oaxaca,85,San Agustín Loxicha,-96.3700352,16.0059791,26194
20,Oaxaca,86,San Agustín Tlacotepec,-97.310444,17.1213264,1032
20,Oaxaca,87,San Agustín Yatareni,-96.4005222,17.0452363,5521
20,Oaxaca,88,San Andrés Cabecera Nueva,-97.4051564,16.5318296,2881
20,Oaxaca,89,San Andrés Dinicuiti,-97.4336304,17.4117213,2308
20,Oaxaca,90,San Andrés Huaxpaltepec,-97.5458856,16.1944566,6234
20,Oaxaca,91,San Andrés Huayápam,-96.3958461,17.0609156,6279
20,Oaxaca,92,San Andrés Ixtlahuaca,-96.4930637,17.0415148,1776
20,Oaxaca,93,San Andrés Lagunas,-97.3121884,17.3427936,518
20,Oaxaca,94,San Andrés Nuxiño,-97.0618976,17.1418089,1850
20,Oaxaca,95,San Andrés Paxtlán,-96.3027288,16.1256289,4562
20,Oaxaca,96,San Andrés Sinaxtla,-97.170172,17.2806607,756
20,Oaxaca,97,San Andrés Solaga,-96.1412821,17.1615701,1771
20,Oaxaca,98,San Andrés Teotilálpam,-96.3923718,17.5714871,4233
20,Oaxaca,99,San Andrés Tepetlapa,-98.2330072,17.3957,381
20,Oaxaca,100,San Andrés Yaá,-96.0913018,17.1733282,393
20,Oaxaca,101,San Andrés Zabache,-96.5127848,16.3600535,748
20,Oaxaca,102,San Andrés Zautla,-96.5148564,17.1110996,5326
20,Oaxaca,103,San Antonino Castillo Velasco,-96.4104704,16.4811619,6064
20,Oaxaca,104,San Antonino el Alto,-97.0145748,16.4856522,2705
20,Oaxaca,105,San Antonino Monte Verde,-97.4314266,17.3201009,7678
20,Oaxaca,106,San Antonio Acutla,-97.3001098,17.4438508,249
20,Oaxaca,107,San Antonio de la Cal,-96.4157423,17.0152728,26282
20,Oaxaca,108,San Antonio Huitepec,-97.0850719,16.5538393,2936
20,Oaxaca,109,San Antonio Nanahuatípam,-97.0725121,18.0749078,1232
20,Oaxaca,110,San Antonio Sinicahua,-97.3404654,17.0905665,1668
20,Oaxaca,111,San Antonio Tepetlapa,-98.0358414,16.3232499,4873
20,Oaxaca,112,San Baltazar Chichicápam,-96.292285,16.454355,2576
20,Oaxaca,113,San Baltazar Loxicha,-96.4725155,16.042388,3169
20,Oaxaca,114,San Baltazar Yatzachi el Bajo,-96.131132,17.1341364,674
20,Oaxaca,115,San Bartolo Coyotepec,-96.4227541,16.5729813,10391
20,Oaxaca,116,San Bartolomé Ayautla,-96.4017432,18.0154481,4131
20,Oaxaca,117,San Bartolomé Loxicha,-96.4239656,15.5813403,2213
20,Oaxaca,118,San Bartolomé Quialana,-96.3004342,16.5406795,2389
20,Oaxaca,119,San Bartolomé Yucuañe,-97.2652546,17.1433169,735
20,Oaxaca,120,San Bartolomé Zoogocho,-96.1434982,17.1426839,449
20,Oaxaca,121,San Bartolo Soyaltepec,-97.1832165,17.3526307,596
20,Oaxaca,122,San Bartolo Yautepec,-95.5823204,16.2550669,653
20,Oaxaca,123,San Bernardo Mixtepec,-96.5355199,16.4928778,2829
20,Oaxaca,124,San Blas Atempa,-95.1339165,16.1934759,19696
20,Oaxaca,125,San Carlos Yautepec,-96.0624133,16.3002184,11662
20,Oaxaca,126,San Cristóbal Amatlán,-96.2436058,16.1906269,5396
20,Oaxaca,127,San Cristóbal Amoltepec,-97.3411469,17.1704318,1252
20,Oaxaca,128,San Cristóbal Lachirioag,-96.095417,17.2009498,1342
20,Oaxaca,129,San Cristóbal Suchixtlahuaca,-97.2159961,17.4339194,356
20,Oaxaca,130,San Dionisio del Mar,-94.4525212,16.1913941,5180
20,Oaxaca,131,San Dionisio Ocotepec,-96.2345734,16.4751916,11411
20,Oaxaca,132,San Dionisio Ocotlán,-96.4051007,16.4447199,1380
20,Oaxaca,133,San Esteban Atatlahuca,-97.403997,17.0359578,3934
20,Oaxaca,134,San Felipe Jalapa de Díaz,-96.3210014,18.0416617,28500
20,Oaxaca,135,San Felipe Tejalápam,-96.5111727,17.0641043,8231
20,Oaxaca,136,San Felipe Usila,-96.3142107,17.5245822,12191
20,Oaxaca,137,San Francisco Cahuacuá,-97.1820139,16.5336827,3450
20,Oaxaca,138,San Francisco Cajonos,-96.1505272,17.1019539,451
20,Oaxaca,139,San Francisco Chapulapa,-96.4515867,17.5627425,2195
20,Oaxaca,140,San Francisco Chindúa,-97.1846047,17.2542891,812
20,Oaxaca,141,San Francisco del Mar,-94.3756193,16.1400407,8710
20,Oaxaca,142,San Francisco Huehuetlán,-96.5652157,18.1151339,842
20,Oaxaca,143,San Francisco Ixhuatán,-94.2901782,16.2108484,9461
20,Oaxaca,144,San Francisco Jaltepetongo,-97.1546273,17.2308571,1075
20,Oaxaca,145,San Francisco Lachigoló,-96.3554659,17.0041065,5215
20,Oaxaca,146,San Francisco Logueche,-96.2240723,16.2108206,2803
20,Oaxaca,147,San Francisco Nuxaño,-97.2038223,17.2250999,376
20,Oaxaca,148,San Francisco Ozolotepec,-96.1314455,16.0601941,2182
20,Oaxaca,149,San Francisco Sola,-96.5827841,16.3053879,2019
20,Oaxaca,150,San Francisco Telixtlahuaca,-96.5415888,17.1747744,13856
20,Oaxaca,151,San Francisco Teopan,-97.2933112,17.5104062,312
20,Oaxaca,152,San Francisco Tlapancingo,-98.1608071,17.2902846,2472
20,Oaxaca,153,San Gabriel Mixtepec,-97.0446197,16.0539922,4910
20,Oaxaca,154,San Ildefonso Amatlán,-96.2929603,16.2002741,2329
20,Oaxaca,155,San Ildefonso Sola,-96.5901203,16.3111324,1060
20,Oaxaca,156,San Ildefonso Villa Alta,-96.0910852,17.2020438,3677
20,Oaxaca,157,San Jacinto Amilpas,-96.4545222,17.0602904,16827
20,Oaxaca,158,San Jacinto Tlacotepec,-97.2309594,16.3113323,2233
20,Oaxaca,159,San Jerónimo Coatlán,-96.5209459,16.1357797,5537
20,Oaxaca,160,San Jerónimo Silacayoapilla,-97.5045357,17.4834669,1429
20,Oaxaca,161,San Jerónimo Sosola,-97.0157412,17.2159613,2730
20,Oaxaca,162,San Jerónimo Taviche,-96.3539348,16.4249246,2046
20,Oaxaca,163,San Jerónimo Tecóatl,-96.544752,18.100089,1577
20,Oaxaca,164,San Jorge Nuchita,-98.0622068,17.3921435,2881
20,Oaxaca,165,San José Ayuquila,-97.5809386,17.5630436,1629
20,Oaxaca,166,San José Chiltepec,-96.1013932,17.5643269,11310
20,Oaxaca,167,San José del Peñasco,-96.3004971,16.1857814,2149
20,Oaxaca,168,San José Estancia Grande,-98.1504628,16.2154732,938
20,Oaxaca,169,San José Independencia,-96.3846062,18.1423366,4251
20,Oaxaca,170,San José Lachiguiri,-96.2011157,16.2243593,3700
20,Oaxaca,171,San José Tenango,-96.4301951,18.0902743,18102
20,Oaxaca,172,San Juan Achiutla,-97.3031943,17.2039281,408
20,Oaxaca,173,San Juan Atepec,-96.3220877,17.2535014,1457
20,Oaxaca,174,Ánimas Trujano,-96.4247506,16.5919976,4564
20,Oaxaca,175,San Juan Bautista Atatlahuca,-96.4947787,17.3151945,1424
20,Oaxaca,176,San Juan Bautista Coixtlahuaca,-97.1925763,17.4328716,2725
20,Oaxaca,177,San Juan Bautista Cuicatlán,-96.573444,17.4805573,10365
20,Oaxaca,178,San Juan Bautista Guelache,-96.4642617,17.1335563,6692
20,Oaxaca,179,San Juan Bautista Jayacatlán,-96.4921254,17.2524616,1447
20,Oaxaca,180,San Juan Bautista Lo de Soto,-98.2048489,16.3041453,2344
20,Oaxaca,181,San Juan Bautista Suchitepec,-97.3935352,17.5821784,453
20,Oaxaca,182,San Juan Bautista Tlacoatzintepec,-96.3513515,17.5133989,2181
20,Oaxaca,183,San Juan Bautista Tlachichilco,-98.2038375,17.3721172,1475
20,Oaxaca,184,San Juan Bautista Tuxtepec,-96.0706534,18.0452193,159452
20,Oaxaca,185,San Juan Cacahuatepec,-98.0921931,16.3649442,8939
20,Oaxaca,186,San Juan Cieneguilla,-98.1650752,17.5105971,524
20,Oaxaca,187,San Juan Coatzóspam,-96.4547969,18.0258919,1808
20,Oaxaca,188,San Juan Colorado,-97.5714361,16.2734797,9609
20,Oaxaca,189,San Juan Comaltepec,-95.5836647,17.2017447,3116
20,Oaxaca,190,San Juan Cotzocón,-95.4656317,17.0950408,22444
20,Oaxaca,191,San Juan Chicomezúchil,-96.2941701,17.1720311,296
20,Oaxaca,192,San Juan Chilateca,-96.4019238,16.4942664,1522
20,Oaxaca,193,San Juan del Estado,-96.4757382,17.1624702,2807
20,Oaxaca,194,San Juan del Río,-96.0937693,16.5257097,1372
20,Oaxaca,195,San Juan Diuxi,-97.2227273,17.1653434,1056
20,Oaxaca,196,San Juan Evangelista Analco,-96.321662,17.2420978,407
20,Oaxaca,197,San Juan Guelavía,-96.3244995,16.5724348,3288
20,Oaxaca,198,San Juan Guichicovi,-95.0542339,16.5746184,29802
20,Oaxaca,199,San Juan Ihualtepec,-98.1719846,17.442343,494
20,Oaxaca,200,San Juan Juquila Mixes,-95.5507745,16.5608279,3703
20,Oaxaca,201,San Juan Juquila Vijanos,-96.1814453,17.2113728,1880
20,Oaxaca,202,San Juan Lachao,-97.073039,16.0930738,4577
20,Oaxaca,203,San Juan Lachigalla,-96.3255835,16.3530407,3538
20,Oaxaca,204,San Juan Lajarcia,-95.5532126,16.3030398,634
20,Oaxaca,205,San Juan Lalana,-95.5247579,17.2815208,16989
20,Oaxaca,206,San Juan de los Cués,-97.0334789,18.0248938,2421
20,Oaxaca,207,San Juan Mazatlán,-95.2647281,17.0152045,19032
20,Oaxaca,208,San Juan Mixtepec,-97.4953209,17.1820614,6941
20,Oaxaca,209,San Juan Mixtepec,-96.175812,16.1639142,607
20,Oaxaca,210,San Juan Ñumí,-97.4223117,17.2353842,5773
20,Oaxaca,211,San Juan Ozolotepec,-96.1533456,16.0758827,3411
20,Oaxaca,212,San Juan Petlapa,-96.0212603,17.2809488,3117
20,Oaxaca,213,San Juan Quiahije,-97.1900646,16.1806762,4203
20,Oaxaca,214,San Juan Quiotepec,-96.3517382,17.3602748,2033
20,Oaxaca,215,San Juan Sayultepec,-97.1705066,17.2712536,879
20,Oaxaca,216,San Juan Tabaá,-96.1225568,17.1818669,1241
20,Oaxaca,217,San Juan Tamazola,-97.1336777,17.0937579,3325
20,Oaxaca,218,San Juan Teita,-97.2451527,17.0542942,544
20,Oaxaca,219,San Juan Teitipac,-96.3630634,16.5603836,2668
20,Oaxaca,220,San Juan Tepeuxila,-96.502797,17.4322372,2692
20,Oaxaca,221,San Juan Teposcolula,-97.2528484,17.3302193,1494
20,Oaxaca,222,San Juan Yaeé,-96.1701844,17.2544714,1426
20,Oaxaca,223,San Juan Yatzona,-96.100928,17.2408728,440
20,Oaxaca,224,San Juan Yucuita,-97.161329,17.3044112,643
20,Oaxaca,225,San Lorenzo,-97.522941,16.2339344,5903
20,Oaxaca,226,San Lorenzo Albarradas,-96.1534734,16.5426012,2971
20,Oaxaca,227,San Lorenzo Cacaotepec,-96.4807184,17.0745691,18339
20,Oaxaca,228,San Lorenzo Cuaunecuiltitla,-96.5447006,18.122323,833
20,Oaxaca,229,San Lorenzo Texmelúcan,-97.1156308,16.3507766,9148
20,Oaxaca,230,San Lorenzo Victoria,-98.0712985,17.4006082,932
20,Oaxaca,231,San Lucas Camotlán,-95.4247319,16.5635386,3187
20,Oaxaca,232,San Lucas Ojitlán,-96.2351946,18.0327011,22185
20,Oaxaca,233,San Lucas Quiaviní,-96.2805139,16.5341287,1720
20,Oaxaca,234,San Lucas Zoquiápam,-96.5423144,18.0810175,7163
20,Oaxaca,235,San Luis Amatlán,-96.2949826,16.2321926,3829
20,Oaxaca,236,San Marcial Ozolotepec,-96.242121,16.0521325,1372
20,Oaxaca,237,San Marcos Arteaga,-97.5140098,17.431057,1568
20,Oaxaca,238,San Martín de los Cansecos,-96.4344419,16.3923315,994
20,Oaxaca,239,San Martín Huamelúlpam,-97.3608466,17.2350654,1000
20,Oaxaca,240,San Martín Itunyoso,-97.5253317,17.1344468,2749
20,Oaxaca,241,San Martín Lachilá,-96.5057738,16.3639112,1034
20,Oaxaca,242,San Martín Peras,-98.14184,17.2137838,12436
20,Oaxaca,243,San Martín Tilcajete,-96.4144057,16.5132213,1975
20,Oaxaca,244,San Martín Toxpalan,-97.0332498,18.0602607,3934
20,Oaxaca,245,San Martín Zacatepec,-98.0339112,17.4828607,1324
20,Oaxaca,246,San Mateo Cajonos,-96.1232312,17.0942395,611
20,Oaxaca,247,Capulálpam de Méndez,-96.2645527,17.1823115,1619
20,Oaxaca,248,San Mateo del Mar,-94.5854811,16.1234921,15571
20,Oaxaca,249,San Mateo Yoloxochitlán,-96.5206294,18.083723,3831
20,Oaxaca,250,San Mateo Etlatongo,-97.1618264,17.245341,1239
20,Oaxaca,251,San Mateo Nejápam,-98.2501178,17.3920117,1217
20,Oaxaca,252,San Mateo Peñasco,-97.3201122,17.090286,2384
20,Oaxaca,253,San Mateo Piñas,-96.2006681,15.595823,2021
20,Oaxaca,254,San Mateo Río Hondo,-96.2654414,16.0839228,3207
20,Oaxaca,255,San Mateo Sindihui,-97.210444,17.0015237,1977
20,Oaxaca,256,San Mateo Tlapiltepec,-97.2552258,17.4838119,229
20,Oaxaca,257,San Melchor Betaza,-96.0915679,17.1508625,1052
20,Oaxaca,258,San Miguel Achiutla,-97.2921746,17.1822508,698
20,Oaxaca,259,San Miguel Ahuehuetitlán,-98.1915069,17.4016852,2142
20,Oaxaca,260,San Miguel Aloápam,-96.4129273,17.2446486,2191
20,Oaxaca,261,San Miguel Amatitlán,-98.0132044,17.5328999,6932
20,Oaxaca,262,San Miguel Amatlán,-96.2818299,17.1631889,991
20,Oaxaca,263,San Miguel Coatlán,-96.4138811,16.1146728,3184
20,Oaxaca,264,San Miguel Chicahua,-97.1141579,17.3812994,2169
20,Oaxaca,265,San Miguel Chimalapa,-94.4452377,16.4252069,6711
20,Oaxaca,266,San Miguel del Puerto,-96.1029468,15.551788,8551
20,Oaxaca,267,San Miguel del Río,-96.3409195,17.1917968,245
20,Oaxaca,268,San Miguel Ejutla,-96.4421392,16.344939,1149
20,Oaxaca,269,San Miguel el Grande,-97.371981,17.0248268,4313
20,Oaxaca,270,San Miguel Huautla,-97.081507,17.4444957,1311
20,Oaxaca,271,San Miguel Mixtepec,-96.5726367,16.4641165,3194
20,Oaxaca,272,San Miguel Panixtlahuaca,-97.2246716,16.1536112,6252
20,Oaxaca,273,San Miguel Peras,-97.003588,16.5616522,3818
20,Oaxaca,274,San Miguel Piedras,-97.1357719,16.595886,1328
20,Oaxaca,275,San Miguel Quetzaltepec,-95.4542049,16.5831752,7286
20,Oaxaca,276,San Miguel Santa Flor,-96.4757482,17.55159,691
20,Oaxaca,277,Villa Sola de Vega,-96.584085,16.3053129,12350
20,Oaxaca,278,San Miguel Soyaltepec,-96.2412893,18.1425338,38682
20,Oaxaca,279,San Miguel Suchixtepec,-96.2759073,16.0538416,2932
20,Oaxaca,280,Villa Talea de Castro,-96.1459716,17.213601,2011
20,Oaxaca,281,San Miguel Tecomatlán,-97.1604768,17.2338557,305
20,Oaxaca,282,San Miguel Tenango,-95.3533078,16.1602357,653
20,Oaxaca,283,San Miguel Tequixtepec,-97.2029959,17.48103,1044
20,Oaxaca,284,San Miguel Tilquiápam,-96.3453603,16.4654992,3141
20,Oaxaca,285,San Miguel Tlacamama,-98.0347581,16.2500223,3668
20,Oaxaca,286,San Miguel Tlacotepec,-98.002606,17.2713047,3100
20,Oaxaca,287,San Miguel Tulancingo,-97.2629439,17.4504465,307
20,Oaxaca,288,San Miguel Yotao,-96.2014047,17.2213672,585
20,Oaxaca,289,San Nicolás,-96.4426966,16.245744,1214
20,Oaxaca,290,San Nicolás Hidalgo,-98.08333,17.465851,1043
20,Oaxaca,291,San Pablo Coatlán,-96.4658796,16.1326319,4308
20,Oaxaca,292,San Pablo Cuatro Venados,-96.5327995,16.5857747,1510
20,Oaxaca,293,San Pablo Etla,-96.4552164,17.084382,17116
20,Oaxaca,294,San Pablo Huitzo,-96.5304184,17.1638522,7035
20,Oaxaca,295,San Pablo Huixtepec,-96.4651618,16.4936251,10020
20,Oaxaca,296,San Pablo Macuiltianguis,-96.3312821,17.3203446,955
20,Oaxaca,297,San Pablo Tijaltepec,-97.2959865,17.0103569,2751
20,Oaxaca,298,San Pablo Villa de Mitla,-96.2143757,16.5518695,13587
20,Oaxaca,299,San Pablo Yaganiza,-96.1346469,17.0845897,1125
20,Oaxaca,300,San Pedro Amuzgos,-98.0523737,16.3914055,6632
20,Oaxaca,301,San Pedro Apóstol,-96.433372,16.4406526,1594
20,Oaxaca,302,San Pedro Atoyac,-97.5913118,16.2920704,4559
20,Oaxaca,303,San Pedro Cajonos,-96.1538301,17.1007214,1081
20,Oaxaca,304,San Pedro Coxcaltepec Cántaros,-97.0808928,17.2955858,716
20,Oaxaca,305,San Pedro Comitancillo,-95.093556,16.2925093,4333
20,Oaxaca,306,San Pedro el Alto,-96.2825401,16.0201016,4654
20,Oaxaca,307,San Pedro Huamelula,-95.4007881,16.0144515,9735
20,Oaxaca,308,San Pedro Huilotepec,-95.0910564,16.1437166,3307
20,Oaxaca,309,San Pedro Ixcatlán,-96.303824,18.0844377,10368
20,Oaxaca,310,San Pedro Ixtlahuaca,-96.4912339,17.0347794,14552
20,Oaxaca,311,San Pedro Jaltepetongo,-97.0205785,17.4116259,483
20,Oaxaca,312,San Pedro Jicayán,-98.0054715,16.2707871,11279
20,Oaxaca,313,San Pedro Jocotipac,-97.0448704,17.4606816,730
20,Oaxaca,314,San Pedro Juchatengo,-97.0514357,16.2027428,1755
20,Oaxaca,315,San Pedro Mártir,-96.4243985,16.4440162,1899
20,Oaxaca,316,San Pedro Mártir Quiechapa,-96.1451139,16.2454817,738
20,Oaxaca,317,San Pedro Mártir Yucuxaco,-97.3636273,17.2557462,1257
20,Oaxaca,318,San Pedro Mixtepec,-97.0501795,15.5857517,49780
20,Oaxaca,319,San Pedro Mixtepec,-96.1658072,16.1618475,972
20,Oaxaca,320,San Pedro Molinos,-97.3228048,17.0616702,706
20,Oaxaca,321,San Pedro Nopala,-97.3228704,17.4822658,751
20,Oaxaca,322,San Pedro Ocopetatillo,-96.5447352,18.110577,786
20,Oaxaca,323,San Pedro Ocotepec,-95.5048304,16.5719507,2404
20,Oaxaca,324,San Pedro Pochutla,-96.2754829,15.4446827,48204
20,Oaxaca,325,San Pedro Quiatoni,-96.0153584,16.4659519,11930
20,Oaxaca,326,San Pedro Sochiápam,-96.3951841,17.4930506,5052
20,Oaxaca,327,San Pedro Tapanatepec,-94.1137854,16.2202095,15479
20,Oaxaca,328,San Pedro Taviche,-96.3215352,16.3816255,1441
20,Oaxaca,329,San Pedro Teozacoalco,-97.1709953,17.0101654,1153
20,Oaxaca,330,San Pedro Teutila,-96.4220417,17.5837302,4296
20,Oaxaca,331,San Pedro Tidaá,-97.2238182,17.2026751,982
20,Oaxaca,332,San Pedro Topiltepec,-97.2037364,17.2613924,373
20,Oaxaca,333,San Pedro Totolápam,-96.1806865,16.39592,3294
20,Oaxaca,334,Villa de Tututepec,-97.3630749,16.0747621,50541
20,Oaxaca,335,San Pedro Yaneri,-96.2116454,17.2509681,867
20,Oaxaca,336,San Pedro Yólox,-96.3305672,17.3518369,1697
20,Oaxaca,337,San Pedro y San Pablo Ayutla,-96.0437494,17.0137743,5616
20,Oaxaca,338,Villa de Etla,-96.4802086,17.1227101,10361
20,Oaxaca,339,San Pedro y San Pablo Teposcolula,-97.2917479,17.3043451,4353
20,Oaxaca,340,San Pedro y San Pablo Tequixtepec,-97.4304246,18.0338362,1747
20,Oaxaca,341,San Pedro Yucunama,-97.2857328,17.3339615,241
20,Oaxaca,342,San Raymundo Jalpan,-96.4519792,16.5813427,4105
20,Oaxaca,343,San Sebastián Abasolo,-96.3519893,16.594083,1999
20,Oaxaca,344,San Sebastián Coatlán,-96.4939141,16.1204531,2809
20,Oaxaca,345,San Sebastián Ixcapa,-98.0840154,16.3237202,4188
20,Oaxaca,346,San Sebastián Nicananduta,-97.4059766,17.3104429,1542
20,Oaxaca,347,San Sebastián Río Hondo,-96.2750618,16.105819,4202
20,Oaxaca,348,San Sebastián Tecomaxtlahuaca,-98.0152226,17.2045083,8192
20,Oaxaca,349,San Sebastián Teitipac,-96.3650468,16.5705129,2189
20,Oaxaca,350,San Sebastián Tutla,-96.4019633,17.0330514,16878
20,Oaxaca,351,San Simón Almolongas,-96.431082,16.2426667,2802
20,Oaxaca,352,San Simón Zahuatlán,-98.0016302,17.4943872,4940
20,Oaxaca,353,Santa Ana,-96.4303396,16.2026297,2406
20,Oaxaca,354,Santa Ana Ateixtlahuaca,-96.5422979,18.1238082,477
20,Oaxaca,355,Santa Ana Cuauhtémoc,-96.4740914,17.5901828,681
20,Oaxaca,356,Santa Ana del Valle,-96.2818029,16.5941377,2179
20,Oaxaca,357,Santa Ana Tavela,-95.5441643,16.3916739,848
20,Oaxaca,358,Santa Ana Tlapacoyan,-96.5013502,16.4438412,1958
20,Oaxaca,359,Santa Ana Yareni,-96.3638806,17.2352036,637
20,Oaxaca,360,Santa Ana Zegache,-96.433338,16.5016351,3981
20,Oaxaca,361,Santa Catalina Quierí,-96.1557089,16.1919924,825
20,Oaxaca,362,Santa Catarina Cuixtla,-96.3841078,16.1815824,1495
20,Oaxaca,363,Santa Catarina Ixtepeji,-96.3342117,17.1555976,2675
20,Oaxaca,364,Santa Catarina Juquila,-97.1732902,16.1413234,18654
20,Oaxaca,365,Santa Catarina Lachatao,-96.2822563,17.1606411,1059
20,Oaxaca,366,Santa Catarina Loxicha,-96.4517516,16.0410216,3676
20,Oaxaca,367,Santa Catarina Mechoacán,-97.5009693,16.2003961,4582
20,Oaxaca,368,Santa Catarina Minas,-96.3655642,16.4645083,2067
20,Oaxaca,369,Santa Catarina Quiané,-96.4426691,16.5249102,2193
20,Oaxaca,370,Santa Catarina Tayata,-97.3330164,17.2052097,662
20,Oaxaca,371,Santa Catarina Ticuá,-97.3205491,17.0416449,986
20,Oaxaca,372,Santa Catarina Yosonotú,-97.394366,17.0113979,1316
20,Oaxaca,373,Santa Catarina Zapoquila,-97.3605959,18.0352407,403
20,Oaxaca,374,Santa Cruz Acatepec,-96.5231149,18.0949542,1645
20,Oaxaca,375,Santa Cruz Amilpas,-96.4102462,17.033132,13200
20,Oaxaca,376,Santa Cruz de Bravo,-98.1326361,17.3452946,365
20,Oaxaca,377,Santa Cruz Itundujia,-97.3937985,16.5229749,10860
20,Oaxaca,378,Santa Cruz Mixtepec,-96.5256666,16.4732794,3720
20,Oaxaca,379,Santa Cruz Nundaco,-97.4323474,17.1026901,2951
20,Oaxaca,380,Santa Cruz Papalutla,-96.3505681,16.5734159,2242
20,Oaxaca,381,Santa Cruz Tacache de Mina,-98.0902835,17.4939581,2940
20,Oaxaca,382,Santa Cruz Tacahua,-97.2931797,16.5508044,1182
20,Oaxaca,383,Santa Cruz Tayata,-97.3406942,17.2127968,595
20,Oaxaca,384,Santa Cruz Xitla,-96.4023264,16.1920772,4794
20,Oaxaca,385,Santa Cruz Xoxocotlán,-96.4403689,17.0138213,100402
20,Oaxaca,386,Santa Cruz Zenzontepec,-97.2942284,16.3206472,19079
20,Oaxaca,387,Santa Gertrudis,-96.4749961,16.4711741,2891
20,Oaxaca,388,Santa Inés del Monte,-96.5142073,16.553276,2809
20,Oaxaca,389,Santa Inés Yatzeche,-96.4522767,16.4831224,908
20,Oaxaca,390,Santa Lucía del Camino,-96.4140838,17.0350825,50362
20,Oaxaca,391,Santa Lucía Miahuatlán,-96.370556,16.1111303,3375
20,Oaxaca,392,Santa Lucía Monteverde,-97.395869,16.5816648,6726
20,Oaxaca,393,Santa Lucía Ocotlán,-96.4049426,16.4431884,4173
20,Oaxaca,394,Santa María Alotepec,-95.5116458,17.0531544,2796
20,Oaxaca,395,Santa María Apazco,-97.0601393,17.38045,1629
20,Oaxaca,396,Santa María la Asunción,-96.4909715,18.0629607,3259
20,Oaxaca,397,Heroica Ciudad de Tlaxiaco,-97.404977,17.1602891,40123
20,Oaxaca,398,Ayoquezco de Aldama,-96.5035212,16.4108396,4874
20,Oaxaca,399,Santa María Atzompa,-96.464534,17.0610316,41921
20,Oaxaca,400,Santa María Camotlán,-97.4136168,17.5358418,1713
20,Oaxaca,401,Santa María Colotepec,-96.561892,15.5352052,27046
20,Oaxaca,402,Santa María Cortijo,-98.1708579,16.2702889,1067
20,Oaxaca,403,Santa María Coyotepec,-96.4224251,16.5801778,3751
20,Oaxaca,404,Santa María Chachoápam,-97.1700618,17.313056,761
20,Oaxaca,405,Villa de Chilapa de Díaz,-97.3754884,17.3517984,1815
20,Oaxaca,406,Santa María Chilchotla,-96.4949946,18.1403265,21469
20,Oaxaca,407,Santa María Chimalapa,-94.405888,16.5435712,9578
20,Oaxaca,408,Santa María del Rosario,-97.3537753,17.2106341,499
20,Oaxaca,409,Santa María del Tule,-96.3811732,17.0248126,8939
20,Oaxaca,410,Santa María Ecatepec,-95.5252069,16.1703057,3418
20,Oaxaca,411,Santa María Guelacé,-96.3610188,17.0003156,908
20,Oaxaca,412,Santa María Guienagati,-95.2116149,16.4416738,3178
20,Oaxaca,413,Santa María Huatulco,-96.1919535,15.5010001,50862
20,Oaxaca,414,Santa María Huazolotitlán,-97.54463,16.1808,11995
20,Oaxaca,415,Santa María Ipalapa,-98.0201766,16.3810387,4878
20,Oaxaca,416,Santa María Ixcatlán,-97.1125735,17.5105735,461
20,Oaxaca,417,Santa María Jacatepec,-96.1240768,17.5136478,9682
20,Oaxaca,418,Santa María Jalapa del Marqués,-95.2636161,16.2624235,11735
20,Oaxaca,419,Santa María Jaltianguis,-96.3141777,17.2156206,592
20,Oaxaca,420,Santa María Lachixío,-97.0109159,16.4339922,1679
20,Oaxaca,421,Santa María Mixtequilla,-95.1537704,16.222535,4690
20,Oaxaca,422,Santa María Nativitas,-97.2005234,17.394138,603
20,Oaxaca,423,Santa María Nduayaco,-97.2946814,17.2441432,453
20,Oaxaca,424,Santa María Ozolotepec,-96.221224,16.0751027,3793
20,Oaxaca,425,Santa María Pápalo,-96.4750483,17.4702976,2058
20,Oaxaca,426,Santa María Peñoles,-97.0008804,17.0444094,8967
20,Oaxaca,427,Santa María Petapa,-95.0712139,16.4920745,16706
20,Oaxaca,428,Santa María Quiegolani,-96.0307211,16.1637968,2224
20,Oaxaca,429,Santa María Sola,-97.004721,16.3400297,1516
20,Oaxaca,430,Santa María Tataltepec,-97.2342416,17.0832852,317
20,Oaxaca,431,Santa María Tecomavaca,-97.0127974,17.5722526,1830
20,Oaxaca,432,Santa María Temaxcalapa,-96.094492,17.2251958,903
20,Oaxaca,433,Santa María Temaxcaltepec,-97.1140758,16.0947192,2694
20,Oaxaca,434,Santa María Teopoxco,-96.5718501,18.0959973,3985
20,Oaxaca,435,Santa María Tepantlali,-96.0036433,16.5951047,3576
20,Oaxaca,436,Santa María Texcatitlán,-97.0400082,17.4246458,896
20,Oaxaca,437,Santa María Tlahuitoltepec,-96.0347708,17.0551133,9653
20,Oaxaca,438,Santa María Tlalixtac,-96.4417071,17.5706038,1839
20,Oaxaca,439,Santa María Tonameca,-96.3243315,15.4449702,25347
20,Oaxaca,440,Santa María Totolapilla,-95.3731637,16.3611622,812
20,Oaxaca,441,Santa María Xadani,-95.0111461,16.2137083,9234
20,Oaxaca,442,Santa María Yalina,-96.1546013,17.1425695,250
20,Oaxaca,443,Santa María Yavesía,-96.2546256,17.1403175,434
20,Oaxaca,444,Santa María Yolotepec,-97.3019181,16.5236497,481
20,Oaxaca,445,Santa María Yosoyúa,-97.3053252,17.0712669,1699
20,Oaxaca,446,Santa María Yucuhiti,-97.4610232,17.0105494,6008
20,Oaxaca,447,Santa María Zacatepec,-97.5923559,16.455002,17100
20,Oaxaca,448,Santa María Zaniza,-97.2018757,16.3918351,2469
20,Oaxaca,449,Santa María Zoquitlán,-96.2110336,16.3330095,3294
20,Oaxaca,450,Santiago Amoltepec,-97.294129,16.382726,13855
20,Oaxaca,451,Santiago Apoala,-97.0813003,17.3854969,1019
20,Oaxaca,452,Santiago Apóstol,-96.432069,16.4815347,4421
20,Oaxaca,453,Santiago Astata,-95.4033116,15.5915472,3918
20,Oaxaca,454,Santiago Atitlán,-95.5644869,17.0614304,3556
20,Oaxaca,455,Santiago Ayuquililla,-97.5729744,17.5606381,2904
20,Oaxaca,456,Santiago Cacaloxtepec,-97.4425751,17.4312857,1667
20,Oaxaca,457,Santiago Camotlán,-96.1104762,17.2646561,3346
20,Oaxaca,458,Santiago Comaltepec,-96.3252127,17.3350852,1157
20,Oaxaca,459,Villa de Santiago Chazumba,-97.4049943,18.1119566,4877
20,Oaxaca,460,Santiago Choápam,-95.5521444,17.2138203,5242
20,Oaxaca,461,Santiago del Río,-98.0518745,17.2721511,527
20,Oaxaca,462,Santiago Huajolotitlán,-97.4354361,17.4935939,4600
20,Oaxaca,463,Santiago Huauclilla,-97.0417498,17.2703027,525
20,Oaxaca,464,Santiago Ihuitlán Plumas,-97.2547075,17.5054508,341
20,Oaxaca,465,Santiago Ixcuintepec,-95.372318,16.5605302,1636
20,Oaxaca,466,Santiago Ixtayutla,-97.3907088,16.3354023,13880
20,Oaxaca,467,Santiago Jamiltepec,-97.4910856,16.164605,19112
20,Oaxaca,468,Santiago Jocotepec,-95.5639898,17.3208447,14198
20,Oaxaca,469,Santiago Juxtlahuaca,-98.0044818,17.2007045,34735
20,Oaxaca,470,Santiago Lachiguiri,-95.315757,16.4111251,4394
20,Oaxaca,471,Santiago Lalopa,-96.1454932,17.2504654,431
20,Oaxaca,472,Santiago Laollaga,-95.1216485,16.3505592,3361
20,Oaxaca,473,Santiago Laxopa,-96.1848227,17.1311127,1291
20,Oaxaca,474,Santiago Llano Grande,-98.1722807,16.2921935,3440
20,Oaxaca,475,Santiago Matatlán,-96.2300324,16.5157958,10175
20,Oaxaca,476,Santiago Miltepec,-97.4121439,17.590504,421
20,Oaxaca,477,Santiago Minas,-97.1341352,16.253426,1327
20,Oaxaca,478,Santiago Nacaltepec,-96.5459384,17.3019707,1599
20,Oaxaca,479,Santiago Nejapilla,-97.2221419,17.2513022,174
20,Oaxaca,480,Santiago Nundiche,-97.4024594,17.1954452,1351
20,Oaxaca,481,Santiago Nuyoó,-97.4559541,17.0054621,1898
20,Oaxaca,482,Santiago Pinotepa Nacional,-98.0301251,16.2020433,55840
20,Oaxaca,483,Santiago Suchilquitongo,-96.522527,17.1449653,10886
20,Oaxaca,484,Santiago Tamazola,-98.1314881,17.4009512,4458
20,Oaxaca,485,Santiago Tapextla,-98.2650907,16.2027492,3134
20,Oaxaca,486,Villa Tejúpam de la Unión,-97.2824675,17.4001515,2419
20,Oaxaca,487,Santiago Tenango,-97.0014773,17.1929714,1966
20,Oaxaca,488,Santiago Tepetlapa,-97.240553,17.4657345,130
20,Oaxaca,489,Santiago Tetepec,-97.4453714,16.1920175,4909
20,Oaxaca,490,Santiago Texcalcingo,-96.5807569,18.1229504,2974
20,Oaxaca,491,Santiago Textitlán,-97.1537153,16.4133808,4930
20,Oaxaca,492,Santiago Tilantongo,-97.2023293,17.1659078,2764
20,Oaxaca,493,Santiago Tillo,-97.1911004,17.2737026,545
20,Oaxaca,494,Santiago Tlazoyaltepec,-96.5943783,17.0136847,6300
20,Oaxaca,495,Santiago Xanica,-96.1329734,16.0034088,3029
20,Oaxaca,496,Santiago Xiacuí,-96.2553861,17.1735231,1893
20,Oaxaca,497,Santiago Yaitepec,-97.1609695,16.1332056,4233
20,Oaxaca,498,Santiago Yaveo,-95.420249,17.2008982,7593
20,Oaxaca,499,Santiago Yolomécatl,-97.3411101,17.2815358,1922
20,Oaxaca,500,Santiago Yosondúa,-97.3435792,16.5224158,7991
20,Oaxaca,501,Santiago Yucuyachi,-98.1147058,17.3629525,998
20,Oaxaca,502,Santiago Zacatepec,-95.5453864,17.0933823,5089
20,Oaxaca,503,Santiago Zoochila,-96.1431699,17.1314038,425
20,Oaxaca,504,Nuevo Zoquiápam,-96.3711943,17.1728758,1590
20,Oaxaca,505,Santo Domingo Ingenio,-94.4607068,16.3518572,7681
20,Oaxaca,506,Santo Domingo Albarradas,-96.1200338,17.0404957,798
20,Oaxaca,507,Santo Domingo Armenta,-98.2241348,16.19587,3155
20,Oaxaca,508,Santo Domingo Chihuitán,-95.094453,16.353079,1618
20,Oaxaca,509,Santo Domingo de Morelos,-96.4005075,15.4958816,11384
20,Oaxaca,510,Santo Domingo Ixcatlán,-97.3154961,16.5450136,760
20,Oaxaca,511,Santo Domingo Nuxaá,-97.0714556,17.131883,3335
20,Oaxaca,512,Santo Domingo Ozolotepec,-96.1837438,16.0903125,1101
20,Oaxaca,513,Santo Domingo Petapa,-95.0825521,16.4914409,9027
20,Oaxaca,514,Santo Domingo Roayaga,-96.0652462,17.201547,941
20,Oaxaca,515,Santo Domingo Tehuantepec,-95.1355377,16.195541,67739
20,Oaxaca,516,Santo Domingo Teojomulco,-97.1334275,16.352185,5260
20,Oaxaca,517,Santo Domingo Tepuxtepec,-96.0319463,16.5724794,6029
20,Oaxaca,518,Santo Domingo Tlatayápam,-97.2049283,17.2426884,113
20,Oaxaca,519,Santo Domingo Tomaltepec,-96.3727687,17.0337511,3386
20,Oaxaca,520,Santo Domingo Tonalá,-97.5750156,17.4028602,7393
20,Oaxaca,521,Santo Domingo Tonaltepec,-97.2136296,17.3639086,250
20,Oaxaca,522,Santo Domingo Xagacía,-96.1604661,17.0919953,1205
20,Oaxaca,523,Santo Domingo Yanhuitlán,-97.2032314,17.3140954,1633
20,Oaxaca,524,Santo Domingo Yodohino,-97.405888,17.3700791,327
20,Oaxaca,525,Santo Domingo Zanatepec,-94.2114052,16.2858093,12483
20,Oaxaca,526,Santos Reyes Nopala,-97.0840009,16.0624352,16688
20,Oaxaca,527,Santos Reyes Pápalo,-96.513916,17.4816764,2490
20,Oaxaca,528,Santos Reyes Tepejillo,-97.5617961,17.2615921,904
20,Oaxaca,529,Santos Reyes Yucuná,-98.0016296,17.4639867,1474
20,Oaxaca,530,Santo Tomás Jalieza,-96.4015719,16.5039762,3923
20,Oaxaca,531,Santo Tomás Mazaltepec,-96.521752,17.1024696,2612
20,Oaxaca,532,Santo Tomás Ocotepec,-97.4544285,17.0842916,4066
20,Oaxaca,533,Santo Tomás Tamazulapan,-96.3508984,16.1619324,2726
20,Oaxaca,534,San Vicente Coatlán,-96.5041835,16.2312788,3512
20,Oaxaca,535,San Vicente Lachixío,-97.0110304,16.4215636,3227
20,Oaxaca,536,San Vicente Nuñú,-97.2632221,17.2724339,449
20,Oaxaca,537,Silacayoápam,-98.0833307,17.300521,6710
20,Oaxaca,538,Sitio de Xitlapehua,-96.3157371,16.210373,713
20,Oaxaca,539,Soledad Etla,-96.4914725,17.1018063,6348
20,Oaxaca,540,Villa de Tamazulápam del Progreso,-97.3422253,17.4023026,8326
20,Oaxaca,541,Tanetze de Zaragoza,-96.180805,17.2236239,1558
20,Oaxaca,542,Taniche,-96.4512893,16.3401072,887
20,Oaxaca,543,Tataltepec de Valdés,-97.324585,16.1823063,6386
20,Oaxaca,544,Teococuilco de Marcos Pérez,-96.36538,17.2107161,1032
20,Oaxaca,545,Teotitlán de Flores Magón,-97.0414535,18.0756404,10099
20,Oaxaca,546,Teotitlán del Valle,-96.3108215,17.0146486,6392
20,Oaxaca,547,Teotongo,-97.3212165,17.4334764,1005
20,Oaxaca,548,Tepelmeme Villa de Morelos,-97.2143913,17.5229302,1960
20,Oaxaca,549,"Heroica Villa Tezoatlán de Segura y Luna, Cuna de la Independencia de Oaxaca",-97.4830016,17.3916079,11465
20,Oaxaca,550,San Jerónimo Tlacochahuaya,-96.3451865,17.0031921,5764
20,Oaxaca,551,Tlacolula de Matamoros,-96.2845174,16.5720246,30254
20,Oaxaca,552,Tlacotepec Plumas,-97.2558185,17.5102798,410
20,Oaxaca,553,Tlalixtac de Cabrera,-96.3854301,17.0428144,12067
20,Oaxaca,554,Totontepec Villa de Morelos,-96.0138477,17.1531082,5904
20,Oaxaca,555,Trinidad Zaachila,-96.4555236,16.5516418,3419
20,Oaxaca,556,La Trinidad Vista Hermosa,-97.3020705,17.4621469,306
20,Oaxaca,557,Unión Hidalgo,-94.494418,16.2822166,14542
20,Oaxaca,558,Valerio Trujano,-96.5848795,17.4618172,1376
20,Oaxaca,559,San Juan Bautista Valle Nacional,-96.1814561,17.4629832,23067
20,Oaxaca,560,Villa Díaz Ordaz,-96.2557133,16.5954773,6467
20,Oaxaca,561,Yaxe,-96.2820923,16.4330456,2954
20,Oaxaca,562,Magdalena Yodocono de Porfirio Díaz,-97.2117914,17.2306338,1682
20,Oaxaca,563,Yogana,-96.4718796,16.274037,1245
20,Oaxaca,564,Yutanduchi de Guerrero,-97.1750996,17.0222039,1195
20,Oaxaca,565,Villa de Zaachila,-96.4502118,16.5702584,46464
20,Oaxaca,566,San Mateo Yucutindoo,-97.1419959,16.5234931,3144
20,Oaxaca,567,Zapotitlán Lagunas,-98.2322469,17.4519713,3382
20,Oaxaca,568,Zapotitlán Palmas,-97.4905333,17.5323506,1695
20,Oaxaca,569,Santa Inés de Zaragoza,-97.0933206,17.1342605,1454
20,Oaxaca,570,Zimatlán de Álvarez,-96.4708279,16.520007,22093
21,Puebla,1,Acajete,-97.5709774,19.0617785,72894
21,Puebla,2,Acateno,-97.1237453,20.0747659,9170
21,Puebla,3,Acatlán,-98.0254981,18.1208285,37955
21,Puebla,4,Acatzingo,-97.4707655,18.5846038,63743
21,Puebla,5,Acteopan,-98.4255049,18.4554073,3070
21,Puebla,6,Ahuacatlán,-97.5138516,20.0019678,14542
21,Puebla,7,Ahuatlán,-98.1518828,18.342284,3162
21,Puebla,8,Ahuazotepec,-98.0944451,20.0245768,11439
21,Puebla,9,Ahuehuetitla,-98.1316879,18.1238763,2207
21,Puebla,10,Ajalpan,-97.1529896,18.2239132,74768
21,Puebla,11,Albino Zertuche,-98.3224572,18.0102198,1885
21,Puebla,12,Aljojuca,-97.3152807,19.0601463,6591
21,Puebla,13,Altepexi,-97.1757047,18.2200361,22629
21,Puebla,14,Amixtlán,-97.4756101,20.0257973,4812
21,Puebla,15,Amozoc,-98.0241701,19.0240606,125876
21,Puebla,16,Aquixtla,-97.5611903,19.474808,9021
21,Puebla,17,Atempan,-97.2733403,19.502364,29742
21,Puebla,18,Atexcal,-97.4412541,18.2354063,3859
21,Puebla,19,Atlixco,-98.2603003,18.5431854,141793
21,Puebla,20,Atoyatempan,-97.5449499,18.4921241,7704
21,Puebla,21,Atzala,-98.3315393,18.3241352,1512
21,Puebla,22,Atzitzihuacán,-98.345751,18.4925362,12857
21,Puebla,23,Atzitzintla,-97.1938596,18.5350575,9051
21,Puebla,24,Axutla,-98.2321852,18.1118794,976
21,Puebla,25,Ayotoxco de Guerrero,-97.2437885,20.0549774,8208
21,Puebla,26,Calpan,-98.2733261,19.0628577,15271
21,Puebla,27,Caltepec,-97.2845734,18.1056308,4128
21,Puebla,28,Camocuautla,-97.4527817,20.0218556,2758
21,Puebla,29,Caxhuacan,-97.3623822,20.0350249,3811
21,Puebla,30,Coatepec,-97.4356158,20.0343722,772
21,Puebla,31,Coatzingo,-98.1027179,18.3654516,2820
21,Puebla,32,Cohetzala,-98.4821199,18.1223111,1382
21,Puebla,33,Cohuecan,-98.431376,18.4659538,5403
21,Puebla,34,Coronango,-98.1829065,19.0751968,46836
21,Puebla,35,Coxcatlán,-97.0849607,18.1559519,20653
21,Puebla,36,Coyomeapan,-96.5933001,18.1701493,14806
21,Puebla,37,Coyotepec,-97.4950808,18.2415897,2334
21,Puebla,38,Cuapiaxtla de Madero,-97.4931071,18.5500744,10542
21,Puebla,39,Cuautempan,-97.4746468,19.5445498,9837
21,Puebla,40,Cuautinchán,-98.0057515,18.5720571,12340
21,Puebla,41,Cuautlancingo,-98.1623916,19.0521649,137435
21,Puebla,42,Cuayuca de Andrade,-98.1101912,18.2911993,3315
21,Puebla,43,Cuetzalan del Progreso,-97.3114774,20.0106673,49864
21,Puebla,44,Cuyoaco,-97.3718665,19.3619215,17139
21,Puebla,45,Chalchicomula de Sesma,-97.2654585,18.5917736,47410
21,Puebla,46,Chapulco,-97.2440202,18.3713757,8193
21,Puebla,47,Chiautla,-98.3610012,18.1758744,21699
21,Puebla,48,Chiautzingo,-98.2805733,19.1210492,22039
21,Puebla,49,Chiconcuautla,-97.5622652,20.0541163,17382
21,Puebla,50,Chichiquila,-97.0403756,19.1200927,26928
21,Puebla,51,Chietla,-98.3442069,18.3109713,37030
21,Puebla,52,Chigmecatitlán,-98.0432236,18.3844038,1215
21,Puebla,53,Chignahuapan,-98.0151511,19.5017604,66464
21,Puebla,54,Chignautla,-97.2322523,19.4850083,35223
21,Puebla,55,Chila,-97.5141977,17.5812057,5082
21,Puebla,56,Chila de la Sal,-98.290356,18.063276,1317
21,Puebla,57,Honey,-98.1243695,20.1421169,6687
21,Puebla,58,Chilchotla,-97.1102016,19.1518727,21002
21,Puebla,59,Chinantla,-98.154739,18.1201808,2846
21,Puebla,60,Domingo Arenas,-98.2727033,19.0831303,7982
21,Puebla,61,Eloxochitlán,-96.5717414,18.2956209,14461
21,Puebla,62,Epatlán,-98.221484,18.3830432,4943
21,Puebla,63,Esperanza,-97.2230455,18.5130085,14766
21,Puebla,64,Francisco Z. Mena,-97.5107695,20.4401299,17824
21,Puebla,65,General Felipe Ángeles,-97.4231659,18.5936267,22694
21,Puebla,66,Guadalupe,-98.0713517,18.0529282,6451
21,Puebla,67,Guadalupe Victoria,-97.2033704,19.1723231,18784
21,Puebla,68,Hermenegildo Galeana,-97.4440635,20.0718241,7011
21,Puebla,69,Huaquechula,-98.3229515,18.4614548,29233
21,Puebla,70,Huatlatlauca,-98.0302779,18.4043588,6111
21,Puebla,71,Huauchinango,-98.0304824,20.1028912,103946
21,Puebla,72,Huehuetla,-97.3729639,20.0614895,17082
21,Puebla,73,Huehuetlán el Chico,-98.4116613,18.2223401,9760
21,Puebla,74,Huejotzingo,-98.2429272,19.0932379,90794
21,Puebla,75,Hueyapan,-97.2645106,19.5257209,13080
21,Puebla,76,Hueytamalco,-97.1720547,19.5622124,27600
21,Puebla,77,Hueytlalpan,-97.4155242,20.013264,5951
21,Puebla,78,Huitzilan de Serdán,-97.4137173,19.5758364,15928
21,Puebla,79,Huitziltepec,-97.5251,18.4609896,5782
21,Puebla,80,Atlequizayan,-97.372671,20.0050427,2633
21,Puebla,81,Ixcamilpa de Guerrero,-98.4147663,18.0137356,4065
21,Puebla,82,Ixcaquixtla,-97.4956451,18.2736344,8804
21,Puebla,83,Ixtacamaxtitlán,-97.4859653,19.3724972,25319
21,Puebla,84,Ixtepec,-97.3848406,20.0129772,6950
21,Puebla,85,Izúcar de Matamoros,-98.2755463,18.3608032,82809
21,Puebla,86,Jalpan,-97.5633473,20.2848347,12050
21,Puebla,87,Jolalpan,-98.5039471,18.191386,13308
21,Puebla,88,Jonotla,-97.3429657,20.0149369,4457
21,Puebla,89,Jopala,-97.4134512,20.0946081,12131
21,Puebla,90,Juan C. Bonilla,-98.194452,19.0638502,23783
21,Puebla,91,Juan Galindo,-98.0007711,20.1243499,9828
21,Puebla,92,Juan N. Méndez,-97.4620244,18.3224016,5293
21,Puebla,93,Lafragua,-97.1756356,19.1747917,7650
21,Puebla,94,Libres,-97.4115814,19.2753037,37257
21,Puebla,95,La Magdalena Tlatlauquitepec,-98.0602522,18.4530672,650
21,Puebla,96,Mazapiltepec de Juárez,-97.4212605,19.0709351,3176
21,Puebla,97,Mixtla,-97.5343754,18.541109,2668
21,Puebla,98,Molcaxac,-97.5442694,18.4416445,6668
21,Puebla,99,Cañada Morelos,-97.2519545,18.4413178,20659
21,Puebla,100,Naupan,-98.0635039,20.1342499,9310
21,Puebla,101,Nauzontla,-97.3611231,19.5732536,3317
21,Puebla,102,Nealtican,-98.2539829,19.0303408,14075
21,Puebla,103,Nicolás Bravo,-97.1820372,18.3647604,6644
21,Puebla,104,Nopalucan,-97.4924736,19.1257705,32772
21,Puebla,105,Ocotepec,-97.3857183,19.3319793,5077
21,Puebla,106,Ocoyucan,-98.1809167,18.5836744,42669
21,Puebla,107,Olintla,-97.4105055,20.06064,11993
21,Puebla,108,Oriental,-97.3709663,19.2232889,19903
21,Puebla,109,Pahuatlán,-98.0859677,20.1632614,20274
21,Puebla,110,Palmar de Bravo,-97.3251024,18.5009335,50226
21,Puebla,111,Pantepec,-97.5618567,20.3118551,18528
21,Puebla,112,Petlalcingo,-97.5504253,18.0455925,9350
21,Puebla,113,Piaxtla,-98.1536521,18.1155522,4627
21,Puebla,114,Puebla,-98.1150981,19.0238363,1692181
21,Puebla,115,Quecholac,-97.3937615,18.5718228,57992
21,Puebla,116,Quimixtlán,-97.0808439,19.1511742,22855
21,Puebla,117,Rafael Lara Grajales,-97.4816383,19.1331383,15952
21,Puebla,118,Los Reyes de Juárez,-97.4847173,18.5648438,30021
21,Puebla,119,San Andrés Cholula,-98.180236,19.0303398,154448
21,Puebla,120,San Antonio Cañada,-97.1724005,18.2950418,5938
21,Puebla,121,San Diego la Mesa Tochimiltzingo,-98.1953051,18.4834512,1270
21,Puebla,122,San Felipe Teotlalcingo,-98.2943637,19.1408609,11063
21,Puebla,123,San Felipe Tepatlán,-97.4746203,20.0528808,3793
21,Puebla,124,San Gabriel Chilac,-97.2052734,18.1934584,15954
21,Puebla,125,San Gregorio Atzompa,-98.2044756,19.0136069,9671
21,Puebla,126,San Jerónimo Tecuanipan,-98.2403445,19.0051883,6597
21,Puebla,127,San Jerónimo Xayacatlán,-97.5451614,18.131657,3606
21,Puebla,128,San José Chiapa,-97.46078,19.1431454,10443
21,Puebla,129,San José Miahuatlán,-97.1715558,18.1724858,14018
21,Puebla,130,San Juan Atenco,-97.3227037,19.0523942,3604
21,Puebla,131,San Juan Atzompa,-98.0127534,18.4445937,975
21,Puebla,132,San Martín Texmelucan,-98.2607856,19.1658469,155738
21,Puebla,133,San Martín Totoltepec,-98.2047043,18.3857132,692
21,Puebla,134,San Matías Tlalancaleca,-98.2953388,19.1927938,20974
21,Puebla,135,San Miguel Ixitlán,-97.4624327,17.5958265,526
21,Puebla,136,San Miguel Xoxtla,-98.1834916,19.100589,12461
21,Puebla,137,San Nicolás Buenos Aires,-97.3254283,19.0942828,10464
21,Puebla,138,San Nicolás de los Ranchos,-98.2908509,19.0421321,11780
21,Puebla,139,San Pablo Anicano,-98.0502517,18.0728036,3759
21,Puebla,140,San Pedro Cholula,-98.1827021,19.0344943,138433
21,Puebla,141,San Pedro Yeloixtlahuaca,-98.0441157,18.0701578,3488
21,Puebla,142,San Salvador el Seco,-97.3833899,19.0805083,30639
21,Puebla,143,San Salvador el Verde,-98.3101797,19.1608474,34880
21,Puebla,144,San Salvador Huixcolotla,-97.4618442,18.5514195,16790
21,Puebla,145,San Sebastián Tlacotepec,-96.5102197,18.2416726,13189
21,Puebla,146,Santa Catarina Tlaltempan,-98.044764,18.3651345,749
21,Puebla,147,Santa Inés Ahuatempan,-98.0103704,18.2445784,6341
21,Puebla,148,Santa Isabel Cholula,-98.2245261,18.5940468,11498
21,Puebla,149,Santiago Miahuatlán,-97.2630672,18.3311359,30309
21,Puebla,150,Huehuetlán el Grande,-98.1004478,18.44179,6105
21,Puebla,151,Santo Tomás Hueyotlipan,-97.5202032,18.5327921,9315
21,Puebla,152,Soltepec,-97.4230401,19.0709221,12631
21,Puebla,153,Tecali de Herrera,-97.580889,18.5403717,23625
21,Puebla,154,Tecamachalco,-97.4342298,18.530489,80771
21,Puebla,155,Tecomatlán,-98.1851741,18.0639457,6830
21,Puebla,156,Tehuacán,-97.2331196,18.2743864,327312
21,Puebla,157,Tehuitzingo,-98.1634054,18.1954171,12672
21,Puebla,158,Tenampulco,-97.2419488,20.1016749,6743
21,Puebla,159,Teopantlán,-98.1544534,18.4247734,3836
21,Puebla,160,Teotlalco,-98.4641767,18.2810642,3689
21,Puebla,161,Tepanco de López,-97.3341393,18.3318247,22218
21,Puebla,162,Tepango de Rodríguez,-97.4746572,20.0010125,4155
21,Puebla,163,Tepatlaxco de Hidalgo,-97.5759821,19.0438288,18854
21,Puebla,164,Tepeaca,-97.5419564,18.5758078,84270
21,Puebla,165,Tepemaxalco,-98.3744598,18.4408172,1216
21,Puebla,166,Tepeojuma,-98.2701039,18.4320815,8918
21,Puebla,167,Tepetzintla,-97.5027511,19.5801509,10373
21,Puebla,168,Tepexco,-98.4125866,18.3829879,7523
21,Puebla,169,Tepexi de Rodríguez,-97.5534285,18.3451661,22331
21,Puebla,170,Tepeyahualco,-97.2932106,19.2931221,19200
21,Puebla,171,Tepeyahualco de Cuauhtémoc,-97.5240903,18.4847337,3851
21,Puebla,172,Tetela de Ocampo,-97.48215,19.4900329,27216
21,Puebla,173,Teteles de Avila Castillo,-97.2725749,19.5129844,6653
21,Puebla,174,Teziutlán,-97.2139159,19.4904766,103583
21,Puebla,175,Tianguismanalco,-98.2653589,18.5839932,14432
21,Puebla,176,Tilapa,-98.3323076,18.3529692,9664
21,Puebla,177,Tlacotepec de Benito Juárez,-97.3912743,18.4057963,54757
21,Puebla,178,Tlacuilotepec,-98.0408073,20.1934555,15977
21,Puebla,179,Tlachichuca,-97.2508807,19.0656285,31639
21,Puebla,180,Tlahuapan,-98.3456636,19.1949813,41547
21,Puebla,181,Tlaltenango,-98.2039539,19.1012084,7425
21,Puebla,182,Tlanepantla,-97.5314629,18.515531,5390
21,Puebla,183,Tlaola,-97.5527403,20.0813325,20433
21,Puebla,184,Tlapacoya,-97.5104946,20.0723343,6422
21,Puebla,185,Tlapanalá,-98.321606,18.4146119,10344
21,Puebla,186,Tlatlauquitepec,-97.2948011,19.5104787,55576
21,Puebla,187,Tlaxco,-98.0143117,20.2525734,4934
21,Puebla,188,Tochimilco,-98.3419798,18.5334528,19315
21,Puebla,189,Tochtepec,-97.4932696,18.5024411,22454
21,Puebla,190,Totoltepec de Guerrero,-97.5118484,18.1321148,1187
21,Puebla,191,Tulcingo,-98.2628715,18.0242489,9871
21,Puebla,192,Tuzamapan de Galeana,-97.3430368,20.035622,5924
21,Puebla,193,Tzicatlacoyan,-98.0253315,18.5028419,6476
21,Puebla,194,Venustiano Carranza,-97.400978,20.3017751,28395
21,Puebla,195,Vicente Guerrero,-97.1208842,18.3216338,26559
21,Puebla,196,Xayacatlán de Bravo,-97.5831943,18.1408075,1570
21,Puebla,197,Xicotepec,-97.5729317,20.1633811,80591
21,Puebla,198,Xicotlán,-98.3129818,18.0331475,1312
21,Puebla,199,Xiutetelco,-97.1935464,19.4745821,42943
21,Puebla,200,Xochiapulco,-97.3931318,19.4916387,3443
21,Puebla,201,Xochiltepec,-98.2036541,18.3900099,3375
21,Puebla,202,Xochitlán de Vicente Suárez,-97.3748336,19.5805972,13025
21,Puebla,203,Xochitlán Todos Santos,-97.4630277,18.4219777,7178
21,Puebla,204,Yaonáhuac,-97.2759206,19.5215223,7926
21,Puebla,205,Yehualtepec,-97.3946331,18.4735848,26392
21,Puebla,206,Zacapala,-98.0355183,18.3526232,4647
21,Puebla,207,Zacapoaxtla,-97.3522393,19.5222931,57887
21,Puebla,208,Zacatlán,-97.573688,19.5556514,87361
21,Puebla,209,Zapotitlán,-97.2831515,18.1946952,8595
21,Puebla,210,Zapotitlán de Méndez,-97.4254285,20.0007643,5675
21,Puebla,211,Zaragoza,-97.3320331,19.4617166,16752
21,Puebla,212,Zautla,-97.4020389,19.4254447,20717
21,Puebla,213,Zihuateutla,-97.5311028,20.1458636,11967
21,Puebla,214,Zinacatepec,-97.1443487,18.1959766,18359
21,Puebla,215,Zongozotla,-97.433627,19.5843098,4539
21,Puebla,216,Zoquiapan,-97.3544313,20.0035418,2452
21,Puebla,217,Zoquitlán,-97.0102132,18.2008617,20335
22,Querétaro,1,Amealco de Bonfil,-100.0839102,20.1111198,66841
22,Querétaro,2,Pinal de Amoles,-99.3739145,21.0807089,27365
22,Querétaro,3,Arroyo Seco,-99.4120999,21.3252931,13142
22,Querétaro,4,Cadereyta de Montes,-99.4856279,20.4142084,69075
22,Querétaro,5,Colón,-100.024355,20.4717975,67121
22,Querétaro,6,Corregidora,-100.2645179,20.3308769,212567
22,Querétaro,7,Ezequiel Montes,-99.535426,20.3955062,45141
22,Querétaro,8,Huimilpan,-100.1627601,20.2230882,36808
22,Querétaro,9,Jalpan de Serra,-99.2822479,21.1300488,27343
22,Querétaro,10,Landa de Matamoros,-99.1918893,21.1100441,18794
22,Querétaro,11,El Marqués,-100.1951948,20.3623651,231668
22,Querétaro,12,Pedro Escobedo,-100.0841029,20.3008977,77404
22,Querétaro,13,Peñamiller,-99.4852294,21.0313073,19141
22,Querétaro,14,Querétaro,-100.2323846,20.3536208,1049777
22,Querétaro,15,San Joaquín,-99.3358893,20.5457821,8359
22,Querétaro,16,San Juan del Río,-99.5958674,20.2311189,297804
22,Querétaro,17,Tequisquiapan,-99.5301824,20.3107743,72201
22,Querétaro,18,Tolimán,-99.5550883,20.5429337,27916
23,Quintana Roo,1,Cozumel,-86.5727318,20.3013623,88626
23,Quintana Roo,2,Felipe Carrillo Puerto,-88.0247712,19.3442636,83990
23,Quintana Roo,3,Isla Mujeres,-86.444593,21.1523649,22686
23,Quintana Roo,4,Othón P. Blanco,-88.1752436,18.2938002,233648
23,Quintana Roo,5,Benito Juárez,-86.492932,21.0941098,911503
23,Quintana Roo,6,José María Morelos,-88.4944962,19.2506376,39165
23,Quintana Roo,7,Lázaro Cárdenas,-87.2914001,21.0605036,29171
23,Quintana Roo,8,Solidaridad,-87.04318,20.3741313,333800
23,Quintana Roo,9,Tulum,-87.2747537,20.1238796,46721
23,Quintana Roo,10,Bacalar,-88.232167,18.4034128,41754
23,Quintana Roo,11,Puerto Morelos,-86.5234238,20.5054429,26921
24,San Luis Potosí,1,Ahualulco,-101.1000632,22.2400358,18974
24,San Luis Potosí,2,Alaquines,-99.3601401,22.0740419,7785
24,San Luis Potosí,3,Aquismón,-99.0110327,21.3716903,48359
24,San Luis Potosí,4,Armadillo de los Infante,-100.3916829,22.1436929,4013
24,San Luis Potosí,5,Cárdenas,-99.3833018,22.0003256,18317
24,San Luis Potosí,6,Catorce,-100.5310512,23.4125618,9579
24,San Luis Potosí,7,Cedral,-100.4335782,23.4909594,19840
24,San Luis Potosí,8,Cerritos,-100.1646548,22.2539598,22075
24,San Luis Potosí,9,Cerro de San Pedro,-100.4801665,22.1304025,5050
24,San Luis Potosí,10,Ciudad del Maíz,-99.3602065,22.2359446,30320
24,San Luis Potosí,11,Ciudad Fernández,-100.003968,21.5636643,48106
24,San Luis Potosí,12,Tancanhuitz,-98.5758996,21.3550348,20300
24,San Luis Potosí,13,Ciudad Valles,-99.0107396,21.5911532,179371
24,San Luis Potosí,14,Coxcatlán,-98.541249,21.3228114,15660
24,San Luis Potosí,15,Charcas,-101.0648068,23.0747346,21814
24,San Luis Potosí,16,Ebano,-98.2240092,22.1244421,40899
24,San Luis Potosí,17,Guadalcázar,-100.2358458,22.3704481,25119
24,San Luis Potosí,18,Huehuetlán,-98.5758876,21.3246497,15334
24,San Luis Potosí,19,Lagunillas,-99.3401091,21.3509515,5453
24,San Luis Potosí,20,Matehuala,-100.3839112,23.3846894,102199
24,San Luis Potosí,21,Mexquitic de Carmona,-101.0646484,22.1559616,58469
24,San Luis Potosí,22,Moctezuma,-101.0508014,22.4459617,19036
24,San Luis Potosí,23,Rayón,-99.3843135,21.5037405,15301
24,San Luis Potosí,24,Rioverde,-99.5934521,21.5556561,97943
24,San Luis Potosí,25,Salinas,-101.4256646,22.3740854,31107
24,San Luis Potosí,26,San Antonio,-98.5410251,21.3712637,9382
24,San Luis Potosí,27,San Ciro de Acosta,-99.4907266,21.3900025,10215
24,San Luis Potosí,28,San Luis Potosí,-100.5837049,22.0905958,911908
24,San Luis Potosí,29,San Martín Chalchicuautla,-98.3926058,21.2210932,18468
24,San Luis Potosí,30,San Nicolás Tolentino,-100.3307473,22.1454725,4779
24,San Luis Potosí,31,Santa Catarina,-99.2944498,21.3921971,12163
24,San Luis Potosí,32,Santa María del Río,-100.4413592,21.4801579,39880
24,San Luis Potosí,33,Santo Domingo,-101.4410691,23.1930915,10785
24,San Luis Potosí,34,San Vicente Tancuayalab,-98.3508584,21.42538,14945
24,San Luis Potosí,35,Soledad de Graciano Sánchez,-100.5614187,22.1116373,332072
24,San Luis Potosí,36,Tamasopo,-99.2331775,21.5526046,29184
24,San Luis Potosí,37,Tamazunchale,-98.4729463,21.1545856,95037
24,San Luis Potosí,38,Tampacán,-98.4339633,21.2408308,14348
24,San Luis Potosí,39,Tampamolón Corona,-98.4854412,21.3337266,13603
24,San Luis Potosí,40,Tamuín,-98.4630579,22.0014928,36968
24,San Luis Potosí,41,Tanlajás,-98.5317053,21.395639,18208
24,San Luis Potosí,42,Tanquián de Escobedo,-98.3943425,21.3553117,13448
24,San Luis Potosí,43,Tierra Nueva,-100.3426106,21.4002841,7966
24,San Luis Potosí,44,Vanegas,-100.5702,23.5302,7557
24,San Luis Potosí,45,Venado,-101.0540666,22.5552838,14188
24,San Luis Potosí,46,Villa de Arriaga,-101.2300133,21.5436489,18206
24,San Luis Potosí,47,Villa de Guadalupe,-100.452843,23.2227929,9277
24,San Luis Potosí,48,Villa de la Paz,-100.4247415,23.4031265,5298
24,San Luis Potosí,49,Villa de Ramos,-101.5437718,22.495135,38389
24,San Luis Potosí,50,Villa de Reyes,-100.5556949,21.4811248,52912
24,San Luis Potosí,51,Villa Hidalgo,-100.4043909,22.2655294,15458
24,San Luis Potosí,52,Villa Juárez,-100.1559936,22.1923554,10304
24,San Luis Potosí,53,Axtla de Terrazas,-98.523,21.2611,32544
24,San Luis Potosí,54,Xilitla,-98.5922463,21.2306694,49741
24,San Luis Potosí,55,Zaragoza,-100.435148,22.0208178,27386
24,San Luis Potosí,56,Villa de Arista,-100.5056472,22.3841178,17258
24,San Luis Potosí,57,Matlapa,-98.4936492,21.2015016,28996
24,San Luis Potosí,58,El Naranjo,-99.1921034,22.311933,20959
25,Sinaloa,1,Ahome,-108.5939634,25.4700301,459310
25,Sinaloa,2,Angostura,-108.0934159,25.2151696,44093
25,Sinaloa,3,Badiraguato,-107.3303666,25.2145546,26542
25,Sinaloa,4,Concordia,-106.0406999,23.1715452,24899
25,Sinaloa,5,Cosalá,-106.4129525,24.2440845,17012
25,Sinaloa,6,Culiacán,-107.2337522,24.4831709,1003530
25,Sinaloa,7,Choix,-108.1920467,26.4225239,29334
25,Sinaloa,8,Elota,-106.5333762,23.5455454,55339
25,Sinaloa,9,Escuinapa,-105.4640353,22.5006185,59988
25,Sinaloa,10,El Fuerte,-108.3711879,26.2517756,96593
25,Sinaloa,11,Guasave,-108.2818543,25.335597,289370
25,Sinaloa,12,Mazatlán,-106.2519997,23.1201137,501441
25,Sinaloa,13,Mocorito,-107.5517622,25.2854757,40358
25,Sinaloa,14,Rosario,-105.5113524,22.5927147,52345
25,Sinaloa,15,Salvador Alvarado,-108.045052,25.27252,79492
25,Sinaloa,16,San Ignacio,-106.2531789,23.5624993,19505
25,Sinaloa,17,Sinaloa,-108.1319365,25.492054,78670
25,Sinaloa,18,Navolato,-107.4148337,24.4601988,149122
26,Sonora,1,Aconchi,-110.1342787,29.4933141,2563
26,Sonora,2,Agua Prieta,-109.3246865,31.1940135,91929
26,Sonora,3,Alamos,-108.5605733,27.012658,24976
26,Sonora,4,Altar,-111.5000859,30.424802,9492
26,Sonora,5,Arivechi,-109.1113531,28.5543121,1177
26,Sonora,6,Arizpe,-110.1000511,30.2010434,2788
26,Sonora,7,Atil,-111.350201,30.503836,626
26,Sonora,8,Bacadéhuachi,-109.0826683,29.4832665,979
26,Sonora,9,Bacanora,-109.2401445,28.5902625,759
26,Sonora,10,Bacerac,-108.5547277,30.2119,1221
26,Sonora,11,Bacoachi,-109.5808427,30.3758938,1475
26,Sonora,12,Bácum,-110.0457629,27.3302082,23151
26,Sonora,13,Banámichi,-110.125599,30.0027992,1825
26,Sonora,14,Baviácora,-110.0954188,29.4254846,3191
26,Sonora,15,Bavispe,-108.5627683,30.2848444,1169
26,Sonora,16,Benjamín Hill,-111.0704518,30.1001787,4988
26,Sonora,17,Caborca,-112.0854077,30.4250666,89122
26,Sonora,18,Cajeme,-109.5557778,27.294736,436484
26,Sonora,19,Cananea,-110.1806017,30.585755,39451
26,Sonora,20,Carbó,-110.5715953,29.4104879,4946
26,Sonora,21,La Colorada,-110.3450395,28.4810483,1848
26,Sonora,22,Cucurpe,-110.4221192,30.1945091,863
26,Sonora,23,Cumpas,-109.4656989,29.5936829,5829
26,Sonora,24,Divisaderos,-109.2814416,29.365425,753
26,Sonora,25,Empalme,-110.4857576,27.5727381,51431
26,Sonora,26,Etchojoa,-109.3731,26.5439,61309
26,Sonora,27,Fronteras,-109.3336028,30.5353685,9041
26,Sonora,28,Granados,-109.183788,29.5144256,1009
26,Sonora,29,Guaymas,-110.5322001,27.5523695,156863
26,Sonora,30,Hermosillo,-110.5730469,29.042961,936263
26,Sonora,31,Huachinera,-108.5731738,30.1241336,1186
26,Sonora,32,Huásabas,-109.180529,29.5415077,888
26,Sonora,33,Huatabampo,-109.3838952,26.4936829,77682
26,Sonora,34,Huépac,-110.1249375,29.5440569,943
26,Sonora,35,Imuris,-110.5141539,30.4638387,12536
26,Sonora,36,Magdalena,-110.5809856,30.374928,33049
26,Sonora,37,Mazatán,-110.0824795,29.0012085,1101
26,Sonora,38,Moctezuma,-109.4049212,29.4807847,5173
26,Sonora,39,Naco,-109.5653275,31.195357,5774
26,Sonora,40,Nácori Chico,-108.5842939,29.4110769,1531
26,Sonora,41,Nacozari de García,-109.4111293,30.2225401,14369
26,Sonora,42,Navojoa,-109.2643966,27.0453751,164387
26,Sonora,43,Nogales,-110.5644681,31.1933251,264782
26,Sonora,44,Onavas,-109.3146266,28.2737941,365
26,Sonora,45,Opodepe,-110.3751914,29.5536084,2438
26,Sonora,46,Oquitoa,-111.4405345,30.4431394,496
26,Sonora,47,Pitiquito,-112.0314131,30.4033585,9122
26,Sonora,48,Puerto Peñasco,-113.3224471,31.1824411,62689
26,Sonora,49,Quiriego,-109.1504426,27.3113756,3090
26,Sonora,50,Rayón,-110.3424616,29.4252123,1496
26,Sonora,51,Rosario,-109.2214772,27.5026373,4830
26,Sonora,52,Sahuaripa,-109.1400134,29.032279,5257
26,Sonora,53,San Felipe de Jesús,-110.1427809,29.5131047,369
26,Sonora,54,San Javier,-109.4422058,28.3543018,537
26,Sonora,55,San Luis Río Colorado,-114.4646648,32.2847392,199021
26,Sonora,56,San Miguel de Horcasitas,-110.4337788,29.2918576,10729
26,Sonora,57,San Pedro de la Cueva,-109.4409992,29.1711335,1458
26,Sonora,58,Santa Ana,-111.0715909,30.3238006,16203
26,Sonora,59,Santa Cruz,-110.354552,31.1353528,1835
26,Sonora,60,Sáric,-111.2244664,31.0609594,2058
26,Sonora,61,Soyopa,-109.3804673,28.4551173,1368
26,Sonora,62,Suaqui Grande,-109.531753,28.2343971,1114
26,Sonora,63,Tepache,-109.3156543,29.3203835,1178
26,Sonora,64,Trincheras,-111.3153337,30.2355035,1381
26,Sonora,65,Tubutama,-111.2757037,30.5305475,1473
26,Sonora,66,Ures,-110.2322497,29.2541076,8548
26,Sonora,67,Villa Hidalgo,-109.191153,30.0947182,1429
26,Sonora,68,Villa Pesqueira,-109.5808074,29.0705942,1043
26,Sonora,69,Yécora,-108.553326,28.2221701,4793
26,Sonora,70,General Plutarco Elías Calles,-112.5126197,31.5159025,13627
26,Sonora,71,Benito Juárez,-109.5033264,27.0740116,21692
26,Sonora,72,San Ignacio Río Muerto,-110.1429451,27.2441094,14279
27,Tabasco,1,Balancán,-91.3201846,17.4801422,58524
27,Tabasco,2,Cárdenas,-93.223668,17.5921948,243229
27,Tabasco,3,Centla,-92.3907874,18.3148399,107731
27,Tabasco,4,Centro,-92.5509898,17.5916215,683607
27,Tabasco,5,Comalcalco,-93.1330062,18.1557773,214877
27,Tabasco,6,Cunduacán,-93.1027481,18.0355308,137257
27,Tabasco,7,Emiliano Zapata,-91.4554293,17.4440496,32181
27,Tabasco,8,Huimanguillo,-93.2326769,17.5006628,190885
27,Tabasco,9,Jalapa,-92.4843817,17.4311025,37749
27,Tabasco,10,Jalpa de Méndez,-93.0345348,18.1036651,91185
27,Tabasco,11,Jonuta,-92.0819425,18.0526542,30798
27,Tabasco,12,Macuspana,-92.3538654,17.4523153,158601
27,Tabasco,13,Nacajuca,-93.0112154,18.1007886,150300
27,Tabasco,14,Paraíso,-93.1251253,18.2344772,96741
27,Tabasco,15,Tacotalpa,-92.4934622,17.3530453,47905
27,Tabasco,16,Teapa,-92.571078,17.3253824,58718
27,Tabasco,17,Tenosique,-91.2533412,17.2838979,62310
28,Tamaulipas,1,Abasolo,-98.2227404,24.0339012,9822
28,Tamaulipas,2,Aldama,-98.0425367,22.5509502,28725
28,Tamaulipas,3,Altamira,-97.5612073,22.2329591,269790
28,Tamaulipas,4,Antiguo Morelos,-99.0501022,22.3257912,8850
28,Tamaulipas,5,Burgos,-98.4756436,24.5647903,4256
28,Tamaulipas,6,Bustamante,-99.4528109,23.2607718,7542
28,Tamaulipas,7,Camargo,-98.5009559,26.1900206,16546
28,Tamaulipas,8,Casas,-98.4416231,23.4337682,4143
28,Tamaulipas,9,Ciudad Madero,-97.50132,22.1446603,205933
28,Tamaulipas,10,Cruillas,-98.3204352,24.4518615,1671
28,Tamaulipas,11,Gómez Farías,-99.0139991,22.5311239,8288
28,Tamaulipas,12,González,-98.2533488,22.4938384,41470
28,Tamaulipas,13,Güémez,-99.0029987,23.5508907,15032
28,Tamaulipas,14,Guerrero,-99.1339468,26.3358864,3803
28,Tamaulipas,15,Gustavo Díaz Ordaz,-98.3525015,26.140228,15677
28,Tamaulipas,16,Hidalgo,-99.2617,24.1449,17012
28,Tamaulipas,17,Jaumave,-99.223243,23.2418433,15994
28,Tamaulipas,18,Jiménez,-98.2908536,24.1252176,6375
28,Tamaulipas,19,Llera,-99.0125069,23.1908256,14645
28,Tamaulipas,20,Mainero,-99.3645677,24.3332543,2048
28,Tamaulipas,21,El Mante,-98.5818185,22.4438397,106144
28,Tamaulipas,22,Matamoros,-97.3017361,25.5247695,541979
28,Tamaulipas,23,Méndez,-98.3510382,25.0659573,4280
28,Tamaulipas,24,Mier,-99.0855299,26.2549693,6385
28,Tamaulipas,25,Miguel Alemán,-99.0133993,26.2403664,26237
28,Tamaulipas,26,Miquihuana,-99.451511,23.3426221,3704
28,Tamaulipas,27,Nuevo Laredo,-99.3030574,27.2910649,425058
28,Tamaulipas,28,Nuevo Morelos,-99.1316798,22.3204094,3810
28,Tamaulipas,29,Ocampo,-99.2009686,22.5042145,13190
28,Tamaulipas,30,Padilla,-98.5401059,24.0255675,13618
28,Tamaulipas,31,Palmillas,-99.3251142,23.1806333,1917
28,Tamaulipas,32,Reynosa,-98.1641265,26.053246,704767
28,Tamaulipas,33,Río Bravo,-98.0524498,25.5851587,132484
28,Tamaulipas,34,San Carlos,-98.5637086,24.3454385,7411
28,Tamaulipas,35,San Fernando,-98.0934635,24.5055241,51405
28,Tamaulipas,36,San Nicolás,-98.4943483,24.4137106,926
28,Tamaulipas,37,Soto la Marina,-98.1222284,23.4601339,23673
28,Tamaulipas,38,Tampico,-97.5130192,22.1257817,297562
28,Tamaulipas,39,Tula,-99.4246792,22.5948757,28230
28,Tamaulipas,40,Valle Hermoso,-97.4844835,25.4025679,60055
28,Tamaulipas,41,Victoria,-99.0904501,23.4351791,349688
28,Tamaulipas,42,Villagrán,-99.2917198,24.2823488,5361
28,Tamaulipas,43,Xicoténcatl,-98.5644438,22.5948378,22229
29,Tlaxcala,1,Amaxac de Guerrero,-98.101045,19.2101029,11403
29,Tlaxcala,2,Apetatitlán de Antonio Carvajal,-98.1148558,19.1956137,16003
29,Tlaxcala,3,Atlangatepec,-98.1230724,19.3156342,7087
29,Tlaxcala,4,Atltzayanca,-97.4747515,19.2552911,18111
29,Tlaxcala,5,Apizaco,-98.0826202,19.2458805,80725
29,Tlaxcala,6,Calpulalpan,-98.3413712,19.3518693,51172
29,Tlaxcala,7,El Carmen Tequexquitla,-97.3932973,19.192851,17332
29,Tlaxcala,8,Cuapiaxtla,-97.4609751,19.1747978,16222
29,Tlaxcala,9,Cuaxomulco,-98.061124,19.2120906,5928
29,Tlaxcala,10,Chiautempan,-98.1134661,19.1850328,73215
29,Tlaxcala,11,Muñoz de Domingo Arenas,-98.1231989,19.2833779,4755
29,Tlaxcala,12,Españita,-98.2525704,19.2744278,9416
29,Tlaxcala,13,Huamantla,-97.552317,19.1845575,98764
29,Tlaxcala,14,Hueyotlipan,-98.2054593,19.2811957,15190
29,Tlaxcala,15,Ixtacuixtla de Mariano Matamoros,-98.2237614,19.1935925,38970
29,Tlaxcala,16,Ixtenco,-97.53424,19.1504119,7504
29,Tlaxcala,17,Mazatecochco de José María Morelos,-98.1126446,19.1047013,11592
29,Tlaxcala,18,Contla de Juan Cuamatzi,-98.1004463,19.2004264,38579
29,Tlaxcala,19,Tepetitla de Lardizábal,-98.2255232,19.1603108,22274
29,Tlaxcala,20,Sanctórum de Lázaro Cárdenas,-98.2819348,19.2933737,9432
29,Tlaxcala,21,Nanacamilpa de Mariano Arista,-98.3210833,19.2935376,18686
29,Tlaxcala,22,Acuamanala de Miguel Hidalgo,-98.1202927,19.1328829,6432
29,Tlaxcala,23,Natívitas,-98.1854699,19.140423,26309
29,Tlaxcala,24,Panotla,-98.1602039,19.1854465,28357
29,Tlaxcala,25,San Pablo del Monte,-98.1013497,19.0711056,82688
29,Tlaxcala,26,Santa Cruz Tlaxcala,-98.0901367,19.2120863,24116
29,Tlaxcala,27,Tenancingo,-98.1209108,19.0851928,12974
29,Tlaxcala,28,Teolocholco,-98.1132465,19.143982,25257
29,Tlaxcala,29,Tepeyanco,-98.1409727,19.1444042,13328
29,Tlaxcala,30,Terrenate,-97.5508777,19.2838775,15475
29,Tlaxcala,31,Tetla de la Solidaridad,-98.0614588,19.2629096,35284
29,Tlaxcala,32,Tetlatlahuca,-98.1744622,19.1353902,13561
29,Tlaxcala,33,Tlaxcala,-98.1415505,19.185959,99896
29,Tlaxcala,34,Tlaxco,-98.0709124,19.3653602,45438
29,Tlaxcala,35,Tocatlán,-98.0154952,19.2325627,6294
29,Tlaxcala,36,Totolac,-98.1530288,19.1932319,22529
29,Tlaxcala,37,Ziltlaltépec de Trinidad Sánchez Santos,-97.5431523,19.1217027,9207
29,Tlaxcala,38,Tzompantepec,-98.0528217,19.2233824,18006
29,Tlaxcala,39,Xaloztoc,-98.0255763,19.2415049,25607
29,Tlaxcala,40,Xaltocan,-98.1238336,19.2525712,10601
29,Tlaxcala,41,Papalotla de Xicohténcatl,-98.1216511,19.1011469,33499
29,Tlaxcala,42,Xicohtzinco,-98.14014,19.1030122,14197
29,Tlaxcala,43,Yauhquemehcan,-98.1102439,19.2418036,42242
29,Tlaxcala,44,Zacatelco,-98.1424815,19.125814,45717
29,Tlaxcala,45,Benito Juárez,-98.2534887,19.3504249,6211
29,Tlaxcala,46,Emiliano Zapata,-97.5501922,19.3331701,4951
29,Tlaxcala,47,Lázaro Cárdenas,-97.5859486,19.321955,3534
29,Tlaxcala,48,La Magdalena Tlaltelulco,-98.1141862,19.1638478,19036
29,Tlaxcala,49,San Damián Texóloc,-98.1704646,19.1642354,5884
29,Tlaxcala,50,San Francisco Tetlanohcan,-98.0948781,19.1536282,11761
29,Tlaxcala,51,San Jerónimo Zacualpan,-98.1545422,19.1430163,4092
29,Tlaxcala,52,San José Teacalco,-98.0351923,19.2008535,6436
29,Tlaxcala,53,San Juan Huactzinco,-98.1501082,19.1416604,7688
29,Tlaxcala,54,San Lorenzo Axocomanitla,-98.1455946,19.1330805,5689
29,Tlaxcala,55,San Lucas Tecopilco,-98.1523552,19.2905961,3077
29,Tlaxcala,56,Santa Ana Nopalucan,-98.2003081,19.1759408,7952
29,Tlaxcala,57,Santa Apolonia Teacalco,-98.1831209,19.1413806,4636
29,Tlaxcala,58,Santa Catarina Ayometla,-98.1251906,19.1159708,9463
29,Tlaxcala,59,Santa Cruz Quilehtla,-98.1319264,19.1247447,7750
29,Tlaxcala,60,Santa Isabel Xiloxoxtla,-98.1248809,19.1605032,5443
30,Veracruz de Ignacio de la Llave,1,Acajete,-97.0037633,19.3513108,9701
30,Veracruz de Ignacio de la Llave,2,Acatlán,-96.5031829,19.4148927,3441
30,Veracruz de Ignacio de la Llave,3,Acayucan,-94.5449935,17.5655761,80815
30,Veracruz de Ignacio de la Llave,4,Actopan,-96.3700773,19.3014584,41742
30,Veracruz de Ignacio de la Llave,5,Acula,-95.4628502,18.302171,5253
30,Veracruz de Ignacio de la Llave,6,Acultzingo,-97.1810214,18.4307546,23100
30,Veracruz de Ignacio de la Llave,7,Camarón de Tejeda,-96.3653912,19.0116229,6538
30,Veracruz de Ignacio de la Llave,8,Alpatláhuac,-97.0535347,19.0711823,10338
30,Veracruz de Ignacio de la Llave,9,Alto Lucero de Gutiérrez Barrios,-96.440103,19.3724689,28184
30,Veracruz de Ignacio de la Llave,10,Altotonga,-97.1443894,19.4558136,64234
30,Veracruz de Ignacio de la Llave,11,Alvarado,-95.4550145,18.4627399,57035
30,Veracruz de Ignacio de la Llave,12,Amatitlán,-95.4359806,18.2556438,7866
30,Veracruz de Ignacio de la Llave,13,Naranjos Amatlán,-97.4110506,21.2048849,26843
30,Veracruz de Ignacio de la Llave,14,Amatlán de los Reyes,-96.5455742,18.5051282,46955
30,Veracruz de Ignacio de la Llave,15,Angel R. Cabada,-95.2633811,18.3543734,33839
30,Veracruz de Ignacio de la Llave,16,La Antigua,-96.2217002,19.2200589,28682
30,Veracruz de Ignacio de la Llave,17,Apazapan,-96.4307138,19.1913521,4709
30,Veracruz de Ignacio de la Llave,18,Aquila,-97.1829244,18.4744647,1978
30,Veracruz de Ignacio de la Llave,19,Astacinga,-97.0607474,18.3400588,6909
30,Veracruz de Ignacio de la Llave,20,Atlahuilco,-97.0526468,18.4150738,11577
30,Veracruz de Ignacio de la Llave,21,Atoyac,-96.4641786,18.5451439,23461
30,Veracruz de Ignacio de la Llave,22,Atzacan,-97.0502057,18.5425084,22651
30,Veracruz de Ignacio de la Llave,23,Atzalan,-97.1438914,19.4720673,49180
30,Veracruz de Ignacio de la Llave,24,Tlaltetela,-96.5409308,19.1852775,16485
30,Veracruz de Ignacio de la Llave,25,Ayahualulco,-97.0855692,19.2105708,27217
30,Veracruz de Ignacio de la Llave,26,Banderilla,-96.5627184,19.3529784,25993
30,Veracruz de Ignacio de la Llave,27,Benito Juárez,-98.1219601,20.5311619,16120
30,Veracruz de Ignacio de la Llave,28,Boca del Río,-96.0623945,19.061958,144550
30,Veracruz de Ignacio de la Llave,29,Calcahualco,-97.050695,19.0720248,13701
30,Veracruz de Ignacio de la Llave,30,Camerino Z. Mendoza,-97.1104982,18.4815267,41835
30,Veracruz de Ignacio de la Llave,31,Carrillo Puerto,-96.3415815,18.4759609,18888
30,Veracruz de Ignacio de la Llave,32,Catemaco,-95.0644421,18.2528613,49451
30,Veracruz de Ignacio de la Llave,33,Cazones de Herrera,-97.1844354,20.4211826,24421
30,Veracruz de Ignacio de la Llave,34,Cerro Azul,-97.4432347,21.112928,25011
30,Veracruz de Ignacio de la Llave,35,Citlaltépetl,-97.524539,21.1942485,11165
30,Veracruz de Ignacio de la Llave,36,Coacoatzintla,-96.5642507,19.3911182,11018
30,Veracruz de Ignacio de la Llave,37,Coahuitlán,-97.4253549,20.1630222,8176
30,Veracruz de Ignacio de la Llave,38,Coatepec,-96.5736987,19.2716778,93911
30,Veracruz de Ignacio de la Llave,39,Coatzacoalcos,-94.2710805,18.0816378,310698
30,Veracruz de Ignacio de la Llave,40,Coatzintla,-97.2738815,20.2856508,55016
30,Veracruz de Ignacio de la Llave,41,Coetzala,-96.5500092,18.4708291,2355
30,Veracruz de Ignacio de la Llave,42,Colipa,-96.4336228,19.5526399,5743
30,Veracruz de Ignacio de la Llave,43,Comapa,-96.5310433,19.0952664,19876
30,Veracruz de Ignacio de la Llave,44,Córdoba,-96.5607257,18.5339782,204721
30,Veracruz de Ignacio de la Llave,45,Cosamaloapan de Carpio,-95.4746891,18.2153186,54737
30,Veracruz de Ignacio de la Llave,46,Cosautlán de Carvajal,-96.5928912,19.1957517,16167
30,Veracruz de Ignacio de la Llave,47,Coscomatepec,-97.0247114,19.0422434,59471
30,Veracruz de Ignacio de la Llave,48,Cosoleacaque,-94.3808499,17.5954942,130903
30,Veracruz de Ignacio de la Llave,49,Cotaxtla,-96.2343511,18.5007893,22050
30,Veracruz de Ignacio de la Llave,50,Coxquihui,-97.3510574,20.1105054,16333
30,Veracruz de Ignacio de la Llave,51,Coyutla,-97.392771,20.1449638,23096
30,Veracruz de Ignacio de la Llave,52,Cuichapa,-96.5209206,18.4624636,11869
30,Veracruz de Ignacio de la Llave,53,Cuitláhuac,-96.4320362,18.4852342,28075
30,Veracruz de Ignacio de la Llave,54,Chacaltianguis,-95.5029005,18.1819211,11461
30,Veracruz de Ignacio de la Llave,55,Chalma,-98.2351371,21.1230208,13527
30,Veracruz de Ignacio de la Llave,56,Chiconamel,-98.2734247,21.135,6610
30,Veracruz de Ignacio de la Llave,57,Chiconquiaco,-96.490771,19.4431546,13881
30,Veracruz de Ignacio de la Llave,58,Chicontepec,-98.1042039,20.581911,53858
30,Veracruz de Ignacio de la Llave,59,Chinameca,-94.4059,18.0104,22638
30,Veracruz de Ignacio de la Llave,60,Chinampa de Gorostiza,-97.4407217,21.2134558,16283
30,Veracruz de Ignacio de la Llave,61,Las Choapas,-94.0524994,17.5433573,81080
30,Veracruz de Ignacio de la Llave,62,Chocamán,-97.0159655,19.0039136,20839
30,Veracruz de Ignacio de la Llave,63,Chontla,-97.5529747,21.1736365,13359
30,Veracruz de Ignacio de la Llave,64,Chumatlán,-97.3540691,20.1227117,4008
30,Veracruz de Ignacio de la Llave,65,Emiliano Zapata,-96.47531,19.2859154,85489
30,Veracruz de Ignacio de la Llave,66,Espinal,-97.2354652,20.1533942,26830
30,Veracruz de Ignacio de la Llave,67,Filomeno Mata,-97.4213459,20.1200887,19179
30,Veracruz de Ignacio de la Llave,68,Fortín,-96.5957644,18.5413187,66372
30,Veracruz de Ignacio de la Llave,69,Gutiérrez Zamora,-97.0515237,20.2706956,24085
30,Veracruz de Ignacio de la Llave,70,Hidalgotitlán,-94.3847459,17.461566,18275
30,Veracruz de Ignacio de la Llave,71,Huatusco,-96.5802459,19.0849097,59920
30,Veracruz de Ignacio de la Llave,72,Huayacocotla,-98.2844947,20.3214198,21796
30,Veracruz de Ignacio de la Llave,73,Hueyapan de Ocampo,-95.0833664,18.0906689,41670
30,Veracruz de Ignacio de la Llave,74,Huiloapan de Cuauhtémoc,-97.0921311,18.4859678,7293
30,Veracruz de Ignacio de la Llave,75,Ignacio de la Llave,-95.5908287,18.43275,16525
30,Veracruz de Ignacio de la Llave,76,Ilamatlán,-98.263571,20.4651532,13377
30,Veracruz de Ignacio de la Llave,77,Isla,-95.3139461,18.013905,42807
30,Veracruz de Ignacio de la Llave,78,Ixcatepec,-98.0021427,21.1415484,12379
30,Veracruz de Ignacio de la Llave,79,Ixhuacán de los Reyes,-97.0655007,19.2121405,11387
30,Veracruz de Ignacio de la Llave,80,Ixhuatlán del Café,-96.590357,19.0304164,23132
30,Veracruz de Ignacio de la Llave,81,Ixhuatlancillo,-97.0856165,18.5352525,27295
30,Veracruz de Ignacio de la Llave,82,Ixhuatlán del Sureste,-94.2337419,18.0121913,15831
30,Veracruz de Ignacio de la Llave,83,Ixhuatlán de Madero,-98.0045181,20.4121772,50836
30,Veracruz de Ignacio de la Llave,84,Ixmatlahuacan,-95.4947575,18.2654847,5574
30,Veracruz de Ignacio de la Llave,85,Ixtaczoquitlán,-97.0347042,18.5103839,74004
30,Veracruz de Ignacio de la Llave,86,Jalacingo,-97.1831254,19.4821478,46794
30,Veracruz de Ignacio de la Llave,87,Xalapa,-96.5521521,19.3137505,488531
30,Veracruz de Ignacio de la Llave,88,Jalcomulco,-96.4542561,19.1954068,5054
30,Veracruz de Ignacio de la Llave,89,Jáltipan,-94.4318245,17.5757845,38669
30,Veracruz de Ignacio de la Llave,90,Jamapa,-96.1426127,19.0231295,11132
30,Veracruz de Ignacio de la Llave,91,Jesús Carranza,-95.0134509,17.2605737,28524
30,Veracruz de Ignacio de la Llave,92,Xico,-97.0026038,19.251657,39623
30,Veracruz de Ignacio de la Llave,93,Jilotepec,-96.5701007,19.3640694,16585
30,Veracruz de Ignacio de la Llave,94,Juan Rodríguez Clara,-95.2404874,17.5938413,38367
30,Veracruz de Ignacio de la Llave,95,Juchique de Ferrer,-96.4141029,19.502818,15059
30,Veracruz de Ignacio de la Llave,96,Landero y Coss,-96.5105716,19.4406691,1543
30,Veracruz de Ignacio de la Llave,97,Lerdo de Tejada,-95.3123599,18.3741519,19123
30,Veracruz de Ignacio de la Llave,98,Magdalena,-97.0243683,18.4538122,3299
30,Veracruz de Ignacio de la Llave,99,Maltrata,-97.1641894,18.4837443,18327
30,Veracruz de Ignacio de la Llave,100,Manlio Fabio Altamirano,-96.1959629,19.0539963,23918
30,Veracruz de Ignacio de la Llave,101,Mariano Escobedo,-97.0748087,18.5446388,38670
30,Veracruz de Ignacio de la Llave,102,Martínez de la Torre,-97.0313824,20.0424196,108842
30,Veracruz de Ignacio de la Llave,103,Mecatlán,-97.4054264,20.123836,12799
30,Veracruz de Ignacio de la Llave,104,Mecayapan,-94.5015515,18.1317246,17134
30,Veracruz de Ignacio de la Llave,105,Medellín de Bravo,-96.0929419,19.0333266,95202
30,Veracruz de Ignacio de la Llave,106,Miahuatlán,-96.521148,19.4226854,4841
30,Veracruz de Ignacio de la Llave,107,Las Minas,-97.0846021,19.4127327,2934
30,Veracruz de Ignacio de la Llave,108,Minatitlán,-94.3254399,17.5927519,144776
30,Veracruz de Ignacio de la Llave,109,Misantla,-96.510985,19.5543084,65761
30,Veracruz de Ignacio de la Llave,110,Mixtla de Altamirano,-96.5933842,18.3544226,12125
30,Veracruz de Ignacio de la Llave,111,Moloacán,-94.2049495,17.5919579,16493
30,Veracruz de Ignacio de la Llave,112,Naolinco,-96.5225232,19.3918963,22835
30,Veracruz de Ignacio de la Llave,113,Naranjal,-96.5740828,18.4838974,4614
30,Veracruz de Ignacio de la Llave,114,Nautla,-96.462693,20.123309,10130
30,Veracruz de Ignacio de la Llave,115,Nogales,-97.0945203,18.4921134,37314
30,Veracruz de Ignacio de la Llave,116,Oluta,-94.5348998,17.5541467,17027
30,Veracruz de Ignacio de la Llave,117,Omealca,-96.4710331,18.4450299,23773
30,Veracruz de Ignacio de la Llave,118,Orizaba,-97.0556092,18.5103459,123182
30,Veracruz de Ignacio de la Llave,119,Otatitlán,-96.0204468,18.1036165,5651
30,Veracruz de Ignacio de la Llave,120,Oteapan,-94.3959722,17.5958212,10343
30,Veracruz de Ignacio de la Llave,121,Ozuluama de Mascareñas,-97.5101823,21.3940538,22756
30,Veracruz de Ignacio de la Llave,122,Pajapan,-94.4130425,18.1542277,18051
30,Veracruz de Ignacio de la Llave,123,Pánuco,-98.1052699,22.0313005,96185
30,Veracruz de Ignacio de la Llave,124,Papantla,-97.1921897,20.2648237,159910
30,Veracruz de Ignacio de la Llave,125,Paso del Macho,-96.432824,18.5819758,31894
30,Veracruz de Ignacio de la Llave,126,Paso de Ovejas,-96.261843,19.1706169,33442
30,Veracruz de Ignacio de la Llave,127,La Perla,-97.0802485,18.5539429,28258
30,Veracruz de Ignacio de la Llave,128,Perote,-97.1438659,19.3338352,77432
30,Veracruz de Ignacio de la Llave,129,Platón Sánchez,-98.2226923,21.1623512,18053
30,Veracruz de Ignacio de la Llave,130,Playa Vicente,-95.4843404,17.4955678,39327
30,Veracruz de Ignacio de la Llave,131,Poza Rica de Hidalgo,-97.2636841,20.3202715,189457
30,Veracruz de Ignacio de la Llave,132,Las Vigas de Ramírez,-97.061216,19.3818527,20300
30,Veracruz de Ignacio de la Llave,133,Pueblo Viejo,-97.5012034,22.1101078,57909
30,Veracruz de Ignacio de la Llave,134,Puente Nacional,-96.28539,19.1938547,23544
30,Veracruz de Ignacio de la Llave,135,Rafael Delgado,-97.0424375,18.4837878,24127
30,Veracruz de Ignacio de la Llave,136,Rafael Lucio,-96.592241,19.353518,8343
30,Veracruz de Ignacio de la Llave,137,Los Reyes,-97.0239327,18.402128,6308
30,Veracruz de Ignacio de la Llave,138,Río Blanco,-97.082229,18.5019914,41795
30,Veracruz de Ignacio de la Llave,139,Saltabarranca,-95.3154764,18.3524865,6126
30,Veracruz de Ignacio de la Llave,140,San Andrés Tenejapan,-97.0535611,18.4719329,3134
30,Veracruz de Ignacio de la Llave,141,San Andrés Tuxtla,-95.1245255,18.2655206,162428
30,Veracruz de Ignacio de la Llave,142,San Juan Evangelista,-95.0824288,17.5309788,32631
30,Veracruz de Ignacio de la Llave,143,Santiago Tuxtla,-95.1806313,18.2756314,57085
30,Veracruz de Ignacio de la Llave,144,Sayula de Alemán,-94.5736392,17.525149,32400
30,Veracruz de Ignacio de la Llave,145,Soconusco,-94.5251783,17.574637,16574
30,Veracruz de Ignacio de la Llave,146,Sochiapa,-96.5626324,19.1135863,3925
30,Veracruz de Ignacio de la Llave,147,Soledad Atzompa,-97.0857888,18.4519134,24578
30,Veracruz de Ignacio de la Llave,148,Soledad de Doblado,-96.2523841,19.0241085,28130
30,Veracruz de Ignacio de la Llave,149,Soteapan,-94.5221923,18.1346236,34385
30,Veracruz de Ignacio de la Llave,150,Tamalín,-97.4847628,21.2016579,11631
30,Veracruz de Ignacio de la Llave,151,Tamiahua,-97.2647489,21.1647071,21902
30,Veracruz de Ignacio de la Llave,152,Tampico Alto,-97.480585,22.0646966,11561
30,Veracruz de Ignacio de la Llave,153,Tancoco,-97.4729109,21.1710972,5795
30,Veracruz de Ignacio de la Llave,154,Tantima,-97.4959852,21.1946693,11991
30,Veracruz de Ignacio de la Llave,155,Tantoyuca,-98.134771,21.2106531,99959
30,Veracruz de Ignacio de la Llave,156,Tatatila,-97.0643711,19.4136445,6041
30,Veracruz de Ignacio de la Llave,157,Castillo de Teayo,-97.3757898,20.4459039,20145
30,Veracruz de Ignacio de la Llave,158,Tecolutla,-97.0030423,20.2838613,24551
30,Veracruz de Ignacio de la Llave,159,Tehuipango,-97.0322058,18.3103936,29686
30,Veracruz de Ignacio de la Llave,160,Álamo Temapache,-97.4031913,20.5501713,107270
30,Veracruz de Ignacio de la Llave,161,Tempoal,-98.2317251,21.312021,34408
30,Veracruz de Ignacio de la Llave,162,Tenampa,-96.5305473,19.1454798,6448
30,Veracruz de Ignacio de la Llave,163,Tenochtitlán,-96.5458917,19.4836479,5040
30,Veracruz de Ignacio de la Llave,164,Teocelo,-96.5819837,19.2310502,16957
30,Veracruz de Ignacio de la Llave,165,Tepatlaxco,-96.5031339,19.0402442,8925
30,Veracruz de Ignacio de la Llave,166,Tepetlán,-96.4745552,19.4025928,9405
30,Veracruz de Ignacio de la Llave,167,Tepetzintla,-97.5103807,21.0958008,14619
30,Veracruz de Ignacio de la Llave,168,Tequila,-97.0409929,18.4347299,16343
30,Veracruz de Ignacio de la Llave,169,José Azueta,-95.4228674,18.0432286,22709
30,Veracruz de Ignacio de la Llave,170,Texcatepec,-98.2152432,20.350535,10824
30,Veracruz de Ignacio de la Llave,171,Texhuacán,-97.021944,18.3714297,5575
30,Veracruz de Ignacio de la Llave,172,Texistepec,-94.4854752,17.5339146,19925
30,Veracruz de Ignacio de la Llave,173,Tezonapa,-96.4115121,18.3624505,54537
30,Veracruz de Ignacio de la Llave,174,Tierra Blanca,-96.2137133,18.2650816,95602
30,Veracruz de Ignacio de la Llave,175,Tihuatlán,-97.3216602,20.430002,92726
30,Veracruz de Ignacio de la Llave,176,Tlacojalpan,-95.5651459,18.1351188,4489
30,Veracruz de Ignacio de la Llave,177,Tlacolulan,-97.0004935,19.3953491,11685
30,Veracruz de Ignacio de la Llave,178,Tlacotalpan,-95.392272,18.3647778,12898
30,Veracruz de Ignacio de la Llave,179,Tlacotepec de Mejía,-96.5011427,19.1131683,4284
30,Veracruz de Ignacio de la Llave,180,Tlachichilco,-98.1156575,20.3717647,10900
30,Veracruz de Ignacio de la Llave,181,Tlalixcoyan,-96.0339197,18.4807781,37795
30,Veracruz de Ignacio de la Llave,182,Tlalnelhuayocan,-96.5826029,19.3353055,19664
30,Veracruz de Ignacio de la Llave,183,Tlapacoyan,-97.1245107,19.5745548,61377
30,Veracruz de Ignacio de la Llave,184,Tlaquilpa,-97.0707971,18.3644174,7933
30,Veracruz de Ignacio de la Llave,185,Tlilapan,-97.055661,18.4820684,5548
30,Veracruz de Ignacio de la Llave,186,Tomatlán,-97.0036938,19.0153542,7197
30,Veracruz de Ignacio de la Llave,187,Tonayán,-96.5517425,19.4058405,6105
30,Veracruz de Ignacio de la Llave,188,Totutla,-96.5740661,19.1240629,17217
30,Veracruz de Ignacio de la Llave,189,Tuxpan,-97.2414138,20.5751468,154600
30,Veracruz de Ignacio de la Llave,190,Tuxtilla,-95.5341086,18.1420255,2258
30,Veracruz de Ignacio de la Llave,191,Ursulo Galván,-96.2135857,19.2423206,30097
30,Veracruz de Ignacio de la Llave,192,Vega de Alatorre,-96.3859154,20.0138877,20204
30,Veracruz de Ignacio de la Llave,193,Veracruz,-96.0910899,19.1125164,607209
30,Veracruz de Ignacio de la Llave,194,Villa Aldama,-97.132289,19.3855991,12492
30,Veracruz de Ignacio de la Llave,195,Xoxocotla,-97.0906832,18.3852099,5900
30,Veracruz de Ignacio de la Llave,196,Yanga,-96.4754593,18.500181,17902
30,Veracruz de Ignacio de la Llave,197,Yecuatla,-96.4634416,19.5158271,11205
30,Veracruz de Ignacio de la Llave,198,Zacualpan,-98.2055309,20.2601344,6788
30,Veracruz de Ignacio de la Llave,199,Zaragoza,-94.3832689,17.5720691,11899
30,Veracruz de Ignacio de la Llave,200,Zentla,-96.5131532,19.0655089,12581
30,Veracruz de Ignacio de la Llave,201,Zongolica,-96.5954112,18.4000807,45028
30,Veracruz de Ignacio de la Llave,202,Zontecomatlán de López y Fuentes,-98.20345,20.4543133,14644
30,Veracruz de Ignacio de la Llave,203,Zozocolco de Hidalgo,-97.3431848,20.0827043,14524
30,Veracruz de Ignacio de la Llave,204,Agua Dulce,-94.085006,18.081778,44104
30,Veracruz de Ignacio de la Llave,205,El Higo,-98.2713407,21.4607443,19402
30,Veracruz de Ignacio de la Llave,206,Nanchital de Lázaro Cárdenas del Río,-94.2440233,18.0419709,29209
30,Veracruz de Ignacio de la Llave,207,Tres Valles,-96.0805269,18.1427319,44978
30,Veracruz de Ignacio de la Llave,208,Carlos A. Carrillo,-95.4441135,18.2218244,23376
30,Veracruz de Ignacio de la Llave,209,Tatahuicapan de Juárez,-94.4536861,18.144721,15044
30,Veracruz de Ignacio de la Llave,210,Uxpanapa,-94.2704798,17.1633685,30891
30,Veracruz de Ignacio de la Llave,211,San Rafael,-96.5215435,20.1116891,30351
30,Veracruz de Ignacio de la Llave,212,Santiago Sochiapan,-95.4404567,17.3949435,13062
31,Yucatán,1,Abalá,-89.4051191,20.385128,6550
31,Yucatán,2,Acanceh,-89.2712768,20.4844718,16772
31,Yucatán,3,Akil,-89.2048572,20.160139,12285
31,Yucatán,4,Baca,-89.2357776,21.0634374,6195
31,Yucatán,5,Bokobá,-89.104629,21.0024983,2167
31,Yucatán,6,Buctzotz,-88.4740064,21.1206828,9159
31,Yucatán,7,Cacalchén,-89.1341448,20.5859155,7490
31,Yucatán,8,Calotmul,-88.1037367,21.0109442,3949
31,Yucatán,9,Cansahcab,-89.0608429,21.092917,4466
31,Yucatán,10,Cantamayec,-89.0451399,20.2814,2755
31,Yucatán,11,Celestún,-90.2358069,20.513633,8389
31,Yucatán,12,Cenotillo,-88.3615912,20.5756778,3736
31,Yucatán,13,Conkal,-89.3116622,21.0426018,16671
31,Yucatán,14,Cuncunul,-88.1747873,20.3828187,1714
31,Yucatán,15,Cuzamá,-89.190106,20.4429343,5560
31,Yucatán,16,Chacsinkín,-89.0059072,20.1021363,3104
31,Yucatán,17,Chankom,-88.3044447,20.3406899,4686
31,Yucatán,18,Chapab,-89.2723588,20.2731502,3385
31,Yucatán,19,Chemax,-87.5614381,20.3918059,38934
31,Yucatán,20,Chicxulub Pueblo,-89.3054274,21.0814242,4497
31,Yucatán,21,Chichimilá,-88.1302628,20.3752572,9406
31,Yucatán,22,Chikindzonot,-88.2911348,20.2001159,4363
31,Yucatán,23,Chocholá,-89.4950515,20.4500833,4863
31,Yucatán,24,Chumayel,-89.1809069,20.2546325,3244
31,Yucatán,25,Dzán,-89.2807934,20.2315951,6003
31,Yucatán,26,Dzemul,-89.183173,21.1241411,3622
31,Yucatán,27,Dzidzantún,-89.023471,21.1448042,8345
31,Yucatán,28,Dzilam de Bravo,-88.5330767,21.2335625,2936
31,Yucatán,29,Dzilam González,-88.5547066,21.164845,6240
31,Yucatán,30,Dzitás,-88.314016,20.5023516,4015
31,Yucatán,31,Dzoncauich,-88.5327352,21.074499,2818
31,Yucatán,32,Espita,-88.1824561,21.0039789,16779
31,Yucatán,33,Halachó,-90.0456024,20.2839885,21255
31,Yucatán,34,Hocabá,-89.1442357,20.4858464,6514
31,Yucatán,35,Hoctún,-89.1207437,20.5154764,6384
31,Yucatán,36,Homún,-89.1708716,20.4422255,8090
31,Yucatán,37,Huhí,-89.0943916,20.4329966,5250
31,Yucatán,38,Hunucmá,-89.5237386,21.0058155,35137
31,Yucatán,39,Ixil,-89.285236,21.0910801,4186
31,Yucatán,40,Izamal,-89.0110973,20.5558791,28555
31,Yucatán,41,Kanasín,-89.3329014,20.5604703,141939
31,Yucatán,42,Kantunil,-89.0211469,20.4747184,5553
31,Yucatán,43,Kaua,-88.245262,20.3712308,3405
31,Yucatán,44,Kinchil,-89.5651298,20.5459263,7530
31,Yucatán,45,Kopomá,-89.5358293,20.3856292,2677
31,Yucatán,46,Mama,-89.2156086,20.2838633,3296
31,Yucatán,47,Maní,-89.2334695,20.2315725,5968
31,Yucatán,48,Maxcanú,-90.0002305,20.3506214,23991
31,Yucatán,49,Mayapán,-89.1254616,20.2807479,3965
31,Yucatán,50,Mérida,-89.372781,20.5803134,995129
31,Yucatán,51,Mocochá,-89.27074,21.0620464,3430
31,Yucatán,52,Motul,-89.1702129,21.0543982,37804
31,Yucatán,53,Muna,-89.4248159,20.2902232,13494
31,Yucatán,54,Muxupip,-89.1947608,21.0234163,2990
31,Yucatán,55,Opichén,-89.512248,20.3302345,7080
31,Yucatán,56,Oxkutzcab,-89.2507506,20.1806957,33854
31,Yucatán,57,Panabá,-88.161626,21.17487,7766
31,Yucatán,58,Peto,-88.5526347,20.0733306,25954
31,Yucatán,59,Progreso,-89.3948942,21.1657278,66008
31,Yucatán,60,Quintana Roo,-88.3754304,20.5201875,976
31,Yucatán,61,Río Lagartos,-88.0928719,21.3551902,3974
31,Yucatán,62,Sacalum,-89.3528195,20.2944985,4962
31,Yucatán,63,Samahil,-89.5319736,20.5300303,5631
31,Yucatán,64,Sanahcat,-89.1253138,20.4616544,1701
31,Yucatán,65,San Felipe,-88.1355428,21.3403356,2118
31,Yucatán,66,Santa Elena,-89.3835734,20.1944031,4220
31,Yucatán,67,Seyé,-89.222011,20.5013152,10053
31,Yucatán,68,Sinanché,-89.110882,21.1332142,3206
31,Yucatán,69,Sotuta,-89.002414,20.3542064,8967
31,Yucatán,70,Sucilá,-88.1850178,21.0922196,3971
31,Yucatán,71,Sudzal,-88.5919651,20.5219544,1949
31,Yucatán,72,Suma,-89.0853803,21.0511369,1857
31,Yucatán,73,Tahdziú,-88.5641653,20.1213754,5854
31,Yucatán,74,Tahmek,-89.1520861,20.5231926,3774
31,Yucatán,75,Teabo,-89.1705709,20.240148,6921
31,Yucatán,76,Tecoh,-89.2827488,20.4430214,17939
31,Yucatán,77,Tekal de Venegas,-88.5649219,21.0050661,2683
31,Yucatán,78,Tekantó,-89.0621902,21.004193,3747
31,Yucatán,79,Tekax,-89.1718197,20.1212473,45062
31,Yucatán,80,Tekit,-89.1959141,20.3200576,11020
31,Yucatán,81,Tekom,-88.1551976,20.3608009,3355
31,Yucatán,82,Telchac Pueblo,-89.1616562,21.1212056,3512
31,Yucatán,83,Telchac Puerto,-89.155121,21.2034814,1915
31,Yucatán,84,Temax,-88.5619083,21.0906628,7037
31,Yucatán,85,Temozón,-88.1204168,20.4813249,16680
31,Yucatán,86,Tepakán,-89.0222008,21.0257758,2133
31,Yucatán,87,Tetiz,-89.5600416,20.5742882,5464
31,Yucatán,88,Teya,-89.0425352,21.0254738,1917
31,Yucatán,89,Ticul,-89.3204008,20.2354024,40495
31,Yucatán,90,Timucuy,-89.3048618,20.4837829,7503
31,Yucatán,91,Tinum,-88.2328455,20.4601709,12700
31,Yucatán,92,Tixcacalcupul,-88.1612961,20.3213519,7888
31,Yucatán,93,Tixkokob,-89.2342185,21.0008937,18420
31,Yucatán,94,Tixmehuac,-89.0632404,20.1408595,5444
31,Yucatán,95,Tixpéhual,-89.263085,20.5841406,5690
31,Yucatán,96,Tizimín,-88.0908158,21.0836683,80672
31,Yucatán,97,Tunkás,-88.4508206,20.5408459,3684
31,Yucatán,98,Tzucacab,-89.0301189,20.0418954,15346
31,Yucatán,99,Uayma,-88.1901699,20.4304035,4191
31,Yucatán,100,Ucú,-89.4447185,21.0154245,4049
31,Yucatán,101,Umán,-89.445382,20.5254804,69147
31,Yucatán,102,Valladolid,-88.1203528,20.4123012,85460
31,Yucatán,103,Xocchel,-89.110139,20.500056,3451
31,Yucatán,104,Yaxcabá,-88.4937942,20.3256852,16350
31,Yucatán,105,Yaxkukul,-89.2509258,21.0348524,3293
31,Yucatán,106,Yobaín,-89.0659401,21.1400483,2215
32,Zacatecas,1,Apozol,-103.0528284,21.2815157,6260
32,Zacatecas,2,Apulco,-102.4052352,21.2318378,4942
32,Zacatecas,3,Atolinga,-103.27561,21.4825015,2277
32,Zacatecas,4,Benito Juárez,-103.3321421,21.301612,4493
32,Zacatecas,5,Calera,-102.4208145,22.5656534,45759
32,Zacatecas,6,Cañitas de Felipe Pescador,-102.4335724,23.3625114,8255
32,Zacatecas,7,Concepción del Oro,-101.2513742,24.3647408,12115
32,Zacatecas,8,Cuauhtémoc,-102.2100367,22.2657186,13466
32,Zacatecas,9,Chalchihuites,-103.5302565,23.283846,10086
32,Zacatecas,10,Fresnillo,-102.5205626,23.1029621,240532
32,Zacatecas,11,Trinidad García de la Cadena,-103.2753535,21.1235244,3362
32,Zacatecas,12,Genaro Codina,-102.2723666,22.291541,8168
32,Zacatecas,13,General Enrique Estrada,-102.4424047,22.5942444,6644
32,Zacatecas,14,General Francisco R. Murguía,-103.0111371,23.5940805,20191
32,Zacatecas,15,El Plateado de Joaquín Amaro,-103.0532617,21.5611951,1579
32,Zacatecas,16,General Pánfilo Natera,-102.0635724,22.3951737,23526
32,Zacatecas,17,Guadalupe,-102.3107686,22.4448415,211740
32,Zacatecas,18,Huanusco,-102.5819287,21.4619808,4547
32,Zacatecas,19,Jalpa,-102.5833003,21.3756061,25296
32,Zacatecas,20,Jerez,-102.5923725,22.3857852,59910
32,Zacatecas,21,Jiménez del Teul,-103.4754182,23.1514797,4465
32,Zacatecas,22,Juan Aldama,-103.2336925,24.1725732,19749
32,Zacatecas,23,Juchipila,-103.0709276,21.2441414,12251
32,Zacatecas,24,Loreto,-101.591163,22.1619872,53709
32,Zacatecas,25,Luis Moya,-102.1457298,22.255692,13184
32,Zacatecas,26,Mazapil,-101.331788,24.3817149,17774
32,Zacatecas,27,Melchor Ocampo,-101.3832015,24.4954208,2736
32,Zacatecas,28,Mezquital del Oro,-103.2146444,21.1300198,2451
32,Zacatecas,29,Miguel Auza,-103.2705218,24.1740007,23713
32,Zacatecas,30,Momax,-103.1850311,21.5519251,2446
32,Zacatecas,31,Monte Escobedo,-103.3341915,22.1810025,8683
32,Zacatecas,32,Morelos,-102.3634326,22.51439,13207
32,Zacatecas,33,Moyahua de Estrada,-103.0956508,21.1556137,4530
32,Zacatecas,34,Nochistlán de Mejía,-102.5049794,21.2147712,27945
32,Zacatecas,35,Noria de Ángeles,-101.5432026,22.2633724,16284
32,Zacatecas,36,Ojocaliente,-102.1510562,22.341908,44144
32,Zacatecas,37,Pánuco,-102.3227182,22.523347,17577
32,Zacatecas,38,Pinos,-101.3430602,22.1755831,72241
32,Zacatecas,39,Río Grande,-103.0203594,23.4938763,64535
32,Zacatecas,40,Sain Alto,-103.1450925,23.3447389,21844
32,Zacatecas,41,El Salvador,-100.5204188,24.3114076,2509
32,Zacatecas,42,Sombrerete,-103.3828832,23.375296,63665
32,Zacatecas,43,Susticacán,-103.0558879,22.363992,1365
32,Zacatecas,44,Tabasco,-102.5447005,21.5154997,16588
32,Zacatecas,45,Tepechitlán,-103.1939451,21.4016054,8321
32,Zacatecas,46,Tepetongo,-103.0852433,22.2740553,6490
32,Zacatecas,47,Teúl de González Ortega,-103.2743342,21.2750729,5356
32,Zacatecas,48,Tlaltenango de Sánchez Román,-103.1820928,21.465895,27302
32,Zacatecas,49,Valparaíso,-103.340204,22.4618841,32461
32,Zacatecas,50,Vetagrande,-102.3320313,22.4958133,10276
32,Zacatecas,51,Villa de Cos,-102.2048798,23.1738013,34623
32,Zacatecas,52,Villa García,-101.5722748,22.0953633,19525
32,Zacatecas,53,Villa González Ortega,-101.5449538,22.304677,13208
32,Zacatecas,54,Villa Hidalgo,-101.4245356,22.2125518,19446
32,Zacatecas,55,Villanueva,-102.5301414,22.2115331,31558
32,Zacatecas,56,Zacatecas,-102.3418611,22.4633946,149607
32,Zacatecas,57,Trancoso,-102.2157736,22.4407401,20455
32,Zacatecas,58,Santa María de la Paz,-103.2425351,21.3043842,2767
